{"type":"FeatureCollection","features":[{"type":"Feature","geometry":{"type":"Point","coordinates":[33.853,37.47]},"properties":{"frp":10.1,"hours":45.2,"at":"2026-08-05T10:04Z"}},{"type":"Feature","geometry":{"type":"Point","coordinates":[28.614,38.302]},"properties":{"frp":3.3,"hours":45.2,"at":"2026-08-05T10:04Z"}},{"type":"Feature","geometry":{"type":"Point","coordinates":[32.389,38.868]},"properties":{"frp":20.2,"hours":45.2,"at":"2026-08-05T10:04Z"}},{"type":"Feature","geometry":{"type":"Point","coordinates":[32.393,38.869]},"properties":{"frp":28.5,"hours":45.2,"at":"2026-08-05T10:04Z"}},{"type":"Feature","geometry":{"type":"Point","coordinates":[29.822,39.367]},"properties":{"frp":5.7,"hours":45.2,"at":"2026-08-05T10:06Z"}},{"type":"Feature","geometry":{"type":"Point","coordinates":[33.63,40.392]},"properties":{"frp":17.4,"hours":45.2,"at":"2026-08-05T10:06Z"}},{"type":"Feature","geometry":{"type":"Point","coordinates":[33.701,40.476]},"properties":{"frp":7.6,"hours":45.2,"at":"2026-08-05T10:06Z"}},{"type":"Feature","geometry":{"type":"Point","coordinates":[28.566,41.184]},"properties":{"frp":5.2,"hours":45.2,"at":"2026-08-05T10:06Z"}},{"type":"Feature","geometry":{"type":"Point","coordinates":[28.572,41.185]},"properties":{"frp":5.7,"hours":45.2,"at":"2026-08-05T10:06Z"}},{"type":"Feature","geometry":{"type":"Point","coordinates":[28.569,41.189]},"properties":{"frp":5.8,"hours":45.2,"at":"2026-08-05T10:06Z"}},{"type":"Feature","geometry":{"type":"Point","coordinates":[27.807,44.222]},"properties":{"frp":6.2,"hours":45.2,"at":"2026-08-05T10:06Z"}},{"type":"Feature","geometry":{"type":"Point","coordinates":[33.626,44.751]},"properties":{"frp":3.0,"hours":45.2,"at":"2026-08-05T10:06Z"}},{"type":"Feature","geometry":{"type":"Point","coordinates":[28.867,44.835]},"properties":{"frp":6.5,"hours":45.2,"at":"2026-08-05T10:06Z"}},{"type":"Feature","geometry":{"type":"Point","coordinates":[28.865,44.835]},"properties":{"frp":6.7,"hours":45.2,"at":"2026-08-05T10:06Z"}},{"type":"Feature","geometry":{"type":"Point","coordinates":[28.869,44.837]},"properties":{"frp":5.0,"hours":45.2,"at":"2026-08-05T10:06Z"}},{"type":"Feature","geometry":{"type":"Point","coordinates":[28.864,44.84]},"properties":{"frp":3.9,"hours":45.2,"at":"2026-08-05T10:06Z"}},{"type":"Feature","geometry":{"type":"Point","coordinates":[33.93,45.952]},"properties":{"frp":5.1,"hours":45.2,"at":"2026-08-05T10:06Z"}},{"type":"Feature","geometry":{"type":"Point","coordinates":[33.935,45.953]},"properties":{"frp":5.2,"hours":45.2,"at":"2026-08-05T10:06Z"}},{"type":"Feature","geometry":{"type":"Point","coordinates":[33.94,45.954]},"properties":{"frp":5.2,"hours":45.2,"at":"2026-08-05T10:06Z"}},{"type":"Feature","geometry":{"type":"Point","coordinates":[33.933,45.957]},"properties":{"frp":5.2,"hours":45.2,"at":"2026-08-05T10:06Z"}},{"type":"Feature","geometry":{"type":"Point","coordinates":[33.938,45.958]},"properties":{"frp":5.2,"hours":45.2,"at":"2026-08-05T10:06Z"}},{"type":"Feature","geometry":{"type":"Point","coordinates":[24.646,43.759]},"properties":{"frp":8.6,"hours":45.1,"at":"2026-08-05T10:09Z"}},{"type":"Feature","geometry":{"type":"Point","coordinates":[24.649,43.761]},"properties":{"frp":9.9,"hours":45.1,"at":"2026-08-05T10:09Z"}},{"type":"Feature","geometry":{"type":"Point","coordinates":[23.397,44.04]},"properties":{"frp":32.9,"hours":45.1,"at":"2026-08-05T10:09Z"}},{"type":"Feature","geometry":{"type":"Point","coordinates":[23.406,44.04]},"properties":{"frp":96.7,"hours":45.1,"at":"2026-08-05T10:09Z"}},{"type":"Feature","geometry":{"type":"Point","coordinates":[23.405,44.042]},"properties":{"frp":59.5,"hours":45.1,"at":"2026-08-05T10:09Z"}},{"type":"Feature","geometry":{"type":"Point","coordinates":[23.413,44.043]},"properties":{"frp":56.0,"hours":45.1,"at":"2026-08-05T10:09Z"}},{"type":"Feature","geometry":{"type":"Point","coordinates":[23.409,44.049]},"properties":{"frp":56.0,"hours":45.1,"at":"2026-08-05T10:09Z"}},{"type":"Feature","geometry":{"type":"Point","coordinates":[23.409,44.051]},"properties":{"frp":179.0,"hours":45.1,"at":"2026-08-05T10:09Z"}},{"type":"Feature","geometry":{"type":"Point","coordinates":[23.405,44.056]},"properties":{"frp":7.0,"hours":45.1,"at":"2026-08-05T10:09Z"}},{"type":"Feature","geometry":{"type":"Point","coordinates":[22.693,44.465]},"properties":{"frp":13.2,"hours":45.1,"at":"2026-08-05T10:09Z"}},{"type":"Feature","geometry":{"type":"Point","coordinates":[22.694,44.466]},"properties":{"frp":20.2,"hours":45.1,"at":"2026-08-05T10:09Z"}},{"type":"Feature","geometry":{"type":"Point","coordinates":[22.702,44.468]},"properties":{"frp":12.0,"hours":45.1,"at":"2026-08-05T10:09Z"}},{"type":"Feature","geometry":{"type":"Point","coordinates":[23.484,45.017]},"properties":{"frp":5.4,"hours":45.1,"at":"2026-08-05T10:09Z"}},{"type":"Feature","geometry":{"type":"Point","coordinates":[23.483,45.018]},"properties":{"frp":5.2,"hours":45.1,"at":"2026-08-05T10:09Z"}},{"type":"Feature","geometry":{"type":"Point","coordinates":[22.999,45.535]},"properties":{"frp":17.6,"hours":45.1,"at":"2026-08-05T10:09Z"}},{"type":"Feature","geometry":{"type":"Point","coordinates":[23.004,45.535]},"properties":{"frp":20.1,"hours":45.1,"at":"2026-08-05T10:09Z"}},{"type":"Feature","geometry":{"type":"Point","coordinates":[23.006,45.537]},"properties":{"frp":15.3,"hours":45.1,"at":"2026-08-05T10:09Z"}},{"type":"Feature","geometry":{"type":"Point","coordinates":[23.0,45.541]},"properties":{"frp":12.0,"hours":45.1,"at":"2026-08-05T10:09Z"}},{"type":"Feature","geometry":{"type":"Point","coordinates":[23.002,45.543]},"properties":{"frp":5.4,"hours":45.1,"at":"2026-08-05T10:09Z"}},{"type":"Feature","geometry":{"type":"Point","coordinates":[29.421,45.631]},"properties":{"frp":2.4,"hours":45.1,"at":"2026-08-05T10:09Z"}},{"type":"Feature","geometry":{"type":"Point","coordinates":[29.551,45.683]},"properties":{"frp":3.0,"hours":45.1,"at":"2026-08-05T10:09Z"}},{"type":"Feature","geometry":{"type":"Point","coordinates":[29.31,45.824]},"properties":{"frp":9.7,"hours":45.1,"at":"2026-08-05T10:09Z"}},{"type":"Feature","geometry":{"type":"Point","coordinates":[29.314,45.825]},"properties":{"frp":9.7,"hours":45.1,"at":"2026-08-05T10:09Z"}},{"type":"Feature","geometry":{"type":"Point","coordinates":[22.145,45.842]},"properties":{"frp":4.4,"hours":45.1,"at":"2026-08-05T10:09Z"}},{"type":"Feature","geometry":{"type":"Point","coordinates":[22.142,45.845]},"properties":{"frp":6.5,"hours":45.1,"at":"2026-08-05T10:09Z"}},{"type":"Feature","geometry":{"type":"Point","coordinates":[22.153,45.845]},"properties":{"frp":4.4,"hours":45.1,"at":"2026-08-05T10:09Z"}},{"type":"Feature","geometry":{"type":"Point","coordinates":[22.15,45.848]},"properties":{"frp":5.4,"hours":45.1,"at":"2026-08-05T10:09Z"}},{"type":"Feature","geometry":{"type":"Point","coordinates":[24.272,45.85]},"properties":{"frp":4.4,"hours":45.1,"at":"2026-08-05T10:09Z"}},{"type":"Feature","geometry":{"type":"Point","coordinates":[21.116,45.964]},"properties":{"frp":7.6,"hours":45.1,"at":"2026-08-05T10:09Z"}},{"type":"Feature","geometry":{"type":"Point","coordinates":[21.12,45.966]},"properties":{"frp":4.9,"hours":45.1,"at":"2026-08-05T10:09Z"}},{"type":"Feature","geometry":{"type":"Point","coordinates":[29.092,46.004]},"properties":{"frp":1.6,"hours":45.1,"at":"2026-08-05T10:09Z"}},{"type":"Feature","geometry":{"type":"Point","coordinates":[29.891,46.011]},"properties":{"frp":5.1,"hours":45.1,"at":"2026-08-05T10:09Z"}},{"type":"Feature","geometry":{"type":"Point","coordinates":[29.339,46.045]},"properties":{"frp":1.3,"hours":45.1,"at":"2026-08-05T10:09Z"}},{"type":"Feature","geometry":{"type":"Point","coordinates":[29.333,46.048]},"properties":{"frp":20.2,"hours":45.1,"at":"2026-08-05T10:09Z"}},{"type":"Feature","geometry":{"type":"Point","coordinates":[29.337,46.049]},"properties":{"frp":20.2,"hours":45.1,"at":"2026-08-05T10:09Z"}},{"type":"Feature","geometry":{"type":"Point","coordinates":[29.34,46.051]},"properties":{"frp":15.7,"hours":45.1,"at":"2026-08-05T10:09Z"}},{"type":"Feature","geometry":{"type":"Point","coordinates":[30.342,46.127]},"properties":{"frp":5.8,"hours":45.1,"at":"2026-08-05T10:09Z"}},{"type":"Feature","geometry":{"type":"Point","coordinates":[33.444,46.231]},"properties":{"frp":10.6,"hours":45.1,"at":"2026-08-05T10:09Z"}},{"type":"Feature","geometry":{"type":"Point","coordinates":[33.44,46.232]},"properties":{"frp":18.1,"hours":45.1,"at":"2026-08-05T10:09Z"}},{"type":"Feature","geometry":{"type":"Point","coordinates":[33.445,46.233]},"properties":{"frp":18.1,"hours":45.1,"at":"2026-08-05T10:09Z"}},{"type":"Feature","geometry":{"type":"Point","coordinates":[33.442,46.235]},"properties":{"frp":10.6,"hours":45.1,"at":"2026-08-05T10:09Z"}},{"type":"Feature","geometry":{"type":"Point","coordinates":[33.447,46.236]},"properties":{"frp":14.2,"hours":45.1,"at":"2026-08-05T10:09Z"}},{"type":"Feature","geometry":{"type":"Point","coordinates":[29.719,46.262]},"properties":{"frp":6.6,"hours":45.1,"at":"2026-08-05T10:09Z"}},{"type":"Feature","geometry":{"type":"Point","coordinates":[32.363,46.298]},"properties":{"frp":11.0,"hours":45.1,"at":"2026-08-05T10:09Z"}},{"type":"Feature","geometry":{"type":"Point","coordinates":[32.369,46.299]},"properties":{"frp":11.0,"hours":45.1,"at":"2026-08-05T10:09Z"}},{"type":"Feature","geometry":{"type":"Point","coordinates":[32.375,46.301]},"properties":{"frp":3.4,"hours":45.1,"at":"2026-08-05T10:09Z"}},{"type":"Feature","geometry":{"type":"Point","coordinates":[32.39,46.323]},"properties":{"frp":6.5,"hours":45.1,"at":"2026-08-05T10:09Z"}},{"type":"Feature","geometry":{"type":"Point","coordinates":[32.388,46.324]},"properties":{"frp":12.6,"hours":45.1,"at":"2026-08-05T10:09Z"}},{"type":"Feature","geometry":{"type":"Point","coordinates":[32.372,46.33]},"properties":{"frp":8.4,"hours":45.1,"at":"2026-08-05T10:09Z"}},{"type":"Feature","geometry":{"type":"Point","coordinates":[32.37,46.334]},"properties":{"frp":8.4,"hours":45.1,"at":"2026-08-05T10:09Z"}},{"type":"Feature","geometry":{"type":"Point","coordinates":[29.74,46.335]},"properties":{"frp":6.2,"hours":45.1,"at":"2026-08-05T10:09Z"}},{"type":"Feature","geometry":{"type":"Point","coordinates":[29.738,46.336]},"properties":{"frp":3.8,"hours":45.1,"at":"2026-08-05T10:09Z"}},{"type":"Feature","geometry":{"type":"Point","coordinates":[32.143,46.392]},"properties":{"frp":3.3,"hours":45.1,"at":"2026-08-05T10:09Z"}},{"type":"Feature","geometry":{"type":"Point","coordinates":[32.58,46.412]},"properties":{"frp":3.1,"hours":45.1,"at":"2026-08-05T10:09Z"}},{"type":"Feature","geometry":{"type":"Point","coordinates":[32.788,46.494]},"properties":{"frp":29.3,"hours":45.1,"at":"2026-08-05T10:09Z"}},{"type":"Feature","geometry":{"type":"Point","coordinates":[31.799,46.496]},"properties":{"frp":3.0,"hours":45.1,"at":"2026-08-05T10:09Z"}},{"type":"Feature","geometry":{"type":"Point","coordinates":[32.786,46.498]},"properties":{"frp":29.3,"hours":45.1,"at":"2026-08-05T10:09Z"}},{"type":"Feature","geometry":{"type":"Point","coordinates":[32.787,46.507]},"properties":{"frp":9.1,"hours":45.1,"at":"2026-08-05T10:09Z"}},{"type":"Feature","geometry":{"type":"Point","coordinates":[33.236,46.512]},"properties":{"frp":20.2,"hours":45.1,"at":"2026-08-05T10:09Z"}},{"type":"Feature","geometry":{"type":"Point","coordinates":[33.229,46.515]},"properties":{"frp":20.2,"hours":45.1,"at":"2026-08-05T10:09Z"}},{"type":"Feature","geometry":{"type":"Point","coordinates":[33.234,46.516]},"properties":{"frp":20.2,"hours":45.1,"at":"2026-08-05T10:09Z"}},{"type":"Feature","geometry":{"type":"Point","coordinates":[33.24,46.518]},"properties":{"frp":19.5,"hours":45.1,"at":"2026-08-05T10:09Z"}},{"type":"Feature","geometry":{"type":"Point","coordinates":[33.245,46.519]},"properties":{"frp":19.5,"hours":45.1,"at":"2026-08-05T10:09Z"}},{"type":"Feature","geometry":{"type":"Point","coordinates":[33.243,46.52]},"properties":{"frp":11.8,"hours":45.1,"at":"2026-08-05T10:09Z"}},{"type":"Feature","geometry":{"type":"Point","coordinates":[32.609,46.537]},"properties":{"frp":13.6,"hours":45.1,"at":"2026-08-05T10:09Z"}},{"type":"Feature","geometry":{"type":"Point","coordinates":[32.615,46.538]},"properties":{"frp":13.6,"hours":45.1,"at":"2026-08-05T10:09Z"}},{"type":"Feature","geometry":{"type":"Point","coordinates":[32.761,46.555]},"properties":{"frp":10.9,"hours":45.1,"at":"2026-08-05T10:09Z"}},{"type":"Feature","geometry":{"type":"Point","coordinates":[32.891,46.564]},"properties":{"frp":6.3,"hours":45.1,"at":"2026-08-05T10:09Z"}},{"type":"Feature","geometry":{"type":"Point","coordinates":[32.732,46.589]},"properties":{"frp":8.3,"hours":45.1,"at":"2026-08-05T10:09Z"}},{"type":"Feature","geometry":{"type":"Point","coordinates":[33.177,46.607]},"properties":{"frp":10.3,"hours":45.1,"at":"2026-08-05T10:09Z"}},{"type":"Feature","geometry":{"type":"Point","coordinates":[33.182,46.628]},"properties":{"frp":4.0,"hours":45.1,"at":"2026-08-05T10:09Z"}},{"type":"Feature","geometry":{"type":"Point","coordinates":[32.172,46.7]},"properties":{"frp":4.1,"hours":45.1,"at":"2026-08-05T10:09Z"}},{"type":"Feature","geometry":{"type":"Point","coordinates":[33.134,46.743]},"properties":{"frp":19.4,"hours":45.1,"at":"2026-08-05T10:09Z"}},{"type":"Feature","geometry":{"type":"Point","coordinates":[33.139,46.744]},"properties":{"frp":32.3,"hours":45.1,"at":"2026-08-05T10:09Z"}},{"type":"Feature","geometry":{"type":"Point","coordinates":[33.522,46.768]},"properties":{"frp":37.0,"hours":45.1,"at":"2026-08-05T10:09Z"}},{"type":"Feature","geometry":{"type":"Point","coordinates":[33.528,46.769]},"properties":{"frp":9.6,"hours":45.1,"at":"2026-08-05T10:09Z"}},{"type":"Feature","geometry":{"type":"Point","coordinates":[33.833,46.77]},"properties":{"frp":5.4,"hours":45.1,"at":"2026-08-05T10:09Z"}},{"type":"Feature","geometry":{"type":"Point","coordinates":[33.829,46.772]},"properties":{"frp":6.5,"hours":45.1,"at":"2026-08-05T10:09Z"}},{"type":"Feature","geometry":{"type":"Point","coordinates":[30.173,46.773]},"properties":{"frp":17.8,"hours":45.1,"at":"2026-08-05T10:09Z"}},{"type":"Feature","geometry":{"type":"Point","coordinates":[33.834,46.774]},"properties":{"frp":10.4,"hours":45.1,"at":"2026-08-05T10:09Z"}},{"type":"Feature","geometry":{"type":"Point","coordinates":[30.173,46.774]},"properties":{"frp":17.8,"hours":45.1,"at":"2026-08-05T10:09Z"}},{"type":"Feature","geometry":{"type":"Point","coordinates":[33.831,46.774]},"properties":{"frp":5.4,"hours":45.1,"at":"2026-08-05T10:09Z"}},{"type":"Feature","geometry":{"type":"Point","coordinates":[30.171,46.777]},"properties":{"frp":17.8,"hours":45.1,"at":"2026-08-05T10:09Z"}},{"type":"Feature","geometry":{"type":"Point","coordinates":[30.17,46.778]},"properties":{"frp":17.8,"hours":45.1,"at":"2026-08-05T10:09Z"}},{"type":"Feature","geometry":{"type":"Point","coordinates":[30.118,46.785]},"properties":{"frp":7.4,"hours":45.1,"at":"2026-08-05T10:09Z"}},{"type":"Feature","geometry":{"type":"Point","coordinates":[33.264,46.8]},"properties":{"frp":12.2,"hours":45.1,"at":"2026-08-05T10:09Z"}},{"type":"Feature","geometry":{"type":"Point","coordinates":[33.269,46.801]},"properties":{"frp":12.2,"hours":45.1,"at":"2026-08-05T10:09Z"}},{"type":"Feature","geometry":{"type":"Point","coordinates":[33.274,46.802]},"properties":{"frp":5.9,"hours":45.1,"at":"2026-08-05T10:09Z"}},{"type":"Feature","geometry":{"type":"Point","coordinates":[33.262,46.804]},"properties":{"frp":6.4,"hours":45.1,"at":"2026-08-05T10:09Z"}},{"type":"Feature","geometry":{"type":"Point","coordinates":[33.267,46.805]},"properties":{"frp":6.4,"hours":45.1,"at":"2026-08-05T10:09Z"}},{"type":"Feature","geometry":{"type":"Point","coordinates":[33.272,46.806]},"properties":{"frp":36.1,"hours":45.1,"at":"2026-08-05T10:09Z"}},{"type":"Feature","geometry":{"type":"Point","coordinates":[33.265,46.809]},"properties":{"frp":6.4,"hours":45.1,"at":"2026-08-05T10:09Z"}},{"type":"Feature","geometry":{"type":"Point","coordinates":[32.982,46.82]},"properties":{"frp":19.5,"hours":45.1,"at":"2026-08-05T10:09Z"}},{"type":"Feature","geometry":{"type":"Point","coordinates":[33.25,46.841]},"properties":{"frp":4.1,"hours":45.1,"at":"2026-08-05T10:09Z"}},{"type":"Feature","geometry":{"type":"Point","coordinates":[32.845,46.842]},"properties":{"frp":6.3,"hours":45.1,"at":"2026-08-05T10:09Z"}},{"type":"Feature","geometry":{"type":"Point","coordinates":[29.625,46.856]},"properties":{"frp":3.7,"hours":45.1,"at":"2026-08-05T10:09Z"}},{"type":"Feature","geometry":{"type":"Point","coordinates":[29.624,46.857]},"properties":{"frp":6.0,"hours":45.1,"at":"2026-08-05T10:09Z"}},{"type":"Feature","geometry":{"type":"Point","coordinates":[33.104,46.92]},"properties":{"frp":7.0,"hours":45.1,"at":"2026-08-05T10:09Z"}},{"type":"Feature","geometry":{"type":"Point","coordinates":[33.454,46.956]},"properties":{"frp":2.9,"hours":45.1,"at":"2026-08-05T10:09Z"}},{"type":"Feature","geometry":{"type":"Point","coordinates":[33.455,46.965]},"properties":{"frp":2.3,"hours":45.1,"at":"2026-08-05T10:09Z"}},{"type":"Feature","geometry":{"type":"Point","coordinates":[33.613,46.975]},"properties":{"frp":4.7,"hours":45.1,"at":"2026-08-05T10:09Z"}},{"type":"Feature","geometry":{"type":"Point","coordinates":[31.473,47.002]},"properties":{"frp":4.9,"hours":45.1,"at":"2026-08-05T10:09Z"}},{"type":"Feature","geometry":{"type":"Point","coordinates":[33.725,47.005]},"properties":{"frp":2.0,"hours":45.1,"at":"2026-08-05T10:09Z"}},{"type":"Feature","geometry":{"type":"Point","coordinates":[31.471,47.006]},"properties":{"frp":7.8,"hours":45.1,"at":"2026-08-05T10:09Z"}},{"type":"Feature","geometry":{"type":"Point","coordinates":[31.469,47.01]},"properties":{"frp":7.8,"hours":45.1,"at":"2026-08-05T10:09Z"}},{"type":"Feature","geometry":{"type":"Point","coordinates":[31.469,47.011]},"properties":{"frp":5.6,"hours":45.1,"at":"2026-08-05T10:09Z"}},{"type":"Feature","geometry":{"type":"Point","coordinates":[31.475,47.012]},"properties":{"frp":7.8,"hours":45.1,"at":"2026-08-05T10:09Z"}},{"type":"Feature","geometry":{"type":"Point","coordinates":[31.481,47.013]},"properties":{"frp":13.1,"hours":45.1,"at":"2026-08-05T10:09Z"}},{"type":"Feature","geometry":{"type":"Point","coordinates":[31.481,47.014]},"properties":{"frp":7.6,"hours":45.1,"at":"2026-08-05T10:09Z"}},{"type":"Feature","geometry":{"type":"Point","coordinates":[33.83,47.025]},"properties":{"frp":2.9,"hours":45.1,"at":"2026-08-05T10:09Z"}},{"type":"Feature","geometry":{"type":"Point","coordinates":[33.55,47.065]},"properties":{"frp":2.4,"hours":45.1,"at":"2026-08-05T10:09Z"}},{"type":"Feature","geometry":{"type":"Point","coordinates":[33.63,47.118]},"properties":{"frp":5.3,"hours":45.1,"at":"2026-08-05T10:09Z"}},{"type":"Feature","geometry":{"type":"Point","coordinates":[33.181,47.132]},"properties":{"frp":4.8,"hours":45.1,"at":"2026-08-05T10:09Z"}},{"type":"Feature","geometry":{"type":"Point","coordinates":[30.783,47.157]},"properties":{"frp":11.6,"hours":45.1,"at":"2026-08-05T10:09Z"}},{"type":"Feature","geometry":{"type":"Point","coordinates":[32.822,47.202]},"properties":{"frp":72.7,"hours":45.1,"at":"2026-08-05T10:09Z"}},{"type":"Feature","geometry":{"type":"Point","coordinates":[32.832,47.205]},"properties":{"frp":9.6,"hours":45.1,"at":"2026-08-05T10:09Z"}},{"type":"Feature","geometry":{"type":"Point","coordinates":[33.613,47.227]},"properties":{"frp":6.9,"hours":45.1,"at":"2026-08-05T10:09Z"}},{"type":"Feature","geometry":{"type":"Point","coordinates":[30.211,47.254]},"properties":{"frp":21.0,"hours":45.1,"at":"2026-08-05T10:09Z"}},{"type":"Feature","geometry":{"type":"Point","coordinates":[30.209,47.257]},"properties":{"frp":48.7,"hours":45.1,"at":"2026-08-05T10:09Z"}},{"type":"Feature","geometry":{"type":"Point","coordinates":[33.502,47.349]},"properties":{"frp":6.7,"hours":45.1,"at":"2026-08-05T10:09Z"}},{"type":"Feature","geometry":{"type":"Point","coordinates":[33.507,47.35]},"properties":{"frp":9.2,"hours":45.1,"at":"2026-08-05T10:09Z"}},{"type":"Feature","geometry":{"type":"Point","coordinates":[33.754,47.405]},"properties":{"frp":4.0,"hours":45.1,"at":"2026-08-05T10:09Z"}},{"type":"Feature","geometry":{"type":"Point","coordinates":[33.767,47.499]},"properties":{"frp":9.7,"hours":45.1,"at":"2026-08-05T10:09Z"}},{"type":"Feature","geometry":{"type":"Point","coordinates":[33.655,47.5]},"properties":{"frp":2.9,"hours":45.1,"at":"2026-08-05T10:09Z"}},{"type":"Feature","geometry":{"type":"Point","coordinates":[33.73,47.528]},"properties":{"frp":13.8,"hours":45.1,"at":"2026-08-05T10:09Z"}},{"type":"Feature","geometry":{"type":"Point","coordinates":[33.729,47.529]},"properties":{"frp":13.2,"hours":45.1,"at":"2026-08-05T10:09Z"}},{"type":"Feature","geometry":{"type":"Point","coordinates":[31.206,47.537]},"properties":{"frp":4.2,"hours":45.1,"at":"2026-08-05T10:09Z"}},{"type":"Feature","geometry":{"type":"Point","coordinates":[31.213,47.539]},"properties":{"frp":10.3,"hours":45.1,"at":"2026-08-05T10:09Z"}},{"type":"Feature","geometry":{"type":"Point","coordinates":[20.266,47.548]},"properties":{"frp":28.3,"hours":45.1,"at":"2026-08-05T10:09Z"}},{"type":"Feature","geometry":{"type":"Point","coordinates":[20.264,47.549]},"properties":{"frp":21.1,"hours":45.1,"at":"2026-08-05T10:09Z"}},{"type":"Feature","geometry":{"type":"Point","coordinates":[28.104,47.575]},"properties":{"frp":3.8,"hours":45.1,"at":"2026-08-05T10:09Z"}},{"type":"Feature","geometry":{"type":"Point","coordinates":[32.973,47.575]},"properties":{"frp":9.0,"hours":45.1,"at":"2026-08-05T10:09Z"}},{"type":"Feature","geometry":{"type":"Point","coordinates":[30.073,47.61]},"properties":{"frp":8.4,"hours":45.1,"at":"2026-08-05T10:09Z"}},{"type":"Feature","geometry":{"type":"Point","coordinates":[30.08,47.612]},"properties":{"frp":6.8,"hours":45.1,"at":"2026-08-05T10:09Z"}},{"type":"Feature","geometry":{"type":"Point","coordinates":[30.087,47.614]},"properties":{"frp":6.8,"hours":45.1,"at":"2026-08-05T10:09Z"}},{"type":"Feature","geometry":{"type":"Point","coordinates":[30.093,47.615]},"properties":{"frp":8.2,"hours":45.1,"at":"2026-08-05T10:09Z"}},{"type":"Feature","geometry":{"type":"Point","coordinates":[30.1,47.617]},"properties":{"frp":8.2,"hours":45.1,"at":"2026-08-05T10:09Z"}},{"type":"Feature","geometry":{"type":"Point","coordinates":[30.091,47.62]},"properties":{"frp":8.2,"hours":45.1,"at":"2026-08-05T10:09Z"}},{"type":"Feature","geometry":{"type":"Point","coordinates":[33.034,47.733]},"properties":{"frp":4.8,"hours":45.1,"at":"2026-08-05T10:09Z"}},{"type":"Feature","geometry":{"type":"Point","coordinates":[31.071,47.746]},"properties":{"frp":7.9,"hours":45.1,"at":"2026-08-05T10:09Z"}},{"type":"Feature","geometry":{"type":"Point","coordinates":[33.056,47.886]},"properties":{"frp":1.6,"hours":45.1,"at":"2026-08-05T10:09Z"}},{"type":"Feature","geometry":{"type":"Point","coordinates":[29.176,48.097]},"properties":{"frp":6.1,"hours":45.1,"at":"2026-08-05T10:09Z"}},{"type":"Feature","geometry":{"type":"Point","coordinates":[29.014,48.127]},"properties":{"frp":7.6,"hours":45.1,"at":"2026-08-05T10:09Z"}},{"type":"Feature","geometry":{"type":"Point","coordinates":[33.176,48.165]},"properties":{"frp":6.7,"hours":45.1,"at":"2026-08-05T10:09Z"}},{"type":"Feature","geometry":{"type":"Point","coordinates":[33.743,48.299]},"properties":{"frp":6.6,"hours":45.1,"at":"2026-08-05T10:09Z"}},{"type":"Feature","geometry":{"type":"Point","coordinates":[29.136,48.416]},"properties":{"frp":33.6,"hours":45.1,"at":"2026-08-05T10:09Z"}},{"type":"Feature","geometry":{"type":"Point","coordinates":[29.143,48.418]},"properties":{"frp":33.6,"hours":45.1,"at":"2026-08-05T10:09Z"}},{"type":"Feature","geometry":{"type":"Point","coordinates":[29.133,48.42]},"properties":{"frp":33.6,"hours":45.1,"at":"2026-08-05T10:09Z"}},{"type":"Feature","geometry":{"type":"Point","coordinates":[29.14,48.422]},"properties":{"frp":33.6,"hours":45.1,"at":"2026-08-05T10:09Z"}},{"type":"Feature","geometry":{"type":"Point","coordinates":[29.205,48.424]},"properties":{"frp":3.4,"hours":45.1,"at":"2026-08-05T10:09Z"}},{"type":"Feature","geometry":{"type":"Point","coordinates":[29.131,48.425]},"properties":{"frp":7.6,"hours":45.1,"at":"2026-08-05T10:09Z"}},{"type":"Feature","geometry":{"type":"Point","coordinates":[29.138,48.427]},"properties":{"frp":7.6,"hours":45.1,"at":"2026-08-05T10:09Z"}},{"type":"Feature","geometry":{"type":"Point","coordinates":[22.65,48.447]},"properties":{"frp":2.4,"hours":45.1,"at":"2026-08-05T10:09Z"}},{"type":"Feature","geometry":{"type":"Point","coordinates":[27.621,48.452]},"properties":{"frp":6.1,"hours":45.1,"at":"2026-08-05T10:09Z"}},{"type":"Feature","geometry":{"type":"Point","coordinates":[25.272,48.692]},"properties":{"frp":9.9,"hours":45.1,"at":"2026-08-05T10:09Z"}},{"type":"Feature","geometry":{"type":"Point","coordinates":[33.847,48.793]},"properties":{"frp":16.1,"hours":45.1,"at":"2026-08-05T10:09Z"}},{"type":"Feature","geometry":{"type":"Point","coordinates":[33.845,48.794]},"properties":{"frp":10.6,"hours":45.1,"at":"2026-08-05T10:09Z"}},{"type":"Feature","geometry":{"type":"Point","coordinates":[33.837,48.797]},"properties":{"frp":8.8,"hours":45.1,"at":"2026-08-05T10:09Z"}},{"type":"Feature","geometry":{"type":"Point","coordinates":[33.407,48.839]},"properties":{"frp":8.0,"hours":45.1,"at":"2026-08-05T10:09Z"}},{"type":"Feature","geometry":{"type":"Point","coordinates":[26.526,49.323]},"properties":{"frp":5.2,"hours":45.1,"at":"2026-08-05T10:09Z"}},{"type":"Feature","geometry":{"type":"Point","coordinates":[26.523,49.327]},"properties":{"frp":5.2,"hours":45.1,"at":"2026-08-05T10:09Z"}},{"type":"Feature","geometry":{"type":"Point","coordinates":[23.522,49.609]},"properties":{"frp":6.0,"hours":45.1,"at":"2026-08-05T10:09Z"}},{"type":"Feature","geometry":{"type":"Point","coordinates":[23.52,49.611]},"properties":{"frp":4.7,"hours":45.1,"at":"2026-08-05T10:09Z"}},{"type":"Feature","geometry":{"type":"Point","coordinates":[26.742,49.612]},"properties":{"frp":8.1,"hours":45.1,"at":"2026-08-05T10:09Z"}},{"type":"Feature","geometry":{"type":"Point","coordinates":[26.746,49.613]},"properties":{"frp":10.6,"hours":45.1,"at":"2026-08-05T10:09Z"}},{"type":"Feature","geometry":{"type":"Point","coordinates":[23.219,49.664]},"properties":{"frp":2.5,"hours":45.1,"at":"2026-08-05T10:09Z"}},{"type":"Feature","geometry":{"type":"Point","coordinates":[23.533,50.003]},"properties":{"frp":5.0,"hours":45.1,"at":"2026-08-05T10:09Z"}},{"type":"Feature","geometry":{"type":"Point","coordinates":[23.529,50.009]},"properties":{"frp":5.7,"hours":45.1,"at":"2026-08-05T10:09Z"}},{"type":"Feature","geometry":{"type":"Point","coordinates":[30.313,50.437]},"properties":{"frp":6.3,"hours":45.1,"at":"2026-08-05T10:09Z"}},{"type":"Feature","geometry":{"type":"Point","coordinates":[30.855,50.559]},"properties":{"frp":4.3,"hours":45.1,"at":"2026-08-05T10:09Z"}},{"type":"Feature","geometry":{"type":"Point","coordinates":[20.462,50.585]},"properties":{"frp":7.3,"hours":45.1,"at":"2026-08-05T10:09Z"}},{"type":"Feature","geometry":{"type":"Point","coordinates":[20.483,50.593]},"properties":{"frp":6.0,"hours":45.1,"at":"2026-08-05T10:09Z"}},{"type":"Feature","geometry":{"type":"Point","coordinates":[20.489,50.595]},"properties":{"frp":7.0,"hours":45.1,"at":"2026-08-05T10:09Z"}},{"type":"Feature","geometry":{"type":"Point","coordinates":[31.929,52.096]},"properties":{"frp":4.4,"hours":45.1,"at":"2026-08-05T10:09Z"}},{"type":"Feature","geometry":{"type":"Point","coordinates":[33.135,52.4]},"properties":{"frp":6.7,"hours":45.1,"at":"2026-08-05T10:09Z"}},{"type":"Feature","geometry":{"type":"Point","coordinates":[33.133,52.403]},"properties":{"frp":6.7,"hours":45.1,"at":"2026-08-05T10:09Z"}},{"type":"Feature","geometry":{"type":"Point","coordinates":[19.33,50.553]},"properties":{"frp":27.8,"hours":45.1,"at":"2026-08-05T10:11Z"}},{"type":"Feature","geometry":{"type":"Point","coordinates":[19.331,50.555]},"properties":{"frp":12.0,"hours":45.1,"at":"2026-08-05T10:11Z"}},{"type":"Feature","geometry":{"type":"Point","coordinates":[19.338,50.555]},"properties":{"frp":19.1,"hours":45.1,"at":"2026-08-05T10:11Z"}},{"type":"Feature","geometry":{"type":"Point","coordinates":[24.751,53.909]},"properties":{"frp":2.8,"hours":45.1,"at":"2026-08-05T10:11Z"}},{"type":"Feature","geometry":{"type":"Point","coordinates":[24.751,53.91]},"properties":{"frp":8.4,"hours":45.1,"at":"2026-08-05T10:11Z"}},{"type":"Feature","geometry":{"type":"Point","coordinates":[6.736,36.243]},"properties":{"frp":2.1,"hours":43.5,"at":"2026-08-05T11:47Z"}},{"type":"Feature","geometry":{"type":"Point","coordinates":[6.734,36.245]},"properties":{"frp":1.4,"hours":43.5,"at":"2026-08-05T11:47Z"}},{"type":"Feature","geometry":{"type":"Point","coordinates":[4.201,36.515]},"properties":{"frp":4.4,"hours":43.5,"at":"2026-08-05T11:47Z"}},{"type":"Feature","geometry":{"type":"Point","coordinates":[14.706,36.902]},"properties":{"frp":5.6,"hours":43.5,"at":"2026-08-05T11:47Z"}},{"type":"Feature","geometry":{"type":"Point","coordinates":[14.636,37.112]},"properties":{"frp":25.3,"hours":43.5,"at":"2026-08-05T11:47Z"}},{"type":"Feature","geometry":{"type":"Point","coordinates":[13.865,37.17]},"properties":{"frp":12.1,"hours":43.5,"at":"2026-08-05T11:47Z"}},{"type":"Feature","geometry":{"type":"Point","coordinates":[14.572,37.261]},"properties":{"frp":8.0,"hours":43.5,"at":"2026-08-05T11:47Z"}},{"type":"Feature","geometry":{"type":"Point","coordinates":[14.571,37.264]},"properties":{"frp":26.1,"hours":43.5,"at":"2026-08-05T11:47Z"}},{"type":"Feature","geometry":{"type":"Point","coordinates":[33.871,37.485]},"properties":{"frp":5.8,"hours":43.5,"at":"2026-08-05T11:47Z"}},{"type":"Feature","geometry":{"type":"Point","coordinates":[33.878,37.485]},"properties":{"frp":5.8,"hours":43.5,"at":"2026-08-05T11:47Z"}},{"type":"Feature","geometry":{"type":"Point","coordinates":[15.135,37.783]},"properties":{"frp":16.5,"hours":43.5,"at":"2026-08-05T11:47Z"}},{"type":"Feature","geometry":{"type":"Point","coordinates":[15.138,37.788]},"properties":{"frp":16.5,"hours":43.5,"at":"2026-08-05T11:47Z"}},{"type":"Feature","geometry":{"type":"Point","coordinates":[15.143,37.789]},"properties":{"frp":8.1,"hours":43.5,"at":"2026-08-05T11:47Z"}},{"type":"Feature","geometry":{"type":"Point","coordinates":[15.133,37.79]},"properties":{"frp":6.1,"hours":43.5,"at":"2026-08-05T11:47Z"}},{"type":"Feature","geometry":{"type":"Point","coordinates":[15.137,37.791]},"properties":{"frp":6.1,"hours":43.5,"at":"2026-08-05T11:47Z"}},{"type":"Feature","geometry":{"type":"Point","coordinates":[15.128,37.866]},"properties":{"frp":9.5,"hours":43.5,"at":"2026-08-05T11:47Z"}},{"type":"Feature","geometry":{"type":"Point","coordinates":[16.081,38.54]},"properties":{"frp":3.0,"hours":43.5,"at":"2026-08-05T11:47Z"}},{"type":"Feature","geometry":{"type":"Point","coordinates":[16.086,38.541]},"properties":{"frp":3.0,"hours":43.5,"at":"2026-08-05T11:47Z"}},{"type":"Feature","geometry":{"type":"Point","coordinates":[32.397,38.967]},"properties":{"frp":7.4,"hours":43.5,"at":"2026-08-05T11:47Z"}},{"type":"Feature","geometry":{"type":"Point","coordinates":[17.01,39.198]},"properties":{"frp":4.9,"hours":43.5,"at":"2026-08-05T11:47Z"}},{"type":"Feature","geometry":{"type":"Point","coordinates":[16.843,39.502]},"properties":{"frp":7.1,"hours":43.5,"at":"2026-08-05T11:47Z"}},{"type":"Feature","geometry":{"type":"Point","coordinates":[15.831,39.952]},"properties":{"frp":11.3,"hours":43.5,"at":"2026-08-05T11:47Z"}},{"type":"Feature","geometry":{"type":"Point","coordinates":[15.834,39.953]},"properties":{"frp":5.2,"hours":43.5,"at":"2026-08-05T11:47Z"}},{"type":"Feature","geometry":{"type":"Point","coordinates":[33.876,40.014]},"properties":{"frp":12.0,"hours":43.5,"at":"2026-08-05T11:47Z"}},{"type":"Feature","geometry":{"type":"Point","coordinates":[33.878,40.015]},"properties":{"frp":9.6,"hours":43.5,"at":"2026-08-05T11:47Z"}},{"type":"Feature","geometry":{"type":"Point","coordinates":[33.973,40.101]},"properties":{"frp":3.0,"hours":43.5,"at":"2026-08-05T11:47Z"}},{"type":"Feature","geometry":{"type":"Point","coordinates":[33.974,40.101]},"properties":{"frp":4.3,"hours":43.5,"at":"2026-08-05T11:47Z"}},{"type":"Feature","geometry":{"type":"Point","coordinates":[18.253,40.183]},"properties":{"frp":4.8,"hours":43.5,"at":"2026-08-05T11:47Z"}},{"type":"Feature","geometry":{"type":"Point","coordinates":[17.999,40.218]},"properties":{"frp":11.8,"hours":43.5,"at":"2026-08-05T11:47Z"}},{"type":"Feature","geometry":{"type":"Point","coordinates":[16.715,40.368]},"properties":{"frp":8.8,"hours":43.5,"at":"2026-08-05T11:47Z"}},{"type":"Feature","geometry":{"type":"Point","coordinates":[19.565,40.483]},"properties":{"frp":6.9,"hours":43.5,"at":"2026-08-05T11:47Z"}},{"type":"Feature","geometry":{"type":"Point","coordinates":[19.569,40.484]},"properties":{"frp":5.0,"hours":43.5,"at":"2026-08-05T11:47Z"}},{"type":"Feature","geometry":{"type":"Point","coordinates":[16.465,40.576]},"properties":{"frp":7.9,"hours":43.5,"at":"2026-08-05T11:47Z"}},{"type":"Feature","geometry":{"type":"Point","coordinates":[16.474,40.578]},"properties":{"frp":10.4,"hours":43.5,"at":"2026-08-05T11:47Z"}},{"type":"Feature","geometry":{"type":"Point","coordinates":[19.769,40.645]},"properties":{"frp":6.8,"hours":43.5,"at":"2026-08-05T11:47Z"}},{"type":"Feature","geometry":{"type":"Point","coordinates":[19.774,40.645]},"properties":{"frp":6.8,"hours":43.5,"at":"2026-08-05T11:47Z"}},{"type":"Feature","geometry":{"type":"Point","coordinates":[19.768,40.648]},"properties":{"frp":7.7,"hours":43.5,"at":"2026-08-05T11:47Z"}},{"type":"Feature","geometry":{"type":"Point","coordinates":[19.766,40.655]},"properties":{"frp":12.6,"hours":43.5,"at":"2026-08-05T11:47Z"}},{"type":"Feature","geometry":{"type":"Point","coordinates":[15.919,40.798]},"properties":{"frp":16.6,"hours":43.5,"at":"2026-08-05T11:47Z"}},{"type":"Feature","geometry":{"type":"Point","coordinates":[15.14,40.993]},"properties":{"frp":9.6,"hours":43.5,"at":"2026-08-05T11:47Z"}},{"type":"Feature","geometry":{"type":"Point","coordinates":[13.984,41.072]},"properties":{"frp":6.1,"hours":43.5,"at":"2026-08-05T11:47Z"}},{"type":"Feature","geometry":{"type":"Point","coordinates":[27.75,41.124]},"properties":{"frp":3.7,"hours":43.5,"at":"2026-08-05T11:47Z"}},{"type":"Feature","geometry":{"type":"Point","coordinates":[15.661,41.132]},"properties":{"frp":6.7,"hours":43.5,"at":"2026-08-05T11:47Z"}},{"type":"Feature","geometry":{"type":"Point","coordinates":[15.658,41.132]},"properties":{"frp":10.1,"hours":43.5,"at":"2026-08-05T11:47Z"}},{"type":"Feature","geometry":{"type":"Point","coordinates":[13.986,41.136]},"properties":{"frp":4.9,"hours":43.5,"at":"2026-08-05T11:47Z"}},{"type":"Feature","geometry":{"type":"Point","coordinates":[13.901,41.177]},"properties":{"frp":306.1,"hours":43.5,"at":"2026-08-05T11:47Z"}},{"type":"Feature","geometry":{"type":"Point","coordinates":[15.522,41.704]},"properties":{"frp":200.4,"hours":43.5,"at":"2026-08-05T11:47Z"}},{"type":"Feature","geometry":{"type":"Point","coordinates":[15.516,41.706]},"properties":{"frp":7.3,"hours":43.5,"at":"2026-08-05T11:47Z"}},{"type":"Feature","geometry":{"type":"Point","coordinates":[15.521,41.707]},"properties":{"frp":7.3,"hours":43.5,"at":"2026-08-05T11:47Z"}},{"type":"Feature","geometry":{"type":"Point","coordinates":[12.337,41.74]},"properties":{"frp":3.0,"hours":43.5,"at":"2026-08-05T11:47Z"}},{"type":"Feature","geometry":{"type":"Point","coordinates":[15.229,41.78]},"properties":{"frp":12.4,"hours":43.5,"at":"2026-08-05T11:47Z"}},{"type":"Feature","geometry":{"type":"Point","coordinates":[13.3,41.781]},"properties":{"frp":2.6,"hours":43.5,"at":"2026-08-05T11:47Z"}},{"type":"Feature","geometry":{"type":"Point","coordinates":[22.486,41.896]},"properties":{"frp":3.5,"hours":43.5,"at":"2026-08-05T11:47Z"}},{"type":"Feature","geometry":{"type":"Point","coordinates":[22.482,41.897]},"properties":{"frp":9.1,"hours":43.5,"at":"2026-08-05T11:47Z"}},{"type":"Feature","geometry":{"type":"Point","coordinates":[12.305,42.103]},"properties":{"frp":55.8,"hours":43.5,"at":"2026-08-05T11:47Z"}},{"type":"Feature","geometry":{"type":"Point","coordinates":[13.654,42.103]},"properties":{"frp":7.6,"hours":43.5,"at":"2026-08-05T11:47Z"}},{"type":"Feature","geometry":{"type":"Point","coordinates":[18.97,42.54]},"properties":{"frp":4.6,"hours":43.5,"at":"2026-08-05T11:47Z"}},{"type":"Feature","geometry":{"type":"Point","coordinates":[18.975,42.541]},"properties":{"frp":4.6,"hours":43.5,"at":"2026-08-05T11:47Z"}},{"type":"Feature","geometry":{"type":"Point","coordinates":[18.98,42.542]},"properties":{"frp":3.2,"hours":43.5,"at":"2026-08-05T11:47Z"}},{"type":"Feature","geometry":{"type":"Point","coordinates":[18.969,42.544]},"properties":{"frp":4.6,"hours":43.5,"at":"2026-08-05T11:47Z"}},{"type":"Feature","geometry":{"type":"Point","coordinates":[18.974,42.544]},"properties":{"frp":4.6,"hours":43.5,"at":"2026-08-05T11:47Z"}},{"type":"Feature","geometry":{"type":"Point","coordinates":[18.979,42.545]},"properties":{"frp":3.2,"hours":43.5,"at":"2026-08-05T11:47Z"}},{"type":"Feature","geometry":{"type":"Point","coordinates":[18.296,42.634]},"properties":{"frp":11.7,"hours":43.5,"at":"2026-08-05T11:47Z"}},{"type":"Feature","geometry":{"type":"Point","coordinates":[18.3,42.638]},"properties":{"frp":11.7,"hours":43.5,"at":"2026-08-05T11:47Z"}},{"type":"Feature","geometry":{"type":"Point","coordinates":[18.299,42.641]},"properties":{"frp":14.7,"hours":43.5,"at":"2026-08-05T11:47Z"}},{"type":"Feature","geometry":{"type":"Point","coordinates":[18.304,42.642]},"properties":{"frp":23.1,"hours":43.5,"at":"2026-08-05T11:47Z"}},{"type":"Feature","geometry":{"type":"Point","coordinates":[22.451,43.452]},"properties":{"frp":4.9,"hours":43.5,"at":"2026-08-05T11:47Z"}},{"type":"Feature","geometry":{"type":"Point","coordinates":[20.626,43.474]},"properties":{"frp":13.9,"hours":43.5,"at":"2026-08-05T11:47Z"}},{"type":"Feature","geometry":{"type":"Point","coordinates":[20.625,43.477]},"properties":{"frp":13.9,"hours":43.5,"at":"2026-08-05T11:47Z"}},{"type":"Feature","geometry":{"type":"Point","coordinates":[20.62,43.48]},"properties":{"frp":16.4,"hours":43.5,"at":"2026-08-05T11:47Z"}},{"type":"Feature","geometry":{"type":"Point","coordinates":[20.614,43.483]},"properties":{"frp":16.4,"hours":43.5,"at":"2026-08-05T11:47Z"}},{"type":"Feature","geometry":{"type":"Point","coordinates":[20.619,43.483]},"properties":{"frp":16.4,"hours":43.5,"at":"2026-08-05T11:47Z"}},{"type":"Feature","geometry":{"type":"Point","coordinates":[4.936,43.497]},"properties":{"frp":22.5,"hours":43.5,"at":"2026-08-05T11:47Z"}},{"type":"Feature","geometry":{"type":"Point","coordinates":[4.94,43.498]},"properties":{"frp":17.5,"hours":43.5,"at":"2026-08-05T11:47Z"}},{"type":"Feature","geometry":{"type":"Point","coordinates":[23.44,43.523]},"properties":{"frp":15.9,"hours":43.5,"at":"2026-08-05T11:47Z"}},{"type":"Feature","geometry":{"type":"Point","coordinates":[23.439,43.527]},"properties":{"frp":8.5,"hours":43.5,"at":"2026-08-05T11:47Z"}},{"type":"Feature","geometry":{"type":"Point","coordinates":[20.623,43.546]},"properties":{"frp":3.7,"hours":43.5,"at":"2026-08-05T11:47Z"}},{"type":"Feature","geometry":{"type":"Point","coordinates":[20.562,43.599]},"properties":{"frp":7.6,"hours":43.5,"at":"2026-08-05T11:47Z"}},{"type":"Feature","geometry":{"type":"Point","coordinates":[24.516,43.866]},"properties":{"frp":6.3,"hours":43.5,"at":"2026-08-05T11:47Z"}},{"type":"Feature","geometry":{"type":"Point","coordinates":[24.515,43.87]},"properties":{"frp":6.3,"hours":43.5,"at":"2026-08-05T11:47Z"}},{"type":"Feature","geometry":{"type":"Point","coordinates":[23.403,44.036]},"properties":{"frp":5.9,"hours":43.5,"at":"2026-08-05T11:47Z"}},{"type":"Feature","geometry":{"type":"Point","coordinates":[23.396,44.039]},"properties":{"frp":7.2,"hours":43.5,"at":"2026-08-05T11:47Z"}},{"type":"Feature","geometry":{"type":"Point","coordinates":[23.402,44.039]},"properties":{"frp":13.7,"hours":43.5,"at":"2026-08-05T11:47Z"}},{"type":"Feature","geometry":{"type":"Point","coordinates":[23.394,44.042]},"properties":{"frp":9.0,"hours":43.5,"at":"2026-08-05T11:47Z"}},{"type":"Feature","geometry":{"type":"Point","coordinates":[23.395,44.043]},"properties":{"frp":7.2,"hours":43.5,"at":"2026-08-05T11:47Z"}},{"type":"Feature","geometry":{"type":"Point","coordinates":[23.406,44.055]},"properties":{"frp":19.1,"hours":43.5,"at":"2026-08-05T11:47Z"}},{"type":"Feature","geometry":{"type":"Point","coordinates":[24.536,44.201]},"properties":{"frp":5.0,"hours":43.5,"at":"2026-08-05T11:47Z"}},{"type":"Feature","geometry":{"type":"Point","coordinates":[7.674,45.265]},"properties":{"frp":3.5,"hours":43.5,"at":"2026-08-05T11:47Z"}},{"type":"Feature","geometry":{"type":"Point","coordinates":[7.675,45.268]},"properties":{"frp":2.3,"hours":43.5,"at":"2026-08-05T11:47Z"}},{"type":"Feature","geometry":{"type":"Point","coordinates":[10.87,45.364]},"properties":{"frp":4.7,"hours":43.5,"at":"2026-08-05T11:47Z"}},{"type":"Feature","geometry":{"type":"Point","coordinates":[7.607,45.489]},"properties":{"frp":5.3,"hours":43.5,"at":"2026-08-05T11:47Z"}},{"type":"Feature","geometry":{"type":"Point","coordinates":[9.219,45.526]},"properties":{"frp":2.8,"hours":43.5,"at":"2026-08-05T11:47Z"}},{"type":"Feature","geometry":{"type":"Point","coordinates":[12.296,45.542]},"properties":{"frp":3.7,"hours":43.5,"at":"2026-08-05T11:47Z"}},{"type":"Feature","geometry":{"type":"Point","coordinates":[9.698,45.55]},"properties":{"frp":2.0,"hours":43.5,"at":"2026-08-05T11:47Z"}},{"type":"Feature","geometry":{"type":"Point","coordinates":[8.92,45.614]},"properties":{"frp":2.4,"hours":43.5,"at":"2026-08-05T11:47Z"}},{"type":"Feature","geometry":{"type":"Point","coordinates":[12.596,45.629]},"properties":{"frp":22.5,"hours":43.5,"at":"2026-08-05T11:47Z"}},{"type":"Feature","geometry":{"type":"Point","coordinates":[12.536,45.673]},"properties":{"frp":4.2,"hours":43.5,"at":"2026-08-05T11:47Z"}},{"type":"Feature","geometry":{"type":"Point","coordinates":[11.481,45.685]},"properties":{"frp":2.9,"hours":43.5,"at":"2026-08-05T11:47Z"}},{"type":"Feature","geometry":{"type":"Point","coordinates":[8.167,45.717]},"properties":{"frp":7.4,"hours":43.5,"at":"2026-08-05T11:47Z"}},{"type":"Feature","geometry":{"type":"Point","coordinates":[8.175,45.718]},"properties":{"frp":8.3,"hours":43.5,"at":"2026-08-05T11:47Z"}},{"type":"Feature","geometry":{"type":"Point","coordinates":[8.172,45.718]},"properties":{"frp":7.4,"hours":43.5,"at":"2026-08-05T11:47Z"}},{"type":"Feature","geometry":{"type":"Point","coordinates":[8.18,45.719]},"properties":{"frp":8.3,"hours":43.5,"at":"2026-08-05T11:47Z"}},{"type":"Feature","geometry":{"type":"Point","coordinates":[8.177,45.72]},"properties":{"frp":14.0,"hours":43.5,"at":"2026-08-05T11:47Z"}},{"type":"Feature","geometry":{"type":"Point","coordinates":[8.169,45.721]},"properties":{"frp":13.7,"hours":43.5,"at":"2026-08-05T11:47Z"}},{"type":"Feature","geometry":{"type":"Point","coordinates":[8.166,45.721]},"properties":{"frp":7.4,"hours":43.5,"at":"2026-08-05T11:47Z"}},{"type":"Feature","geometry":{"type":"Point","coordinates":[8.174,45.722]},"properties":{"frp":9.6,"hours":43.5,"at":"2026-08-05T11:47Z"}},{"type":"Feature","geometry":{"type":"Point","coordinates":[8.171,45.723]},"properties":{"frp":7.4,"hours":43.5,"at":"2026-08-05T11:47Z"}},{"type":"Feature","geometry":{"type":"Point","coordinates":[8.178,45.723]},"properties":{"frp":9.6,"hours":43.5,"at":"2026-08-05T11:47Z"}},{"type":"Feature","geometry":{"type":"Point","coordinates":[8.176,45.724]},"properties":{"frp":14.0,"hours":43.5,"at":"2026-08-05T11:47Z"}},{"type":"Feature","geometry":{"type":"Point","coordinates":[8.18,45.725]},"properties":{"frp":14.0,"hours":43.5,"at":"2026-08-05T11:47Z"}},{"type":"Feature","geometry":{"type":"Point","coordinates":[8.172,45.726]},"properties":{"frp":9.6,"hours":43.5,"at":"2026-08-05T11:47Z"}},{"type":"Feature","geometry":{"type":"Point","coordinates":[8.17,45.727]},"properties":{"frp":3.7,"hours":43.5,"at":"2026-08-05T11:47Z"}},{"type":"Feature","geometry":{"type":"Point","coordinates":[8.176,45.727]},"properties":{"frp":9.6,"hours":43.5,"at":"2026-08-05T11:47Z"}},{"type":"Feature","geometry":{"type":"Point","coordinates":[8.174,45.728]},"properties":{"frp":11.1,"hours":43.5,"at":"2026-08-05T11:47Z"}},{"type":"Feature","geometry":{"type":"Point","coordinates":[3.208,45.795]},"properties":{"frp":3.0,"hours":43.5,"at":"2026-08-05T11:47Z"}},{"type":"Feature","geometry":{"type":"Point","coordinates":[12.511,45.849]},"properties":{"frp":3.7,"hours":43.5,"at":"2026-08-05T11:47Z"}},{"type":"Feature","geometry":{"type":"Point","coordinates":[12.765,45.861]},"properties":{"frp":4.3,"hours":43.5,"at":"2026-08-05T11:47Z"}},{"type":"Feature","geometry":{"type":"Point","coordinates":[9.345,45.872]},"properties":{"frp":5.7,"hours":43.5,"at":"2026-08-05T11:47Z"}},{"type":"Feature","geometry":{"type":"Point","coordinates":[9.343,45.874]},"properties":{"frp":4.8,"hours":43.5,"at":"2026-08-05T11:47Z"}},{"type":"Feature","geometry":{"type":"Point","coordinates":[13.468,45.893]},"properties":{"frp":10.1,"hours":43.5,"at":"2026-08-05T11:47Z"}},{"type":"Feature","geometry":{"type":"Point","coordinates":[12.312,45.956]},"properties":{"frp":4.7,"hours":43.5,"at":"2026-08-05T11:47Z"}},{"type":"Feature","geometry":{"type":"Point","coordinates":[12.622,45.97]},"properties":{"frp":3.5,"hours":43.5,"at":"2026-08-05T11:47Z"}},{"type":"Feature","geometry":{"type":"Point","coordinates":[12.621,45.974]},"properties":{"frp":3.5,"hours":43.5,"at":"2026-08-05T11:47Z"}},{"type":"Feature","geometry":{"type":"Point","coordinates":[8.63,46.115]},"properties":{"frp":4.3,"hours":43.5,"at":"2026-08-05T11:47Z"}},{"type":"Feature","geometry":{"type":"Point","coordinates":[9.487,46.139]},"properties":{"frp":7.3,"hours":43.5,"at":"2026-08-05T11:47Z"}},{"type":"Feature","geometry":{"type":"Point","coordinates":[13.201,46.184]},"properties":{"frp":6.6,"hours":43.5,"at":"2026-08-05T11:47Z"}},{"type":"Feature","geometry":{"type":"Point","coordinates":[16.385,46.268]},"properties":{"frp":3.6,"hours":43.5,"at":"2026-08-05T11:47Z"}},{"type":"Feature","geometry":{"type":"Point","coordinates":[16.582,46.421]},"properties":{"frp":20.6,"hours":43.5,"at":"2026-08-05T11:47Z"}},{"type":"Feature","geometry":{"type":"Point","coordinates":[33.454,46.957]},"properties":{"frp":2.7,"hours":43.5,"at":"2026-08-05T11:47Z"}},{"type":"Feature","geometry":{"type":"Point","coordinates":[33.454,46.963]},"properties":{"frp":19.8,"hours":43.5,"at":"2026-08-05T11:47Z"}},{"type":"Feature","geometry":{"type":"Point","coordinates":[33.462,46.963]},"properties":{"frp":19.8,"hours":43.5,"at":"2026-08-05T11:47Z"}},{"type":"Feature","geometry":{"type":"Point","coordinates":[33.173,46.969]},"properties":{"frp":9.7,"hours":43.5,"at":"2026-08-05T11:47Z"}},{"type":"Feature","geometry":{"type":"Point","coordinates":[33.181,46.969]},"properties":{"frp":9.7,"hours":43.5,"at":"2026-08-05T11:47Z"}},{"type":"Feature","geometry":{"type":"Point","coordinates":[31.474,47.0]},"properties":{"frp":11.0,"hours":43.5,"at":"2026-08-05T11:47Z"}},{"type":"Feature","geometry":{"type":"Point","coordinates":[33.828,47.022]},"properties":{"frp":10.9,"hours":43.5,"at":"2026-08-05T11:47Z"}},{"type":"Feature","geometry":{"type":"Point","coordinates":[33.632,47.112]},"properties":{"frp":7.4,"hours":43.5,"at":"2026-08-05T11:47Z"}},{"type":"Feature","geometry":{"type":"Point","coordinates":[33.211,47.137]},"properties":{"frp":4.5,"hours":43.5,"at":"2026-08-05T11:47Z"}},{"type":"Feature","geometry":{"type":"Point","coordinates":[30.476,47.156]},"properties":{"frp":4.6,"hours":43.5,"at":"2026-08-05T11:47Z"}},{"type":"Feature","geometry":{"type":"Point","coordinates":[18.358,47.19]},"properties":{"frp":10.7,"hours":43.5,"at":"2026-08-05T11:47Z"}},{"type":"Feature","geometry":{"type":"Point","coordinates":[18.357,47.193]},"properties":{"frp":18.4,"hours":43.5,"at":"2026-08-05T11:47Z"}},{"type":"Feature","geometry":{"type":"Point","coordinates":[18.356,47.197]},"properties":{"frp":18.4,"hours":43.5,"at":"2026-08-05T11:47Z"}},{"type":"Feature","geometry":{"type":"Point","coordinates":[18.366,47.198]},"properties":{"frp":7.9,"hours":43.5,"at":"2026-08-05T11:47Z"}},{"type":"Feature","geometry":{"type":"Point","coordinates":[18.35,47.199]},"properties":{"frp":17.0,"hours":43.5,"at":"2026-08-05T11:47Z"}},{"type":"Feature","geometry":{"type":"Point","coordinates":[14.846,47.239]},"properties":{"frp":6.8,"hours":43.5,"at":"2026-08-05T11:47Z"}},{"type":"Feature","geometry":{"type":"Point","coordinates":[33.574,47.255]},"properties":{"frp":7.1,"hours":43.5,"at":"2026-08-05T11:47Z"}},{"type":"Feature","geometry":{"type":"Point","coordinates":[33.573,47.26]},"properties":{"frp":4.5,"hours":43.5,"at":"2026-08-05T11:47Z"}},{"type":"Feature","geometry":{"type":"Point","coordinates":[33.565,47.26]},"properties":{"frp":6.5,"hours":43.5,"at":"2026-08-05T11:47Z"}},{"type":"Feature","geometry":{"type":"Point","coordinates":[15.327,47.368]},"properties":{"frp":3.4,"hours":43.5,"at":"2026-08-05T11:47Z"}},{"type":"Feature","geometry":{"type":"Point","coordinates":[32.324,47.47]},"properties":{"frp":4.8,"hours":43.5,"at":"2026-08-05T11:47Z"}},{"type":"Feature","geometry":{"type":"Point","coordinates":[32.331,47.471]},"properties":{"frp":7.5,"hours":43.5,"at":"2026-08-05T11:47Z"}},{"type":"Feature","geometry":{"type":"Point","coordinates":[32.325,47.473]},"properties":{"frp":5.9,"hours":43.5,"at":"2026-08-05T11:47Z"}},{"type":"Feature","geometry":{"type":"Point","coordinates":[32.332,47.473]},"properties":{"frp":5.9,"hours":43.5,"at":"2026-08-05T11:47Z"}},{"type":"Feature","geometry":{"type":"Point","coordinates":[33.726,47.502]},"properties":{"frp":2.4,"hours":43.5,"at":"2026-08-05T11:47Z"}},{"type":"Feature","geometry":{"type":"Point","coordinates":[33.725,47.506]},"properties":{"frp":6.4,"hours":43.5,"at":"2026-08-05T11:47Z"}},{"type":"Feature","geometry":{"type":"Point","coordinates":[31.2,47.533]},"properties":{"frp":16.3,"hours":43.5,"at":"2026-08-05T11:47Z"}},{"type":"Feature","geometry":{"type":"Point","coordinates":[31.206,47.539]},"properties":{"frp":6.7,"hours":43.5,"at":"2026-08-05T11:47Z"}},{"type":"Feature","geometry":{"type":"Point","coordinates":[31.213,47.539]},"properties":{"frp":6.7,"hours":43.5,"at":"2026-08-05T11:47Z"}},{"type":"Feature","geometry":{"type":"Point","coordinates":[31.206,47.543]},"properties":{"frp":4.8,"hours":43.5,"at":"2026-08-05T11:47Z"}},{"type":"Feature","geometry":{"type":"Point","coordinates":[30.328,47.546]},"properties":{"frp":2.2,"hours":43.5,"at":"2026-08-05T11:47Z"}},{"type":"Feature","geometry":{"type":"Point","coordinates":[30.326,47.548]},"properties":{"frp":4.8,"hours":43.5,"at":"2026-08-05T11:47Z"}},{"type":"Feature","geometry":{"type":"Point","coordinates":[29.268,47.626]},"properties":{"frp":3.8,"hours":43.5,"at":"2026-08-05T11:47Z"}},{"type":"Feature","geometry":{"type":"Point","coordinates":[33.419,47.643]},"properties":{"frp":19.1,"hours":43.5,"at":"2026-08-05T11:47Z"}},{"type":"Feature","geometry":{"type":"Point","coordinates":[33.028,47.726]},"properties":{"frp":6.6,"hours":43.5,"at":"2026-08-05T11:47Z"}},{"type":"Feature","geometry":{"type":"Point","coordinates":[33.036,47.733]},"properties":{"frp":5.4,"hours":43.5,"at":"2026-08-05T11:47Z"}},{"type":"Feature","geometry":{"type":"Point","coordinates":[10.869,47.903]},"properties":{"frp":5.0,"hours":43.5,"at":"2026-08-05T11:47Z"}},{"type":"Feature","geometry":{"type":"Point","coordinates":[17.044,47.923]},"properties":{"frp":4.0,"hours":43.5,"at":"2026-08-05T11:47Z"}},{"type":"Feature","geometry":{"type":"Point","coordinates":[13.619,47.966]},"properties":{"frp":3.0,"hours":43.5,"at":"2026-08-05T11:47Z"}},{"type":"Feature","geometry":{"type":"Point","coordinates":[21.572,48.031]},"properties":{"frp":10.0,"hours":43.5,"at":"2026-08-05T11:47Z"}},{"type":"Feature","geometry":{"type":"Point","coordinates":[32.139,48.032]},"properties":{"frp":1.8,"hours":43.5,"at":"2026-08-05T11:47Z"}},{"type":"Feature","geometry":{"type":"Point","coordinates":[21.572,48.032]},"properties":{"frp":18.8,"hours":43.5,"at":"2026-08-05T11:47Z"}},{"type":"Feature","geometry":{"type":"Point","coordinates":[21.571,48.035]},"properties":{"frp":10.0,"hours":43.5,"at":"2026-08-05T11:47Z"}},{"type":"Feature","geometry":{"type":"Point","coordinates":[10.997,48.104]},"properties":{"frp":3.5,"hours":43.5,"at":"2026-08-05T11:47Z"}},{"type":"Feature","geometry":{"type":"Point","coordinates":[29.002,48.147]},"properties":{"frp":2.4,"hours":43.5,"at":"2026-08-05T11:47Z"}},{"type":"Feature","geometry":{"type":"Point","coordinates":[20.495,48.195]},"properties":{"frp":29.7,"hours":43.5,"at":"2026-08-05T11:47Z"}},{"type":"Feature","geometry":{"type":"Point","coordinates":[20.502,48.196]},"properties":{"frp":36.6,"hours":43.5,"at":"2026-08-05T11:47Z"}},{"type":"Feature","geometry":{"type":"Point","coordinates":[20.501,48.2]},"properties":{"frp":36.6,"hours":43.5,"at":"2026-08-05T11:47Z"}},{"type":"Feature","geometry":{"type":"Point","coordinates":[9.047,48.202]},"properties":{"frp":5.3,"hours":43.5,"at":"2026-08-05T11:47Z"}},{"type":"Feature","geometry":{"type":"Point","coordinates":[14.011,48.205]},"properties":{"frp":2.9,"hours":43.5,"at":"2026-08-05T11:47Z"}},{"type":"Feature","geometry":{"type":"Point","coordinates":[22.814,48.253]},"properties":{"frp":4.7,"hours":43.5,"at":"2026-08-05T11:47Z"}},{"type":"Feature","geometry":{"type":"Point","coordinates":[22.82,48.253]},"properties":{"frp":4.3,"hours":43.5,"at":"2026-08-05T11:47Z"}},{"type":"Feature","geometry":{"type":"Point","coordinates":[13.84,48.256]},"properties":{"frp":1.9,"hours":43.5,"at":"2026-08-05T11:47Z"}},{"type":"Feature","geometry":{"type":"Point","coordinates":[11.641,48.309]},"properties":{"frp":4.3,"hours":43.5,"at":"2026-08-05T11:47Z"}},{"type":"Feature","geometry":{"type":"Point","coordinates":[12.857,48.407]},"properties":{"frp":3.4,"hours":43.5,"at":"2026-08-05T11:47Z"}},{"type":"Feature","geometry":{"type":"Point","coordinates":[11.817,48.417]},"properties":{"frp":2.5,"hours":43.5,"at":"2026-08-05T11:47Z"}},{"type":"Feature","geometry":{"type":"Point","coordinates":[12.547,48.473]},"properties":{"frp":3.9,"hours":43.5,"at":"2026-08-05T11:47Z"}},{"type":"Feature","geometry":{"type":"Point","coordinates":[25.872,48.477]},"properties":{"frp":3.3,"hours":43.5,"at":"2026-08-05T11:47Z"}},{"type":"Feature","geometry":{"type":"Point","coordinates":[12.564,48.486]},"properties":{"frp":2.5,"hours":43.5,"at":"2026-08-05T11:47Z"}},{"type":"Feature","geometry":{"type":"Point","coordinates":[14.496,48.499]},"properties":{"frp":2.2,"hours":43.5,"at":"2026-08-05T11:47Z"}},{"type":"Feature","geometry":{"type":"Point","coordinates":[12.556,48.506]},"properties":{"frp":1.7,"hours":43.5,"at":"2026-08-05T11:47Z"}},{"type":"Feature","geometry":{"type":"Point","coordinates":[12.559,48.514]},"properties":{"frp":2.9,"hours":43.5,"at":"2026-08-05T11:47Z"}},{"type":"Feature","geometry":{"type":"Point","coordinates":[29.437,48.519]},"properties":{"frp":6.3,"hours":43.5,"at":"2026-08-05T11:47Z"}},{"type":"Feature","geometry":{"type":"Point","coordinates":[29.437,48.525]},"properties":{"frp":6.3,"hours":43.5,"at":"2026-08-05T11:47Z"}},{"type":"Feature","geometry":{"type":"Point","coordinates":[29.437,48.53]},"properties":{"frp":2.8,"hours":43.5,"at":"2026-08-05T11:47Z"}},{"type":"Feature","geometry":{"type":"Point","coordinates":[11.176,48.558]},"properties":{"frp":4.4,"hours":43.5,"at":"2026-08-05T11:47Z"}},{"type":"Feature","geometry":{"type":"Point","coordinates":[12.196,48.588]},"properties":{"frp":3.4,"hours":43.5,"at":"2026-08-05T11:47Z"}},{"type":"Feature","geometry":{"type":"Point","coordinates":[12.202,48.589]},"properties":{"frp":3.4,"hours":43.5,"at":"2026-08-05T11:47Z"}},{"type":"Feature","geometry":{"type":"Point","coordinates":[16.803,48.615]},"properties":{"frp":5.5,"hours":43.5,"at":"2026-08-05T11:47Z"}},{"type":"Feature","geometry":{"type":"Point","coordinates":[11.533,48.648]},"properties":{"frp":5.0,"hours":43.5,"at":"2026-08-05T11:47Z"}},{"type":"Feature","geometry":{"type":"Point","coordinates":[11.331,48.655]},"properties":{"frp":2.6,"hours":43.5,"at":"2026-08-05T11:47Z"}},{"type":"Feature","geometry":{"type":"Point","coordinates":[11.337,48.656]},"properties":{"frp":2.6,"hours":43.5,"at":"2026-08-05T11:47Z"}},{"type":"Feature","geometry":{"type":"Point","coordinates":[11.324,48.657]},"properties":{"frp":5.0,"hours":43.5,"at":"2026-08-05T11:47Z"}},{"type":"Feature","geometry":{"type":"Point","coordinates":[11.328,48.662]},"properties":{"frp":8.3,"hours":43.5,"at":"2026-08-05T11:47Z"}},{"type":"Feature","geometry":{"type":"Point","coordinates":[22.801,48.667]},"properties":{"frp":6.4,"hours":43.5,"at":"2026-08-05T11:47Z"}},{"type":"Feature","geometry":{"type":"Point","coordinates":[22.8,48.671]},"properties":{"frp":4.5,"hours":43.5,"at":"2026-08-05T11:47Z"}},{"type":"Feature","geometry":{"type":"Point","coordinates":[25.281,48.692]},"properties":{"frp":10.0,"hours":43.5,"at":"2026-08-05T11:47Z"}},{"type":"Feature","geometry":{"type":"Point","coordinates":[12.982,48.715]},"properties":{"frp":1.8,"hours":43.5,"at":"2026-08-05T11:47Z"}},{"type":"Feature","geometry":{"type":"Point","coordinates":[12.981,48.718]},"properties":{"frp":7.9,"hours":43.5,"at":"2026-08-05T11:47Z"}},{"type":"Feature","geometry":{"type":"Point","coordinates":[12.939,48.725]},"properties":{"frp":2.8,"hours":43.5,"at":"2026-08-05T11:47Z"}},{"type":"Feature","geometry":{"type":"Point","coordinates":[12.972,48.727]},"properties":{"frp":4.4,"hours":43.5,"at":"2026-08-05T11:47Z"}},{"type":"Feature","geometry":{"type":"Point","coordinates":[12.96,48.729]},"properties":{"frp":6.9,"hours":43.5,"at":"2026-08-05T11:47Z"}},{"type":"Feature","geometry":{"type":"Point","coordinates":[12.971,48.73]},"properties":{"frp":2.7,"hours":43.5,"at":"2026-08-05T11:47Z"}},{"type":"Feature","geometry":{"type":"Point","coordinates":[12.976,48.731]},"properties":{"frp":2.7,"hours":43.5,"at":"2026-08-05T11:47Z"}},{"type":"Feature","geometry":{"type":"Point","coordinates":[12.947,48.733]},"properties":{"frp":2.5,"hours":43.5,"at":"2026-08-05T11:47Z"}},{"type":"Feature","geometry":{"type":"Point","coordinates":[12.952,48.734]},"properties":{"frp":2.5,"hours":43.5,"at":"2026-08-05T11:47Z"}},{"type":"Feature","geometry":{"type":"Point","coordinates":[12.937,48.742]},"properties":{"frp":2.9,"hours":43.5,"at":"2026-08-05T11:47Z"}},{"type":"Feature","geometry":{"type":"Point","coordinates":[12.943,48.743]},"properties":{"frp":5.0,"hours":43.5,"at":"2026-08-05T11:47Z"}},{"type":"Feature","geometry":{"type":"Point","coordinates":[12.941,48.746]},"properties":{"frp":7.7,"hours":43.5,"at":"2026-08-05T11:47Z"}},{"type":"Feature","geometry":{"type":"Point","coordinates":[12.188,48.773]},"properties":{"frp":2.9,"hours":43.5,"at":"2026-08-05T11:47Z"}},{"type":"Feature","geometry":{"type":"Point","coordinates":[12.893,48.82]},"properties":{"frp":3.8,"hours":43.5,"at":"2026-08-05T11:47Z"}},{"type":"Feature","geometry":{"type":"Point","coordinates":[12.898,48.821]},"properties":{"frp":3.8,"hours":43.5,"at":"2026-08-05T11:47Z"}},{"type":"Feature","geometry":{"type":"Point","coordinates":[12.766,48.893]},"properties":{"frp":3.6,"hours":43.5,"at":"2026-08-05T11:47Z"}},{"type":"Feature","geometry":{"type":"Point","coordinates":[13.101,48.941]},"properties":{"frp":1.8,"hours":43.5,"at":"2026-08-05T11:47Z"}},{"type":"Feature","geometry":{"type":"Point","coordinates":[12.675,48.942]},"properties":{"frp":4.6,"hours":43.5,"at":"2026-08-05T11:47Z"}},{"type":"Feature","geometry":{"type":"Point","coordinates":[12.715,48.942]},"properties":{"frp":2.2,"hours":43.5,"at":"2026-08-05T11:47Z"}},{"type":"Feature","geometry":{"type":"Point","coordinates":[12.721,48.943]},"properties":{"frp":4.1,"hours":43.5,"at":"2026-08-05T11:47Z"}},{"type":"Feature","geometry":{"type":"Point","coordinates":[22.926,49.019]},"properties":{"frp":2.5,"hours":43.5,"at":"2026-08-05T11:47Z"}},{"type":"Feature","geometry":{"type":"Point","coordinates":[22.893,49.045]},"properties":{"frp":7.4,"hours":43.5,"at":"2026-08-05T11:47Z"}},{"type":"Feature","geometry":{"type":"Point","coordinates":[31.028,49.161]},"properties":{"frp":9.8,"hours":43.5,"at":"2026-08-05T11:47Z"}},{"type":"Feature","geometry":{"type":"Point","coordinates":[27.445,49.45]},"properties":{"frp":2.0,"hours":43.5,"at":"2026-08-05T11:47Z"}},{"type":"Feature","geometry":{"type":"Point","coordinates":[23.527,50.005]},"properties":{"frp":11.9,"hours":43.5,"at":"2026-08-05T11:47Z"}},{"type":"Feature","geometry":{"type":"Point","coordinates":[23.527,50.009]},"properties":{"frp":11.9,"hours":43.5,"at":"2026-08-05T11:47Z"}},{"type":"Feature","geometry":{"type":"Point","coordinates":[12.366,42.483]},"properties":{"frp":6.1,"hours":43.5,"at":"2026-08-05T11:49Z"}},{"type":"Feature","geometry":{"type":"Point","coordinates":[24.61,44.31]},"properties":{"frp":7.4,"hours":43.5,"at":"2026-08-05T11:49Z"}},{"type":"Feature","geometry":{"type":"Point","coordinates":[20.248,44.444]},"properties":{"frp":3.9,"hours":43.5,"at":"2026-08-05T11:49Z"}},{"type":"Feature","geometry":{"type":"Point","coordinates":[21.188,44.578]},"properties":{"frp":4.0,"hours":43.5,"at":"2026-08-05T11:49Z"}},{"type":"Feature","geometry":{"type":"Point","coordinates":[20.591,44.637]},"properties":{"frp":2.6,"hours":43.5,"at":"2026-08-05T11:49Z"}},{"type":"Feature","geometry":{"type":"Point","coordinates":[16.635,44.641]},"properties":{"frp":6.3,"hours":43.5,"at":"2026-08-05T11:49Z"}},{"type":"Feature","geometry":{"type":"Point","coordinates":[20.398,44.682]},"properties":{"frp":4.5,"hours":43.5,"at":"2026-08-05T11:49Z"}},{"type":"Feature","geometry":{"type":"Point","coordinates":[21.333,44.691]},"properties":{"frp":13.0,"hours":43.5,"at":"2026-08-05T11:49Z"}},{"type":"Feature","geometry":{"type":"Point","coordinates":[22.724,44.721]},"properties":{"frp":13.1,"hours":43.5,"at":"2026-08-05T11:49Z"}},{"type":"Feature","geometry":{"type":"Point","coordinates":[22.723,44.723]},"properties":{"frp":19.2,"hours":43.5,"at":"2026-08-05T11:49Z"}},{"type":"Feature","geometry":{"type":"Point","coordinates":[22.723,44.725]},"properties":{"frp":13.1,"hours":43.5,"at":"2026-08-05T11:49Z"}},{"type":"Feature","geometry":{"type":"Point","coordinates":[19.91,44.741]},"properties":{"frp":26.9,"hours":43.5,"at":"2026-08-05T11:49Z"}},{"type":"Feature","geometry":{"type":"Point","coordinates":[19.908,44.748]},"properties":{"frp":13.0,"hours":43.5,"at":"2026-08-05T11:49Z"}},{"type":"Feature","geometry":{"type":"Point","coordinates":[19.887,44.767]},"properties":{"frp":9.2,"hours":43.5,"at":"2026-08-05T11:49Z"}},{"type":"Feature","geometry":{"type":"Point","coordinates":[19.928,44.834]},"properties":{"frp":8.1,"hours":43.5,"at":"2026-08-05T11:49Z"}},{"type":"Feature","geometry":{"type":"Point","coordinates":[21.158,44.852]},"properties":{"frp":4.4,"hours":43.5,"at":"2026-08-05T11:49Z"}},{"type":"Feature","geometry":{"type":"Point","coordinates":[21.157,44.856]},"properties":{"frp":56.9,"hours":43.5,"at":"2026-08-05T11:49Z"}},{"type":"Feature","geometry":{"type":"Point","coordinates":[16.951,44.865]},"properties":{"frp":1.6,"hours":43.5,"at":"2026-08-05T11:49Z"}},{"type":"Feature","geometry":{"type":"Point","coordinates":[26.523,44.908]},"properties":{"frp":4.4,"hours":43.5,"at":"2026-08-05T11:49Z"}},{"type":"Feature","geometry":{"type":"Point","coordinates":[14.01,44.961]},"properties":{"frp":1.9,"hours":43.5,"at":"2026-08-05T11:49Z"}},{"type":"Feature","geometry":{"type":"Point","coordinates":[18.355,44.98]},"properties":{"frp":48.2,"hours":43.5,"at":"2026-08-05T11:49Z"}},{"type":"Feature","geometry":{"type":"Point","coordinates":[18.36,44.981]},"properties":{"frp":29.1,"hours":43.5,"at":"2026-08-05T11:49Z"}},{"type":"Feature","geometry":{"type":"Point","coordinates":[19.503,45.074]},"properties":{"frp":3.0,"hours":43.5,"at":"2026-08-05T11:49Z"}},{"type":"Feature","geometry":{"type":"Point","coordinates":[22.999,45.528]},"properties":{"frp":14.3,"hours":43.5,"at":"2026-08-05T11:49Z"}},{"type":"Feature","geometry":{"type":"Point","coordinates":[29.247,45.564]},"properties":{"frp":7.1,"hours":43.5,"at":"2026-08-05T11:49Z"}},{"type":"Feature","geometry":{"type":"Point","coordinates":[29.246,45.57]},"properties":{"frp":7.1,"hours":43.5,"at":"2026-08-05T11:49Z"}},{"type":"Feature","geometry":{"type":"Point","coordinates":[29.181,45.62]},"properties":{"frp":6.7,"hours":43.5,"at":"2026-08-05T11:49Z"}},{"type":"Feature","geometry":{"type":"Point","coordinates":[29.181,45.624]},"properties":{"frp":7.9,"hours":43.5,"at":"2026-08-05T11:49Z"}},{"type":"Feature","geometry":{"type":"Point","coordinates":[19.076,45.638]},"properties":{"frp":27.1,"hours":43.5,"at":"2026-08-05T11:49Z"}},{"type":"Feature","geometry":{"type":"Point","coordinates":[29.188,45.735]},"properties":{"frp":17.5,"hours":43.5,"at":"2026-08-05T11:49Z"}},{"type":"Feature","geometry":{"type":"Point","coordinates":[29.192,45.735]},"properties":{"frp":17.5,"hours":43.5,"at":"2026-08-05T11:49Z"}},{"type":"Feature","geometry":{"type":"Point","coordinates":[22.117,45.786]},"properties":{"frp":20.4,"hours":43.5,"at":"2026-08-05T11:49Z"}},{"type":"Feature","geometry":{"type":"Point","coordinates":[22.117,45.789]},"properties":{"frp":20.4,"hours":43.5,"at":"2026-08-05T11:49Z"}},{"type":"Feature","geometry":{"type":"Point","coordinates":[22.105,45.872]},"properties":{"frp":11.8,"hours":43.5,"at":"2026-08-05T11:49Z"}},{"type":"Feature","geometry":{"type":"Point","coordinates":[28.904,45.891]},"properties":{"frp":5.6,"hours":43.5,"at":"2026-08-05T11:49Z"}},{"type":"Feature","geometry":{"type":"Point","coordinates":[29.651,45.956]},"properties":{"frp":2.1,"hours":43.5,"at":"2026-08-05T11:49Z"}},{"type":"Feature","geometry":{"type":"Point","coordinates":[33.932,45.962]},"properties":{"frp":8.5,"hours":43.5,"at":"2026-08-05T11:49Z"}},{"type":"Feature","geometry":{"type":"Point","coordinates":[29.883,46.009]},"properties":{"frp":2.9,"hours":43.5,"at":"2026-08-05T11:49Z"}},{"type":"Feature","geometry":{"type":"Point","coordinates":[29.158,46.258]},"properties":{"frp":5.2,"hours":43.5,"at":"2026-08-05T11:49Z"}},{"type":"Feature","geometry":{"type":"Point","coordinates":[22.22,46.279]},"properties":{"frp":6.5,"hours":43.5,"at":"2026-08-05T11:49Z"}},{"type":"Feature","geometry":{"type":"Point","coordinates":[32.945,46.287]},"properties":{"frp":4.4,"hours":43.5,"at":"2026-08-05T11:49Z"}},{"type":"Feature","geometry":{"type":"Point","coordinates":[32.952,46.287]},"properties":{"frp":4.4,"hours":43.5,"at":"2026-08-05T11:49Z"}},{"type":"Feature","geometry":{"type":"Point","coordinates":[22.423,46.31]},"properties":{"frp":11.9,"hours":43.5,"at":"2026-08-05T11:49Z"}},{"type":"Feature","geometry":{"type":"Point","coordinates":[32.375,46.329]},"properties":{"frp":10.4,"hours":43.5,"at":"2026-08-05T11:49Z"}},{"type":"Feature","geometry":{"type":"Point","coordinates":[32.375,46.33]},"properties":{"frp":8.8,"hours":43.5,"at":"2026-08-05T11:49Z"}},{"type":"Feature","geometry":{"type":"Point","coordinates":[32.382,46.33]},"properties":{"frp":8.8,"hours":43.5,"at":"2026-08-05T11:49Z"}},{"type":"Feature","geometry":{"type":"Point","coordinates":[32.375,46.335]},"properties":{"frp":9.3,"hours":43.5,"at":"2026-08-05T11:49Z"}},{"type":"Feature","geometry":{"type":"Point","coordinates":[32.142,46.387]},"properties":{"frp":4.2,"hours":43.5,"at":"2026-08-05T11:49Z"}},{"type":"Feature","geometry":{"type":"Point","coordinates":[32.142,46.393]},"properties":{"frp":4.3,"hours":43.5,"at":"2026-08-05T11:49Z"}},{"type":"Feature","geometry":{"type":"Point","coordinates":[29.436,46.407]},"properties":{"frp":4.3,"hours":43.5,"at":"2026-08-05T11:49Z"}},{"type":"Feature","geometry":{"type":"Point","coordinates":[32.448,46.464]},"properties":{"frp":8.7,"hours":43.5,"at":"2026-08-05T11:49Z"}},{"type":"Feature","geometry":{"type":"Point","coordinates":[32.462,46.477]},"properties":{"frp":13.0,"hours":43.5,"at":"2026-08-05T11:49Z"}},{"type":"Feature","geometry":{"type":"Point","coordinates":[31.794,46.491]},"properties":{"frp":8.3,"hours":43.5,"at":"2026-08-05T11:49Z"}},{"type":"Feature","geometry":{"type":"Point","coordinates":[31.8,46.491]},"properties":{"frp":8.3,"hours":43.5,"at":"2026-08-05T11:49Z"}},{"type":"Feature","geometry":{"type":"Point","coordinates":[32.775,46.493]},"properties":{"frp":15.0,"hours":43.5,"at":"2026-08-05T11:49Z"}},{"type":"Feature","geometry":{"type":"Point","coordinates":[32.783,46.493]},"properties":{"frp":20.4,"hours":43.5,"at":"2026-08-05T11:49Z"}},{"type":"Feature","geometry":{"type":"Point","coordinates":[32.79,46.493]},"properties":{"frp":20.4,"hours":43.5,"at":"2026-08-05T11:49Z"}},{"type":"Feature","geometry":{"type":"Point","coordinates":[32.783,46.512]},"properties":{"frp":7.6,"hours":43.5,"at":"2026-08-05T11:49Z"}},{"type":"Feature","geometry":{"type":"Point","coordinates":[33.237,46.516]},"properties":{"frp":10.8,"hours":43.5,"at":"2026-08-05T11:49Z"}},{"type":"Feature","geometry":{"type":"Point","coordinates":[32.617,46.535]},"properties":{"frp":12.9,"hours":43.5,"at":"2026-08-05T11:49Z"}},{"type":"Feature","geometry":{"type":"Point","coordinates":[32.61,46.539]},"properties":{"frp":7.8,"hours":43.5,"at":"2026-08-05T11:49Z"}},{"type":"Feature","geometry":{"type":"Point","coordinates":[32.617,46.539]},"properties":{"frp":13.3,"hours":43.5,"at":"2026-08-05T11:49Z"}},{"type":"Feature","geometry":{"type":"Point","coordinates":[32.761,46.552]},"properties":{"frp":5.4,"hours":43.5,"at":"2026-08-05T11:49Z"}},{"type":"Feature","geometry":{"type":"Point","coordinates":[32.761,46.556]},"properties":{"frp":7.5,"hours":43.5,"at":"2026-08-05T11:49Z"}},{"type":"Feature","geometry":{"type":"Point","coordinates":[32.725,46.584]},"properties":{"frp":11.2,"hours":43.5,"at":"2026-08-05T11:49Z"}},{"type":"Feature","geometry":{"type":"Point","coordinates":[32.732,46.584]},"properties":{"frp":17.3,"hours":43.5,"at":"2026-08-05T11:49Z"}},{"type":"Feature","geometry":{"type":"Point","coordinates":[32.878,46.585]},"properties":{"frp":13.2,"hours":43.5,"at":"2026-08-05T11:49Z"}},{"type":"Feature","geometry":{"type":"Point","coordinates":[33.17,46.6]},"properties":{"frp":7.0,"hours":43.5,"at":"2026-08-05T11:49Z"}},{"type":"Feature","geometry":{"type":"Point","coordinates":[33.17,46.606]},"properties":{"frp":7.0,"hours":43.5,"at":"2026-08-05T11:49Z"}},{"type":"Feature","geometry":{"type":"Point","coordinates":[31.777,46.657]},"properties":{"frp":5.9,"hours":43.5,"at":"2026-08-05T11:49Z"}},{"type":"Feature","geometry":{"type":"Point","coordinates":[33.134,46.735]},"properties":{"frp":12.6,"hours":43.5,"at":"2026-08-05T11:49Z"}},{"type":"Feature","geometry":{"type":"Point","coordinates":[33.136,46.736]},"properties":{"frp":16.8,"hours":43.5,"at":"2026-08-05T11:49Z"}},{"type":"Feature","geometry":{"type":"Point","coordinates":[33.134,46.742]},"properties":{"frp":7.8,"hours":43.5,"at":"2026-08-05T11:49Z"}},{"type":"Feature","geometry":{"type":"Point","coordinates":[33.142,46.742]},"properties":{"frp":7.8,"hours":43.5,"at":"2026-08-05T11:49Z"}},{"type":"Feature","geometry":{"type":"Point","coordinates":[33.136,46.743]},"properties":{"frp":13.0,"hours":43.5,"at":"2026-08-05T11:49Z"}},{"type":"Feature","geometry":{"type":"Point","coordinates":[33.524,46.769]},"properties":{"frp":4.4,"hours":43.5,"at":"2026-08-05T11:49Z"}},{"type":"Feature","geometry":{"type":"Point","coordinates":[30.164,46.774]},"properties":{"frp":6.8,"hours":43.5,"at":"2026-08-05T11:49Z"}},{"type":"Feature","geometry":{"type":"Point","coordinates":[33.273,46.795]},"properties":{"frp":12.6,"hours":43.5,"at":"2026-08-05T11:49Z"}},{"type":"Feature","geometry":{"type":"Point","coordinates":[33.668,46.846]},"properties":{"frp":7.3,"hours":43.5,"at":"2026-08-05T11:49Z"}},{"type":"Feature","geometry":{"type":"Point","coordinates":[33.669,46.848]},"properties":{"frp":6.3,"hours":43.5,"at":"2026-08-05T11:49Z"}},{"type":"Feature","geometry":{"type":"Point","coordinates":[33.453,46.964]},"properties":{"frp":24.9,"hours":43.5,"at":"2026-08-05T11:49Z"}},{"type":"Feature","geometry":{"type":"Point","coordinates":[33.461,46.964]},"properties":{"frp":27.9,"hours":43.5,"at":"2026-08-05T11:49Z"}},{"type":"Feature","geometry":{"type":"Point","coordinates":[33.179,46.969]},"properties":{"frp":17.5,"hours":43.5,"at":"2026-08-05T11:49Z"}},{"type":"Feature","geometry":{"type":"Point","coordinates":[2.885,48.706]},"properties":{"frp":11.8,"hours":43.5,"at":"2026-08-05T11:49Z"}},{"type":"Feature","geometry":{"type":"Point","coordinates":[2.884,48.708]},"properties":{"frp":12.6,"hours":43.5,"at":"2026-08-05T11:49Z"}},{"type":"Feature","geometry":{"type":"Point","coordinates":[11.66,48.854]},"properties":{"frp":2.7,"hours":43.5,"at":"2026-08-05T11:49Z"}},{"type":"Feature","geometry":{"type":"Point","coordinates":[11.659,48.858]},"properties":{"frp":2.7,"hours":43.5,"at":"2026-08-05T11:49Z"}},{"type":"Feature","geometry":{"type":"Point","coordinates":[10.669,48.914]},"properties":{"frp":2.4,"hours":43.5,"at":"2026-08-05T11:49Z"}},{"type":"Feature","geometry":{"type":"Point","coordinates":[11.531,48.952]},"properties":{"frp":7.5,"hours":43.5,"at":"2026-08-05T11:49Z"}},{"type":"Feature","geometry":{"type":"Point","coordinates":[12.309,48.995]},"properties":{"frp":4.5,"hours":43.5,"at":"2026-08-05T11:49Z"}},{"type":"Feature","geometry":{"type":"Point","coordinates":[11.994,49.009]},"properties":{"frp":3.9,"hours":43.5,"at":"2026-08-05T11:49Z"}},{"type":"Feature","geometry":{"type":"Point","coordinates":[12.621,49.057]},"properties":{"frp":2.1,"hours":43.5,"at":"2026-08-05T11:49Z"}},{"type":"Feature","geometry":{"type":"Point","coordinates":[11.31,49.073]},"properties":{"frp":1.8,"hours":43.5,"at":"2026-08-05T11:49Z"}},{"type":"Feature","geometry":{"type":"Point","coordinates":[11.316,49.074]},"properties":{"frp":1.8,"hours":43.5,"at":"2026-08-05T11:49Z"}},{"type":"Feature","geometry":{"type":"Point","coordinates":[11.642,49.235]},"properties":{"frp":3.9,"hours":43.5,"at":"2026-08-05T11:49Z"}},{"type":"Feature","geometry":{"type":"Point","coordinates":[12.516,49.243]},"properties":{"frp":2.2,"hours":43.5,"at":"2026-08-05T11:49Z"}},{"type":"Feature","geometry":{"type":"Point","coordinates":[12.159,49.322]},"properties":{"frp":5.8,"hours":43.5,"at":"2026-08-05T11:49Z"}},{"type":"Feature","geometry":{"type":"Point","coordinates":[12.158,49.325]},"properties":{"frp":5.8,"hours":43.5,"at":"2026-08-05T11:49Z"}},{"type":"Feature","geometry":{"type":"Point","coordinates":[12.088,49.678]},"properties":{"frp":2.9,"hours":43.5,"at":"2026-08-05T11:49Z"}},{"type":"Feature","geometry":{"type":"Point","coordinates":[12.934,49.744]},"properties":{"frp":3.5,"hours":43.5,"at":"2026-08-05T11:49Z"}},{"type":"Feature","geometry":{"type":"Point","coordinates":[11.67,49.824]},"properties":{"frp":1.1,"hours":43.5,"at":"2026-08-05T11:49Z"}},{"type":"Feature","geometry":{"type":"Point","coordinates":[11.822,49.916]},"properties":{"frp":5.3,"hours":43.5,"at":"2026-08-05T11:49Z"}},{"type":"Feature","geometry":{"type":"Point","coordinates":[12.179,50.063]},"properties":{"frp":4.8,"hours":43.5,"at":"2026-08-05T11:49Z"}},{"type":"Feature","geometry":{"type":"Point","coordinates":[10.536,50.291]},"properties":{"frp":3.9,"hours":43.5,"at":"2026-08-05T11:49Z"}},{"type":"Feature","geometry":{"type":"Point","coordinates":[24.698,50.922]},"properties":{"frp":1.2,"hours":43.5,"at":"2026-08-05T11:49Z"}},{"type":"Feature","geometry":{"type":"Point","coordinates":[12.41,51.042]},"properties":{"frp":3.3,"hours":43.5,"at":"2026-08-05T11:49Z"}},{"type":"Feature","geometry":{"type":"Point","coordinates":[14.224,51.122]},"properties":{"frp":9.2,"hours":43.5,"at":"2026-08-05T11:49Z"}},{"type":"Feature","geometry":{"type":"Point","coordinates":[10.968,51.135]},"properties":{"frp":4.6,"hours":43.5,"at":"2026-08-05T11:49Z"}},{"type":"Feature","geometry":{"type":"Point","coordinates":[6.125,51.289]},"properties":{"frp":11.5,"hours":43.5,"at":"2026-08-05T11:49Z"}},{"type":"Feature","geometry":{"type":"Point","coordinates":[6.123,51.292]},"properties":{"frp":7.2,"hours":43.5,"at":"2026-08-05T11:49Z"}},{"type":"Feature","geometry":{"type":"Point","coordinates":[6.119,51.3]},"properties":{"frp":18.9,"hours":43.5,"at":"2026-08-05T11:49Z"}},{"type":"Feature","geometry":{"type":"Point","coordinates":[22.661,51.339]},"properties":{"frp":3.8,"hours":43.5,"at":"2026-08-05T11:49Z"}},{"type":"Feature","geometry":{"type":"Point","coordinates":[9.934,51.378]},"properties":{"frp":4.4,"hours":43.5,"at":"2026-08-05T11:49Z"}},{"type":"Feature","geometry":{"type":"Point","coordinates":[11.312,51.388]},"properties":{"frp":3.4,"hours":43.5,"at":"2026-08-05T11:49Z"}},{"type":"Feature","geometry":{"type":"Point","coordinates":[6.222,51.391]},"properties":{"frp":2.4,"hours":43.5,"at":"2026-08-05T11:49Z"}},{"type":"Feature","geometry":{"type":"Point","coordinates":[14.921,51.45]},"properties":{"frp":3.2,"hours":43.5,"at":"2026-08-05T11:49Z"}},{"type":"Feature","geometry":{"type":"Point","coordinates":[6.1,51.452]},"properties":{"frp":5.6,"hours":43.5,"at":"2026-08-05T11:49Z"}},{"type":"Feature","geometry":{"type":"Point","coordinates":[12.344,51.55]},"properties":{"frp":3.4,"hours":43.5,"at":"2026-08-05T11:49Z"}},{"type":"Feature","geometry":{"type":"Point","coordinates":[14.423,51.682]},"properties":{"frp":3.0,"hours":43.5,"at":"2026-08-05T11:49Z"}},{"type":"Feature","geometry":{"type":"Point","coordinates":[11.383,51.956]},"properties":{"frp":1.3,"hours":43.5,"at":"2026-08-05T11:49Z"}},{"type":"Feature","geometry":{"type":"Point","coordinates":[11.382,51.959]},"properties":{"frp":2.1,"hours":43.5,"at":"2026-08-05T11:49Z"}},{"type":"Feature","geometry":{"type":"Point","coordinates":[4.152,51.977]},"properties":{"frp":2.2,"hours":43.5,"at":"2026-08-05T11:49Z"}},{"type":"Feature","geometry":{"type":"Point","coordinates":[11.678,52.132]},"properties":{"frp":4.4,"hours":43.5,"at":"2026-08-05T11:49Z"}},{"type":"Feature","geometry":{"type":"Point","coordinates":[11.683,52.133]},"properties":{"frp":2.6,"hours":43.5,"at":"2026-08-05T11:49Z"}},{"type":"Feature","geometry":{"type":"Point","coordinates":[12.81,52.349]},"properties":{"frp":3.4,"hours":43.5,"at":"2026-08-05T11:49Z"}},{"type":"Feature","geometry":{"type":"Point","coordinates":[11.747,52.418]},"properties":{"frp":2.8,"hours":43.5,"at":"2026-08-05T11:49Z"}},{"type":"Feature","geometry":{"type":"Point","coordinates":[12.222,52.46]},"properties":{"frp":10.3,"hours":43.5,"at":"2026-08-05T11:49Z"}},{"type":"Feature","geometry":{"type":"Point","coordinates":[12.228,52.461]},"properties":{"frp":10.3,"hours":43.5,"at":"2026-08-05T11:49Z"}},{"type":"Feature","geometry":{"type":"Point","coordinates":[12.226,52.464]},"properties":{"frp":5.2,"hours":43.5,"at":"2026-08-05T11:49Z"}},{"type":"Feature","geometry":{"type":"Point","coordinates":[11.865,52.538]},"properties":{"frp":3.3,"hours":43.5,"at":"2026-08-05T11:49Z"}},{"type":"Feature","geometry":{"type":"Point","coordinates":[11.767,52.581]},"properties":{"frp":3.9,"hours":43.5,"at":"2026-08-05T11:49Z"}},{"type":"Feature","geometry":{"type":"Point","coordinates":[11.964,52.6]},"properties":{"frp":6.1,"hours":43.5,"at":"2026-08-05T11:49Z"}},{"type":"Feature","geometry":{"type":"Point","coordinates":[11.975,52.602]},"properties":{"frp":6.1,"hours":43.5,"at":"2026-08-05T11:49Z"}},{"type":"Feature","geometry":{"type":"Point","coordinates":[-2.261,52.613]},"properties":{"frp":8.4,"hours":43.5,"at":"2026-08-05T11:49Z"}},{"type":"Feature","geometry":{"type":"Point","coordinates":[-2.258,52.614]},"properties":{"frp":12.3,"hours":43.5,"at":"2026-08-05T11:49Z"}},{"type":"Feature","geometry":{"type":"Point","coordinates":[-2.256,52.615]},"properties":{"frp":10.7,"hours":43.5,"at":"2026-08-05T11:49Z"}},{"type":"Feature","geometry":{"type":"Point","coordinates":[11.144,52.621]},"properties":{"frp":4.0,"hours":43.5,"at":"2026-08-05T11:49Z"}},{"type":"Feature","geometry":{"type":"Point","coordinates":[12.291,52.893]},"properties":{"frp":2.4,"hours":43.5,"at":"2026-08-05T11:49Z"}},{"type":"Feature","geometry":{"type":"Point","coordinates":[12.295,52.898]},"properties":{"frp":4.5,"hours":43.5,"at":"2026-08-05T11:49Z"}},{"type":"Feature","geometry":{"type":"Point","coordinates":[8.23,52.951]},"properties":{"frp":2.1,"hours":43.5,"at":"2026-08-05T11:49Z"}},{"type":"Feature","geometry":{"type":"Point","coordinates":[8.23,52.952]},"properties":{"frp":2.0,"hours":43.5,"at":"2026-08-05T11:49Z"}},{"type":"Feature","geometry":{"type":"Point","coordinates":[12.196,52.995]},"properties":{"frp":6.0,"hours":43.5,"at":"2026-08-05T11:49Z"}},{"type":"Feature","geometry":{"type":"Point","coordinates":[12.201,52.996]},"properties":{"frp":3.0,"hours":43.5,"at":"2026-08-05T11:49Z"}},{"type":"Feature","geometry":{"type":"Point","coordinates":[12.194,52.999]},"properties":{"frp":3.8,"hours":43.5,"at":"2026-08-05T11:49Z"}},{"type":"Feature","geometry":{"type":"Point","coordinates":[12.2,53.0]},"properties":{"frp":5.6,"hours":43.5,"at":"2026-08-05T11:49Z"}},{"type":"Feature","geometry":{"type":"Point","coordinates":[12.187,53.001]},"properties":{"frp":3.8,"hours":43.5,"at":"2026-08-05T11:49Z"}},{"type":"Feature","geometry":{"type":"Point","coordinates":[12.193,53.002]},"properties":{"frp":3.8,"hours":43.5,"at":"2026-08-05T11:49Z"}},{"type":"Feature","geometry":{"type":"Point","coordinates":[12.198,53.003]},"properties":{"frp":5.6,"hours":43.5,"at":"2026-08-05T11:49Z"}},{"type":"Feature","geometry":{"type":"Point","coordinates":[12.204,53.004]},"properties":{"frp":5.6,"hours":43.5,"at":"2026-08-05T11:49Z"}},{"type":"Feature","geometry":{"type":"Point","coordinates":[12.19,53.004]},"properties":{"frp":3.0,"hours":43.5,"at":"2026-08-05T11:49Z"}},{"type":"Feature","geometry":{"type":"Point","coordinates":[12.195,53.005]},"properties":{"frp":3.0,"hours":43.5,"at":"2026-08-05T11:49Z"}},{"type":"Feature","geometry":{"type":"Point","coordinates":[11.747,53.118]},"properties":{"frp":2.3,"hours":43.5,"at":"2026-08-05T11:49Z"}},{"type":"Feature","geometry":{"type":"Point","coordinates":[11.664,53.201]},"properties":{"frp":3.5,"hours":43.5,"at":"2026-08-05T11:49Z"}},{"type":"Feature","geometry":{"type":"Point","coordinates":[11.542,53.246]},"properties":{"frp":9.4,"hours":43.5,"at":"2026-08-05T11:49Z"}},{"type":"Feature","geometry":{"type":"Point","coordinates":[11.535,53.248]},"properties":{"frp":9.0,"hours":43.5,"at":"2026-08-05T11:49Z"}},{"type":"Feature","geometry":{"type":"Point","coordinates":[11.541,53.249]},"properties":{"frp":3.1,"hours":43.5,"at":"2026-08-05T11:49Z"}},{"type":"Feature","geometry":{"type":"Point","coordinates":[10.88,53.515]},"properties":{"frp":3.7,"hours":43.5,"at":"2026-08-05T11:49Z"}},{"type":"Feature","geometry":{"type":"Point","coordinates":[13.718,53.516]},"properties":{"frp":1.7,"hours":43.5,"at":"2026-08-05T11:49Z"}},{"type":"Feature","geometry":{"type":"Point","coordinates":[13.724,53.517]},"properties":{"frp":2.5,"hours":43.5,"at":"2026-08-05T11:49Z"}},{"type":"Feature","geometry":{"type":"Point","coordinates":[13.711,53.519]},"properties":{"frp":2.8,"hours":43.5,"at":"2026-08-05T11:49Z"}},{"type":"Feature","geometry":{"type":"Point","coordinates":[12.65,53.538]},"properties":{"frp":3.0,"hours":43.5,"at":"2026-08-05T11:49Z"}},{"type":"Feature","geometry":{"type":"Point","coordinates":[12.655,53.539]},"properties":{"frp":2.0,"hours":43.5,"at":"2026-08-05T11:49Z"}},{"type":"Feature","geometry":{"type":"Point","coordinates":[12.654,53.543]},"properties":{"frp":2.5,"hours":43.5,"at":"2026-08-05T11:49Z"}},{"type":"Feature","geometry":{"type":"Point","coordinates":[13.474,53.807]},"properties":{"frp":3.2,"hours":43.5,"at":"2026-08-05T11:49Z"}},{"type":"Feature","geometry":{"type":"Point","coordinates":[13.479,53.807]},"properties":{"frp":2.0,"hours":43.5,"at":"2026-08-05T11:49Z"}},{"type":"Feature","geometry":{"type":"Point","coordinates":[24.742,53.913]},"properties":{"frp":8.4,"hours":43.5,"at":"2026-08-05T11:49Z"}},{"type":"Feature","geometry":{"type":"Point","coordinates":[24.75,53.913]},"properties":{"frp":8.4,"hours":43.5,"at":"2026-08-05T11:49Z"}},{"type":"Feature","geometry":{"type":"Point","coordinates":[10.453,54.367]},"properties":{"frp":1.8,"hours":43.5,"at":"2026-08-05T11:49Z"}},{"type":"Feature","geometry":{"type":"Point","coordinates":[10.451,54.37]},"properties":{"frp":8.8,"hours":43.5,"at":"2026-08-05T11:49Z"}},{"type":"Feature","geometry":{"type":"Point","coordinates":[10.443,54.373]},"properties":{"frp":7.4,"hours":43.5,"at":"2026-08-05T11:49Z"}},{"type":"Feature","geometry":{"type":"Point","coordinates":[10.449,54.374]},"properties":{"frp":8.8,"hours":43.5,"at":"2026-08-05T11:49Z"}},{"type":"Feature","geometry":{"type":"Point","coordinates":[10.447,54.375]},"properties":{"frp":2.0,"hours":43.5,"at":"2026-08-05T11:49Z"}},{"type":"Feature","geometry":{"type":"Point","coordinates":[27.745,54.426]},"properties":{"frp":3.2,"hours":43.5,"at":"2026-08-05T11:49Z"}},{"type":"Feature","geometry":{"type":"Point","coordinates":[27.751,54.426]},"properties":{"frp":3.2,"hours":43.5,"at":"2026-08-05T11:49Z"}},{"type":"Feature","geometry":{"type":"Point","coordinates":[11.204,54.911]},"properties":{"frp":5.6,"hours":43.5,"at":"2026-08-05T11:49Z"}},{"type":"Feature","geometry":{"type":"Point","coordinates":[11.208,54.915]},"properties":{"frp":3.1,"hours":43.5,"at":"2026-08-05T11:49Z"}},{"type":"Feature","geometry":{"type":"Point","coordinates":[11.338,55.273]},"properties":{"frp":1.8,"hours":43.5,"at":"2026-08-05T11:49Z"}},{"type":"Feature","geometry":{"type":"Point","coordinates":[11.336,55.276]},"properties":{"frp":3.1,"hours":43.5,"at":"2026-08-05T11:49Z"}},{"type":"Feature","geometry":{"type":"Point","coordinates":[10.39,55.442]},"properties":{"frp":1.7,"hours":43.5,"at":"2026-08-05T11:49Z"}},{"type":"Feature","geometry":{"type":"Point","coordinates":[12.965,56.068]},"properties":{"frp":2.4,"hours":43.5,"at":"2026-08-05T11:49Z"}},{"type":"Feature","geometry":{"type":"Point","coordinates":[10.613,56.349]},"properties":{"frp":4.7,"hours":43.5,"at":"2026-08-05T11:49Z"}},{"type":"Feature","geometry":{"type":"Point","coordinates":[10.499,56.366]},"properties":{"frp":2.8,"hours":43.5,"at":"2026-08-05T11:49Z"}},{"type":"Feature","geometry":{"type":"Point","coordinates":[10.716,56.366]},"properties":{"frp":4.3,"hours":43.5,"at":"2026-08-05T11:49Z"}},{"type":"Feature","geometry":{"type":"Point","coordinates":[10.505,56.367]},"properties":{"frp":2.8,"hours":43.5,"at":"2026-08-05T11:49Z"}},{"type":"Feature","geometry":{"type":"Point","coordinates":[10.714,56.369]},"properties":{"frp":4.6,"hours":43.5,"at":"2026-08-05T11:49Z"}},{"type":"Feature","geometry":{"type":"Point","coordinates":[10.33,56.54]},"properties":{"frp":7.9,"hours":43.5,"at":"2026-08-05T11:49Z"}},{"type":"Feature","geometry":{"type":"Point","coordinates":[10.328,56.543]},"properties":{"frp":11.6,"hours":43.5,"at":"2026-08-05T11:49Z"}},{"type":"Feature","geometry":{"type":"Point","coordinates":[10.334,56.544]},"properties":{"frp":6.4,"hours":43.5,"at":"2026-08-05T11:49Z"}},{"type":"Feature","geometry":{"type":"Point","coordinates":[0.999,57.185]},"properties":{"frp":5.9,"hours":43.4,"at":"2026-08-05T11:51Z"}},{"type":"Feature","geometry":{"type":"Point","coordinates":[5.735,34.815]},"properties":{"frp":2.7,"hours":41.9,"at":"2026-08-05T13:25Z"}},{"type":"Feature","geometry":{"type":"Point","coordinates":[2.343,35.297]},"properties":{"frp":5.3,"hours":41.9,"at":"2026-08-05T13:25Z"}},{"type":"Feature","geometry":{"type":"Point","coordinates":[5.784,36.359]},"properties":{"frp":2.6,"hours":41.9,"at":"2026-08-05T13:25Z"}},{"type":"Feature","geometry":{"type":"Point","coordinates":[5.784,36.365]},"properties":{"frp":13.3,"hours":41.9,"at":"2026-08-05T13:25Z"}},{"type":"Feature","geometry":{"type":"Point","coordinates":[5.787,36.365]},"properties":{"frp":13.3,"hours":41.9,"at":"2026-08-05T13:25Z"}},{"type":"Feature","geometry":{"type":"Point","coordinates":[8.981,36.465]},"properties":{"frp":11.7,"hours":41.9,"at":"2026-08-05T13:25Z"}},{"type":"Feature","geometry":{"type":"Point","coordinates":[8.988,36.465]},"properties":{"frp":11.7,"hours":41.9,"at":"2026-08-05T13:25Z"}},{"type":"Feature","geometry":{"type":"Point","coordinates":[8.983,36.471]},"properties":{"frp":11.7,"hours":41.9,"at":"2026-08-05T13:25Z"}},{"type":"Feature","geometry":{"type":"Point","coordinates":[2.993,36.536]},"properties":{"frp":62.0,"hours":41.9,"at":"2026-08-05T13:25Z"}},{"type":"Feature","geometry":{"type":"Point","coordinates":[5.395,36.562]},"properties":{"frp":7.3,"hours":41.9,"at":"2026-08-05T13:25Z"}},{"type":"Feature","geometry":{"type":"Point","coordinates":[5.395,36.566]},"properties":{"frp":4.1,"hours":41.9,"at":"2026-08-05T13:25Z"}},{"type":"Feature","geometry":{"type":"Point","coordinates":[5.4,36.566]},"properties":{"frp":4.1,"hours":41.9,"at":"2026-08-05T13:25Z"}},{"type":"Feature","geometry":{"type":"Point","coordinates":[6.158,36.614]},"properties":{"frp":8.7,"hours":41.9,"at":"2026-08-05T13:25Z"}},{"type":"Feature","geometry":{"type":"Point","coordinates":[6.154,36.618]},"properties":{"frp":8.8,"hours":41.9,"at":"2026-08-05T13:25Z"}},{"type":"Feature","geometry":{"type":"Point","coordinates":[4.014,36.719]},"properties":{"frp":4.6,"hours":41.9,"at":"2026-08-05T13:25Z"}},{"type":"Feature","geometry":{"type":"Point","coordinates":[4.927,43.442]},"properties":{"frp":16.4,"hours":41.8,"at":"2026-08-05T13:27Z"}},{"type":"Feature","geometry":{"type":"Point","coordinates":[4.932,43.442]},"properties":{"frp":12.6,"hours":41.8,"at":"2026-08-05T13:27Z"}},{"type":"Feature","geometry":{"type":"Point","coordinates":[6.115,44.332]},"properties":{"frp":4.3,"hours":41.8,"at":"2026-08-05T13:27Z"}},{"type":"Feature","geometry":{"type":"Point","coordinates":[7.511,44.937]},"properties":{"frp":4.3,"hours":41.8,"at":"2026-08-05T13:27Z"}},{"type":"Feature","geometry":{"type":"Point","coordinates":[7.729,45.185]},"properties":{"frp":3.5,"hours":41.8,"at":"2026-08-05T13:27Z"}},{"type":"Feature","geometry":{"type":"Point","coordinates":[8.112,45.363]},"properties":{"frp":3.9,"hours":41.8,"at":"2026-08-05T13:27Z"}},{"type":"Feature","geometry":{"type":"Point","coordinates":[9.066,45.419]},"properties":{"frp":6.5,"hours":41.8,"at":"2026-08-05T13:27Z"}},{"type":"Feature","geometry":{"type":"Point","coordinates":[9.068,45.421]},"properties":{"frp":5.5,"hours":41.8,"at":"2026-08-05T13:27Z"}},{"type":"Feature","geometry":{"type":"Point","coordinates":[8.174,45.72]},"properties":{"frp":11.2,"hours":41.8,"at":"2026-08-05T13:27Z"}},{"type":"Feature","geometry":{"type":"Point","coordinates":[8.193,45.72]},"properties":{"frp":11.2,"hours":41.8,"at":"2026-08-05T13:27Z"}},{"type":"Feature","geometry":{"type":"Point","coordinates":[8.223,45.791]},"properties":{"frp":3.4,"hours":41.8,"at":"2026-08-05T13:27Z"}},{"type":"Feature","geometry":{"type":"Point","coordinates":[3.209,45.792]},"properties":{"frp":2.6,"hours":41.8,"at":"2026-08-05T13:27Z"}},{"type":"Feature","geometry":{"type":"Point","coordinates":[8.865,45.812]},"properties":{"frp":4.3,"hours":41.8,"at":"2026-08-05T13:27Z"}},{"type":"Feature","geometry":{"type":"Point","coordinates":[-3.436,51.667]},"properties":{"frp":4.5,"hours":41.8,"at":"2026-08-05T13:29Z"}},{"type":"Feature","geometry":{"type":"Point","coordinates":[4.354,52.163]},"properties":{"frp":4.1,"hours":41.8,"at":"2026-08-05T13:29Z"}},{"type":"Feature","geometry":{"type":"Point","coordinates":[4.352,52.165]},"properties":{"frp":3.1,"hours":41.8,"at":"2026-08-05T13:29Z"}},{"type":"Feature","geometry":{"type":"Point","coordinates":[4.358,52.165]},"properties":{"frp":3.1,"hours":41.8,"at":"2026-08-05T13:29Z"}},{"type":"Feature","geometry":{"type":"Point","coordinates":[-2.262,52.611]},"properties":{"frp":4.2,"hours":41.8,"at":"2026-08-05T13:31Z"}},{"type":"Feature","geometry":{"type":"Point","coordinates":[-2.256,52.611]},"properties":{"frp":4.2,"hours":41.8,"at":"2026-08-05T13:31Z"}},{"type":"Feature","geometry":{"type":"Point","coordinates":[-0.199,52.724]},"properties":{"frp":6.9,"hours":41.8,"at":"2026-08-05T13:31Z"}},{"type":"Feature","geometry":{"type":"Point","coordinates":[-0.198,52.725]},"properties":{"frp":4.2,"hours":41.8,"at":"2026-08-05T13:31Z"}},{"type":"Feature","geometry":{"type":"Point","coordinates":[28.825,45.827]},"properties":{"frp":0.5,"hours":31.2,"at":"2026-08-06T00:03Z"}},{"type":"Feature","geometry":{"type":"Point","coordinates":[28.821,45.831]},"properties":{"frp":0.5,"hours":31.2,"at":"2026-08-06T00:03Z"}},{"type":"Feature","geometry":{"type":"Point","coordinates":[28.822,45.834]},"properties":{"frp":1.0,"hours":31.2,"at":"2026-08-06T00:03Z"}},{"type":"Feature","geometry":{"type":"Point","coordinates":[29.103,45.855]},"properties":{"frp":0.9,"hours":31.2,"at":"2026-08-06T00:03Z"}},{"type":"Feature","geometry":{"type":"Point","coordinates":[29.201,46.001]},"properties":{"frp":0.8,"hours":31.2,"at":"2026-08-06T00:03Z"}},{"type":"Feature","geometry":{"type":"Point","coordinates":[30.184,46.03]},"properties":{"frp":0.9,"hours":31.2,"at":"2026-08-06T00:03Z"}},{"type":"Feature","geometry":{"type":"Point","coordinates":[30.179,46.031]},"properties":{"frp":0.9,"hours":31.2,"at":"2026-08-06T00:03Z"}},{"type":"Feature","geometry":{"type":"Point","coordinates":[30.19,46.032]},"properties":{"frp":1.1,"hours":31.2,"at":"2026-08-06T00:03Z"}},{"type":"Feature","geometry":{"type":"Point","coordinates":[30.185,46.033]},"properties":{"frp":0.9,"hours":31.2,"at":"2026-08-06T00:03Z"}},{"type":"Feature","geometry":{"type":"Point","coordinates":[29.308,46.109]},"properties":{"frp":0.9,"hours":31.2,"at":"2026-08-06T00:03Z"}},{"type":"Feature","geometry":{"type":"Point","coordinates":[33.107,46.161]},"properties":{"frp":1.3,"hours":31.2,"at":"2026-08-06T00:03Z"}},{"type":"Feature","geometry":{"type":"Point","coordinates":[33.079,46.161]},"properties":{"frp":5.0,"hours":31.2,"at":"2026-08-06T00:03Z"}},{"type":"Feature","geometry":{"type":"Point","coordinates":[33.081,46.162]},"properties":{"frp":6.8,"hours":31.2,"at":"2026-08-06T00:03Z"}},{"type":"Feature","geometry":{"type":"Point","coordinates":[33.076,46.163]},"properties":{"frp":1.3,"hours":31.2,"at":"2026-08-06T00:03Z"}},{"type":"Feature","geometry":{"type":"Point","coordinates":[33.109,46.164]},"properties":{"frp":0.9,"hours":31.2,"at":"2026-08-06T00:03Z"}},{"type":"Feature","geometry":{"type":"Point","coordinates":[33.077,46.166]},"properties":{"frp":1.3,"hours":31.2,"at":"2026-08-06T00:03Z"}},{"type":"Feature","geometry":{"type":"Point","coordinates":[33.142,46.239]},"properties":{"frp":1.0,"hours":31.2,"at":"2026-08-06T00:03Z"}},{"type":"Feature","geometry":{"type":"Point","coordinates":[29.154,46.252]},"properties":{"frp":0.6,"hours":31.2,"at":"2026-08-06T00:03Z"}},{"type":"Feature","geometry":{"type":"Point","coordinates":[29.638,46.302]},"properties":{"frp":0.7,"hours":31.2,"at":"2026-08-06T00:03Z"}},{"type":"Feature","geometry":{"type":"Point","coordinates":[29.639,46.305]},"properties":{"frp":0.7,"hours":31.2,"at":"2026-08-06T00:03Z"}},{"type":"Feature","geometry":{"type":"Point","coordinates":[32.088,46.418]},"properties":{"frp":0.4,"hours":31.2,"at":"2026-08-06T00:03Z"}},{"type":"Feature","geometry":{"type":"Point","coordinates":[31.882,46.473]},"properties":{"frp":9.1,"hours":31.2,"at":"2026-08-06T00:03Z"}},{"type":"Feature","geometry":{"type":"Point","coordinates":[24.454,46.475]},"properties":{"frp":0.5,"hours":31.2,"at":"2026-08-06T00:03Z"}},{"type":"Feature","geometry":{"type":"Point","coordinates":[24.455,46.475]},"properties":{"frp":1.0,"hours":31.2,"at":"2026-08-06T00:03Z"}},{"type":"Feature","geometry":{"type":"Point","coordinates":[32.791,46.508]},"properties":{"frp":0.7,"hours":31.2,"at":"2026-08-06T00:03Z"}},{"type":"Feature","geometry":{"type":"Point","coordinates":[32.62,46.537]},"properties":{"frp":0.6,"hours":31.2,"at":"2026-08-06T00:03Z"}},{"type":"Feature","geometry":{"type":"Point","coordinates":[32.615,46.538]},"properties":{"frp":1.0,"hours":31.2,"at":"2026-08-06T00:03Z"}},{"type":"Feature","geometry":{"type":"Point","coordinates":[32.72,46.602]},"properties":{"frp":0.6,"hours":31.2,"at":"2026-08-06T00:03Z"}},{"type":"Feature","geometry":{"type":"Point","coordinates":[32.447,46.611]},"properties":{"frp":0.7,"hours":31.2,"at":"2026-08-06T00:03Z"}},{"type":"Feature","geometry":{"type":"Point","coordinates":[32.681,46.672]},"properties":{"frp":1.5,"hours":31.2,"at":"2026-08-06T00:03Z"}},{"type":"Feature","geometry":{"type":"Point","coordinates":[32.676,46.673]},"properties":{"frp":1.5,"hours":31.2,"at":"2026-08-06T00:03Z"}},{"type":"Feature","geometry":{"type":"Point","coordinates":[32.181,46.698]},"properties":{"frp":0.9,"hours":31.2,"at":"2026-08-06T00:03Z"}},{"type":"Feature","geometry":{"type":"Point","coordinates":[33.678,46.764]},"properties":{"frp":1.4,"hours":31.2,"at":"2026-08-06T00:03Z"}},{"type":"Feature","geometry":{"type":"Point","coordinates":[33.68,46.767]},"properties":{"frp":1.4,"hours":31.2,"at":"2026-08-06T00:03Z"}},{"type":"Feature","geometry":{"type":"Point","coordinates":[33.493,46.815]},"properties":{"frp":4.0,"hours":31.2,"at":"2026-08-06T00:03Z"}},{"type":"Feature","geometry":{"type":"Point","coordinates":[31.816,46.82]},"properties":{"frp":0.6,"hours":31.2,"at":"2026-08-06T00:03Z"}},{"type":"Feature","geometry":{"type":"Point","coordinates":[31.811,46.821]},"properties":{"frp":1.2,"hours":31.2,"at":"2026-08-06T00:03Z"}},{"type":"Feature","geometry":{"type":"Point","coordinates":[33.173,46.961]},"properties":{"frp":0.8,"hours":31.2,"at":"2026-08-06T00:03Z"}},{"type":"Feature","geometry":{"type":"Point","coordinates":[33.161,46.974]},"properties":{"frp":0.7,"hours":31.2,"at":"2026-08-06T00:03Z"}},{"type":"Feature","geometry":{"type":"Point","coordinates":[33.133,46.986]},"properties":{"frp":0.9,"hours":31.2,"at":"2026-08-06T00:03Z"}},{"type":"Feature","geometry":{"type":"Point","coordinates":[33.152,46.993]},"properties":{"frp":2.8,"hours":31.2,"at":"2026-08-06T00:03Z"}},{"type":"Feature","geometry":{"type":"Point","coordinates":[31.227,46.994]},"properties":{"frp":0.4,"hours":31.2,"at":"2026-08-06T00:03Z"}},{"type":"Feature","geometry":{"type":"Point","coordinates":[33.153,46.996]},"properties":{"frp":2.8,"hours":31.2,"at":"2026-08-06T00:03Z"}},{"type":"Feature","geometry":{"type":"Point","coordinates":[33.159,46.999]},"properties":{"frp":2.2,"hours":31.2,"at":"2026-08-06T00:03Z"}},{"type":"Feature","geometry":{"type":"Point","coordinates":[33.154,47.0]},"properties":{"frp":4.9,"hours":31.2,"at":"2026-08-06T00:03Z"}},{"type":"Feature","geometry":{"type":"Point","coordinates":[30.289,47.159]},"properties":{"frp":0.5,"hours":31.2,"at":"2026-08-06T00:03Z"}},{"type":"Feature","geometry":{"type":"Point","coordinates":[31.299,47.268]},"properties":{"frp":0.8,"hours":31.2,"at":"2026-08-06T00:03Z"}},{"type":"Feature","geometry":{"type":"Point","coordinates":[31.294,47.268]},"properties":{"frp":1.3,"hours":31.2,"at":"2026-08-06T00:03Z"}},{"type":"Feature","geometry":{"type":"Point","coordinates":[31.29,47.273]},"properties":{"frp":1.3,"hours":31.2,"at":"2026-08-06T00:03Z"}},{"type":"Feature","geometry":{"type":"Point","coordinates":[32.097,47.366]},"properties":{"frp":0.8,"hours":31.2,"at":"2026-08-06T00:03Z"}},{"type":"Feature","geometry":{"type":"Point","coordinates":[32.092,47.366]},"properties":{"frp":0.4,"hours":31.2,"at":"2026-08-06T00:03Z"}},{"type":"Feature","geometry":{"type":"Point","coordinates":[32.051,47.37]},"properties":{"frp":2.0,"hours":31.2,"at":"2026-08-06T00:03Z"}},{"type":"Feature","geometry":{"type":"Point","coordinates":[32.045,47.371]},"properties":{"frp":2.0,"hours":31.2,"at":"2026-08-06T00:03Z"}},{"type":"Feature","geometry":{"type":"Point","coordinates":[32.052,47.373]},"properties":{"frp":2.1,"hours":31.2,"at":"2026-08-06T00:03Z"}},{"type":"Feature","geometry":{"type":"Point","coordinates":[32.047,47.374]},"properties":{"frp":2.1,"hours":31.2,"at":"2026-08-06T00:03Z"}},{"type":"Feature","geometry":{"type":"Point","coordinates":[32.058,47.375]},"properties":{"frp":1.8,"hours":31.2,"at":"2026-08-06T00:03Z"}},{"type":"Feature","geometry":{"type":"Point","coordinates":[32.053,47.376]},"properties":{"frp":2.1,"hours":31.2,"at":"2026-08-06T00:03Z"}},{"type":"Feature","geometry":{"type":"Point","coordinates":[18.746,47.507]},"properties":{"frp":0.5,"hours":31.2,"at":"2026-08-06T00:03Z"}},{"type":"Feature","geometry":{"type":"Point","coordinates":[29.898,47.527]},"properties":{"frp":0.5,"hours":31.2,"at":"2026-08-06T00:03Z"}},{"type":"Feature","geometry":{"type":"Point","coordinates":[30.645,47.533]},"properties":{"frp":0.6,"hours":31.2,"at":"2026-08-06T00:03Z"}},{"type":"Feature","geometry":{"type":"Point","coordinates":[30.663,47.541]},"properties":{"frp":0.6,"hours":31.2,"at":"2026-08-06T00:03Z"}},{"type":"Feature","geometry":{"type":"Point","coordinates":[30.658,47.541]},"properties":{"frp":0.6,"hours":31.2,"at":"2026-08-06T00:03Z"}},{"type":"Feature","geometry":{"type":"Point","coordinates":[30.174,47.596]},"properties":{"frp":1.3,"hours":31.2,"at":"2026-08-06T00:03Z"}},{"type":"Feature","geometry":{"type":"Point","coordinates":[29.852,47.694]},"properties":{"frp":2.2,"hours":31.2,"at":"2026-08-06T00:03Z"}},{"type":"Feature","geometry":{"type":"Point","coordinates":[29.848,47.698]},"properties":{"frp":1.6,"hours":31.2,"at":"2026-08-06T00:03Z"}},{"type":"Feature","geometry":{"type":"Point","coordinates":[30.211,47.734]},"properties":{"frp":0.8,"hours":31.2,"at":"2026-08-06T00:03Z"}},{"type":"Feature","geometry":{"type":"Point","coordinates":[31.946,47.765]},"properties":{"frp":1.0,"hours":31.2,"at":"2026-08-06T00:03Z"}},{"type":"Feature","geometry":{"type":"Point","coordinates":[31.952,47.767]},"properties":{"frp":0.5,"hours":31.2,"at":"2026-08-06T00:03Z"}},{"type":"Feature","geometry":{"type":"Point","coordinates":[32.633,47.779]},"properties":{"frp":0.4,"hours":31.2,"at":"2026-08-06T00:03Z"}},{"type":"Feature","geometry":{"type":"Point","coordinates":[28.655,47.941]},"properties":{"frp":0.9,"hours":31.2,"at":"2026-08-06T00:03Z"}},{"type":"Feature","geometry":{"type":"Point","coordinates":[28.66,47.942]},"properties":{"frp":1.2,"hours":31.2,"at":"2026-08-06T00:03Z"}},{"type":"Feature","geometry":{"type":"Point","coordinates":[17.188,48.107]},"properties":{"frp":1.1,"hours":31.2,"at":"2026-08-06T00:03Z"}},{"type":"Feature","geometry":{"type":"Point","coordinates":[17.192,48.109]},"properties":{"frp":1.6,"hours":31.2,"at":"2026-08-06T00:03Z"}},{"type":"Feature","geometry":{"type":"Point","coordinates":[30.605,48.285]},"properties":{"frp":0.9,"hours":31.2,"at":"2026-08-06T00:03Z"}},{"type":"Feature","geometry":{"type":"Point","coordinates":[30.536,48.37]},"properties":{"frp":0.8,"hours":31.2,"at":"2026-08-06T00:03Z"}},{"type":"Feature","geometry":{"type":"Point","coordinates":[32.593,48.371]},"properties":{"frp":0.5,"hours":31.2,"at":"2026-08-06T00:03Z"}},{"type":"Feature","geometry":{"type":"Point","coordinates":[29.443,48.517]},"properties":{"frp":0.7,"hours":31.2,"at":"2026-08-06T00:03Z"}},{"type":"Feature","geometry":{"type":"Point","coordinates":[29.438,48.518]},"properties":{"frp":1.1,"hours":31.2,"at":"2026-08-06T00:03Z"}},{"type":"Feature","geometry":{"type":"Point","coordinates":[29.45,48.52]},"properties":{"frp":0.7,"hours":31.2,"at":"2026-08-06T00:03Z"}},{"type":"Feature","geometry":{"type":"Point","coordinates":[29.444,48.521]},"properties":{"frp":0.7,"hours":31.2,"at":"2026-08-06T00:03Z"}},{"type":"Feature","geometry":{"type":"Point","coordinates":[23.576,48.933]},"properties":{"frp":1.6,"hours":31.2,"at":"2026-08-06T00:03Z"}},{"type":"Feature","geometry":{"type":"Point","coordinates":[21.83,49.642]},"properties":{"frp":1.8,"hours":31.2,"at":"2026-08-06T00:03Z"}},{"type":"Feature","geometry":{"type":"Point","coordinates":[21.823,49.642]},"properties":{"frp":1.8,"hours":31.2,"at":"2026-08-06T00:03Z"}},{"type":"Feature","geometry":{"type":"Point","coordinates":[29.849,49.927]},"properties":{"frp":0.5,"hours":31.2,"at":"2026-08-06T00:03Z"}},{"type":"Feature","geometry":{"type":"Point","coordinates":[29.85,49.931]},"properties":{"frp":0.5,"hours":31.2,"at":"2026-08-06T00:03Z"}},{"type":"Feature","geometry":{"type":"Point","coordinates":[24.011,50.207]},"properties":{"frp":2.2,"hours":31.2,"at":"2026-08-06T00:03Z"}},{"type":"Feature","geometry":{"type":"Point","coordinates":[30.313,50.433]},"properties":{"frp":0.3,"hours":31.2,"at":"2026-08-06T00:03Z"}},{"type":"Feature","geometry":{"type":"Point","coordinates":[30.314,50.437]},"properties":{"frp":1.7,"hours":31.2,"at":"2026-08-06T00:03Z"}},{"type":"Feature","geometry":{"type":"Point","coordinates":[30.309,50.437]},"properties":{"frp":1.5,"hours":31.2,"at":"2026-08-06T00:03Z"}},{"type":"Feature","geometry":{"type":"Point","coordinates":[30.842,50.529]},"properties":{"frp":1.4,"hours":31.2,"at":"2026-08-06T00:03Z"}},{"type":"Feature","geometry":{"type":"Point","coordinates":[30.851,50.556]},"properties":{"frp":0.8,"hours":31.2,"at":"2026-08-06T00:03Z"}},{"type":"Feature","geometry":{"type":"Point","coordinates":[30.852,50.559]},"properties":{"frp":2.6,"hours":31.2,"at":"2026-08-06T00:03Z"}},{"type":"Feature","geometry":{"type":"Point","coordinates":[24.622,51.069]},"properties":{"frp":0.5,"hours":31.2,"at":"2026-08-06T00:03Z"}},{"type":"Feature","geometry":{"type":"Point","coordinates":[30.284,51.345]},"properties":{"frp":0.7,"hours":31.2,"at":"2026-08-06T00:03Z"}},{"type":"Feature","geometry":{"type":"Point","coordinates":[30.285,51.348]},"properties":{"frp":0.7,"hours":31.2,"at":"2026-08-06T00:03Z"}},{"type":"Feature","geometry":{"type":"Point","coordinates":[33.298,52.327]},"properties":{"frp":0.4,"hours":31.2,"at":"2026-08-06T00:03Z"}},{"type":"Feature","geometry":{"type":"Point","coordinates":[33.132,52.367]},"properties":{"frp":5.2,"hours":31.2,"at":"2026-08-06T00:03Z"}},{"type":"Feature","geometry":{"type":"Point","coordinates":[27.197,52.721]},"properties":{"frp":2.8,"hours":31.2,"at":"2026-08-06T00:03Z"}},{"type":"Feature","geometry":{"type":"Point","coordinates":[27.263,38.455]},"properties":{"frp":2.2,"hours":31.2,"at":"2026-08-06T00:05Z"}},{"type":"Feature","geometry":{"type":"Point","coordinates":[32.804,38.722]},"properties":{"frp":1.7,"hours":31.2,"at":"2026-08-06T00:05Z"}},{"type":"Feature","geometry":{"type":"Point","coordinates":[32.799,38.724]},"properties":{"frp":0.7,"hours":31.2,"at":"2026-08-06T00:05Z"}},{"type":"Feature","geometry":{"type":"Point","coordinates":[32.8,38.727]},"properties":{"frp":0.7,"hours":31.2,"at":"2026-08-06T00:05Z"}},{"type":"Feature","geometry":{"type":"Point","coordinates":[31.781,38.782]},"properties":{"frp":0.7,"hours":31.2,"at":"2026-08-06T00:05Z"}},{"type":"Feature","geometry":{"type":"Point","coordinates":[31.783,38.782]},"properties":{"frp":0.7,"hours":31.2,"at":"2026-08-06T00:05Z"}},{"type":"Feature","geometry":{"type":"Point","coordinates":[32.38,38.958]},"properties":{"frp":1.0,"hours":31.2,"at":"2026-08-06T00:05Z"}},{"type":"Feature","geometry":{"type":"Point","coordinates":[32.382,38.962]},"properties":{"frp":0.9,"hours":31.2,"at":"2026-08-06T00:05Z"}},{"type":"Feature","geometry":{"type":"Point","coordinates":[32.383,38.965]},"properties":{"frp":0.9,"hours":31.2,"at":"2026-08-06T00:05Z"}},{"type":"Feature","geometry":{"type":"Point","coordinates":[32.389,38.968]},"properties":{"frp":3.5,"hours":31.2,"at":"2026-08-06T00:05Z"}},{"type":"Feature","geometry":{"type":"Point","coordinates":[32.384,38.969]},"properties":{"frp":3.5,"hours":31.2,"at":"2026-08-06T00:05Z"}},{"type":"Feature","geometry":{"type":"Point","coordinates":[32.402,38.973]},"properties":{"frp":1.3,"hours":31.2,"at":"2026-08-06T00:05Z"}},{"type":"Feature","geometry":{"type":"Point","coordinates":[31.99,39.327]},"properties":{"frp":27.6,"hours":31.2,"at":"2026-08-06T00:05Z"}},{"type":"Feature","geometry":{"type":"Point","coordinates":[31.952,39.787]},"properties":{"frp":1.2,"hours":31.2,"at":"2026-08-06T00:05Z"}},{"type":"Feature","geometry":{"type":"Point","coordinates":[18.356,39.983]},"properties":{"frp":0.8,"hours":31.2,"at":"2026-08-06T00:05Z"}},{"type":"Feature","geometry":{"type":"Point","coordinates":[27.004,40.017]},"properties":{"frp":0.8,"hours":31.2,"at":"2026-08-06T00:05Z"}},{"type":"Feature","geometry":{"type":"Point","coordinates":[18.149,40.052]},"properties":{"frp":1.6,"hours":31.2,"at":"2026-08-06T00:05Z"}},{"type":"Feature","geometry":{"type":"Point","coordinates":[29.224,40.186]},"properties":{"frp":0.9,"hours":31.2,"at":"2026-08-06T00:05Z"}},{"type":"Feature","geometry":{"type":"Point","coordinates":[33.925,40.318]},"properties":{"frp":1.0,"hours":31.2,"at":"2026-08-06T00:05Z"}},{"type":"Feature","geometry":{"type":"Point","coordinates":[29.272,40.425]},"properties":{"frp":1.2,"hours":31.2,"at":"2026-08-06T00:05Z"}},{"type":"Feature","geometry":{"type":"Point","coordinates":[16.995,40.58]},"properties":{"frp":0.6,"hours":31.2,"at":"2026-08-06T00:05Z"}},{"type":"Feature","geometry":{"type":"Point","coordinates":[19.788,40.633]},"properties":{"frp":5.4,"hours":31.2,"at":"2026-08-06T00:05Z"}},{"type":"Feature","geometry":{"type":"Point","coordinates":[16.226,40.872]},"properties":{"frp":1.6,"hours":31.2,"at":"2026-08-06T00:05Z"}},{"type":"Feature","geometry":{"type":"Point","coordinates":[15.701,40.907]},"properties":{"frp":0.9,"hours":31.2,"at":"2026-08-06T00:05Z"}},{"type":"Feature","geometry":{"type":"Point","coordinates":[16.208,40.927]},"properties":{"frp":0.7,"hours":31.2,"at":"2026-08-06T00:05Z"}},{"type":"Feature","geometry":{"type":"Point","coordinates":[16.208,40.929]},"properties":{"frp":1.2,"hours":31.2,"at":"2026-08-06T00:05Z"}},{"type":"Feature","geometry":{"type":"Point","coordinates":[16.994,40.961]},"properties":{"frp":0.5,"hours":31.2,"at":"2026-08-06T00:05Z"}},{"type":"Feature","geometry":{"type":"Point","coordinates":[20.383,41.07]},"properties":{"frp":1.3,"hours":31.2,"at":"2026-08-06T00:05Z"}},{"type":"Feature","geometry":{"type":"Point","coordinates":[30.648,41.113]},"properties":{"frp":0.6,"hours":31.2,"at":"2026-08-06T00:05Z"}},{"type":"Feature","geometry":{"type":"Point","coordinates":[15.141,41.577]},"properties":{"frp":0.9,"hours":31.2,"at":"2026-08-06T00:05Z"}},{"type":"Feature","geometry":{"type":"Point","coordinates":[15.141,41.58]},"properties":{"frp":0.9,"hours":31.2,"at":"2026-08-06T00:05Z"}},{"type":"Feature","geometry":{"type":"Point","coordinates":[27.506,41.635]},"properties":{"frp":1.2,"hours":31.2,"at":"2026-08-06T00:05Z"}},{"type":"Feature","geometry":{"type":"Point","coordinates":[19.184,42.06]},"properties":{"frp":0.6,"hours":31.2,"at":"2026-08-06T00:05Z"}},{"type":"Feature","geometry":{"type":"Point","coordinates":[18.982,42.546]},"properties":{"frp":2.8,"hours":31.2,"at":"2026-08-06T00:05Z"}},{"type":"Feature","geometry":{"type":"Point","coordinates":[18.976,42.546]},"properties":{"frp":2.8,"hours":31.2,"at":"2026-08-06T00:05Z"}},{"type":"Feature","geometry":{"type":"Point","coordinates":[18.969,42.547]},"properties":{"frp":2.3,"hours":31.2,"at":"2026-08-06T00:05Z"}},{"type":"Feature","geometry":{"type":"Point","coordinates":[18.982,42.548]},"properties":{"frp":2.0,"hours":31.2,"at":"2026-08-06T00:05Z"}},{"type":"Feature","geometry":{"type":"Point","coordinates":[18.976,42.548]},"properties":{"frp":2.0,"hours":31.2,"at":"2026-08-06T00:05Z"}},{"type":"Feature","geometry":{"type":"Point","coordinates":[18.969,42.548]},"properties":{"frp":2.0,"hours":31.2,"at":"2026-08-06T00:05Z"}},{"type":"Feature","geometry":{"type":"Point","coordinates":[20.618,43.484]},"properties":{"frp":0.3,"hours":31.2,"at":"2026-08-06T00:05Z"}},{"type":"Feature","geometry":{"type":"Point","coordinates":[24.423,43.522]},"properties":{"frp":0.9,"hours":31.2,"at":"2026-08-06T00:05Z"}},{"type":"Feature","geometry":{"type":"Point","coordinates":[20.595,43.579]},"properties":{"frp":0.7,"hours":31.2,"at":"2026-08-06T00:05Z"}},{"type":"Feature","geometry":{"type":"Point","coordinates":[20.598,43.583]},"properties":{"frp":1.5,"hours":31.2,"at":"2026-08-06T00:05Z"}},{"type":"Feature","geometry":{"type":"Point","coordinates":[23.403,43.891]},"properties":{"frp":1.9,"hours":31.2,"at":"2026-08-06T00:05Z"}},{"type":"Feature","geometry":{"type":"Point","coordinates":[23.411,43.894]},"properties":{"frp":5.4,"hours":31.2,"at":"2026-08-06T00:05Z"}},{"type":"Feature","geometry":{"type":"Point","coordinates":[23.404,43.895]},"properties":{"frp":2.9,"hours":31.2,"at":"2026-08-06T00:05Z"}},{"type":"Feature","geometry":{"type":"Point","coordinates":[23.41,43.896]},"properties":{"frp":2.0,"hours":31.2,"at":"2026-08-06T00:05Z"}},{"type":"Feature","geometry":{"type":"Point","coordinates":[23.405,43.899]},"properties":{"frp":2.9,"hours":31.2,"at":"2026-08-06T00:05Z"}},{"type":"Feature","geometry":{"type":"Point","coordinates":[23.411,43.9]},"properties":{"frp":2.0,"hours":31.2,"at":"2026-08-06T00:05Z"}},{"type":"Feature","geometry":{"type":"Point","coordinates":[23.404,43.901]},"properties":{"frp":2.0,"hours":31.2,"at":"2026-08-06T00:05Z"}},{"type":"Feature","geometry":{"type":"Point","coordinates":[24.466,43.917]},"properties":{"frp":0.6,"hours":31.2,"at":"2026-08-06T00:05Z"}},{"type":"Feature","geometry":{"type":"Point","coordinates":[21.16,44.849]},"properties":{"frp":6.3,"hours":31.2,"at":"2026-08-06T00:05Z"}},{"type":"Feature","geometry":{"type":"Point","coordinates":[21.154,44.849]},"properties":{"frp":4.8,"hours":31.2,"at":"2026-08-06T00:05Z"}},{"type":"Feature","geometry":{"type":"Point","coordinates":[21.16,44.852]},"properties":{"frp":7.0,"hours":31.2,"at":"2026-08-06T00:05Z"}},{"type":"Feature","geometry":{"type":"Point","coordinates":[21.154,44.852]},"properties":{"frp":7.0,"hours":31.2,"at":"2026-08-06T00:05Z"}},{"type":"Feature","geometry":{"type":"Point","coordinates":[21.154,44.854]},"properties":{"frp":4.8,"hours":31.2,"at":"2026-08-06T00:05Z"}},{"type":"Feature","geometry":{"type":"Point","coordinates":[21.149,44.863]},"properties":{"frp":3.2,"hours":31.2,"at":"2026-08-06T00:05Z"}},{"type":"Feature","geometry":{"type":"Point","coordinates":[21.137,44.864]},"properties":{"frp":4.2,"hours":31.2,"at":"2026-08-06T00:05Z"}},{"type":"Feature","geometry":{"type":"Point","coordinates":[21.137,44.869]},"properties":{"frp":1.8,"hours":31.2,"at":"2026-08-06T00:05Z"}},{"type":"Feature","geometry":{"type":"Point","coordinates":[21.131,44.869]},"properties":{"frp":2.9,"hours":31.2,"at":"2026-08-06T00:05Z"}},{"type":"Feature","geometry":{"type":"Point","coordinates":[21.125,44.87]},"properties":{"frp":2.9,"hours":31.2,"at":"2026-08-06T00:05Z"}},{"type":"Feature","geometry":{"type":"Point","coordinates":[21.127,44.883]},"properties":{"frp":2.4,"hours":31.2,"at":"2026-08-06T00:05Z"}},{"type":"Feature","geometry":{"type":"Point","coordinates":[21.121,44.884]},"properties":{"frp":2.2,"hours":31.2,"at":"2026-08-06T00:05Z"}},{"type":"Feature","geometry":{"type":"Point","coordinates":[19.688,44.938]},"properties":{"frp":18.4,"hours":31.2,"at":"2026-08-06T00:05Z"}},{"type":"Feature","geometry":{"type":"Point","coordinates":[19.68,44.939]},"properties":{"frp":18.4,"hours":31.2,"at":"2026-08-06T00:05Z"}},{"type":"Feature","geometry":{"type":"Point","coordinates":[19.687,44.941]},"properties":{"frp":56.2,"hours":31.2,"at":"2026-08-06T00:05Z"}},{"type":"Feature","geometry":{"type":"Point","coordinates":[19.679,44.942]},"properties":{"frp":15.9,"hours":31.2,"at":"2026-08-06T00:05Z"}},{"type":"Feature","geometry":{"type":"Point","coordinates":[19.688,44.943]},"properties":{"frp":18.4,"hours":31.2,"at":"2026-08-06T00:05Z"}},{"type":"Feature","geometry":{"type":"Point","coordinates":[19.681,44.944]},"properties":{"frp":18.4,"hours":31.2,"at":"2026-08-06T00:05Z"}},{"type":"Feature","geometry":{"type":"Point","coordinates":[22.12,45.316]},"properties":{"frp":1.5,"hours":31.2,"at":"2026-08-06T00:05Z"}},{"type":"Feature","geometry":{"type":"Point","coordinates":[29.111,45.407]},"properties":{"frp":2.5,"hours":31.2,"at":"2026-08-06T00:05Z"}},{"type":"Feature","geometry":{"type":"Point","coordinates":[18.191,45.787]},"properties":{"frp":1.9,"hours":31.2,"at":"2026-08-06T00:05Z"}},{"type":"Feature","geometry":{"type":"Point","coordinates":[18.186,45.787]},"properties":{"frp":2.3,"hours":31.2,"at":"2026-08-06T00:05Z"}},{"type":"Feature","geometry":{"type":"Point","coordinates":[21.106,45.96]},"properties":{"frp":0.7,"hours":31.2,"at":"2026-08-06T00:05Z"}},{"type":"Feature","geometry":{"type":"Point","coordinates":[21.106,45.965]},"properties":{"frp":0.7,"hours":31.2,"at":"2026-08-06T00:05Z"}},{"type":"Feature","geometry":{"type":"Point","coordinates":[13.484,37.414]},"properties":{"frp":1.9,"hours":31.2,"at":"2026-08-06T00:07Z"}},{"type":"Feature","geometry":{"type":"Point","coordinates":[13.478,37.414]},"properties":{"frp":1.4,"hours":31.2,"at":"2026-08-06T00:07Z"}},{"type":"Feature","geometry":{"type":"Point","coordinates":[13.48,37.42]},"properties":{"frp":1.4,"hours":31.2,"at":"2026-08-06T00:07Z"}},{"type":"Feature","geometry":{"type":"Point","coordinates":[23.722,38.072]},"properties":{"frp":3.1,"hours":31.2,"at":"2026-08-06T00:07Z"}},{"type":"Feature","geometry":{"type":"Point","coordinates":[16.271,38.646]},"properties":{"frp":1.2,"hours":31.2,"at":"2026-08-06T00:07Z"}},{"type":"Feature","geometry":{"type":"Point","coordinates":[16.67,38.9]},"properties":{"frp":2.4,"hours":31.2,"at":"2026-08-06T00:07Z"}},{"type":"Feature","geometry":{"type":"Point","coordinates":[16.666,38.9]},"properties":{"frp":2.4,"hours":31.2,"at":"2026-08-06T00:07Z"}},{"type":"Feature","geometry":{"type":"Point","coordinates":[16.669,38.903]},"properties":{"frp":4.5,"hours":31.2,"at":"2026-08-06T00:07Z"}},{"type":"Feature","geometry":{"type":"Point","coordinates":[30.037,52.877]},"properties":{"frp":1.9,"hours":29.6,"at":"2026-08-06T01:39Z"}},{"type":"Feature","geometry":{"type":"Point","coordinates":[13.825,58.385]},"properties":{"frp":0.5,"hours":29.6,"at":"2026-08-06T01:39Z"}},{"type":"Feature","geometry":{"type":"Point","coordinates":[18.615,60.064]},"properties":{"frp":0.6,"hours":29.6,"at":"2026-08-06T01:39Z"}},{"type":"Feature","geometry":{"type":"Point","coordinates":[-2.547,60.692]},"properties":{"frp":2.5,"hours":29.6,"at":"2026-08-06T01:39Z"}},{"type":"Feature","geometry":{"type":"Point","coordinates":[20.22,48.649]},"properties":{"frp":0.7,"hours":29.6,"at":"2026-08-06T01:41Z"}},{"type":"Feature","geometry":{"type":"Point","coordinates":[25.004,48.676]},"properties":{"frp":0.3,"hours":29.6,"at":"2026-08-06T01:41Z"}},{"type":"Feature","geometry":{"type":"Point","coordinates":[25.005,48.676]},"properties":{"frp":0.5,"hours":29.6,"at":"2026-08-06T01:41Z"}},{"type":"Feature","geometry":{"type":"Point","coordinates":[11.435,50.655]},"properties":{"frp":0.6,"hours":29.6,"at":"2026-08-06T01:41Z"}},{"type":"Feature","geometry":{"type":"Point","coordinates":[11.436,50.656]},"properties":{"frp":0.5,"hours":29.6,"at":"2026-08-06T01:41Z"}},{"type":"Feature","geometry":{"type":"Point","coordinates":[23.554,51.141]},"properties":{"frp":0.8,"hours":29.6,"at":"2026-08-06T01:41Z"}},{"type":"Feature","geometry":{"type":"Point","coordinates":[4.365,51.884]},"properties":{"frp":0.8,"hours":29.6,"at":"2026-08-06T01:41Z"}},{"type":"Feature","geometry":{"type":"Point","coordinates":[4.366,51.887]},"properties":{"frp":0.8,"hours":29.6,"at":"2026-08-06T01:41Z"}},{"type":"Feature","geometry":{"type":"Point","coordinates":[10.513,52.281]},"properties":{"frp":0.9,"hours":29.6,"at":"2026-08-06T01:41Z"}},{"type":"Feature","geometry":{"type":"Point","coordinates":[-2.26,52.616]},"properties":{"frp":2.7,"hours":29.6,"at":"2026-08-06T01:41Z"}},{"type":"Feature","geometry":{"type":"Point","coordinates":[7.92,52.696]},"properties":{"frp":1.4,"hours":29.6,"at":"2026-08-06T01:41Z"}},{"type":"Feature","geometry":{"type":"Point","coordinates":[-2.023,52.763]},"properties":{"frp":1.5,"hours":29.6,"at":"2026-08-06T01:41Z"}},{"type":"Feature","geometry":{"type":"Point","coordinates":[-2.031,52.764]},"properties":{"frp":1.5,"hours":29.6,"at":"2026-08-06T01:41Z"}},{"type":"Feature","geometry":{"type":"Point","coordinates":[-2.023,52.768]},"properties":{"frp":1.5,"hours":29.6,"at":"2026-08-06T01:41Z"}},{"type":"Feature","geometry":{"type":"Point","coordinates":[-1.467,53.779]},"properties":{"frp":4.1,"hours":29.6,"at":"2026-08-06T01:41Z"}},{"type":"Feature","geometry":{"type":"Point","coordinates":[10.042,56.375]},"properties":{"frp":0.3,"hours":29.6,"at":"2026-08-06T01:41Z"}},{"type":"Feature","geometry":{"type":"Point","coordinates":[14.814,41.857]},"properties":{"frp":0.8,"hours":29.6,"at":"2026-08-06T01:43Z"}},{"type":"Feature","geometry":{"type":"Point","coordinates":[20.453,42.065]},"properties":{"frp":0.5,"hours":29.6,"at":"2026-08-06T01:43Z"}},{"type":"Feature","geometry":{"type":"Point","coordinates":[13.36,42.311]},"properties":{"frp":1.0,"hours":29.6,"at":"2026-08-06T01:43Z"}},{"type":"Feature","geometry":{"type":"Point","coordinates":[18.967,42.544]},"properties":{"frp":2.2,"hours":29.6,"at":"2026-08-06T01:43Z"}},{"type":"Feature","geometry":{"type":"Point","coordinates":[18.964,42.545]},"properties":{"frp":1.6,"hours":29.6,"at":"2026-08-06T01:43Z"}},{"type":"Feature","geometry":{"type":"Point","coordinates":[18.977,42.547]},"properties":{"frp":1.9,"hours":29.6,"at":"2026-08-06T01:43Z"}},{"type":"Feature","geometry":{"type":"Point","coordinates":[18.974,42.549]},"properties":{"frp":2.4,"hours":29.6,"at":"2026-08-06T01:43Z"}},{"type":"Feature","geometry":{"type":"Point","coordinates":[20.626,43.472]},"properties":{"frp":0.8,"hours":29.6,"at":"2026-08-06T01:43Z"}},{"type":"Feature","geometry":{"type":"Point","coordinates":[20.628,43.478]},"properties":{"frp":1.1,"hours":29.6,"at":"2026-08-06T01:43Z"}},{"type":"Feature","geometry":{"type":"Point","coordinates":[20.599,43.582]},"properties":{"frp":1.3,"hours":29.6,"at":"2026-08-06T01:43Z"}},{"type":"Feature","geometry":{"type":"Point","coordinates":[20.594,43.584]},"properties":{"frp":1.3,"hours":29.6,"at":"2026-08-06T01:43Z"}},{"type":"Feature","geometry":{"type":"Point","coordinates":[20.598,43.589]},"properties":{"frp":1.4,"hours":29.6,"at":"2026-08-06T01:43Z"}},{"type":"Feature","geometry":{"type":"Point","coordinates":[17.985,43.681]},"properties":{"frp":1.3,"hours":29.6,"at":"2026-08-06T01:43Z"}},{"type":"Feature","geometry":{"type":"Point","coordinates":[23.407,43.895]},"properties":{"frp":2.2,"hours":29.6,"at":"2026-08-06T01:43Z"}},{"type":"Feature","geometry":{"type":"Point","coordinates":[23.409,43.898]},"properties":{"frp":1.6,"hours":29.6,"at":"2026-08-06T01:43Z"}},{"type":"Feature","geometry":{"type":"Point","coordinates":[23.455,44.071]},"properties":{"frp":5.4,"hours":29.6,"at":"2026-08-06T01:43Z"}},{"type":"Feature","geometry":{"type":"Point","coordinates":[11.122,44.166]},"properties":{"frp":1.1,"hours":29.6,"at":"2026-08-06T01:43Z"}},{"type":"Feature","geometry":{"type":"Point","coordinates":[24.554,44.209]},"properties":{"frp":3.5,"hours":29.6,"at":"2026-08-06T01:43Z"}},{"type":"Feature","geometry":{"type":"Point","coordinates":[24.546,44.212]},"properties":{"frp":4.3,"hours":29.6,"at":"2026-08-06T01:43Z"}},{"type":"Feature","geometry":{"type":"Point","coordinates":[24.545,44.212]},"properties":{"frp":3.5,"hours":29.6,"at":"2026-08-06T01:43Z"}},{"type":"Feature","geometry":{"type":"Point","coordinates":[18.616,44.24]},"properties":{"frp":2.1,"hours":29.6,"at":"2026-08-06T01:43Z"}},{"type":"Feature","geometry":{"type":"Point","coordinates":[21.156,44.851]},"properties":{"frp":3.3,"hours":29.6,"at":"2026-08-06T01:43Z"}},{"type":"Feature","geometry":{"type":"Point","coordinates":[21.159,44.853]},"properties":{"frp":2.5,"hours":29.6,"at":"2026-08-06T01:43Z"}},{"type":"Feature","geometry":{"type":"Point","coordinates":[19.682,44.938]},"properties":{"frp":9.0,"hours":29.6,"at":"2026-08-06T01:43Z"}},{"type":"Feature","geometry":{"type":"Point","coordinates":[19.69,44.941]},"properties":{"frp":9.0,"hours":29.6,"at":"2026-08-06T01:43Z"}},{"type":"Feature","geometry":{"type":"Point","coordinates":[19.685,44.943]},"properties":{"frp":9.0,"hours":29.6,"at":"2026-08-06T01:43Z"}},{"type":"Feature","geometry":{"type":"Point","coordinates":[18.187,45.787]},"properties":{"frp":3.6,"hours":29.6,"at":"2026-08-06T01:43Z"}},{"type":"Feature","geometry":{"type":"Point","coordinates":[16.092,45.8]},"properties":{"frp":0.6,"hours":29.6,"at":"2026-08-06T01:43Z"}},{"type":"Feature","geometry":{"type":"Point","coordinates":[9.338,45.868]},"properties":{"frp":2.1,"hours":29.6,"at":"2026-08-06T01:43Z"}},{"type":"Feature","geometry":{"type":"Point","coordinates":[9.34,45.872]},"properties":{"frp":2.1,"hours":29.6,"at":"2026-08-06T01:43Z"}},{"type":"Feature","geometry":{"type":"Point","coordinates":[9.334,45.873]},"properties":{"frp":4.7,"hours":29.6,"at":"2026-08-06T01:43Z"}},{"type":"Feature","geometry":{"type":"Point","coordinates":[9.348,45.874]},"properties":{"frp":2.3,"hours":29.6,"at":"2026-08-06T01:43Z"}},{"type":"Feature","geometry":{"type":"Point","coordinates":[9.337,45.876]},"properties":{"frp":1.5,"hours":29.6,"at":"2026-08-06T01:43Z"}},{"type":"Feature","geometry":{"type":"Point","coordinates":[9.35,45.877]},"properties":{"frp":2.3,"hours":29.6,"at":"2026-08-06T01:43Z"}},{"type":"Feature","geometry":{"type":"Point","coordinates":[9.345,45.878]},"properties":{"frp":2.3,"hours":29.6,"at":"2026-08-06T01:43Z"}},{"type":"Feature","geometry":{"type":"Point","coordinates":[9.339,45.879]},"properties":{"frp":1.5,"hours":29.6,"at":"2026-08-06T01:43Z"}},{"type":"Feature","geometry":{"type":"Point","coordinates":[6.094,45.908]},"properties":{"frp":0.4,"hours":29.6,"at":"2026-08-06T01:43Z"}},{"type":"Feature","geometry":{"type":"Point","coordinates":[9.468,46.061]},"properties":{"frp":1.3,"hours":29.6,"at":"2026-08-06T01:43Z"}},{"type":"Feature","geometry":{"type":"Point","coordinates":[9.377,46.269]},"properties":{"frp":0.6,"hours":29.6,"at":"2026-08-06T01:43Z"}},{"type":"Feature","geometry":{"type":"Point","coordinates":[7.238,47.63]},"properties":{"frp":1.0,"hours":29.6,"at":"2026-08-06T01:43Z"}},{"type":"Feature","geometry":{"type":"Point","coordinates":[4.197,47.983]},"properties":{"frp":6.2,"hours":29.6,"at":"2026-08-06T01:43Z"}},{"type":"Feature","geometry":{"type":"Point","coordinates":[4.192,47.983]},"properties":{"frp":6.2,"hours":29.6,"at":"2026-08-06T01:43Z"}},{"type":"Feature","geometry":{"type":"Point","coordinates":[17.197,48.107]},"properties":{"frp":0.6,"hours":29.6,"at":"2026-08-06T01:43Z"}},{"type":"Feature","geometry":{"type":"Point","coordinates":[8.779,48.225]},"properties":{"frp":0.9,"hours":29.6,"at":"2026-08-06T01:43Z"}},{"type":"Feature","geometry":{"type":"Point","coordinates":[5.681,48.716]},"properties":{"frp":0.8,"hours":29.6,"at":"2026-08-06T01:43Z"}},{"type":"Feature","geometry":{"type":"Point","coordinates":[4.378,48.826]},"properties":{"frp":35.2,"hours":29.6,"at":"2026-08-06T01:43Z"}},{"type":"Feature","geometry":{"type":"Point","coordinates":[4.372,48.827]},"properties":{"frp":6.8,"hours":29.6,"at":"2026-08-06T01:43Z"}},{"type":"Feature","geometry":{"type":"Point","coordinates":[6.781,49.277]},"properties":{"frp":1.6,"hours":29.6,"at":"2026-08-06T01:43Z"}},{"type":"Feature","geometry":{"type":"Point","coordinates":[1.124,49.364]},"properties":{"frp":1.1,"hours":29.6,"at":"2026-08-06T01:43Z"}},{"type":"Feature","geometry":{"type":"Point","coordinates":[1.117,49.364]},"properties":{"frp":1.1,"hours":29.6,"at":"2026-08-06T01:43Z"}},{"type":"Feature","geometry":{"type":"Point","coordinates":[1.117,49.365]},"properties":{"frp":2.8,"hours":29.6,"at":"2026-08-06T01:43Z"}},{"type":"Feature","geometry":{"type":"Point","coordinates":[9.005,50.82]},"properties":{"frp":1.6,"hours":29.6,"at":"2026-08-06T01:43Z"}},{"type":"Feature","geometry":{"type":"Point","coordinates":[0.638,51.215]},"properties":{"frp":0.8,"hours":29.6,"at":"2026-08-06T01:43Z"}},{"type":"Feature","geometry":{"type":"Point","coordinates":[-0.458,51.288]},"properties":{"frp":0.8,"hours":29.6,"at":"2026-08-06T01:43Z"}},{"type":"Feature","geometry":{"type":"Point","coordinates":[-3.435,51.667]},"properties":{"frp":1.4,"hours":29.6,"at":"2026-08-06T01:43Z"}},{"type":"Feature","geometry":{"type":"Point","coordinates":[-0.668,51.668]},"properties":{"frp":0.9,"hours":29.6,"at":"2026-08-06T01:43Z"}},{"type":"Feature","geometry":{"type":"Point","coordinates":[-3.439,51.669]},"properties":{"frp":2.2,"hours":29.6,"at":"2026-08-06T01:43Z"}},{"type":"Feature","geometry":{"type":"Point","coordinates":[-0.667,51.67]},"properties":{"frp":0.7,"hours":29.6,"at":"2026-08-06T01:43Z"}},{"type":"Feature","geometry":{"type":"Point","coordinates":[-3.443,51.672]},"properties":{"frp":1.1,"hours":29.6,"at":"2026-08-06T01:43Z"}},{"type":"Feature","geometry":{"type":"Point","coordinates":[0.731,51.787]},"properties":{"frp":0.3,"hours":29.6,"at":"2026-08-06T01:43Z"}},{"type":"Feature","geometry":{"type":"Point","coordinates":[7.849,36.056]},"properties":{"frp":5.2,"hours":29.5,"at":"2026-08-06T01:45Z"}},{"type":"Feature","geometry":{"type":"Point","coordinates":[7.803,36.291]},"properties":{"frp":1.1,"hours":29.5,"at":"2026-08-06T01:45Z"}},{"type":"Feature","geometry":{"type":"Point","coordinates":[8.995,36.437]},"properties":{"frp":2.6,"hours":29.5,"at":"2026-08-06T01:45Z"}},{"type":"Feature","geometry":{"type":"Point","coordinates":[8.99,36.438]},"properties":{"frp":7.1,"hours":29.5,"at":"2026-08-06T01:45Z"}},{"type":"Feature","geometry":{"type":"Point","coordinates":[8.996,36.441]},"properties":{"frp":2.6,"hours":29.5,"at":"2026-08-06T01:45Z"}},{"type":"Feature","geometry":{"type":"Point","coordinates":[8.992,36.442]},"properties":{"frp":7.1,"hours":29.5,"at":"2026-08-06T01:45Z"}},{"type":"Feature","geometry":{"type":"Point","coordinates":[8.987,36.443]},"properties":{"frp":7.1,"hours":29.5,"at":"2026-08-06T01:45Z"}},{"type":"Feature","geometry":{"type":"Point","coordinates":[8.989,36.447]},"properties":{"frp":2.3,"hours":29.5,"at":"2026-08-06T01:45Z"}},{"type":"Feature","geometry":{"type":"Point","coordinates":[8.993,36.459]},"properties":{"frp":3.0,"hours":29.5,"at":"2026-08-06T01:45Z"}},{"type":"Feature","geometry":{"type":"Point","coordinates":[8.996,36.461]},"properties":{"frp":3.8,"hours":29.5,"at":"2026-08-06T01:45Z"}},{"type":"Feature","geometry":{"type":"Point","coordinates":[8.979,36.465]},"properties":{"frp":2.1,"hours":29.5,"at":"2026-08-06T01:45Z"}},{"type":"Feature","geometry":{"type":"Point","coordinates":[8.998,36.465]},"properties":{"frp":3.8,"hours":29.5,"at":"2026-08-06T01:45Z"}},{"type":"Feature","geometry":{"type":"Point","coordinates":[8.994,36.466]},"properties":{"frp":3.8,"hours":29.5,"at":"2026-08-06T01:45Z"}},{"type":"Feature","geometry":{"type":"Point","coordinates":[2.751,36.472]},"properties":{"frp":1.7,"hours":29.5,"at":"2026-08-06T01:45Z"}},{"type":"Feature","geometry":{"type":"Point","coordinates":[2.869,36.5]},"properties":{"frp":1.5,"hours":29.5,"at":"2026-08-06T01:45Z"}},{"type":"Feature","geometry":{"type":"Point","coordinates":[5.324,36.534]},"properties":{"frp":0.3,"hours":29.5,"at":"2026-08-06T01:45Z"}},{"type":"Feature","geometry":{"type":"Point","coordinates":[13.48,37.412]},"properties":{"frp":1.1,"hours":29.5,"at":"2026-08-06T01:45Z"}},{"type":"Feature","geometry":{"type":"Point","coordinates":[-6.493,37.422]},"properties":{"frp":4.2,"hours":29.5,"at":"2026-08-06T01:45Z"}},{"type":"Feature","geometry":{"type":"Point","coordinates":[-6.358,39.493]},"properties":{"frp":1.2,"hours":29.5,"at":"2026-08-06T01:45Z"}},{"type":"Feature","geometry":{"type":"Point","coordinates":[-0.245,39.665]},"properties":{"frp":1.1,"hours":29.5,"at":"2026-08-06T01:45Z"}},{"type":"Feature","geometry":{"type":"Point","coordinates":[-8.907,39.686]},"properties":{"frp":0.8,"hours":29.5,"at":"2026-08-06T01:45Z"}},{"type":"Feature","geometry":{"type":"Point","coordinates":[-8.421,40.291]},"properties":{"frp":0.9,"hours":29.5,"at":"2026-08-06T01:45Z"}},{"type":"Feature","geometry":{"type":"Point","coordinates":[14.985,40.532]},"properties":{"frp":0.4,"hours":29.5,"at":"2026-08-06T01:45Z"}},{"type":"Feature","geometry":{"type":"Point","coordinates":[16.239,41.08]},"properties":{"frp":2.6,"hours":29.5,"at":"2026-08-06T01:45Z"}},{"type":"Feature","geometry":{"type":"Point","coordinates":[16.234,41.081]},"properties":{"frp":3.4,"hours":29.5,"at":"2026-08-06T01:45Z"}},{"type":"Feature","geometry":{"type":"Point","coordinates":[16.241,41.085]},"properties":{"frp":2.6,"hours":29.5,"at":"2026-08-06T01:45Z"}},{"type":"Feature","geometry":{"type":"Point","coordinates":[16.237,41.086]},"properties":{"frp":3.4,"hours":29.5,"at":"2026-08-06T01:45Z"}},{"type":"Feature","geometry":{"type":"Point","coordinates":[15.491,41.205]},"properties":{"frp":1.0,"hours":29.5,"at":"2026-08-06T01:45Z"}},{"type":"Feature","geometry":{"type":"Point","coordinates":[13.467,41.242]},"properties":{"frp":5.4,"hours":29.5,"at":"2026-08-06T01:45Z"}},{"type":"Feature","geometry":{"type":"Point","coordinates":[-0.864,41.559]},"properties":{"frp":35.7,"hours":29.5,"at":"2026-08-06T01:45Z"}},{"type":"Feature","geometry":{"type":"Point","coordinates":[0.767,41.819]},"properties":{"frp":7.2,"hours":29.5,"at":"2026-08-06T01:45Z"}},{"type":"Feature","geometry":{"type":"Point","coordinates":[-3.838,43.411]},"properties":{"frp":1.2,"hours":29.5,"at":"2026-08-06T01:45Z"}},{"type":"Feature","geometry":{"type":"Point","coordinates":[4.853,43.453]},"properties":{"frp":1.1,"hours":29.5,"at":"2026-08-06T01:45Z"}},{"type":"Feature","geometry":{"type":"Point","coordinates":[-6.051,34.381]},"properties":{"frp":0.3,"hours":29.5,"at":"2026-08-06T01:47Z"}},{"type":"Feature","geometry":{"type":"Point","coordinates":[0.328,34.799]},"properties":{"frp":0.6,"hours":29.5,"at":"2026-08-06T01:47Z"}},{"type":"Feature","geometry":{"type":"Point","coordinates":[0.735,51.349]},"properties":{"frp":0.8,"hours":27.9,"at":"2026-08-06T03:21Z"}},{"type":"Feature","geometry":{"type":"Point","coordinates":[0.471,51.969]},"properties":{"frp":0.6,"hours":27.9,"at":"2026-08-06T03:21Z"}},{"type":"Feature","geometry":{"type":"Point","coordinates":[-6.389,53.685]},"properties":{"frp":0.6,"hours":27.9,"at":"2026-08-06T03:21Z"}},{"type":"Feature","geometry":{"type":"Point","coordinates":[-2.541,60.691]},"properties":{"frp":0.7,"hours":27.9,"at":"2026-08-06T03:21Z"}},{"type":"Feature","geometry":{"type":"Point","coordinates":[1.123,49.366]},"properties":{"frp":3.0,"hours":27.9,"at":"2026-08-06T03:23Z"}},{"type":"Feature","geometry":{"type":"Point","coordinates":[-3.434,51.667]},"properties":{"frp":0.8,"hours":27.9,"at":"2026-08-06T03:23Z"}},{"type":"Feature","geometry":{"type":"Point","coordinates":[-3.438,51.668]},"properties":{"frp":0.7,"hours":27.9,"at":"2026-08-06T03:23Z"}},{"type":"Feature","geometry":{"type":"Point","coordinates":[-6.492,37.421]},"properties":{"frp":2.2,"hours":27.8,"at":"2026-08-06T03:28Z"}},{"type":"Feature","geometry":{"type":"Point","coordinates":[-6.492,37.423]},"properties":{"frp":3.5,"hours":27.8,"at":"2026-08-06T03:28Z"}},{"type":"Feature","geometry":{"type":"Point","coordinates":[-6.499,37.423]},"properties":{"frp":2.2,"hours":27.8,"at":"2026-08-06T03:28Z"}},{"type":"Feature","geometry":{"type":"Point","coordinates":[31.85,38.543]},"properties":{"frp":7.4,"hours":21.5,"at":"2026-08-06T09:45Z"}},{"type":"Feature","geometry":{"type":"Point","coordinates":[31.853,38.546]},"properties":{"frp":4.3,"hours":21.5,"at":"2026-08-06T09:45Z"}},{"type":"Feature","geometry":{"type":"Point","coordinates":[32.387,38.974]},"properties":{"frp":4.9,"hours":21.5,"at":"2026-08-06T09:45Z"}},{"type":"Feature","geometry":{"type":"Point","coordinates":[32.394,38.977]},"properties":{"frp":9.6,"hours":21.5,"at":"2026-08-06T09:45Z"}},{"type":"Feature","geometry":{"type":"Point","coordinates":[32.394,38.978]},"properties":{"frp":4.8,"hours":21.5,"at":"2026-08-06T09:45Z"}},{"type":"Feature","geometry":{"type":"Point","coordinates":[33.769,39.487]},"properties":{"frp":57.0,"hours":21.5,"at":"2026-08-06T09:45Z"}},{"type":"Feature","geometry":{"type":"Point","coordinates":[33.775,39.488]},"properties":{"frp":53.2,"hours":21.5,"at":"2026-08-06T09:45Z"}},{"type":"Feature","geometry":{"type":"Point","coordinates":[33.774,39.489]},"properties":{"frp":73.7,"hours":21.5,"at":"2026-08-06T09:45Z"}},{"type":"Feature","geometry":{"type":"Point","coordinates":[33.767,39.492]},"properties":{"frp":53.2,"hours":21.5,"at":"2026-08-06T09:45Z"}},{"type":"Feature","geometry":{"type":"Point","coordinates":[33.766,39.493]},"properties":{"frp":17.1,"hours":21.5,"at":"2026-08-06T09:45Z"}},{"type":"Feature","geometry":{"type":"Point","coordinates":[33.772,39.493]},"properties":{"frp":53.2,"hours":21.5,"at":"2026-08-06T09:45Z"}},{"type":"Feature","geometry":{"type":"Point","coordinates":[33.772,39.494]},"properties":{"frp":34.8,"hours":21.5,"at":"2026-08-06T09:45Z"}},{"type":"Feature","geometry":{"type":"Point","coordinates":[33.77,39.499]},"properties":{"frp":4.8,"hours":21.5,"at":"2026-08-06T09:45Z"}},{"type":"Feature","geometry":{"type":"Point","coordinates":[33.878,40.02]},"properties":{"frp":2.2,"hours":21.5,"at":"2026-08-06T09:45Z"}},{"type":"Feature","geometry":{"type":"Point","coordinates":[33.889,40.29]},"properties":{"frp":2.4,"hours":21.5,"at":"2026-08-06T09:45Z"}},{"type":"Feature","geometry":{"type":"Point","coordinates":[33.894,40.291]},"properties":{"frp":2.4,"hours":21.5,"at":"2026-08-06T09:45Z"}},{"type":"Feature","geometry":{"type":"Point","coordinates":[28.853,44.82]},"properties":{"frp":16.5,"hours":21.5,"at":"2026-08-06T09:47Z"}},{"type":"Feature","geometry":{"type":"Point","coordinates":[28.859,44.821]},"properties":{"frp":5.2,"hours":21.5,"at":"2026-08-06T09:47Z"}},{"type":"Feature","geometry":{"type":"Point","coordinates":[28.859,44.822]},"properties":{"frp":18.4,"hours":21.5,"at":"2026-08-06T09:47Z"}},{"type":"Feature","geometry":{"type":"Point","coordinates":[28.855,44.827]},"properties":{"frp":31.6,"hours":21.5,"at":"2026-08-06T09:47Z"}},{"type":"Feature","geometry":{"type":"Point","coordinates":[28.855,44.828]},"properties":{"frp":12.8,"hours":21.5,"at":"2026-08-06T09:47Z"}},{"type":"Feature","geometry":{"type":"Point","coordinates":[29.017,45.455]},"properties":{"frp":9.5,"hours":21.5,"at":"2026-08-06T09:47Z"}},{"type":"Feature","geometry":{"type":"Point","coordinates":[29.024,45.457]},"properties":{"frp":12.9,"hours":21.5,"at":"2026-08-06T09:47Z"}},{"type":"Feature","geometry":{"type":"Point","coordinates":[29.012,45.464]},"properties":{"frp":13.4,"hours":21.5,"at":"2026-08-06T09:47Z"}},{"type":"Feature","geometry":{"type":"Point","coordinates":[29.019,45.466]},"properties":{"frp":13.4,"hours":21.5,"at":"2026-08-06T09:47Z"}},{"type":"Feature","geometry":{"type":"Point","coordinates":[29.01,45.467]},"properties":{"frp":12.8,"hours":21.5,"at":"2026-08-06T09:47Z"}},{"type":"Feature","geometry":{"type":"Point","coordinates":[29.016,45.469]},"properties":{"frp":24.0,"hours":21.5,"at":"2026-08-06T09:47Z"}},{"type":"Feature","geometry":{"type":"Point","coordinates":[29.244,45.594]},"properties":{"frp":24.2,"hours":21.5,"at":"2026-08-06T09:47Z"}},{"type":"Feature","geometry":{"type":"Point","coordinates":[29.504,45.679]},"properties":{"frp":7.1,"hours":21.5,"at":"2026-08-06T09:47Z"}},{"type":"Feature","geometry":{"type":"Point","coordinates":[30.197,46.032]},"properties":{"frp":5.3,"hours":21.5,"at":"2026-08-06T09:47Z"}},{"type":"Feature","geometry":{"type":"Point","coordinates":[30.187,46.036]},"properties":{"frp":5.6,"hours":21.5,"at":"2026-08-06T09:47Z"}},{"type":"Feature","geometry":{"type":"Point","coordinates":[30.193,46.038]},"properties":{"frp":5.6,"hours":21.5,"at":"2026-08-06T09:47Z"}},{"type":"Feature","geometry":{"type":"Point","coordinates":[33.084,46.152]},"properties":{"frp":6.4,"hours":21.5,"at":"2026-08-06T09:47Z"}},{"type":"Feature","geometry":{"type":"Point","coordinates":[33.088,46.153]},"properties":{"frp":9.5,"hours":21.5,"at":"2026-08-06T09:47Z"}},{"type":"Feature","geometry":{"type":"Point","coordinates":[33.086,46.153]},"properties":{"frp":7.7,"hours":21.5,"at":"2026-08-06T09:47Z"}},{"type":"Feature","geometry":{"type":"Point","coordinates":[33.092,46.154]},"properties":{"frp":9.5,"hours":21.5,"at":"2026-08-06T09:47Z"}},{"type":"Feature","geometry":{"type":"Point","coordinates":[33.09,46.154]},"properties":{"frp":11.2,"hours":21.5,"at":"2026-08-06T09:47Z"}},{"type":"Feature","geometry":{"type":"Point","coordinates":[33.097,46.155]},"properties":{"frp":7.5,"hours":21.5,"at":"2026-08-06T09:47Z"}},{"type":"Feature","geometry":{"type":"Point","coordinates":[33.094,46.156]},"properties":{"frp":11.2,"hours":21.5,"at":"2026-08-06T09:47Z"}},{"type":"Feature","geometry":{"type":"Point","coordinates":[28.919,46.156]},"properties":{"frp":3.5,"hours":21.5,"at":"2026-08-06T09:47Z"}},{"type":"Feature","geometry":{"type":"Point","coordinates":[33.099,46.157]},"properties":{"frp":6.3,"hours":21.5,"at":"2026-08-06T09:47Z"}},{"type":"Feature","geometry":{"type":"Point","coordinates":[33.094,46.16]},"properties":{"frp":7.5,"hours":21.5,"at":"2026-08-06T09:47Z"}},{"type":"Feature","geometry":{"type":"Point","coordinates":[33.098,46.161]},"properties":{"frp":7.5,"hours":21.5,"at":"2026-08-06T09:47Z"}},{"type":"Feature","geometry":{"type":"Point","coordinates":[33.096,46.162]},"properties":{"frp":6.3,"hours":21.5,"at":"2026-08-06T09:47Z"}},{"type":"Feature","geometry":{"type":"Point","coordinates":[33.42,46.201]},"properties":{"frp":13.0,"hours":21.5,"at":"2026-08-06T09:47Z"}},{"type":"Feature","geometry":{"type":"Point","coordinates":[33.425,46.202]},"properties":{"frp":10.0,"hours":21.5,"at":"2026-08-06T09:47Z"}},{"type":"Feature","geometry":{"type":"Point","coordinates":[32.79,46.506]},"properties":{"frp":8.6,"hours":21.5,"at":"2026-08-06T09:47Z"}},{"type":"Feature","geometry":{"type":"Point","coordinates":[32.794,46.507]},"properties":{"frp":12.1,"hours":21.5,"at":"2026-08-06T09:47Z"}},{"type":"Feature","geometry":{"type":"Point","coordinates":[31.594,46.517]},"properties":{"frp":7.0,"hours":21.5,"at":"2026-08-06T09:47Z"}},{"type":"Feature","geometry":{"type":"Point","coordinates":[32.52,46.521]},"properties":{"frp":6.9,"hours":21.5,"at":"2026-08-06T09:47Z"}},{"type":"Feature","geometry":{"type":"Point","coordinates":[33.249,46.526]},"properties":{"frp":40.2,"hours":21.5,"at":"2026-08-06T09:47Z"}},{"type":"Feature","geometry":{"type":"Point","coordinates":[33.229,46.526]},"properties":{"frp":5.8,"hours":21.5,"at":"2026-08-06T09:47Z"}},{"type":"Feature","geometry":{"type":"Point","coordinates":[33.103,46.527]},"properties":{"frp":2.5,"hours":21.5,"at":"2026-08-06T09:47Z"}},{"type":"Feature","geometry":{"type":"Point","coordinates":[31.754,46.528]},"properties":{"frp":3.1,"hours":21.5,"at":"2026-08-06T09:47Z"}},{"type":"Feature","geometry":{"type":"Point","coordinates":[33.229,46.529]},"properties":{"frp":2.9,"hours":21.5,"at":"2026-08-06T09:47Z"}},{"type":"Feature","geometry":{"type":"Point","coordinates":[33.266,46.531]},"properties":{"frp":47.0,"hours":21.5,"at":"2026-08-06T09:47Z"}},{"type":"Feature","geometry":{"type":"Point","coordinates":[33.246,46.531]},"properties":{"frp":71.9,"hours":21.5,"at":"2026-08-06T09:47Z"}},{"type":"Feature","geometry":{"type":"Point","coordinates":[32.618,46.532]},"properties":{"frp":5.2,"hours":21.5,"at":"2026-08-06T09:47Z"}},{"type":"Feature","geometry":{"type":"Point","coordinates":[33.27,46.532]},"properties":{"frp":47.0,"hours":21.5,"at":"2026-08-06T09:47Z"}},{"type":"Feature","geometry":{"type":"Point","coordinates":[33.254,46.533]},"properties":{"frp":41.7,"hours":21.5,"at":"2026-08-06T09:47Z"}},{"type":"Feature","geometry":{"type":"Point","coordinates":[33.259,46.534]},"properties":{"frp":41.7,"hours":21.5,"at":"2026-08-06T09:47Z"}},{"type":"Feature","geometry":{"type":"Point","coordinates":[33.25,46.535]},"properties":{"frp":5.9,"hours":21.5,"at":"2026-08-06T09:47Z"}},{"type":"Feature","geometry":{"type":"Point","coordinates":[33.254,46.536]},"properties":{"frp":17.1,"hours":21.5,"at":"2026-08-06T09:47Z"}},{"type":"Feature","geometry":{"type":"Point","coordinates":[32.615,46.537]},"properties":{"frp":6.8,"hours":21.5,"at":"2026-08-06T09:47Z"}},{"type":"Feature","geometry":{"type":"Point","coordinates":[33.258,46.537]},"properties":{"frp":17.1,"hours":21.5,"at":"2026-08-06T09:47Z"}},{"type":"Feature","geometry":{"type":"Point","coordinates":[33.271,46.538]},"properties":{"frp":19.1,"hours":21.5,"at":"2026-08-06T09:47Z"}},{"type":"Feature","geometry":{"type":"Point","coordinates":[33.252,46.538]},"properties":{"frp":41.7,"hours":21.5,"at":"2026-08-06T09:47Z"}},{"type":"Feature","geometry":{"type":"Point","coordinates":[33.262,46.538]},"properties":{"frp":11.2,"hours":21.5,"at":"2026-08-06T09:47Z"}},{"type":"Feature","geometry":{"type":"Point","coordinates":[33.256,46.539]},"properties":{"frp":41.7,"hours":21.5,"at":"2026-08-06T09:47Z"}},{"type":"Feature","geometry":{"type":"Point","coordinates":[33.267,46.539]},"properties":{"frp":11.2,"hours":21.5,"at":"2026-08-06T09:47Z"}},{"type":"Feature","geometry":{"type":"Point","coordinates":[33.26,46.54]},"properties":{"frp":85.3,"hours":21.5,"at":"2026-08-06T09:47Z"}},{"type":"Feature","geometry":{"type":"Point","coordinates":[33.271,46.541]},"properties":{"frp":4.6,"hours":21.5,"at":"2026-08-06T09:47Z"}},{"type":"Feature","geometry":{"type":"Point","coordinates":[33.264,46.541]},"properties":{"frp":85.3,"hours":21.5,"at":"2026-08-06T09:47Z"}},{"type":"Feature","geometry":{"type":"Point","coordinates":[33.268,46.542]},"properties":{"frp":19.1,"hours":21.5,"at":"2026-08-06T09:47Z"}},{"type":"Feature","geometry":{"type":"Point","coordinates":[33.26,46.543]},"properties":{"frp":11.2,"hours":21.5,"at":"2026-08-06T09:47Z"}},{"type":"Feature","geometry":{"type":"Point","coordinates":[33.268,46.545]},"properties":{"frp":4.6,"hours":21.5,"at":"2026-08-06T09:47Z"}},{"type":"Feature","geometry":{"type":"Point","coordinates":[33.27,46.548]},"properties":{"frp":1.7,"hours":21.5,"at":"2026-08-06T09:47Z"}},{"type":"Feature","geometry":{"type":"Point","coordinates":[32.871,46.587]},"properties":{"frp":9.4,"hours":21.5,"at":"2026-08-06T09:47Z"}},{"type":"Feature","geometry":{"type":"Point","coordinates":[32.875,46.588]},"properties":{"frp":9.4,"hours":21.5,"at":"2026-08-06T09:47Z"}},{"type":"Feature","geometry":{"type":"Point","coordinates":[32.611,46.633]},"properties":{"frp":4.4,"hours":21.5,"at":"2026-08-06T09:47Z"}},{"type":"Feature","geometry":{"type":"Point","coordinates":[31.844,46.67]},"properties":{"frp":4.1,"hours":21.5,"at":"2026-08-06T09:47Z"}},{"type":"Feature","geometry":{"type":"Point","coordinates":[31.841,46.675]},"properties":{"frp":4.1,"hours":21.5,"at":"2026-08-06T09:47Z"}},{"type":"Feature","geometry":{"type":"Point","coordinates":[31.724,46.679]},"properties":{"frp":1.6,"hours":21.5,"at":"2026-08-06T09:47Z"}},{"type":"Feature","geometry":{"type":"Point","coordinates":[32.185,46.688]},"properties":{"frp":7.1,"hours":21.5,"at":"2026-08-06T09:47Z"}},{"type":"Feature","geometry":{"type":"Point","coordinates":[32.181,46.689]},"properties":{"frp":8.8,"hours":21.5,"at":"2026-08-06T09:47Z"}},{"type":"Feature","geometry":{"type":"Point","coordinates":[32.186,46.69]},"properties":{"frp":12.6,"hours":21.5,"at":"2026-08-06T09:47Z"}},{"type":"Feature","geometry":{"type":"Point","coordinates":[32.181,46.693]},"properties":{"frp":7.1,"hours":21.5,"at":"2026-08-06T09:47Z"}},{"type":"Feature","geometry":{"type":"Point","coordinates":[32.812,46.697]},"properties":{"frp":9.3,"hours":21.5,"at":"2026-08-06T09:47Z"}},{"type":"Feature","geometry":{"type":"Point","coordinates":[33.681,46.716]},"properties":{"frp":5.5,"hours":21.5,"at":"2026-08-06T09:47Z"}},{"type":"Feature","geometry":{"type":"Point","coordinates":[33.685,46.718]},"properties":{"frp":6.4,"hours":21.5,"at":"2026-08-06T09:47Z"}},{"type":"Feature","geometry":{"type":"Point","coordinates":[33.142,46.737]},"properties":{"frp":24.1,"hours":21.5,"at":"2026-08-06T09:47Z"}},{"type":"Feature","geometry":{"type":"Point","coordinates":[33.146,46.738]},"properties":{"frp":13.6,"hours":21.5,"at":"2026-08-06T09:47Z"}},{"type":"Feature","geometry":{"type":"Point","coordinates":[33.138,46.739]},"properties":{"frp":32.0,"hours":21.5,"at":"2026-08-06T09:47Z"}},{"type":"Feature","geometry":{"type":"Point","coordinates":[33.142,46.74]},"properties":{"frp":32.0,"hours":21.5,"at":"2026-08-06T09:47Z"}},{"type":"Feature","geometry":{"type":"Point","coordinates":[33.139,46.742]},"properties":{"frp":14.3,"hours":21.5,"at":"2026-08-06T09:47Z"}},{"type":"Feature","geometry":{"type":"Point","coordinates":[32.964,46.752]},"properties":{"frp":8.1,"hours":21.5,"at":"2026-08-06T09:47Z"}},{"type":"Feature","geometry":{"type":"Point","coordinates":[30.104,46.761]},"properties":{"frp":2.1,"hours":21.5,"at":"2026-08-06T09:47Z"}},{"type":"Feature","geometry":{"type":"Point","coordinates":[30.106,46.762]},"properties":{"frp":4.4,"hours":21.5,"at":"2026-08-06T09:47Z"}},{"type":"Feature","geometry":{"type":"Point","coordinates":[30.11,46.763]},"properties":{"frp":2.1,"hours":21.5,"at":"2026-08-06T09:47Z"}},{"type":"Feature","geometry":{"type":"Point","coordinates":[30.111,46.764]},"properties":{"frp":5.4,"hours":21.5,"at":"2026-08-06T09:47Z"}},{"type":"Feature","geometry":{"type":"Point","coordinates":[30.13,46.776]},"properties":{"frp":1.8,"hours":21.5,"at":"2026-08-06T09:47Z"}},{"type":"Feature","geometry":{"type":"Point","coordinates":[30.134,46.777]},"properties":{"frp":2.5,"hours":21.5,"at":"2026-08-06T09:47Z"}},{"type":"Feature","geometry":{"type":"Point","coordinates":[30.17,46.782]},"properties":{"frp":2.1,"hours":21.5,"at":"2026-08-06T09:47Z"}},{"type":"Feature","geometry":{"type":"Point","coordinates":[32.838,46.797]},"properties":{"frp":14.3,"hours":21.5,"at":"2026-08-06T09:47Z"}},{"type":"Feature","geometry":{"type":"Point","coordinates":[30.094,46.797]},"properties":{"frp":19.9,"hours":21.5,"at":"2026-08-06T09:47Z"}},{"type":"Feature","geometry":{"type":"Point","coordinates":[32.842,46.798]},"properties":{"frp":14.3,"hours":21.5,"at":"2026-08-06T09:47Z"}},{"type":"Feature","geometry":{"type":"Point","coordinates":[30.1,46.799]},"properties":{"frp":19.9,"hours":21.5,"at":"2026-08-06T09:47Z"}},{"type":"Feature","geometry":{"type":"Point","coordinates":[32.846,46.8]},"properties":{"frp":7.3,"hours":21.5,"at":"2026-08-06T09:47Z"}},{"type":"Feature","geometry":{"type":"Point","coordinates":[30.096,46.804]},"properties":{"frp":19.9,"hours":21.5,"at":"2026-08-06T09:47Z"}},{"type":"Feature","geometry":{"type":"Point","coordinates":[33.549,46.806]},"properties":{"frp":5.6,"hours":21.5,"at":"2026-08-06T09:47Z"}},{"type":"Feature","geometry":{"type":"Point","coordinates":[30.102,46.806]},"properties":{"frp":20.8,"hours":21.5,"at":"2026-08-06T09:47Z"}},{"type":"Feature","geometry":{"type":"Point","coordinates":[33.283,46.852]},"properties":{"frp":1.7,"hours":21.5,"at":"2026-08-06T09:47Z"}},{"type":"Feature","geometry":{"type":"Point","coordinates":[32.95,46.874]},"properties":{"frp":4.9,"hours":21.5,"at":"2026-08-06T09:47Z"}},{"type":"Feature","geometry":{"type":"Point","coordinates":[33.179,46.955]},"properties":{"frp":3.9,"hours":21.5,"at":"2026-08-06T09:47Z"}},{"type":"Feature","geometry":{"type":"Point","coordinates":[33.154,46.965]},"properties":{"frp":41.6,"hours":21.5,"at":"2026-08-06T09:47Z"}},{"type":"Feature","geometry":{"type":"Point","coordinates":[33.162,46.967]},"properties":{"frp":42.3,"hours":21.5,"at":"2026-08-06T09:47Z"}},{"type":"Feature","geometry":{"type":"Point","coordinates":[33.134,46.968]},"properties":{"frp":4.5,"hours":21.5,"at":"2026-08-06T09:47Z"}},{"type":"Feature","geometry":{"type":"Point","coordinates":[33.157,46.97]},"properties":{"frp":6.1,"hours":21.5,"at":"2026-08-06T09:47Z"}},{"type":"Feature","geometry":{"type":"Point","coordinates":[33.138,46.97]},"properties":{"frp":4.8,"hours":21.5,"at":"2026-08-06T09:47Z"}},{"type":"Feature","geometry":{"type":"Point","coordinates":[33.131,46.97]},"properties":{"frp":6.5,"hours":21.5,"at":"2026-08-06T09:47Z"}},{"type":"Feature","geometry":{"type":"Point","coordinates":[33.161,46.971]},"properties":{"frp":6.1,"hours":21.5,"at":"2026-08-06T09:47Z"}},{"type":"Feature","geometry":{"type":"Point","coordinates":[33.136,46.971]},"properties":{"frp":6.3,"hours":21.5,"at":"2026-08-06T09:47Z"}},{"type":"Feature","geometry":{"type":"Point","coordinates":[33.159,46.972]},"properties":{"frp":42.3,"hours":21.5,"at":"2026-08-06T09:47Z"}},{"type":"Feature","geometry":{"type":"Point","coordinates":[33.127,46.972]},"properties":{"frp":9.7,"hours":21.5,"at":"2026-08-06T09:47Z"}},{"type":"Feature","geometry":{"type":"Point","coordinates":[33.14,46.972]},"properties":{"frp":6.3,"hours":21.5,"at":"2026-08-06T09:47Z"}},{"type":"Feature","geometry":{"type":"Point","coordinates":[33.15,46.973]},"properties":{"frp":7.8,"hours":21.5,"at":"2026-08-06T09:47Z"}},{"type":"Feature","geometry":{"type":"Point","coordinates":[33.131,46.973]},"properties":{"frp":9.7,"hours":21.5,"at":"2026-08-06T09:47Z"}},{"type":"Feature","geometry":{"type":"Point","coordinates":[33.144,46.973]},"properties":{"frp":3.4,"hours":21.5,"at":"2026-08-06T09:47Z"}},{"type":"Feature","geometry":{"type":"Point","coordinates":[33.148,46.974]},"properties":{"frp":3.4,"hours":21.5,"at":"2026-08-06T09:47Z"}},{"type":"Feature","geometry":{"type":"Point","coordinates":[33.135,46.974]},"properties":{"frp":11.1,"hours":21.5,"at":"2026-08-06T09:47Z"}},{"type":"Feature","geometry":{"type":"Point","coordinates":[33.129,46.975]},"properties":{"frp":6.5,"hours":21.5,"at":"2026-08-06T09:47Z"}},{"type":"Feature","geometry":{"type":"Point","coordinates":[33.152,46.976]},"properties":{"frp":2.6,"hours":21.5,"at":"2026-08-06T09:47Z"}},{"type":"Feature","geometry":{"type":"Point","coordinates":[33.139,46.976]},"properties":{"frp":11.1,"hours":21.5,"at":"2026-08-06T09:47Z"}},{"type":"Feature","geometry":{"type":"Point","coordinates":[33.133,46.976]},"properties":{"frp":6.3,"hours":21.5,"at":"2026-08-06T09:47Z"}},{"type":"Feature","geometry":{"type":"Point","coordinates":[33.137,46.977]},"properties":{"frp":6.3,"hours":21.5,"at":"2026-08-06T09:47Z"}},{"type":"Feature","geometry":{"type":"Point","coordinates":[33.141,46.978]},"properties":{"frp":3.4,"hours":21.5,"at":"2026-08-06T09:47Z"}},{"type":"Feature","geometry":{"type":"Point","coordinates":[33.128,46.978]},"properties":{"frp":9.7,"hours":21.5,"at":"2026-08-06T09:47Z"}},{"type":"Feature","geometry":{"type":"Point","coordinates":[33.125,46.983]},"properties":{"frp":10.7,"hours":21.5,"at":"2026-08-06T09:47Z"}},{"type":"Feature","geometry":{"type":"Point","coordinates":[32.36,47.058]},"properties":{"frp":1.7,"hours":21.5,"at":"2026-08-06T09:47Z"}},{"type":"Feature","geometry":{"type":"Point","coordinates":[32.364,47.059]},"properties":{"frp":1.7,"hours":21.5,"at":"2026-08-06T09:47Z"}},{"type":"Feature","geometry":{"type":"Point","coordinates":[33.114,47.101]},"properties":{"frp":5.8,"hours":21.5,"at":"2026-08-06T09:47Z"}},{"type":"Feature","geometry":{"type":"Point","coordinates":[33.064,47.153]},"properties":{"frp":1.7,"hours":21.5,"at":"2026-08-06T09:47Z"}},{"type":"Feature","geometry":{"type":"Point","coordinates":[33.068,47.154]},"properties":{"frp":1.6,"hours":21.5,"at":"2026-08-06T09:47Z"}},{"type":"Feature","geometry":{"type":"Point","coordinates":[33.061,47.158]},"properties":{"frp":6.9,"hours":21.5,"at":"2026-08-06T09:47Z"}},{"type":"Feature","geometry":{"type":"Point","coordinates":[33.065,47.159]},"properties":{"frp":12.8,"hours":21.5,"at":"2026-08-06T09:47Z"}},{"type":"Feature","geometry":{"type":"Point","coordinates":[33.069,47.16]},"properties":{"frp":12.8,"hours":21.5,"at":"2026-08-06T09:47Z"}},{"type":"Feature","geometry":{"type":"Point","coordinates":[33.073,47.162]},"properties":{"frp":4.0,"hours":21.5,"at":"2026-08-06T09:47Z"}},{"type":"Feature","geometry":{"type":"Point","coordinates":[33.077,47.163]},"properties":{"frp":4.0,"hours":21.5,"at":"2026-08-06T09:47Z"}},{"type":"Feature","geometry":{"type":"Point","coordinates":[32.374,47.195]},"properties":{"frp":19.9,"hours":21.5,"at":"2026-08-06T09:47Z"}},{"type":"Feature","geometry":{"type":"Point","coordinates":[32.379,47.196]},"properties":{"frp":25.7,"hours":21.5,"at":"2026-08-06T09:47Z"}},{"type":"Feature","geometry":{"type":"Point","coordinates":[33.686,47.221]},"properties":{"frp":4.6,"hours":21.5,"at":"2026-08-06T09:47Z"}},{"type":"Feature","geometry":{"type":"Point","coordinates":[33.651,47.224]},"properties":{"frp":14.2,"hours":21.5,"at":"2026-08-06T09:47Z"}},{"type":"Feature","geometry":{"type":"Point","coordinates":[33.647,47.226]},"properties":{"frp":13.2,"hours":21.5,"at":"2026-08-06T09:47Z"}},{"type":"Feature","geometry":{"type":"Point","coordinates":[33.648,47.228]},"properties":{"frp":14.2,"hours":21.5,"at":"2026-08-06T09:47Z"}},{"type":"Feature","geometry":{"type":"Point","coordinates":[33.655,47.228]},"properties":{"frp":13.2,"hours":21.5,"at":"2026-08-06T09:47Z"}},{"type":"Feature","geometry":{"type":"Point","coordinates":[33.656,47.23]},"properties":{"frp":6.8,"hours":21.5,"at":"2026-08-06T09:47Z"}},{"type":"Feature","geometry":{"type":"Point","coordinates":[33.652,47.233]},"properties":{"frp":13.2,"hours":21.5,"at":"2026-08-06T09:47Z"}},{"type":"Feature","geometry":{"type":"Point","coordinates":[33.653,47.235]},"properties":{"frp":6.3,"hours":21.5,"at":"2026-08-06T09:47Z"}},{"type":"Feature","geometry":{"type":"Point","coordinates":[33.66,47.235]},"properties":{"frp":8.0,"hours":21.5,"at":"2026-08-06T09:47Z"}},{"type":"Feature","geometry":{"type":"Point","coordinates":[33.546,47.249]},"properties":{"frp":2.1,"hours":21.5,"at":"2026-08-06T09:47Z"}},{"type":"Feature","geometry":{"type":"Point","coordinates":[33.213,47.277]},"properties":{"frp":4.1,"hours":21.5,"at":"2026-08-06T09:47Z"}},{"type":"Feature","geometry":{"type":"Point","coordinates":[33.217,47.278]},"properties":{"frp":4.1,"hours":21.5,"at":"2026-08-06T09:47Z"}},{"type":"Feature","geometry":{"type":"Point","coordinates":[33.214,47.283]},"properties":{"frp":5.0,"hours":21.5,"at":"2026-08-06T09:47Z"}},{"type":"Feature","geometry":{"type":"Point","coordinates":[33.218,47.284]},"properties":{"frp":6.3,"hours":21.5,"at":"2026-08-06T09:47Z"}},{"type":"Feature","geometry":{"type":"Point","coordinates":[33.2,47.339]},"properties":{"frp":1.4,"hours":21.5,"at":"2026-08-06T09:47Z"}},{"type":"Feature","geometry":{"type":"Point","coordinates":[32.587,47.5]},"properties":{"frp":5.2,"hours":21.5,"at":"2026-08-06T09:47Z"}},{"type":"Feature","geometry":{"type":"Point","coordinates":[32.591,47.501]},"properties":{"frp":4.8,"hours":21.5,"at":"2026-08-06T09:47Z"}},{"type":"Feature","geometry":{"type":"Point","coordinates":[32.588,47.503]},"properties":{"frp":5.8,"hours":21.5,"at":"2026-08-06T09:47Z"}},{"type":"Feature","geometry":{"type":"Point","coordinates":[30.661,47.539]},"properties":{"frp":3.4,"hours":21.5,"at":"2026-08-06T09:47Z"}},{"type":"Feature","geometry":{"type":"Point","coordinates":[30.662,47.546]},"properties":{"frp":1.8,"hours":21.5,"at":"2026-08-06T09:47Z"}},{"type":"Feature","geometry":{"type":"Point","coordinates":[30.631,47.548]},"properties":{"frp":4.1,"hours":21.5,"at":"2026-08-06T09:47Z"}},{"type":"Feature","geometry":{"type":"Point","coordinates":[29.86,47.673]},"properties":{"frp":12.5,"hours":21.5,"at":"2026-08-06T09:47Z"}},{"type":"Feature","geometry":{"type":"Point","coordinates":[29.865,47.674]},"properties":{"frp":12.5,"hours":21.5,"at":"2026-08-06T09:47Z"}},{"type":"Feature","geometry":{"type":"Point","coordinates":[29.87,47.676]},"properties":{"frp":15.1,"hours":21.5,"at":"2026-08-06T09:47Z"}},{"type":"Feature","geometry":{"type":"Point","coordinates":[29.856,47.678]},"properties":{"frp":12.5,"hours":21.5,"at":"2026-08-06T09:47Z"}},{"type":"Feature","geometry":{"type":"Point","coordinates":[29.861,47.679]},"properties":{"frp":12.5,"hours":21.5,"at":"2026-08-06T09:47Z"}},{"type":"Feature","geometry":{"type":"Point","coordinates":[32.475,47.708]},"properties":{"frp":1.9,"hours":21.5,"at":"2026-08-06T09:47Z"}},{"type":"Feature","geometry":{"type":"Point","coordinates":[30.575,47.715]},"properties":{"frp":28.9,"hours":21.5,"at":"2026-08-06T09:47Z"}},{"type":"Feature","geometry":{"type":"Point","coordinates":[30.578,47.716]},"properties":{"frp":22.5,"hours":21.5,"at":"2026-08-06T09:47Z"}},{"type":"Feature","geometry":{"type":"Point","coordinates":[30.58,47.717]},"properties":{"frp":21.7,"hours":21.5,"at":"2026-08-06T09:47Z"}},{"type":"Feature","geometry":{"type":"Point","coordinates":[30.583,47.718]},"properties":{"frp":22.5,"hours":21.5,"at":"2026-08-06T09:47Z"}},{"type":"Feature","geometry":{"type":"Point","coordinates":[30.576,47.722]},"properties":{"frp":21.7,"hours":21.5,"at":"2026-08-06T09:47Z"}},{"type":"Feature","geometry":{"type":"Point","coordinates":[31.95,47.761]},"properties":{"frp":3.1,"hours":21.5,"at":"2026-08-06T09:47Z"}},{"type":"Feature","geometry":{"type":"Point","coordinates":[31.955,47.763]},"properties":{"frp":4.0,"hours":21.5,"at":"2026-08-06T09:47Z"}},{"type":"Feature","geometry":{"type":"Point","coordinates":[31.626,48.085]},"properties":{"frp":6.9,"hours":21.5,"at":"2026-08-06T09:47Z"}},{"type":"Feature","geometry":{"type":"Point","coordinates":[31.63,48.086]},"properties":{"frp":4.5,"hours":21.5,"at":"2026-08-06T09:47Z"}},{"type":"Feature","geometry":{"type":"Point","coordinates":[31.623,48.09]},"properties":{"frp":8.5,"hours":21.5,"at":"2026-08-06T09:47Z"}},{"type":"Feature","geometry":{"type":"Point","coordinates":[31.627,48.091]},"properties":{"frp":7.4,"hours":21.5,"at":"2026-08-06T09:47Z"}},{"type":"Feature","geometry":{"type":"Point","coordinates":[29.548,48.495]},"properties":{"frp":12.6,"hours":21.5,"at":"2026-08-06T09:49Z"}},{"type":"Feature","geometry":{"type":"Point","coordinates":[29.539,48.498]},"properties":{"frp":2.2,"hours":21.5,"at":"2026-08-06T09:49Z"}},{"type":"Feature","geometry":{"type":"Point","coordinates":[31.429,48.76]},"properties":{"frp":11.9,"hours":21.5,"at":"2026-08-06T09:49Z"}},{"type":"Feature","geometry":{"type":"Point","coordinates":[31.433,48.761]},"properties":{"frp":9.6,"hours":21.5,"at":"2026-08-06T09:49Z"}},{"type":"Feature","geometry":{"type":"Point","coordinates":[31.426,48.765]},"properties":{"frp":5.5,"hours":21.5,"at":"2026-08-06T09:49Z"}},{"type":"Feature","geometry":{"type":"Point","coordinates":[31.43,48.766]},"properties":{"frp":6.6,"hours":21.5,"at":"2026-08-06T09:49Z"}},{"type":"Feature","geometry":{"type":"Point","coordinates":[26.839,49.091]},"properties":{"frp":30.6,"hours":21.5,"at":"2026-08-06T09:49Z"}},{"type":"Feature","geometry":{"type":"Point","coordinates":[26.846,49.093]},"properties":{"frp":30.6,"hours":21.5,"at":"2026-08-06T09:49Z"}},{"type":"Feature","geometry":{"type":"Point","coordinates":[26.835,49.097]},"properties":{"frp":30.6,"hours":21.5,"at":"2026-08-06T09:49Z"}},{"type":"Feature","geometry":{"type":"Point","coordinates":[26.835,49.098]},"properties":{"frp":17.8,"hours":21.5,"at":"2026-08-06T09:49Z"}},{"type":"Feature","geometry":{"type":"Point","coordinates":[26.841,49.099]},"properties":{"frp":30.6,"hours":21.5,"at":"2026-08-06T09:49Z"}},{"type":"Feature","geometry":{"type":"Point","coordinates":[26.842,49.1]},"properties":{"frp":28.1,"hours":21.5,"at":"2026-08-06T09:49Z"}},{"type":"Feature","geometry":{"type":"Point","coordinates":[29.86,49.927]},"properties":{"frp":5.4,"hours":21.5,"at":"2026-08-06T09:49Z"}},{"type":"Feature","geometry":{"type":"Point","coordinates":[29.842,49.927]},"properties":{"frp":4.0,"hours":21.5,"at":"2026-08-06T09:49Z"}},{"type":"Feature","geometry":{"type":"Point","coordinates":[30.864,50.563]},"properties":{"frp":7.7,"hours":21.5,"at":"2026-08-06T09:49Z"}},{"type":"Feature","geometry":{"type":"Point","coordinates":[30.868,50.564]},"properties":{"frp":7.1,"hours":21.5,"at":"2026-08-06T09:49Z"}},{"type":"Feature","geometry":{"type":"Point","coordinates":[26.948,50.607]},"properties":{"frp":5.0,"hours":21.5,"at":"2026-08-06T09:49Z"}},{"type":"Feature","geometry":{"type":"Point","coordinates":[26.949,50.608]},"properties":{"frp":18.6,"hours":21.5,"at":"2026-08-06T09:49Z"}},{"type":"Feature","geometry":{"type":"Point","coordinates":[26.938,50.611]},"properties":{"frp":13.5,"hours":21.5,"at":"2026-08-06T09:49Z"}},{"type":"Feature","geometry":{"type":"Point","coordinates":[26.944,50.613]},"properties":{"frp":31.6,"hours":21.5,"at":"2026-08-06T09:49Z"}},{"type":"Feature","geometry":{"type":"Point","coordinates":[29.878,50.956]},"properties":{"frp":1.9,"hours":21.5,"at":"2026-08-06T09:49Z"}},{"type":"Feature","geometry":{"type":"Point","coordinates":[32.373,51.069]},"properties":{"frp":22.0,"hours":21.5,"at":"2026-08-06T09:49Z"}},{"type":"Feature","geometry":{"type":"Point","coordinates":[33.358,51.884]},"properties":{"frp":7.5,"hours":21.5,"at":"2026-08-06T09:49Z"}},{"type":"Feature","geometry":{"type":"Point","coordinates":[31.876,51.961]},"properties":{"frp":5.0,"hours":21.5,"at":"2026-08-06T09:49Z"}},{"type":"Feature","geometry":{"type":"Point","coordinates":[31.875,51.962]},"properties":{"frp":3.9,"hours":21.5,"at":"2026-08-06T09:49Z"}},{"type":"Feature","geometry":{"type":"Point","coordinates":[31.653,52.724]},"properties":{"frp":10.6,"hours":21.5,"at":"2026-08-06T09:49Z"}},{"type":"Feature","geometry":{"type":"Point","coordinates":[31.65,52.728]},"properties":{"frp":6.5,"hours":21.5,"at":"2026-08-06T09:49Z"}},{"type":"Feature","geometry":{"type":"Point","coordinates":[31.894,54.806]},"properties":{"frp":1.5,"hours":21.5,"at":"2026-08-06T09:49Z"}},{"type":"Feature","geometry":{"type":"Point","coordinates":[15.114,36.927]},"properties":{"frp":4.0,"hours":19.9,"at":"2026-08-06T11:25Z"}},{"type":"Feature","geometry":{"type":"Point","coordinates":[15.112,36.93]},"properties":{"frp":1.4,"hours":19.9,"at":"2026-08-06T11:25Z"}},{"type":"Feature","geometry":{"type":"Point","coordinates":[14.324,37.135]},"properties":{"frp":11.1,"hours":19.9,"at":"2026-08-06T11:25Z"}},{"type":"Feature","geometry":{"type":"Point","coordinates":[14.322,37.139]},"properties":{"frp":11.1,"hours":19.9,"at":"2026-08-06T11:25Z"}},{"type":"Feature","geometry":{"type":"Point","coordinates":[14.998,37.388]},"properties":{"frp":2.0,"hours":19.9,"at":"2026-08-06T11:25Z"}},{"type":"Feature","geometry":{"type":"Point","coordinates":[14.094,37.443]},"properties":{"frp":6.0,"hours":19.9,"at":"2026-08-06T11:25Z"}},{"type":"Feature","geometry":{"type":"Point","coordinates":[14.094,37.445]},"properties":{"frp":7.6,"hours":19.9,"at":"2026-08-06T11:25Z"}},{"type":"Feature","geometry":{"type":"Point","coordinates":[15.176,37.667]},"properties":{"frp":20.2,"hours":19.9,"at":"2026-08-06T11:25Z"}},{"type":"Feature","geometry":{"type":"Point","coordinates":[32.91,38.001]},"properties":{"frp":20.5,"hours":19.9,"at":"2026-08-06T11:25Z"}},{"type":"Feature","geometry":{"type":"Point","coordinates":[24.573,38.806]},"properties":{"frp":1.4,"hours":19.9,"at":"2026-08-06T11:25Z"}},{"type":"Feature","geometry":{"type":"Point","coordinates":[24.572,38.81]},"properties":{"frp":13.5,"hours":19.9,"at":"2026-08-06T11:25Z"}},{"type":"Feature","geometry":{"type":"Point","coordinates":[32.383,38.971]},"properties":{"frp":10.6,"hours":19.9,"at":"2026-08-06T11:25Z"}},{"type":"Feature","geometry":{"type":"Point","coordinates":[32.546,39.939]},"properties":{"frp":10.8,"hours":19.9,"at":"2026-08-06T11:25Z"}},{"type":"Feature","geometry":{"type":"Point","coordinates":[9.001,36.46]},"properties":{"frp":30.3,"hours":19.8,"at":"2026-08-06T11:28Z"}},{"type":"Feature","geometry":{"type":"Point","coordinates":[12.579,37.766]},"properties":{"frp":2.3,"hours":19.8,"at":"2026-08-06T11:28Z"}},{"type":"Feature","geometry":{"type":"Point","coordinates":[15.008,37.943]},"properties":{"frp":5.6,"hours":19.8,"at":"2026-08-06T11:28Z"}},{"type":"Feature","geometry":{"type":"Point","coordinates":[16.196,38.638]},"properties":{"frp":3.4,"hours":19.8,"at":"2026-08-06T11:28Z"}},{"type":"Feature","geometry":{"type":"Point","coordinates":[16.201,38.639]},"properties":{"frp":3.4,"hours":19.8,"at":"2026-08-06T11:28Z"}},{"type":"Feature","geometry":{"type":"Point","coordinates":[17.005,39.192]},"properties":{"frp":2.8,"hours":19.8,"at":"2026-08-06T11:28Z"}},{"type":"Feature","geometry":{"type":"Point","coordinates":[17.004,39.195]},"properties":{"frp":2.8,"hours":19.8,"at":"2026-08-06T11:28Z"}},{"type":"Feature","geometry":{"type":"Point","coordinates":[17.008,39.196]},"properties":{"frp":7.6,"hours":19.8,"at":"2026-08-06T11:28Z"}},{"type":"Feature","geometry":{"type":"Point","coordinates":[18.284,40.051]},"properties":{"frp":10.0,"hours":19.8,"at":"2026-08-06T11:28Z"}},{"type":"Feature","geometry":{"type":"Point","coordinates":[18.286,40.053]},"properties":{"frp":16.9,"hours":19.8,"at":"2026-08-06T11:28Z"}},{"type":"Feature","geometry":{"type":"Point","coordinates":[23.489,40.314]},"properties":{"frp":1.0,"hours":19.8,"at":"2026-08-06T11:28Z"}},{"type":"Feature","geometry":{"type":"Point","coordinates":[17.493,40.414]},"properties":{"frp":6.8,"hours":19.8,"at":"2026-08-06T11:28Z"}},{"type":"Feature","geometry":{"type":"Point","coordinates":[17.49,40.422]},"properties":{"frp":5.3,"hours":19.8,"at":"2026-08-06T11:28Z"}},{"type":"Feature","geometry":{"type":"Point","coordinates":[17.678,40.436]},"properties":{"frp":10.2,"hours":19.8,"at":"2026-08-06T11:28Z"}},{"type":"Feature","geometry":{"type":"Point","coordinates":[16.717,40.561]},"properties":{"frp":25.8,"hours":19.8,"at":"2026-08-06T11:28Z"}},{"type":"Feature","geometry":{"type":"Point","coordinates":[17.345,40.566]},"properties":{"frp":6.6,"hours":19.8,"at":"2026-08-06T11:28Z"}},{"type":"Feature","geometry":{"type":"Point","coordinates":[17.344,40.57]},"properties":{"frp":25.3,"hours":19.8,"at":"2026-08-06T11:28Z"}},{"type":"Feature","geometry":{"type":"Point","coordinates":[19.782,40.636]},"properties":{"frp":5.0,"hours":19.8,"at":"2026-08-06T11:28Z"}},{"type":"Feature","geometry":{"type":"Point","coordinates":[19.753,40.659]},"properties":{"frp":19.0,"hours":19.8,"at":"2026-08-06T11:28Z"}},{"type":"Feature","geometry":{"type":"Point","coordinates":[19.758,40.66]},"properties":{"frp":19.0,"hours":19.8,"at":"2026-08-06T11:28Z"}},{"type":"Feature","geometry":{"type":"Point","coordinates":[19.763,40.661]},"properties":{"frp":4.8,"hours":19.8,"at":"2026-08-06T11:28Z"}},{"type":"Feature","geometry":{"type":"Point","coordinates":[15.639,41.137]},"properties":{"frp":7.4,"hours":19.8,"at":"2026-08-06T11:28Z"}},{"type":"Feature","geometry":{"type":"Point","coordinates":[19.651,41.151]},"properties":{"frp":19.1,"hours":19.8,"at":"2026-08-06T11:28Z"}},{"type":"Feature","geometry":{"type":"Point","coordinates":[19.656,41.152]},"properties":{"frp":19.1,"hours":19.8,"at":"2026-08-06T11:28Z"}},{"type":"Feature","geometry":{"type":"Point","coordinates":[19.65,41.155]},"properties":{"frp":19.1,"hours":19.8,"at":"2026-08-06T11:28Z"}},{"type":"Feature","geometry":{"type":"Point","coordinates":[19.655,41.156]},"properties":{"frp":19.1,"hours":19.8,"at":"2026-08-06T11:28Z"}},{"type":"Feature","geometry":{"type":"Point","coordinates":[19.649,41.158]},"properties":{"frp":9.5,"hours":19.8,"at":"2026-08-06T11:28Z"}},{"type":"Feature","geometry":{"type":"Point","coordinates":[15.722,41.185]},"properties":{"frp":5.2,"hours":19.8,"at":"2026-08-06T11:28Z"}},{"type":"Feature","geometry":{"type":"Point","coordinates":[15.683,41.258]},"properties":{"frp":7.6,"hours":19.8,"at":"2026-08-06T11:28Z"}},{"type":"Feature","geometry":{"type":"Point","coordinates":[13.831,41.306]},"properties":{"frp":4.1,"hours":19.8,"at":"2026-08-06T11:28Z"}},{"type":"Feature","geometry":{"type":"Point","coordinates":[13.837,41.308]},"properties":{"frp":5.1,"hours":19.8,"at":"2026-08-06T11:28Z"}},{"type":"Feature","geometry":{"type":"Point","coordinates":[13.833,41.308]},"properties":{"frp":8.7,"hours":19.8,"at":"2026-08-06T11:28Z"}},{"type":"Feature","geometry":{"type":"Point","coordinates":[16.197,41.336]},"properties":{"frp":3.4,"hours":19.8,"at":"2026-08-06T11:28Z"}},{"type":"Feature","geometry":{"type":"Point","coordinates":[15.962,41.409]},"properties":{"frp":6.5,"hours":19.8,"at":"2026-08-06T11:28Z"}},{"type":"Feature","geometry":{"type":"Point","coordinates":[15.966,41.41]},"properties":{"frp":6.5,"hours":19.8,"at":"2026-08-06T11:28Z"}},{"type":"Feature","geometry":{"type":"Point","coordinates":[12.856,41.419]},"properties":{"frp":7.5,"hours":19.8,"at":"2026-08-06T11:28Z"}},{"type":"Feature","geometry":{"type":"Point","coordinates":[12.856,41.421]},"properties":{"frp":9.6,"hours":19.8,"at":"2026-08-06T11:28Z"}},{"type":"Feature","geometry":{"type":"Point","coordinates":[26.778,41.498]},"properties":{"frp":9.4,"hours":19.8,"at":"2026-08-06T11:28Z"}},{"type":"Feature","geometry":{"type":"Point","coordinates":[15.356,41.521]},"properties":{"frp":4.7,"hours":19.8,"at":"2026-08-06T11:28Z"}},{"type":"Feature","geometry":{"type":"Point","coordinates":[15.554,41.53]},"properties":{"frp":8.1,"hours":19.8,"at":"2026-08-06T11:28Z"}},{"type":"Feature","geometry":{"type":"Point","coordinates":[15.748,41.564]},"properties":{"frp":3.3,"hours":19.8,"at":"2026-08-06T11:28Z"}},{"type":"Feature","geometry":{"type":"Point","coordinates":[15.526,41.592]},"properties":{"frp":4.4,"hours":19.8,"at":"2026-08-06T11:28Z"}},{"type":"Feature","geometry":{"type":"Point","coordinates":[15.525,41.596]},"properties":{"frp":4.4,"hours":19.8,"at":"2026-08-06T11:28Z"}},{"type":"Feature","geometry":{"type":"Point","coordinates":[12.57,41.73]},"properties":{"frp":14.3,"hours":19.8,"at":"2026-08-06T11:28Z"}},{"type":"Feature","geometry":{"type":"Point","coordinates":[12.576,41.731]},"properties":{"frp":6.7,"hours":19.8,"at":"2026-08-06T11:28Z"}},{"type":"Feature","geometry":{"type":"Point","coordinates":[15.44,41.861]},"properties":{"frp":2.5,"hours":19.8,"at":"2026-08-06T11:28Z"}},{"type":"Feature","geometry":{"type":"Point","coordinates":[21.022,41.979]},"properties":{"frp":13.4,"hours":19.8,"at":"2026-08-06T11:28Z"}},{"type":"Feature","geometry":{"type":"Point","coordinates":[14.705,42.005]},"properties":{"frp":2.9,"hours":19.8,"at":"2026-08-06T11:28Z"}},{"type":"Feature","geometry":{"type":"Point","coordinates":[14.71,42.007]},"properties":{"frp":2.9,"hours":19.8,"at":"2026-08-06T11:28Z"}},{"type":"Feature","geometry":{"type":"Point","coordinates":[19.191,42.06]},"properties":{"frp":7.6,"hours":19.8,"at":"2026-08-06T11:28Z"}},{"type":"Feature","geometry":{"type":"Point","coordinates":[13.479,42.227]},"properties":{"frp":18.1,"hours":19.8,"at":"2026-08-06T11:28Z"}},{"type":"Feature","geometry":{"type":"Point","coordinates":[13.48,42.229]},"properties":{"frp":19.6,"hours":19.8,"at":"2026-08-06T11:28Z"}},{"type":"Feature","geometry":{"type":"Point","coordinates":[13.478,42.232]},"properties":{"frp":18.1,"hours":19.8,"at":"2026-08-06T11:28Z"}},{"type":"Feature","geometry":{"type":"Point","coordinates":[13.48,42.233]},"properties":{"frp":19.6,"hours":19.8,"at":"2026-08-06T11:28Z"}},{"type":"Feature","geometry":{"type":"Point","coordinates":[13.473,42.235]},"properties":{"frp":11.4,"hours":19.8,"at":"2026-08-06T11:28Z"}},{"type":"Feature","geometry":{"type":"Point","coordinates":[24.088,42.323]},"properties":{"frp":30.6,"hours":19.8,"at":"2026-08-06T11:28Z"}},{"type":"Feature","geometry":{"type":"Point","coordinates":[24.078,42.325]},"properties":{"frp":32.0,"hours":19.8,"at":"2026-08-06T11:28Z"}},{"type":"Feature","geometry":{"type":"Point","coordinates":[24.083,42.326]},"properties":{"frp":30.6,"hours":19.8,"at":"2026-08-06T11:28Z"}},{"type":"Feature","geometry":{"type":"Point","coordinates":[24.087,42.326]},"properties":{"frp":30.6,"hours":19.8,"at":"2026-08-06T11:28Z"}},{"type":"Feature","geometry":{"type":"Point","coordinates":[24.077,42.328]},"properties":{"frp":19.9,"hours":19.8,"at":"2026-08-06T11:28Z"}},{"type":"Feature","geometry":{"type":"Point","coordinates":[24.082,42.329]},"properties":{"frp":32.9,"hours":19.8,"at":"2026-08-06T11:28Z"}},{"type":"Feature","geometry":{"type":"Point","coordinates":[24.087,42.33]},"properties":{"frp":32.9,"hours":19.8,"at":"2026-08-06T11:28Z"}},{"type":"Feature","geometry":{"type":"Point","coordinates":[24.081,42.332]},"properties":{"frp":32.9,"hours":19.8,"at":"2026-08-06T11:28Z"}},{"type":"Feature","geometry":{"type":"Point","coordinates":[24.086,42.333]},"properties":{"frp":32.9,"hours":19.8,"at":"2026-08-06T11:28Z"}},{"type":"Feature","geometry":{"type":"Point","coordinates":[24.08,42.336]},"properties":{"frp":7.9,"hours":19.8,"at":"2026-08-06T11:28Z"}},{"type":"Feature","geometry":{"type":"Point","coordinates":[18.972,42.545]},"properties":{"frp":13.2,"hours":19.8,"at":"2026-08-06T11:28Z"}},{"type":"Feature","geometry":{"type":"Point","coordinates":[18.977,42.546]},"properties":{"frp":8.7,"hours":19.8,"at":"2026-08-06T11:28Z"}},{"type":"Feature","geometry":{"type":"Point","coordinates":[21.689,42.554]},"properties":{"frp":11.4,"hours":19.8,"at":"2026-08-06T11:28Z"}},{"type":"Feature","geometry":{"type":"Point","coordinates":[21.694,42.555]},"properties":{"frp":11.4,"hours":19.8,"at":"2026-08-06T11:28Z"}},{"type":"Feature","geometry":{"type":"Point","coordinates":[26.269,42.614]},"properties":{"frp":3.7,"hours":19.8,"at":"2026-08-06T11:28Z"}},{"type":"Feature","geometry":{"type":"Point","coordinates":[26.274,42.615]},"properties":{"frp":3.7,"hours":19.8,"at":"2026-08-06T11:28Z"}},{"type":"Feature","geometry":{"type":"Point","coordinates":[26.274,42.618]},"properties":{"frp":3.7,"hours":19.8,"at":"2026-08-06T11:28Z"}},{"type":"Feature","geometry":{"type":"Point","coordinates":[20.6,42.625]},"properties":{"frp":4.0,"hours":19.8,"at":"2026-08-06T11:28Z"}},{"type":"Feature","geometry":{"type":"Point","coordinates":[18.302,42.648]},"properties":{"frp":19.3,"hours":19.8,"at":"2026-08-06T11:28Z"}},{"type":"Feature","geometry":{"type":"Point","coordinates":[26.577,42.8]},"properties":{"frp":18.8,"hours":19.8,"at":"2026-08-06T11:28Z"}},{"type":"Feature","geometry":{"type":"Point","coordinates":[26.582,42.801]},"properties":{"frp":18.8,"hours":19.8,"at":"2026-08-06T11:28Z"}},{"type":"Feature","geometry":{"type":"Point","coordinates":[26.582,42.804]},"properties":{"frp":18.8,"hours":19.8,"at":"2026-08-06T11:28Z"}},{"type":"Feature","geometry":{"type":"Point","coordinates":[26.581,42.808]},"properties":{"frp":8.9,"hours":19.8,"at":"2026-08-06T11:28Z"}},{"type":"Feature","geometry":{"type":"Point","coordinates":[26.58,42.811]},"properties":{"frp":8.9,"hours":19.8,"at":"2026-08-06T11:28Z"}},{"type":"Feature","geometry":{"type":"Point","coordinates":[24.316,43.02]},"properties":{"frp":3.6,"hours":19.8,"at":"2026-08-06T11:28Z"}},{"type":"Feature","geometry":{"type":"Point","coordinates":[24.321,43.021]},"properties":{"frp":6.0,"hours":19.8,"at":"2026-08-06T11:28Z"}},{"type":"Feature","geometry":{"type":"Point","coordinates":[24.315,43.024]},"properties":{"frp":3.6,"hours":19.8,"at":"2026-08-06T11:28Z"}},{"type":"Feature","geometry":{"type":"Point","coordinates":[24.32,43.024]},"properties":{"frp":6.0,"hours":19.8,"at":"2026-08-06T11:28Z"}},{"type":"Feature","geometry":{"type":"Point","coordinates":[24.325,43.025]},"properties":{"frp":6.0,"hours":19.8,"at":"2026-08-06T11:28Z"}},{"type":"Feature","geometry":{"type":"Point","coordinates":[24.319,43.028]},"properties":{"frp":4.3,"hours":19.8,"at":"2026-08-06T11:28Z"}},{"type":"Feature","geometry":{"type":"Point","coordinates":[10.721,43.084]},"properties":{"frp":5.7,"hours":19.8,"at":"2026-08-06T11:28Z"}},{"type":"Feature","geometry":{"type":"Point","coordinates":[10.728,43.086]},"properties":{"frp":5.7,"hours":19.8,"at":"2026-08-06T11:28Z"}},{"type":"Feature","geometry":{"type":"Point","coordinates":[10.726,43.09]},"properties":{"frp":12.3,"hours":19.8,"at":"2026-08-06T11:28Z"}},{"type":"Feature","geometry":{"type":"Point","coordinates":[19.377,43.192]},"properties":{"frp":2.4,"hours":19.8,"at":"2026-08-06T11:28Z"}},{"type":"Feature","geometry":{"type":"Point","coordinates":[22.445,43.454]},"properties":{"frp":6.5,"hours":19.8,"at":"2026-08-06T11:28Z"}},{"type":"Feature","geometry":{"type":"Point","coordinates":[22.45,43.454]},"properties":{"frp":6.5,"hours":19.8,"at":"2026-08-06T11:28Z"}},{"type":"Feature","geometry":{"type":"Point","coordinates":[20.605,43.586]},"properties":{"frp":6.4,"hours":19.8,"at":"2026-08-06T11:28Z"}},{"type":"Feature","geometry":{"type":"Point","coordinates":[20.599,43.589]},"properties":{"frp":6.4,"hours":19.8,"at":"2026-08-06T11:28Z"}},{"type":"Feature","geometry":{"type":"Point","coordinates":[20.816,43.714]},"properties":{"frp":4.8,"hours":19.8,"at":"2026-08-06T11:28Z"}},{"type":"Feature","geometry":{"type":"Point","coordinates":[21.376,43.743]},"properties":{"frp":3.7,"hours":19.8,"at":"2026-08-06T11:28Z"}},{"type":"Feature","geometry":{"type":"Point","coordinates":[16.086,43.766]},"properties":{"frp":6.7,"hours":19.8,"at":"2026-08-06T11:28Z"}},{"type":"Feature","geometry":{"type":"Point","coordinates":[24.46,43.919]},"properties":{"frp":5.4,"hours":19.8,"at":"2026-08-06T11:28Z"}},{"type":"Feature","geometry":{"type":"Point","coordinates":[24.463,43.919]},"properties":{"frp":8.0,"hours":19.8,"at":"2026-08-06T11:28Z"}},{"type":"Feature","geometry":{"type":"Point","coordinates":[22.3,43.923]},"properties":{"frp":0.7,"hours":19.8,"at":"2026-08-06T11:28Z"}},{"type":"Feature","geometry":{"type":"Point","coordinates":[27.402,44.212]},"properties":{"frp":9.1,"hours":19.8,"at":"2026-08-06T11:28Z"}},{"type":"Feature","geometry":{"type":"Point","coordinates":[18.616,44.236]},"properties":{"frp":3.0,"hours":19.8,"at":"2026-08-06T11:28Z"}},{"type":"Feature","geometry":{"type":"Point","coordinates":[25.283,44.54]},"properties":{"frp":3.5,"hours":19.8,"at":"2026-08-06T11:28Z"}},{"type":"Feature","geometry":{"type":"Point","coordinates":[21.231,44.596]},"properties":{"frp":3.3,"hours":19.8,"at":"2026-08-06T11:28Z"}},{"type":"Feature","geometry":{"type":"Point","coordinates":[20.527,44.599]},"properties":{"frp":1.7,"hours":19.8,"at":"2026-08-06T11:28Z"}},{"type":"Feature","geometry":{"type":"Point","coordinates":[16.571,44.756]},"properties":{"frp":3.2,"hours":19.8,"at":"2026-08-06T11:28Z"}},{"type":"Feature","geometry":{"type":"Point","coordinates":[24.449,44.76]},"properties":{"frp":4.6,"hours":19.8,"at":"2026-08-06T11:28Z"}},{"type":"Feature","geometry":{"type":"Point","coordinates":[11.57,44.802]},"properties":{"frp":4.9,"hours":19.8,"at":"2026-08-06T11:28Z"}},{"type":"Feature","geometry":{"type":"Point","coordinates":[11.569,44.803]},"properties":{"frp":3.1,"hours":19.8,"at":"2026-08-06T11:28Z"}},{"type":"Feature","geometry":{"type":"Point","coordinates":[27.492,44.838]},"properties":{"frp":7.0,"hours":19.8,"at":"2026-08-06T11:28Z"}},{"type":"Feature","geometry":{"type":"Point","coordinates":[21.127,44.857]},"properties":{"frp":34.0,"hours":19.8,"at":"2026-08-06T11:28Z"}},{"type":"Feature","geometry":{"type":"Point","coordinates":[21.121,44.859]},"properties":{"frp":254.8,"hours":19.8,"at":"2026-08-06T11:28Z"}},{"type":"Feature","geometry":{"type":"Point","coordinates":[21.12,44.862]},"properties":{"frp":19.0,"hours":19.8,"at":"2026-08-06T11:28Z"}},{"type":"Feature","geometry":{"type":"Point","coordinates":[21.144,44.866]},"properties":{"frp":138.8,"hours":19.8,"at":"2026-08-06T11:28Z"}},{"type":"Feature","geometry":{"type":"Point","coordinates":[21.138,44.869]},"properties":{"frp":93.2,"hours":19.8,"at":"2026-08-06T11:28Z"}},{"type":"Feature","geometry":{"type":"Point","coordinates":[21.118,44.869]},"properties":{"frp":9.7,"hours":19.8,"at":"2026-08-06T11:28Z"}},{"type":"Feature","geometry":{"type":"Point","coordinates":[21.143,44.87]},"properties":{"frp":138.8,"hours":19.8,"at":"2026-08-06T11:28Z"}},{"type":"Feature","geometry":{"type":"Point","coordinates":[21.142,44.873]},"properties":{"frp":33.4,"hours":19.8,"at":"2026-08-06T11:28Z"}},{"type":"Feature","geometry":{"type":"Point","coordinates":[21.147,44.874]},"properties":{"frp":33.4,"hours":19.8,"at":"2026-08-06T11:28Z"}},{"type":"Feature","geometry":{"type":"Point","coordinates":[21.131,44.875]},"properties":{"frp":116.6,"hours":19.8,"at":"2026-08-06T11:28Z"}},{"type":"Feature","geometry":{"type":"Point","coordinates":[21.116,44.876]},"properties":{"frp":5.1,"hours":19.8,"at":"2026-08-06T11:28Z"}},{"type":"Feature","geometry":{"type":"Point","coordinates":[21.141,44.876]},"properties":{"frp":33.4,"hours":19.8,"at":"2026-08-06T11:28Z"}},{"type":"Feature","geometry":{"type":"Point","coordinates":[18.367,44.986]},"properties":{"frp":6.7,"hours":19.8,"at":"2026-08-06T11:28Z"}},{"type":"Feature","geometry":{"type":"Point","coordinates":[27.808,45.393]},"properties":{"frp":7.0,"hours":19.8,"at":"2026-08-06T11:28Z"}},{"type":"Feature","geometry":{"type":"Point","coordinates":[29.047,45.504]},"properties":{"frp":4.3,"hours":19.8,"at":"2026-08-06T11:28Z"}},{"type":"Feature","geometry":{"type":"Point","coordinates":[28.626,45.629]},"properties":{"frp":5.8,"hours":19.8,"at":"2026-08-06T11:28Z"}},{"type":"Feature","geometry":{"type":"Point","coordinates":[29.547,45.664]},"properties":{"frp":1.6,"hours":19.8,"at":"2026-08-06T11:28Z"}},{"type":"Feature","geometry":{"type":"Point","coordinates":[28.798,45.673]},"properties":{"frp":9.4,"hours":19.8,"at":"2026-08-06T11:28Z"}},{"type":"Feature","geometry":{"type":"Point","coordinates":[29.196,45.777]},"properties":{"frp":5.1,"hours":19.8,"at":"2026-08-06T11:28Z"}},{"type":"Feature","geometry":{"type":"Point","coordinates":[28.787,45.784]},"properties":{"frp":2.8,"hours":19.8,"at":"2026-08-06T11:28Z"}},{"type":"Feature","geometry":{"type":"Point","coordinates":[29.048,45.875]},"properties":{"frp":4.2,"hours":19.8,"at":"2026-08-06T11:28Z"}},{"type":"Feature","geometry":{"type":"Point","coordinates":[30.193,46.015]},"properties":{"frp":5.2,"hours":19.8,"at":"2026-08-06T11:28Z"}},{"type":"Feature","geometry":{"type":"Point","coordinates":[30.195,46.016]},"properties":{"frp":4.7,"hours":19.8,"at":"2026-08-06T11:28Z"}},{"type":"Feature","geometry":{"type":"Point","coordinates":[30.19,46.037]},"properties":{"frp":13.0,"hours":19.8,"at":"2026-08-06T11:28Z"}},{"type":"Feature","geometry":{"type":"Point","coordinates":[33.089,46.147]},"properties":{"frp":5.5,"hours":19.8,"at":"2026-08-06T11:28Z"}},{"type":"Feature","geometry":{"type":"Point","coordinates":[33.093,46.147]},"properties":{"frp":5.5,"hours":19.8,"at":"2026-08-06T11:28Z"}},{"type":"Feature","geometry":{"type":"Point","coordinates":[33.088,46.152]},"properties":{"frp":5.5,"hours":19.8,"at":"2026-08-06T11:28Z"}},{"type":"Feature","geometry":{"type":"Point","coordinates":[33.093,46.153]},"properties":{"frp":5.5,"hours":19.8,"at":"2026-08-06T11:28Z"}},{"type":"Feature","geometry":{"type":"Point","coordinates":[33.097,46.153]},"properties":{"frp":9.0,"hours":19.8,"at":"2026-08-06T11:28Z"}},{"type":"Feature","geometry":{"type":"Point","coordinates":[33.101,46.153]},"properties":{"frp":9.0,"hours":19.8,"at":"2026-08-06T11:28Z"}},{"type":"Feature","geometry":{"type":"Point","coordinates":[32.902,46.163]},"properties":{"frp":1.4,"hours":19.8,"at":"2026-08-06T11:28Z"}},{"type":"Feature","geometry":{"type":"Point","coordinates":[32.906,46.163]},"properties":{"frp":4.6,"hours":19.8,"at":"2026-08-06T11:28Z"}},{"type":"Feature","geometry":{"type":"Point","coordinates":[28.781,46.202]},"properties":{"frp":5.2,"hours":19.8,"at":"2026-08-06T11:28Z"}},{"type":"Feature","geometry":{"type":"Point","coordinates":[26.863,46.244]},"properties":{"frp":5.8,"hours":19.8,"at":"2026-08-06T11:28Z"}},{"type":"Feature","geometry":{"type":"Point","coordinates":[32.141,46.489]},"properties":{"frp":11.7,"hours":19.8,"at":"2026-08-06T11:28Z"}},{"type":"Feature","geometry":{"type":"Point","coordinates":[32.664,46.496]},"properties":{"frp":9.8,"hours":19.8,"at":"2026-08-06T11:28Z"}},{"type":"Feature","geometry":{"type":"Point","coordinates":[32.673,46.497]},"properties":{"frp":9.8,"hours":19.8,"at":"2026-08-06T11:28Z"}},{"type":"Feature","geometry":{"type":"Point","coordinates":[32.672,46.498]},"properties":{"frp":7.8,"hours":19.8,"at":"2026-08-06T11:28Z"}},{"type":"Feature","geometry":{"type":"Point","coordinates":[32.788,46.508]},"properties":{"frp":5.3,"hours":19.8,"at":"2026-08-06T11:28Z"}},{"type":"Feature","geometry":{"type":"Point","coordinates":[32.792,46.508]},"properties":{"frp":5.3,"hours":19.8,"at":"2026-08-06T11:28Z"}},{"type":"Feature","geometry":{"type":"Point","coordinates":[31.749,46.52]},"properties":{"frp":12.2,"hours":19.8,"at":"2026-08-06T11:28Z"}},{"type":"Feature","geometry":{"type":"Point","coordinates":[31.756,46.521]},"properties":{"frp":12.2,"hours":19.8,"at":"2026-08-06T11:28Z"}},{"type":"Feature","geometry":{"type":"Point","coordinates":[32.519,46.524]},"properties":{"frp":7.6,"hours":19.8,"at":"2026-08-06T11:28Z"}},{"type":"Feature","geometry":{"type":"Point","coordinates":[31.756,46.525]},"properties":{"frp":23.9,"hours":19.8,"at":"2026-08-06T11:28Z"}},{"type":"Feature","geometry":{"type":"Point","coordinates":[32.609,46.539]},"properties":{"frp":16.5,"hours":19.8,"at":"2026-08-06T11:28Z"}},{"type":"Feature","geometry":{"type":"Point","coordinates":[33.249,46.545]},"properties":{"frp":2.7,"hours":19.8,"at":"2026-08-06T11:28Z"}},{"type":"Feature","geometry":{"type":"Point","coordinates":[33.254,46.545]},"properties":{"frp":2.7,"hours":19.8,"at":"2026-08-06T11:28Z"}},{"type":"Feature","geometry":{"type":"Point","coordinates":[33.272,46.546]},"properties":{"frp":4.6,"hours":19.8,"at":"2026-08-06T11:28Z"}},{"type":"Feature","geometry":{"type":"Point","coordinates":[33.258,46.55]},"properties":{"frp":4.7,"hours":19.8,"at":"2026-08-06T11:28Z"}},{"type":"Feature","geometry":{"type":"Point","coordinates":[33.262,46.551]},"properties":{"frp":4.7,"hours":19.8,"at":"2026-08-06T11:28Z"}},{"type":"Feature","geometry":{"type":"Point","coordinates":[33.271,46.551]},"properties":{"frp":4.6,"hours":19.8,"at":"2026-08-06T11:28Z"}},{"type":"Feature","geometry":{"type":"Point","coordinates":[31.844,46.674]},"properties":{"frp":8.9,"hours":19.8,"at":"2026-08-06T11:28Z"}},{"type":"Feature","geometry":{"type":"Point","coordinates":[31.72,46.681]},"properties":{"frp":10.7,"hours":19.8,"at":"2026-08-06T11:28Z"}},{"type":"Feature","geometry":{"type":"Point","coordinates":[31.727,46.682]},"properties":{"frp":10.6,"hours":19.8,"at":"2026-08-06T11:28Z"}},{"type":"Feature","geometry":{"type":"Point","coordinates":[31.719,46.686]},"properties":{"frp":6.2,"hours":19.8,"at":"2026-08-06T11:28Z"}},{"type":"Feature","geometry":{"type":"Point","coordinates":[31.727,46.687]},"properties":{"frp":5.6,"hours":19.8,"at":"2026-08-06T11:28Z"}},{"type":"Feature","geometry":{"type":"Point","coordinates":[33.677,46.706]},"properties":{"frp":2.9,"hours":19.8,"at":"2026-08-06T11:28Z"}},{"type":"Feature","geometry":{"type":"Point","coordinates":[30.095,46.765]},"properties":{"frp":12.3,"hours":19.8,"at":"2026-08-06T11:28Z"}},{"type":"Feature","geometry":{"type":"Point","coordinates":[30.101,46.765]},"properties":{"frp":21.1,"hours":19.8,"at":"2026-08-06T11:28Z"}},{"type":"Feature","geometry":{"type":"Point","coordinates":[30.108,46.766]},"properties":{"frp":21.1,"hours":19.8,"at":"2026-08-06T11:28Z"}},{"type":"Feature","geometry":{"type":"Point","coordinates":[30.114,46.766]},"properties":{"frp":12.3,"hours":19.8,"at":"2026-08-06T11:28Z"}},{"type":"Feature","geometry":{"type":"Point","coordinates":[30.163,46.783]},"properties":{"frp":3.7,"hours":19.8,"at":"2026-08-06T11:28Z"}},{"type":"Feature","geometry":{"type":"Point","coordinates":[32.841,46.797]},"properties":{"frp":9.2,"hours":19.8,"at":"2026-08-06T11:28Z"}},{"type":"Feature","geometry":{"type":"Point","coordinates":[32.845,46.798]},"properties":{"frp":6.0,"hours":19.8,"at":"2026-08-06T11:28Z"}},{"type":"Feature","geometry":{"type":"Point","coordinates":[33.55,46.8]},"properties":{"frp":4.3,"hours":19.8,"at":"2026-08-06T11:28Z"}},{"type":"Feature","geometry":{"type":"Point","coordinates":[32.838,46.8]},"properties":{"frp":9.0,"hours":19.8,"at":"2026-08-06T11:28Z"}},{"type":"Feature","geometry":{"type":"Point","coordinates":[32.842,46.801]},"properties":{"frp":9.0,"hours":19.8,"at":"2026-08-06T11:28Z"}},{"type":"Feature","geometry":{"type":"Point","coordinates":[32.841,46.803]},"properties":{"frp":9.2,"hours":19.8,"at":"2026-08-06T11:28Z"}},{"type":"Feature","geometry":{"type":"Point","coordinates":[32.845,46.803]},"properties":{"frp":6.0,"hours":19.8,"at":"2026-08-06T11:28Z"}},{"type":"Feature","geometry":{"type":"Point","coordinates":[33.171,46.836]},"properties":{"frp":4.0,"hours":19.8,"at":"2026-08-06T11:28Z"}},{"type":"Feature","geometry":{"type":"Point","coordinates":[33.171,46.841]},"properties":{"frp":4.0,"hours":19.8,"at":"2026-08-06T11:28Z"}},{"type":"Feature","geometry":{"type":"Point","coordinates":[33.175,46.841]},"properties":{"frp":4.0,"hours":19.8,"at":"2026-08-06T11:28Z"}},{"type":"Feature","geometry":{"type":"Point","coordinates":[33.357,46.902]},"properties":{"frp":3.2,"hours":19.8,"at":"2026-08-06T11:28Z"}},{"type":"Feature","geometry":{"type":"Point","coordinates":[33.212,46.932]},"properties":{"frp":5.6,"hours":19.8,"at":"2026-08-06T11:28Z"}},{"type":"Feature","geometry":{"type":"Point","coordinates":[33.213,46.933]},"properties":{"frp":5.7,"hours":19.8,"at":"2026-08-06T11:28Z"}},{"type":"Feature","geometry":{"type":"Point","coordinates":[33.28,46.951]},"properties":{"frp":3.8,"hours":19.8,"at":"2026-08-06T11:28Z"}},{"type":"Feature","geometry":{"type":"Point","coordinates":[33.179,46.957]},"properties":{"frp":2.2,"hours":19.8,"at":"2026-08-06T11:28Z"}},{"type":"Feature","geometry":{"type":"Point","coordinates":[33.591,46.964]},"properties":{"frp":4.4,"hours":19.8,"at":"2026-08-06T11:28Z"}},{"type":"Feature","geometry":{"type":"Point","coordinates":[33.15,46.977]},"properties":{"frp":5.6,"hours":19.8,"at":"2026-08-06T11:28Z"}},{"type":"Feature","geometry":{"type":"Point","coordinates":[33.155,46.977]},"properties":{"frp":5.6,"hours":19.8,"at":"2026-08-06T11:28Z"}},{"type":"Feature","geometry":{"type":"Point","coordinates":[33.141,46.981]},"properties":{"frp":6.9,"hours":19.8,"at":"2026-08-06T11:28Z"}},{"type":"Feature","geometry":{"type":"Point","coordinates":[33.145,46.982]},"properties":{"frp":6.9,"hours":19.8,"at":"2026-08-06T11:28Z"}},{"type":"Feature","geometry":{"type":"Point","coordinates":[33.6,47.033]},"properties":{"frp":14.6,"hours":19.8,"at":"2026-08-06T11:28Z"}},{"type":"Feature","geometry":{"type":"Point","coordinates":[33.605,47.034]},"properties":{"frp":14.6,"hours":19.8,"at":"2026-08-06T11:28Z"}},{"type":"Feature","geometry":{"type":"Point","coordinates":[32.356,47.058]},"properties":{"frp":13.3,"hours":19.8,"at":"2026-08-06T11:28Z"}},{"type":"Feature","geometry":{"type":"Point","coordinates":[33.118,47.101]},"properties":{"frp":2.7,"hours":19.8,"at":"2026-08-06T11:28Z"}},{"type":"Feature","geometry":{"type":"Point","coordinates":[33.065,47.152]},"properties":{"frp":4.8,"hours":19.8,"at":"2026-08-06T11:28Z"}},{"type":"Feature","geometry":{"type":"Point","coordinates":[33.037,47.156]},"properties":{"frp":20.1,"hours":19.8,"at":"2026-08-06T11:28Z"}},{"type":"Feature","geometry":{"type":"Point","coordinates":[33.516,47.156]},"properties":{"frp":3.2,"hours":19.8,"at":"2026-08-06T11:28Z"}},{"type":"Feature","geometry":{"type":"Point","coordinates":[33.042,47.156]},"properties":{"frp":20.1,"hours":19.8,"at":"2026-08-06T11:28Z"}},{"type":"Feature","geometry":{"type":"Point","coordinates":[33.046,47.156]},"properties":{"frp":19.1,"hours":19.8,"at":"2026-08-06T11:28Z"}},{"type":"Feature","geometry":{"type":"Point","coordinates":[33.051,47.157]},"properties":{"frp":19.1,"hours":19.8,"at":"2026-08-06T11:28Z"}},{"type":"Feature","geometry":{"type":"Point","coordinates":[33.055,47.157]},"properties":{"frp":11.9,"hours":19.8,"at":"2026-08-06T11:28Z"}},{"type":"Feature","geometry":{"type":"Point","coordinates":[33.069,47.157]},"properties":{"frp":3.9,"hours":19.8,"at":"2026-08-06T11:28Z"}},{"type":"Feature","geometry":{"type":"Point","coordinates":[33.517,47.161]},"properties":{"frp":2.6,"hours":19.8,"at":"2026-08-06T11:28Z"}},{"type":"Feature","geometry":{"type":"Point","coordinates":[33.516,47.161]},"properties":{"frp":3.2,"hours":19.8,"at":"2026-08-06T11:28Z"}},{"type":"Feature","geometry":{"type":"Point","coordinates":[33.046,47.161]},"properties":{"frp":19.1,"hours":19.8,"at":"2026-08-06T11:28Z"}},{"type":"Feature","geometry":{"type":"Point","coordinates":[33.05,47.162]},"properties":{"frp":19.1,"hours":19.8,"at":"2026-08-06T11:28Z"}},{"type":"Feature","geometry":{"type":"Point","coordinates":[33.055,47.162]},"properties":{"frp":11.9,"hours":19.8,"at":"2026-08-06T11:28Z"}},{"type":"Feature","geometry":{"type":"Point","coordinates":[33.059,47.162]},"properties":{"frp":11.9,"hours":19.8,"at":"2026-08-06T11:28Z"}},{"type":"Feature","geometry":{"type":"Point","coordinates":[33.063,47.162]},"properties":{"frp":3.9,"hours":19.8,"at":"2026-08-06T11:28Z"}},{"type":"Feature","geometry":{"type":"Point","coordinates":[33.068,47.162]},"properties":{"frp":3.9,"hours":19.8,"at":"2026-08-06T11:28Z"}},{"type":"Feature","geometry":{"type":"Point","coordinates":[33.059,47.167]},"properties":{"frp":9.0,"hours":19.8,"at":"2026-08-06T11:28Z"}},{"type":"Feature","geometry":{"type":"Point","coordinates":[33.063,47.167]},"properties":{"frp":8.3,"hours":19.8,"at":"2026-08-06T11:28Z"}},{"type":"Feature","geometry":{"type":"Point","coordinates":[30.943,47.191]},"properties":{"frp":4.2,"hours":19.8,"at":"2026-08-06T11:28Z"}},{"type":"Feature","geometry":{"type":"Point","coordinates":[33.509,47.197]},"properties":{"frp":5.8,"hours":19.8,"at":"2026-08-06T11:28Z"}},{"type":"Feature","geometry":{"type":"Point","coordinates":[33.514,47.197]},"properties":{"frp":8.0,"hours":19.8,"at":"2026-08-06T11:28Z"}},{"type":"Feature","geometry":{"type":"Point","coordinates":[32.824,47.197]},"properties":{"frp":20.6,"hours":19.8,"at":"2026-08-06T11:28Z"}},{"type":"Feature","geometry":{"type":"Point","coordinates":[32.828,47.198]},"properties":{"frp":4.9,"hours":19.8,"at":"2026-08-06T11:28Z"}},{"type":"Feature","geometry":{"type":"Point","coordinates":[32.819,47.202]},"properties":{"frp":20.6,"hours":19.8,"at":"2026-08-06T11:28Z"}},{"type":"Feature","geometry":{"type":"Point","coordinates":[32.824,47.203]},"properties":{"frp":20.6,"hours":19.8,"at":"2026-08-06T11:28Z"}},{"type":"Feature","geometry":{"type":"Point","coordinates":[32.828,47.203]},"properties":{"frp":4.9,"hours":19.8,"at":"2026-08-06T11:28Z"}},{"type":"Feature","geometry":{"type":"Point","coordinates":[33.68,47.22]},"properties":{"frp":5.8,"hours":19.8,"at":"2026-08-06T11:28Z"}},{"type":"Feature","geometry":{"type":"Point","coordinates":[33.685,47.22]},"properties":{"frp":6.5,"hours":19.8,"at":"2026-08-06T11:28Z"}},{"type":"Feature","geometry":{"type":"Point","coordinates":[33.651,47.224]},"properties":{"frp":10.0,"hours":19.8,"at":"2026-08-06T11:28Z"}},{"type":"Feature","geometry":{"type":"Point","coordinates":[33.656,47.225]},"properties":{"frp":5.9,"hours":19.8,"at":"2026-08-06T11:28Z"}},{"type":"Feature","geometry":{"type":"Point","coordinates":[33.655,47.23]},"properties":{"frp":5.9,"hours":19.8,"at":"2026-08-06T11:28Z"}},{"type":"Feature","geometry":{"type":"Point","coordinates":[33.66,47.23]},"properties":{"frp":5.9,"hours":19.8,"at":"2026-08-06T11:28Z"}},{"type":"Feature","geometry":{"type":"Point","coordinates":[33.665,47.23]},"properties":{"frp":3.8,"hours":19.8,"at":"2026-08-06T11:28Z"}},{"type":"Feature","geometry":{"type":"Point","coordinates":[33.655,47.235]},"properties":{"frp":2.1,"hours":19.8,"at":"2026-08-06T11:28Z"}},{"type":"Feature","geometry":{"type":"Point","coordinates":[28.415,47.246]},"properties":{"frp":3.7,"hours":19.8,"at":"2026-08-06T11:28Z"}},{"type":"Feature","geometry":{"type":"Point","coordinates":[30.934,47.654]},"properties":{"frp":3.5,"hours":19.8,"at":"2026-08-06T11:28Z"}},{"type":"Feature","geometry":{"type":"Point","coordinates":[30.93,47.656]},"properties":{"frp":10.7,"hours":19.8,"at":"2026-08-06T11:28Z"}},{"type":"Feature","geometry":{"type":"Point","coordinates":[30.933,47.659]},"properties":{"frp":13.2,"hours":19.8,"at":"2026-08-06T11:28Z"}},{"type":"Feature","geometry":{"type":"Point","coordinates":[32.453,47.701]},"properties":{"frp":23.0,"hours":19.8,"at":"2026-08-06T11:28Z"}},{"type":"Feature","geometry":{"type":"Point","coordinates":[32.462,47.701]},"properties":{"frp":23.0,"hours":19.8,"at":"2026-08-06T11:28Z"}},{"type":"Feature","geometry":{"type":"Point","coordinates":[33.123,47.733]},"properties":{"frp":4.6,"hours":19.8,"at":"2026-08-06T11:28Z"}},{"type":"Feature","geometry":{"type":"Point","coordinates":[31.956,47.765]},"properties":{"frp":13.8,"hours":19.8,"at":"2026-08-06T11:28Z"}},{"type":"Feature","geometry":{"type":"Point","coordinates":[31.956,47.77]},"properties":{"frp":13.8,"hours":19.8,"at":"2026-08-06T11:28Z"}},{"type":"Feature","geometry":{"type":"Point","coordinates":[32.925,47.818]},"properties":{"frp":3.0,"hours":19.8,"at":"2026-08-06T11:28Z"}},{"type":"Feature","geometry":{"type":"Point","coordinates":[32.93,47.819]},"properties":{"frp":3.0,"hours":19.8,"at":"2026-08-06T11:28Z"}},{"type":"Feature","geometry":{"type":"Point","coordinates":[33.738,48.03]},"properties":{"frp":106.8,"hours":19.8,"at":"2026-08-06T11:28Z"}},{"type":"Feature","geometry":{"type":"Point","coordinates":[33.743,48.03]},"properties":{"frp":107.1,"hours":19.8,"at":"2026-08-06T11:28Z"}},{"type":"Feature","geometry":{"type":"Point","coordinates":[33.748,48.03]},"properties":{"frp":107.1,"hours":19.8,"at":"2026-08-06T11:28Z"}},{"type":"Feature","geometry":{"type":"Point","coordinates":[33.738,48.035]},"properties":{"frp":26.6,"hours":19.8,"at":"2026-08-06T11:28Z"}},{"type":"Feature","geometry":{"type":"Point","coordinates":[33.743,48.035]},"properties":{"frp":46.1,"hours":19.8,"at":"2026-08-06T11:28Z"}},{"type":"Feature","geometry":{"type":"Point","coordinates":[7.359,44.273]},"properties":{"frp":4.3,"hours":19.8,"at":"2026-08-06T11:30Z"}},{"type":"Feature","geometry":{"type":"Point","coordinates":[7.512,44.935]},"properties":{"frp":2.8,"hours":19.8,"at":"2026-08-06T11:30Z"}},{"type":"Feature","geometry":{"type":"Point","coordinates":[7.93,44.964]},"properties":{"frp":1.8,"hours":19.8,"at":"2026-08-06T11:30Z"}},{"type":"Feature","geometry":{"type":"Point","coordinates":[8.861,45.506]},"properties":{"frp":2.3,"hours":19.8,"at":"2026-08-06T11:30Z"}},{"type":"Feature","geometry":{"type":"Point","coordinates":[8.175,45.71]},"properties":{"frp":10.7,"hours":19.8,"at":"2026-08-06T11:30Z"}},{"type":"Feature","geometry":{"type":"Point","coordinates":[8.18,45.711]},"properties":{"frp":5.9,"hours":19.8,"at":"2026-08-06T11:30Z"}},{"type":"Feature","geometry":{"type":"Point","coordinates":[8.17,45.714]},"properties":{"frp":15.9,"hours":19.8,"at":"2026-08-06T11:30Z"}},{"type":"Feature","geometry":{"type":"Point","coordinates":[8.175,45.715]},"properties":{"frp":15.9,"hours":19.8,"at":"2026-08-06T11:30Z"}},{"type":"Feature","geometry":{"type":"Point","coordinates":[8.179,45.717]},"properties":{"frp":31.4,"hours":19.8,"at":"2026-08-06T11:30Z"}},{"type":"Feature","geometry":{"type":"Point","coordinates":[8.182,45.717]},"properties":{"frp":31.4,"hours":19.8,"at":"2026-08-06T11:30Z"}},{"type":"Feature","geometry":{"type":"Point","coordinates":[8.185,45.718]},"properties":{"frp":11.2,"hours":19.8,"at":"2026-08-06T11:30Z"}},{"type":"Feature","geometry":{"type":"Point","coordinates":[8.188,45.719]},"properties":{"frp":11.2,"hours":19.8,"at":"2026-08-06T11:30Z"}},{"type":"Feature","geometry":{"type":"Point","coordinates":[8.183,45.723]},"properties":{"frp":11.2,"hours":19.8,"at":"2026-08-06T11:30Z"}},{"type":"Feature","geometry":{"type":"Point","coordinates":[8.186,45.724]},"properties":{"frp":11.2,"hours":19.8,"at":"2026-08-06T11:30Z"}},{"type":"Feature","geometry":{"type":"Point","coordinates":[8.176,45.729]},"properties":{"frp":8.8,"hours":19.8,"at":"2026-08-06T11:30Z"}},{"type":"Feature","geometry":{"type":"Point","coordinates":[8.184,45.729]},"properties":{"frp":12.2,"hours":19.8,"at":"2026-08-06T11:30Z"}},{"type":"Feature","geometry":{"type":"Point","coordinates":[8.179,45.73]},"properties":{"frp":8.8,"hours":19.8,"at":"2026-08-06T11:30Z"}},{"type":"Feature","geometry":{"type":"Point","coordinates":[8.17,45.731]},"properties":{"frp":12.4,"hours":19.8,"at":"2026-08-06T11:30Z"}},{"type":"Feature","geometry":{"type":"Point","coordinates":[8.173,45.732]},"properties":{"frp":16.4,"hours":19.8,"at":"2026-08-06T11:30Z"}},{"type":"Feature","geometry":{"type":"Point","coordinates":[8.176,45.733]},"properties":{"frp":16.4,"hours":19.8,"at":"2026-08-06T11:30Z"}},{"type":"Feature","geometry":{"type":"Point","coordinates":[8.171,45.733]},"properties":{"frp":22.4,"hours":19.8,"at":"2026-08-06T11:30Z"}},{"type":"Feature","geometry":{"type":"Point","coordinates":[8.174,45.734]},"properties":{"frp":8.8,"hours":19.8,"at":"2026-08-06T11:30Z"}},{"type":"Feature","geometry":{"type":"Point","coordinates":[12.478,45.829]},"properties":{"frp":4.3,"hours":19.8,"at":"2026-08-06T11:30Z"}},{"type":"Feature","geometry":{"type":"Point","coordinates":[8.21,45.893]},"properties":{"frp":5.0,"hours":19.8,"at":"2026-08-06T11:30Z"}},{"type":"Feature","geometry":{"type":"Point","coordinates":[11.033,46.364]},"properties":{"frp":7.7,"hours":19.8,"at":"2026-08-06T11:30Z"}},{"type":"Feature","geometry":{"type":"Point","coordinates":[22.67,47.409]},"properties":{"frp":8.1,"hours":19.8,"at":"2026-08-06T11:30Z"}},{"type":"Feature","geometry":{"type":"Point","coordinates":[28.956,48.081]},"properties":{"frp":3.5,"hours":19.8,"at":"2026-08-06T11:30Z"}},{"type":"Feature","geometry":{"type":"Point","coordinates":[29.386,48.29]},"properties":{"frp":12.6,"hours":19.8,"at":"2026-08-06T11:30Z"}},{"type":"Feature","geometry":{"type":"Point","coordinates":[29.386,48.294]},"properties":{"frp":12.6,"hours":19.8,"at":"2026-08-06T11:30Z"}},{"type":"Feature","geometry":{"type":"Point","coordinates":[29.385,48.295]},"properties":{"frp":18.8,"hours":19.8,"at":"2026-08-06T11:30Z"}},{"type":"Feature","geometry":{"type":"Point","coordinates":[29.384,48.299]},"properties":{"frp":6.9,"hours":19.8,"at":"2026-08-06T11:30Z"}},{"type":"Feature","geometry":{"type":"Point","coordinates":[29.568,48.4]},"properties":{"frp":18.1,"hours":19.8,"at":"2026-08-06T11:30Z"}},{"type":"Feature","geometry":{"type":"Point","coordinates":[29.574,48.401]},"properties":{"frp":18.1,"hours":19.8,"at":"2026-08-06T11:30Z"}},{"type":"Feature","geometry":{"type":"Point","coordinates":[29.569,48.401]},"properties":{"frp":19.9,"hours":19.8,"at":"2026-08-06T11:30Z"}},{"type":"Feature","geometry":{"type":"Point","coordinates":[29.576,48.402]},"properties":{"frp":9.4,"hours":19.8,"at":"2026-08-06T11:30Z"}},{"type":"Feature","geometry":{"type":"Point","coordinates":[29.567,48.405]},"properties":{"frp":18.1,"hours":19.8,"at":"2026-08-06T11:30Z"}},{"type":"Feature","geometry":{"type":"Point","coordinates":[29.573,48.405]},"properties":{"frp":18.1,"hours":19.8,"at":"2026-08-06T11:30Z"}},{"type":"Feature","geometry":{"type":"Point","coordinates":[29.58,48.406]},"properties":{"frp":3.8,"hours":19.8,"at":"2026-08-06T11:30Z"}},{"type":"Feature","geometry":{"type":"Point","coordinates":[29.568,48.406]},"properties":{"frp":19.9,"hours":19.8,"at":"2026-08-06T11:30Z"}},{"type":"Feature","geometry":{"type":"Point","coordinates":[29.575,48.406]},"properties":{"frp":9.4,"hours":19.8,"at":"2026-08-06T11:30Z"}},{"type":"Feature","geometry":{"type":"Point","coordinates":[29.581,48.407]},"properties":{"frp":9.4,"hours":19.8,"at":"2026-08-06T11:30Z"}},{"type":"Feature","geometry":{"type":"Point","coordinates":[19.093,48.418]},"properties":{"frp":7.2,"hours":19.8,"at":"2026-08-06T11:30Z"}},{"type":"Feature","geometry":{"type":"Point","coordinates":[29.449,48.516]},"properties":{"frp":10.5,"hours":19.8,"at":"2026-08-06T11:30Z"}},{"type":"Feature","geometry":{"type":"Point","coordinates":[29.456,48.517]},"properties":{"frp":10.5,"hours":19.8,"at":"2026-08-06T11:30Z"}},{"type":"Feature","geometry":{"type":"Point","coordinates":[29.382,48.569]},"properties":{"frp":11.0,"hours":19.8,"at":"2026-08-06T11:30Z"}},{"type":"Feature","geometry":{"type":"Point","coordinates":[25.632,48.919]},"properties":{"frp":10.6,"hours":19.8,"at":"2026-08-06T11:30Z"}},{"type":"Feature","geometry":{"type":"Point","coordinates":[25.63,48.919]},"properties":{"frp":6.1,"hours":19.8,"at":"2026-08-06T11:30Z"}},{"type":"Feature","geometry":{"type":"Point","coordinates":[26.389,49.1]},"properties":{"frp":9.2,"hours":19.8,"at":"2026-08-06T11:30Z"}},{"type":"Feature","geometry":{"type":"Point","coordinates":[26.389,49.101]},"properties":{"frp":7.2,"hours":19.8,"at":"2026-08-06T11:30Z"}},{"type":"Feature","geometry":{"type":"Point","coordinates":[27.765,49.331]},"properties":{"frp":2.1,"hours":19.8,"at":"2026-08-06T11:30Z"}},{"type":"Feature","geometry":{"type":"Point","coordinates":[17.288,49.357]},"properties":{"frp":2.1,"hours":19.8,"at":"2026-08-06T11:30Z"}},{"type":"Feature","geometry":{"type":"Point","coordinates":[26.821,49.403]},"properties":{"frp":4.2,"hours":19.8,"at":"2026-08-06T11:30Z"}},{"type":"Feature","geometry":{"type":"Point","coordinates":[17.045,49.482]},"properties":{"frp":1.4,"hours":19.8,"at":"2026-08-06T11:30Z"}},{"type":"Feature","geometry":{"type":"Point","coordinates":[23.927,49.712]},"properties":{"frp":7.7,"hours":19.8,"at":"2026-08-06T11:30Z"}},{"type":"Feature","geometry":{"type":"Point","coordinates":[23.933,49.713]},"properties":{"frp":7.7,"hours":19.8,"at":"2026-08-06T11:30Z"}},{"type":"Feature","geometry":{"type":"Point","coordinates":[30.929,49.758]},"properties":{"frp":4.5,"hours":19.8,"at":"2026-08-06T11:30Z"}},{"type":"Feature","geometry":{"type":"Point","coordinates":[30.93,49.759]},"properties":{"frp":4.1,"hours":19.8,"at":"2026-08-06T11:30Z"}},{"type":"Feature","geometry":{"type":"Point","coordinates":[18.421,49.846]},"properties":{"frp":4.0,"hours":19.8,"at":"2026-08-06T11:30Z"}},{"type":"Feature","geometry":{"type":"Point","coordinates":[29.838,49.926]},"properties":{"frp":4.8,"hours":19.8,"at":"2026-08-06T11:30Z"}},{"type":"Feature","geometry":{"type":"Point","coordinates":[29.845,49.926]},"properties":{"frp":4.8,"hours":19.8,"at":"2026-08-06T11:30Z"}},{"type":"Feature","geometry":{"type":"Point","coordinates":[21.938,49.971]},"properties":{"frp":9.3,"hours":19.8,"at":"2026-08-06T11:30Z"}},{"type":"Feature","geometry":{"type":"Point","coordinates":[24.013,50.206]},"properties":{"frp":3.5,"hours":19.8,"at":"2026-08-06T11:30Z"}},{"type":"Feature","geometry":{"type":"Point","coordinates":[30.861,50.571]},"properties":{"frp":7.9,"hours":19.8,"at":"2026-08-06T11:30Z"}},{"type":"Feature","geometry":{"type":"Point","coordinates":[25.844,50.967]},"properties":{"frp":4.5,"hours":19.8,"at":"2026-08-06T11:30Z"}},{"type":"Feature","geometry":{"type":"Point","coordinates":[25.843,50.971]},"properties":{"frp":4.5,"hours":19.8,"at":"2026-08-06T11:30Z"}},{"type":"Feature","geometry":{"type":"Point","coordinates":[11.736,51.435]},"properties":{"frp":4.0,"hours":19.8,"at":"2026-08-06T11:30Z"}},{"type":"Feature","geometry":{"type":"Point","coordinates":[11.734,51.439]},"properties":{"frp":4.0,"hours":19.8,"at":"2026-08-06T11:30Z"}},{"type":"Feature","geometry":{"type":"Point","coordinates":[14.631,51.666]},"properties":{"frp":5.4,"hours":19.8,"at":"2026-08-06T11:30Z"}},{"type":"Feature","geometry":{"type":"Point","coordinates":[31.879,51.964]},"properties":{"frp":6.9,"hours":19.8,"at":"2026-08-06T11:30Z"}},{"type":"Feature","geometry":{"type":"Point","coordinates":[26.687,52.045]},"properties":{"frp":2.9,"hours":19.8,"at":"2026-08-06T11:30Z"}},{"type":"Feature","geometry":{"type":"Point","coordinates":[31.875,52.12]},"properties":{"frp":3.7,"hours":19.8,"at":"2026-08-06T11:30Z"}},{"type":"Feature","geometry":{"type":"Point","coordinates":[31.922,52.151]},"properties":{"frp":1.6,"hours":19.8,"at":"2026-08-06T11:30Z"}},{"type":"Feature","geometry":{"type":"Point","coordinates":[33.669,52.265]},"properties":{"frp":7.0,"hours":19.8,"at":"2026-08-06T11:30Z"}},{"type":"Feature","geometry":{"type":"Point","coordinates":[28.395,54.208]},"properties":{"frp":5.7,"hours":19.8,"at":"2026-08-06T11:32Z"}},{"type":"Feature","geometry":{"type":"Point","coordinates":[10.756,54.968]},"properties":{"frp":4.8,"hours":19.8,"at":"2026-08-06T11:32Z"}},{"type":"Feature","geometry":{"type":"Point","coordinates":[10.763,54.97]},"properties":{"frp":4.8,"hours":19.8,"at":"2026-08-06T11:32Z"}},{"type":"Feature","geometry":{"type":"Point","coordinates":[10.761,54.973]},"properties":{"frp":4.8,"hours":19.8,"at":"2026-08-06T11:32Z"}},{"type":"Feature","geometry":{"type":"Point","coordinates":[4.796,55.719]},"properties":{"frp":8.2,"hours":19.8,"at":"2026-08-06T11:32Z"}},{"type":"Feature","geometry":{"type":"Point","coordinates":[14.67,56.049]},"properties":{"frp":10.6,"hours":19.8,"at":"2026-08-06T11:32Z"}},{"type":"Feature","geometry":{"type":"Point","coordinates":[-6.389,34.502]},"properties":{"frp":4.2,"hours":18.2,"at":"2026-08-06T13:08Z"}},{"type":"Feature","geometry":{"type":"Point","coordinates":[6.93,36.372]},"properties":{"frp":7.3,"hours":18.2,"at":"2026-08-06T13:08Z"}},{"type":"Feature","geometry":{"type":"Point","coordinates":[6.93,36.376]},"properties":{"frp":10.1,"hours":18.2,"at":"2026-08-06T13:08Z"}},{"type":"Feature","geometry":{"type":"Point","coordinates":[8.995,36.435]},"properties":{"frp":50.0,"hours":18.2,"at":"2026-08-06T13:08Z"}},{"type":"Feature","geometry":{"type":"Point","coordinates":[9.001,36.436]},"properties":{"frp":21.6,"hours":18.2,"at":"2026-08-06T13:08Z"}},{"type":"Feature","geometry":{"type":"Point","coordinates":[8.987,36.44]},"properties":{"frp":50.0,"hours":18.2,"at":"2026-08-06T13:08Z"}},{"type":"Feature","geometry":{"type":"Point","coordinates":[8.994,36.44]},"properties":{"frp":50.0,"hours":18.2,"at":"2026-08-06T13:08Z"}},{"type":"Feature","geometry":{"type":"Point","coordinates":[9.001,36.441]},"properties":{"frp":21.6,"hours":18.2,"at":"2026-08-06T13:08Z"}},{"type":"Feature","geometry":{"type":"Point","coordinates":[8.987,36.445]},"properties":{"frp":35.8,"hours":18.2,"at":"2026-08-06T13:08Z"}},{"type":"Feature","geometry":{"type":"Point","coordinates":[8.994,36.445]},"properties":{"frp":35.8,"hours":18.2,"at":"2026-08-06T13:08Z"}},{"type":"Feature","geometry":{"type":"Point","coordinates":[9.0,36.451]},"properties":{"frp":21.8,"hours":18.2,"at":"2026-08-06T13:08Z"}},{"type":"Feature","geometry":{"type":"Point","coordinates":[8.993,36.455]},"properties":{"frp":28.8,"hours":18.2,"at":"2026-08-06T13:08Z"}},{"type":"Feature","geometry":{"type":"Point","coordinates":[9.008,36.456]},"properties":{"frp":45.3,"hours":18.2,"at":"2026-08-06T13:08Z"}},{"type":"Feature","geometry":{"type":"Point","coordinates":[8.993,36.46]},"properties":{"frp":28.8,"hours":18.2,"at":"2026-08-06T13:08Z"}},{"type":"Feature","geometry":{"type":"Point","coordinates":[8.993,36.461]},"properties":{"frp":8.9,"hours":18.2,"at":"2026-08-06T13:08Z"}},{"type":"Feature","geometry":{"type":"Point","coordinates":[9.001,36.461]},"properties":{"frp":45.3,"hours":18.2,"at":"2026-08-06T13:08Z"}},{"type":"Feature","geometry":{"type":"Point","coordinates":[8.979,36.464]},"properties":{"frp":4.0,"hours":18.2,"at":"2026-08-06T13:08Z"}},{"type":"Feature","geometry":{"type":"Point","coordinates":[8.979,36.465]},"properties":{"frp":6.7,"hours":18.2,"at":"2026-08-06T13:08Z"}},{"type":"Feature","geometry":{"type":"Point","coordinates":[8.994,36.466]},"properties":{"frp":9.1,"hours":18.2,"at":"2026-08-06T13:08Z"}},{"type":"Feature","geometry":{"type":"Point","coordinates":[5.838,36.467]},"properties":{"frp":2.9,"hours":18.2,"at":"2026-08-06T13:08Z"}},{"type":"Feature","geometry":{"type":"Point","coordinates":[5.839,36.471]},"properties":{"frp":3.8,"hours":18.2,"at":"2026-08-06T13:08Z"}},{"type":"Feature","geometry":{"type":"Point","coordinates":[5.839,36.476]},"properties":{"frp":3.8,"hours":18.2,"at":"2026-08-06T13:08Z"}},{"type":"Feature","geometry":{"type":"Point","coordinates":[5.844,36.476]},"properties":{"frp":5.2,"hours":18.2,"at":"2026-08-06T13:08Z"}},{"type":"Feature","geometry":{"type":"Point","coordinates":[8.463,36.492]},"properties":{"frp":4.2,"hours":18.2,"at":"2026-08-06T13:08Z"}},{"type":"Feature","geometry":{"type":"Point","coordinates":[6.819,36.713]},"properties":{"frp":9.8,"hours":18.2,"at":"2026-08-06T13:08Z"}},{"type":"Feature","geometry":{"type":"Point","coordinates":[6.825,36.713]},"properties":{"frp":9.8,"hours":18.2,"at":"2026-08-06T13:08Z"}},{"type":"Feature","geometry":{"type":"Point","coordinates":[6.824,36.718]},"properties":{"frp":9.8,"hours":18.2,"at":"2026-08-06T13:08Z"}},{"type":"Feature","geometry":{"type":"Point","coordinates":[-6.733,37.258]},"properties":{"frp":7.5,"hours":18.2,"at":"2026-08-06T13:08Z"}},{"type":"Feature","geometry":{"type":"Point","coordinates":[14.957,37.37]},"properties":{"frp":16.6,"hours":18.2,"at":"2026-08-06T13:08Z"}},{"type":"Feature","geometry":{"type":"Point","coordinates":[14.96,37.37]},"properties":{"frp":5.4,"hours":18.2,"at":"2026-08-06T13:08Z"}},{"type":"Feature","geometry":{"type":"Point","coordinates":[14.952,37.377]},"properties":{"frp":11.6,"hours":18.2,"at":"2026-08-06T13:08Z"}},{"type":"Feature","geometry":{"type":"Point","coordinates":[14.957,37.377]},"properties":{"frp":16.6,"hours":18.2,"at":"2026-08-06T13:08Z"}},{"type":"Feature","geometry":{"type":"Point","coordinates":[14.96,37.377]},"properties":{"frp":19.4,"hours":18.2,"at":"2026-08-06T13:08Z"}},{"type":"Feature","geometry":{"type":"Point","coordinates":[12.574,37.824]},"properties":{"frp":5.5,"hours":18.2,"at":"2026-08-06T13:08Z"}},{"type":"Feature","geometry":{"type":"Point","coordinates":[12.58,37.825]},"properties":{"frp":3.6,"hours":18.2,"at":"2026-08-06T13:08Z"}},{"type":"Feature","geometry":{"type":"Point","coordinates":[-6.59,39.517]},"properties":{"frp":33.3,"hours":18.2,"at":"2026-08-06T13:08Z"}},{"type":"Feature","geometry":{"type":"Point","coordinates":[-6.589,39.518]},"properties":{"frp":14.3,"hours":18.2,"at":"2026-08-06T13:08Z"}},{"type":"Feature","geometry":{"type":"Point","coordinates":[15.635,41.131]},"properties":{"frp":10.9,"hours":18.2,"at":"2026-08-06T13:08Z"}},{"type":"Feature","geometry":{"type":"Point","coordinates":[15.626,41.131]},"properties":{"frp":10.9,"hours":18.2,"at":"2026-08-06T13:08Z"}},{"type":"Feature","geometry":{"type":"Point","coordinates":[15.714,41.189]},"properties":{"frp":4.2,"hours":18.2,"at":"2026-08-06T13:08Z"}},{"type":"Feature","geometry":{"type":"Point","coordinates":[15.714,41.19]},"properties":{"frp":6.6,"hours":18.2,"at":"2026-08-06T13:08Z"}},{"type":"Feature","geometry":{"type":"Point","coordinates":[13.514,41.344]},"properties":{"frp":18.3,"hours":18.2,"at":"2026-08-06T13:08Z"}},{"type":"Feature","geometry":{"type":"Point","coordinates":[15.776,41.49]},"properties":{"frp":5.3,"hours":18.2,"at":"2026-08-06T13:08Z"}},{"type":"Feature","geometry":{"type":"Point","coordinates":[15.35,41.565]},"properties":{"frp":16.3,"hours":18.2,"at":"2026-08-06T13:08Z"}},{"type":"Feature","geometry":{"type":"Point","coordinates":[15.232,41.835]},"properties":{"frp":8.8,"hours":18.2,"at":"2026-08-06T13:08Z"}},{"type":"Feature","geometry":{"type":"Point","coordinates":[15.232,41.838]},"properties":{"frp":10.2,"hours":18.2,"at":"2026-08-06T13:08Z"}},{"type":"Feature","geometry":{"type":"Point","coordinates":[14.694,41.962]},"properties":{"frp":38.0,"hours":18.2,"at":"2026-08-06T13:08Z"}},{"type":"Feature","geometry":{"type":"Point","coordinates":[14.701,41.962]},"properties":{"frp":28.3,"hours":18.2,"at":"2026-08-06T13:08Z"}},{"type":"Feature","geometry":{"type":"Point","coordinates":[12.332,42.083]},"properties":{"frp":7.5,"hours":18.2,"at":"2026-08-06T13:08Z"}},{"type":"Feature","geometry":{"type":"Point","coordinates":[12.332,42.085]},"properties":{"frp":4.9,"hours":18.2,"at":"2026-08-06T13:08Z"}},{"type":"Feature","geometry":{"type":"Point","coordinates":[13.657,42.105]},"properties":{"frp":7.5,"hours":18.2,"at":"2026-08-06T13:08Z"}},{"type":"Feature","geometry":{"type":"Point","coordinates":[13.655,42.109]},"properties":{"frp":10.0,"hours":18.2,"at":"2026-08-06T13:08Z"}},{"type":"Feature","geometry":{"type":"Point","coordinates":[11.238,42.754]},"properties":{"frp":9.6,"hours":18.1,"at":"2026-08-06T13:10Z"}},{"type":"Feature","geometry":{"type":"Point","coordinates":[11.465,44.178]},"properties":{"frp":3.6,"hours":18.1,"at":"2026-08-06T13:10Z"}},{"type":"Feature","geometry":{"type":"Point","coordinates":[7.362,44.276]},"properties":{"frp":14.1,"hours":18.1,"at":"2026-08-06T13:10Z"}},{"type":"Feature","geometry":{"type":"Point","coordinates":[1.938,44.387]},"properties":{"frp":3.7,"hours":18.1,"at":"2026-08-06T13:10Z"}},{"type":"Feature","geometry":{"type":"Point","coordinates":[1.94,44.388]},"properties":{"frp":4.5,"hours":18.1,"at":"2026-08-06T13:10Z"}},{"type":"Feature","geometry":{"type":"Point","coordinates":[7.605,45.49]},"properties":{"frp":3.4,"hours":18.1,"at":"2026-08-06T13:10Z"}},{"type":"Feature","geometry":{"type":"Point","coordinates":[11.375,45.506]},"properties":{"frp":3.0,"hours":18.1,"at":"2026-08-06T13:10Z"}},{"type":"Feature","geometry":{"type":"Point","coordinates":[9.335,45.866]},"properties":{"frp":8.8,"hours":18.1,"at":"2026-08-06T13:10Z"}},{"type":"Feature","geometry":{"type":"Point","coordinates":[9.342,45.866]},"properties":{"frp":6.0,"hours":18.1,"at":"2026-08-06T13:10Z"}},{"type":"Feature","geometry":{"type":"Point","coordinates":[9.336,45.867]},"properties":{"frp":9.1,"hours":18.1,"at":"2026-08-06T13:10Z"}},{"type":"Feature","geometry":{"type":"Point","coordinates":[9.343,45.867]},"properties":{"frp":6.7,"hours":18.1,"at":"2026-08-06T13:10Z"}},{"type":"Feature","geometry":{"type":"Point","coordinates":[9.332,45.872]},"properties":{"frp":8.8,"hours":18.1,"at":"2026-08-06T13:10Z"}},{"type":"Feature","geometry":{"type":"Point","coordinates":[9.333,45.872]},"properties":{"frp":5.7,"hours":18.1,"at":"2026-08-06T13:10Z"}},{"type":"Feature","geometry":{"type":"Point","coordinates":[-2.713,47.657]},"properties":{"frp":4.7,"hours":18.1,"at":"2026-08-06T13:10Z"}},{"type":"Feature","geometry":{"type":"Point","coordinates":[-1.268,48.648]},"properties":{"frp":14.3,"hours":18.1,"at":"2026-08-06T13:10Z"}},{"type":"Feature","geometry":{"type":"Point","coordinates":[13.42,51.145]},"properties":{"frp":10.8,"hours":18.1,"at":"2026-08-06T13:12Z"}},{"type":"Feature","geometry":{"type":"Point","coordinates":[-1.486,51.162]},"properties":{"frp":9.0,"hours":18.1,"at":"2026-08-06T13:12Z"}},{"type":"Feature","geometry":{"type":"Point","coordinates":[-3.401,51.762]},"properties":{"frp":10.4,"hours":18.1,"at":"2026-08-06T13:12Z"}},{"type":"Feature","geometry":{"type":"Point","coordinates":[12.78,52.223]},"properties":{"frp":5.7,"hours":18.1,"at":"2026-08-06T13:12Z"}},{"type":"Feature","geometry":{"type":"Point","coordinates":[12.786,52.225]},"properties":{"frp":3.6,"hours":18.1,"at":"2026-08-06T13:12Z"}},{"type":"Feature","geometry":{"type":"Point","coordinates":[13.513,52.345]},"properties":{"frp":14.2,"hours":18.1,"at":"2026-08-06T13:12Z"}},{"type":"Feature","geometry":{"type":"Point","coordinates":[13.514,52.347]},"properties":{"frp":18.1,"hours":18.1,"at":"2026-08-06T13:12Z"}},{"type":"Feature","geometry":{"type":"Point","coordinates":[1.837,57.012]},"properties":{"frp":8.5,"hours":18.1,"at":"2026-08-06T13:14Z"}},{"type":"Feature","geometry":{"type":"Point","coordinates":[30.309,50.439]},"properties":{"frp":1.1,"hours":7.6,"at":"2026-08-06T23:41Z"}},{"type":"Feature","geometry":{"type":"Point","coordinates":[28.632,50.459]},"properties":{"frp":1.0,"hours":7.6,"at":"2026-08-06T23:41Z"}},{"type":"Feature","geometry":{"type":"Point","coordinates":[33.72,51.802]},"properties":{"frp":0.5,"hours":7.6,"at":"2026-08-06T23:41Z"}},{"type":"Feature","geometry":{"type":"Point","coordinates":[33.686,51.82]},"properties":{"frp":6.2,"hours":7.6,"at":"2026-08-06T23:41Z"}},{"type":"Feature","geometry":{"type":"Point","coordinates":[33.666,52.269]},"properties":{"frp":0.3,"hours":7.6,"at":"2026-08-06T23:41Z"}},{"type":"Feature","geometry":{"type":"Point","coordinates":[31.912,52.27]},"properties":{"frp":0.8,"hours":7.6,"at":"2026-08-06T23:41Z"}},{"type":"Feature","geometry":{"type":"Point","coordinates":[27.197,52.722]},"properties":{"frp":1.1,"hours":7.6,"at":"2026-08-06T23:41Z"}},{"type":"Feature","geometry":{"type":"Point","coordinates":[31.65,52.727]},"properties":{"frp":0.5,"hours":7.6,"at":"2026-08-06T23:41Z"}},{"type":"Feature","geometry":{"type":"Point","coordinates":[32.859,53.961]},"properties":{"frp":2.0,"hours":7.6,"at":"2026-08-06T23:41Z"}},{"type":"Feature","geometry":{"type":"Point","coordinates":[33.307,54.885]},"properties":{"frp":1.0,"hours":7.6,"at":"2026-08-06T23:41Z"}},{"type":"Feature","geometry":{"type":"Point","coordinates":[33.363,54.945]},"properties":{"frp":0.8,"hours":7.6,"at":"2026-08-06T23:41Z"}},{"type":"Feature","geometry":{"type":"Point","coordinates":[33.364,54.949]},"properties":{"frp":1.6,"hours":7.6,"at":"2026-08-06T23:41Z"}},{"type":"Feature","geometry":{"type":"Point","coordinates":[31.203,42.858]},"properties":{"frp":0.7,"hours":7.6,"at":"2026-08-06T23:44Z"}},{"type":"Feature","geometry":{"type":"Point","coordinates":[31.198,42.859]},"properties":{"frp":0.7,"hours":7.6,"at":"2026-08-06T23:44Z"}},{"type":"Feature","geometry":{"type":"Point","coordinates":[20.606,43.59]},"properties":{"frp":1.1,"hours":7.6,"at":"2026-08-06T23:44Z"}},{"type":"Feature","geometry":{"type":"Point","coordinates":[23.272,43.911]},"properties":{"frp":1.2,"hours":7.6,"at":"2026-08-06T23:44Z"}},{"type":"Feature","geometry":{"type":"Point","coordinates":[23.158,43.969]},"properties":{"frp":0.8,"hours":7.6,"at":"2026-08-06T23:44Z"}},{"type":"Feature","geometry":{"type":"Point","coordinates":[23.162,43.974]},"properties":{"frp":1.3,"hours":7.6,"at":"2026-08-06T23:44Z"}},{"type":"Feature","geometry":{"type":"Point","coordinates":[23.158,43.974]},"properties":{"frp":1.6,"hours":7.6,"at":"2026-08-06T23:44Z"}},{"type":"Feature","geometry":{"type":"Point","coordinates":[23.154,43.974]},"properties":{"frp":1.6,"hours":7.6,"at":"2026-08-06T23:44Z"}},{"type":"Feature","geometry":{"type":"Point","coordinates":[23.16,43.976]},"properties":{"frp":0.7,"hours":7.6,"at":"2026-08-06T23:44Z"}},{"type":"Feature","geometry":{"type":"Point","coordinates":[23.156,43.976]},"properties":{"frp":0.6,"hours":7.6,"at":"2026-08-06T23:44Z"}},{"type":"Feature","geometry":{"type":"Point","coordinates":[23.152,43.976]},"properties":{"frp":0.6,"hours":7.6,"at":"2026-08-06T23:44Z"}},{"type":"Feature","geometry":{"type":"Point","coordinates":[23.465,44.081]},"properties":{"frp":0.6,"hours":7.6,"at":"2026-08-06T23:44Z"}},{"type":"Feature","geometry":{"type":"Point","coordinates":[23.46,44.081]},"properties":{"frp":0.6,"hours":7.6,"at":"2026-08-06T23:44Z"}},{"type":"Feature","geometry":{"type":"Point","coordinates":[21.144,44.833]},"properties":{"frp":1.4,"hours":7.6,"at":"2026-08-06T23:44Z"}},{"type":"Feature","geometry":{"type":"Point","coordinates":[21.139,44.833]},"properties":{"frp":1.4,"hours":7.6,"at":"2026-08-06T23:44Z"}},{"type":"Feature","geometry":{"type":"Point","coordinates":[21.128,44.833]},"properties":{"frp":3.8,"hours":7.6,"at":"2026-08-06T23:44Z"}},{"type":"Feature","geometry":{"type":"Point","coordinates":[21.122,44.834]},"properties":{"frp":3.4,"hours":7.6,"at":"2026-08-06T23:44Z"}},{"type":"Feature","geometry":{"type":"Point","coordinates":[19.884,44.835]},"properties":{"frp":1.1,"hours":7.6,"at":"2026-08-06T23:44Z"}},{"type":"Feature","geometry":{"type":"Point","coordinates":[19.885,44.836]},"properties":{"frp":1.0,"hours":7.6,"at":"2026-08-06T23:44Z"}},{"type":"Feature","geometry":{"type":"Point","coordinates":[21.15,44.838]},"properties":{"frp":1.3,"hours":7.6,"at":"2026-08-06T23:44Z"}},{"type":"Feature","geometry":{"type":"Point","coordinates":[21.162,44.844]},"properties":{"frp":1.3,"hours":7.6,"at":"2026-08-06T23:44Z"}},{"type":"Feature","geometry":{"type":"Point","coordinates":[21.156,44.844]},"properties":{"frp":1.3,"hours":7.6,"at":"2026-08-06T23:44Z"}},{"type":"Feature","geometry":{"type":"Point","coordinates":[21.162,44.849]},"properties":{"frp":1.4,"hours":7.6,"at":"2026-08-06T23:44Z"}},{"type":"Feature","geometry":{"type":"Point","coordinates":[21.087,44.869]},"properties":{"frp":1.4,"hours":7.6,"at":"2026-08-06T23:44Z"}},{"type":"Feature","geometry":{"type":"Point","coordinates":[21.098,44.875]},"properties":{"frp":0.8,"hours":7.6,"at":"2026-08-06T23:44Z"}},{"type":"Feature","geometry":{"type":"Point","coordinates":[21.148,44.879]},"properties":{"frp":2.4,"hours":7.6,"at":"2026-08-06T23:44Z"}},{"type":"Feature","geometry":{"type":"Point","coordinates":[21.143,44.879]},"properties":{"frp":2.4,"hours":7.6,"at":"2026-08-06T23:44Z"}},{"type":"Feature","geometry":{"type":"Point","coordinates":[19.684,44.938]},"properties":{"frp":0.8,"hours":7.6,"at":"2026-08-06T23:44Z"}},{"type":"Feature","geometry":{"type":"Point","coordinates":[20.307,45.453]},"properties":{"frp":1.0,"hours":7.6,"at":"2026-08-06T23:44Z"}},{"type":"Feature","geometry":{"type":"Point","coordinates":[29.299,45.594]},"properties":{"frp":0.6,"hours":7.6,"at":"2026-08-06T23:44Z"}},{"type":"Feature","geometry":{"type":"Point","coordinates":[29.3,45.598]},"properties":{"frp":0.6,"hours":7.6,"at":"2026-08-06T23:44Z"}},{"type":"Feature","geometry":{"type":"Point","coordinates":[28.8,45.669]},"properties":{"frp":1.7,"hours":7.6,"at":"2026-08-06T23:44Z"}},{"type":"Feature","geometry":{"type":"Point","coordinates":[29.93,45.746]},"properties":{"frp":4.7,"hours":7.6,"at":"2026-08-06T23:44Z"}},{"type":"Feature","geometry":{"type":"Point","coordinates":[29.364,45.874]},"properties":{"frp":2.1,"hours":7.6,"at":"2026-08-06T23:44Z"}},{"type":"Feature","geometry":{"type":"Point","coordinates":[30.138,46.019]},"properties":{"frp":2.6,"hours":7.6,"at":"2026-08-06T23:44Z"}},{"type":"Feature","geometry":{"type":"Point","coordinates":[33.106,46.153]},"properties":{"frp":1.6,"hours":7.6,"at":"2026-08-06T23:44Z"}},{"type":"Feature","geometry":{"type":"Point","coordinates":[33.107,46.157]},"properties":{"frp":1.0,"hours":7.6,"at":"2026-08-06T23:44Z"}},{"type":"Feature","geometry":{"type":"Point","coordinates":[33.108,46.16]},"properties":{"frp":1.0,"hours":7.6,"at":"2026-08-06T23:44Z"}},{"type":"Feature","geometry":{"type":"Point","coordinates":[32.423,46.335]},"properties":{"frp":1.6,"hours":7.6,"at":"2026-08-06T23:44Z"}},{"type":"Feature","geometry":{"type":"Point","coordinates":[32.246,46.358]},"properties":{"frp":0.6,"hours":7.6,"at":"2026-08-06T23:44Z"}},{"type":"Feature","geometry":{"type":"Point","coordinates":[32.247,46.361]},"properties":{"frp":1.1,"hours":7.6,"at":"2026-08-06T23:44Z"}},{"type":"Feature","geometry":{"type":"Point","coordinates":[31.843,46.48]},"properties":{"frp":2.4,"hours":7.6,"at":"2026-08-06T23:44Z"}},{"type":"Feature","geometry":{"type":"Point","coordinates":[31.837,46.481]},"properties":{"frp":2.4,"hours":7.6,"at":"2026-08-06T23:44Z"}},{"type":"Feature","geometry":{"type":"Point","coordinates":[31.831,46.482]},"properties":{"frp":2.0,"hours":7.6,"at":"2026-08-06T23:44Z"}},{"type":"Feature","geometry":{"type":"Point","coordinates":[32.139,46.491]},"properties":{"frp":1.1,"hours":7.6,"at":"2026-08-06T23:44Z"}},{"type":"Feature","geometry":{"type":"Point","coordinates":[31.714,46.536]},"properties":{"frp":1.8,"hours":7.6,"at":"2026-08-06T23:44Z"}},{"type":"Feature","geometry":{"type":"Point","coordinates":[32.726,46.607]},"properties":{"frp":2.1,"hours":7.6,"at":"2026-08-06T23:44Z"}},{"type":"Feature","geometry":{"type":"Point","coordinates":[27.336,46.629]},"properties":{"frp":0.5,"hours":7.6,"at":"2026-08-06T23:44Z"}},{"type":"Feature","geometry":{"type":"Point","coordinates":[32.61,46.636]},"properties":{"frp":0.9,"hours":7.6,"at":"2026-08-06T23:44Z"}},{"type":"Feature","geometry":{"type":"Point","coordinates":[33.685,46.705]},"properties":{"frp":1.2,"hours":7.6,"at":"2026-08-06T23:44Z"}},{"type":"Feature","geometry":{"type":"Point","coordinates":[28.733,46.71]},"properties":{"frp":0.4,"hours":7.6,"at":"2026-08-06T23:44Z"}},{"type":"Feature","geometry":{"type":"Point","coordinates":[33.399,46.755]},"properties":{"frp":0.8,"hours":7.6,"at":"2026-08-06T23:44Z"}},{"type":"Feature","geometry":{"type":"Point","coordinates":[33.447,46.781]},"properties":{"frp":0.6,"hours":7.6,"at":"2026-08-06T23:44Z"}},{"type":"Feature","geometry":{"type":"Point","coordinates":[32.843,46.794]},"properties":{"frp":0.7,"hours":7.6,"at":"2026-08-06T23:44Z"}},{"type":"Feature","geometry":{"type":"Point","coordinates":[30.054,46.808]},"properties":{"frp":1.8,"hours":7.6,"at":"2026-08-06T23:44Z"}},{"type":"Feature","geometry":{"type":"Point","coordinates":[32.355,46.832]},"properties":{"frp":0.3,"hours":7.6,"at":"2026-08-06T23:44Z"}},{"type":"Feature","geometry":{"type":"Point","coordinates":[31.667,46.837]},"properties":{"frp":4.2,"hours":7.6,"at":"2026-08-06T23:44Z"}},{"type":"Feature","geometry":{"type":"Point","coordinates":[33.421,46.843]},"properties":{"frp":2.1,"hours":7.6,"at":"2026-08-06T23:44Z"}},{"type":"Feature","geometry":{"type":"Point","coordinates":[32.827,46.852]},"properties":{"frp":0.6,"hours":7.6,"at":"2026-08-06T23:44Z"}},{"type":"Feature","geometry":{"type":"Point","coordinates":[32.968,46.872]},"properties":{"frp":5.3,"hours":7.6,"at":"2026-08-06T23:44Z"}},{"type":"Feature","geometry":{"type":"Point","coordinates":[32.963,46.873]},"properties":{"frp":7.6,"hours":7.6,"at":"2026-08-06T23:44Z"}},{"type":"Feature","geometry":{"type":"Point","coordinates":[32.901,46.874]},"properties":{"frp":0.3,"hours":7.6,"at":"2026-08-06T23:44Z"}},{"type":"Feature","geometry":{"type":"Point","coordinates":[32.903,46.881]},"properties":{"frp":0.8,"hours":7.6,"at":"2026-08-06T23:44Z"}},{"type":"Feature","geometry":{"type":"Point","coordinates":[31.068,46.952]},"properties":{"frp":1.1,"hours":7.6,"at":"2026-08-06T23:44Z"}},{"type":"Feature","geometry":{"type":"Point","coordinates":[33.711,47.001]},"properties":{"frp":0.5,"hours":7.6,"at":"2026-08-06T23:44Z"}},{"type":"Feature","geometry":{"type":"Point","coordinates":[20.102,47.042]},"properties":{"frp":1.2,"hours":7.6,"at":"2026-08-06T23:44Z"}},{"type":"Feature","geometry":{"type":"Point","coordinates":[20.101,47.043]},"properties":{"frp":1.3,"hours":7.6,"at":"2026-08-06T23:44Z"}},{"type":"Feature","geometry":{"type":"Point","coordinates":[33.201,47.073]},"properties":{"frp":2.4,"hours":7.6,"at":"2026-08-06T23:44Z"}},{"type":"Feature","geometry":{"type":"Point","coordinates":[33.196,47.074]},"properties":{"frp":2.4,"hours":7.6,"at":"2026-08-06T23:44Z"}},{"type":"Feature","geometry":{"type":"Point","coordinates":[33.453,47.092]},"properties":{"frp":0.6,"hours":7.6,"at":"2026-08-06T23:44Z"}},{"type":"Feature","geometry":{"type":"Point","coordinates":[33.982,47.103]},"properties":{"frp":0.6,"hours":7.6,"at":"2026-08-06T23:44Z"}},{"type":"Feature","geometry":{"type":"Point","coordinates":[33.956,47.107]},"properties":{"frp":0.6,"hours":7.6,"at":"2026-08-06T23:44Z"}},{"type":"Feature","geometry":{"type":"Point","coordinates":[33.452,47.109]},"properties":{"frp":0.5,"hours":7.6,"at":"2026-08-06T23:44Z"}},{"type":"Feature","geometry":{"type":"Point","coordinates":[32.503,47.149]},"properties":{"frp":1.4,"hours":7.6,"at":"2026-08-06T23:44Z"}},{"type":"Feature","geometry":{"type":"Point","coordinates":[33.038,47.189]},"properties":{"frp":0.4,"hours":7.6,"at":"2026-08-06T23:44Z"}},{"type":"Feature","geometry":{"type":"Point","coordinates":[33.636,47.221]},"properties":{"frp":0.6,"hours":7.6,"at":"2026-08-06T23:44Z"}},{"type":"Feature","geometry":{"type":"Point","coordinates":[30.136,47.357]},"properties":{"frp":1.1,"hours":7.6,"at":"2026-08-06T23:44Z"}},{"type":"Feature","geometry":{"type":"Point","coordinates":[32.303,47.449]},"properties":{"frp":0.6,"hours":7.6,"at":"2026-08-06T23:44Z"}},{"type":"Feature","geometry":{"type":"Point","coordinates":[32.302,47.449]},"properties":{"frp":0.5,"hours":7.6,"at":"2026-08-06T23:44Z"}},{"type":"Feature","geometry":{"type":"Point","coordinates":[29.567,47.483]},"properties":{"frp":1.4,"hours":7.6,"at":"2026-08-06T23:44Z"}},{"type":"Feature","geometry":{"type":"Point","coordinates":[29.56,47.484]},"properties":{"frp":1.4,"hours":7.6,"at":"2026-08-06T23:44Z"}},{"type":"Feature","geometry":{"type":"Point","coordinates":[33.879,47.487]},"properties":{"frp":0.5,"hours":7.6,"at":"2026-08-06T23:44Z"}},{"type":"Feature","geometry":{"type":"Point","coordinates":[33.88,47.49]},"properties":{"frp":0.5,"hours":7.6,"at":"2026-08-06T23:44Z"}},{"type":"Feature","geometry":{"type":"Point","coordinates":[33.895,47.506]},"properties":{"frp":0.4,"hours":7.6,"at":"2026-08-06T23:44Z"}},{"type":"Feature","geometry":{"type":"Point","coordinates":[31.249,47.516]},"properties":{"frp":4.0,"hours":7.6,"at":"2026-08-06T23:44Z"}},{"type":"Feature","geometry":{"type":"Point","coordinates":[30.365,47.532]},"properties":{"frp":0.9,"hours":7.6,"at":"2026-08-06T23:44Z"}},{"type":"Feature","geometry":{"type":"Point","coordinates":[30.366,47.536]},"properties":{"frp":0.9,"hours":7.6,"at":"2026-08-06T23:44Z"}},{"type":"Feature","geometry":{"type":"Point","coordinates":[30.177,47.536]},"properties":{"frp":1.7,"hours":7.6,"at":"2026-08-06T23:44Z"}},{"type":"Feature","geometry":{"type":"Point","coordinates":[30.818,47.579]},"properties":{"frp":1.9,"hours":7.6,"at":"2026-08-06T23:44Z"}},{"type":"Feature","geometry":{"type":"Point","coordinates":[30.183,47.593]},"properties":{"frp":2.6,"hours":7.6,"at":"2026-08-06T23:44Z"}},{"type":"Feature","geometry":{"type":"Point","coordinates":[30.899,47.72]},"properties":{"frp":0.4,"hours":7.6,"at":"2026-08-06T23:44Z"}},{"type":"Feature","geometry":{"type":"Point","coordinates":[30.893,47.724]},"properties":{"frp":0.8,"hours":7.6,"at":"2026-08-06T23:44Z"}},{"type":"Feature","geometry":{"type":"Point","coordinates":[30.893,47.726]},"properties":{"frp":0.8,"hours":7.6,"at":"2026-08-06T23:44Z"}},{"type":"Feature","geometry":{"type":"Point","coordinates":[30.979,47.75]},"properties":{"frp":0.8,"hours":7.6,"at":"2026-08-06T23:44Z"}},{"type":"Feature","geometry":{"type":"Point","coordinates":[30.958,47.775]},"properties":{"frp":0.5,"hours":7.6,"at":"2026-08-06T23:44Z"}},{"type":"Feature","geometry":{"type":"Point","coordinates":[31.69,47.89]},"properties":{"frp":0.8,"hours":7.6,"at":"2026-08-06T23:44Z"}},{"type":"Feature","geometry":{"type":"Point","coordinates":[30.251,47.89]},"properties":{"frp":0.5,"hours":7.6,"at":"2026-08-06T23:44Z"}},{"type":"Feature","geometry":{"type":"Point","coordinates":[30.251,47.893]},"properties":{"frp":0.8,"hours":7.6,"at":"2026-08-06T23:44Z"}},{"type":"Feature","geometry":{"type":"Point","coordinates":[31.687,47.901]},"properties":{"frp":0.8,"hours":7.6,"at":"2026-08-06T23:44Z"}},{"type":"Feature","geometry":{"type":"Point","coordinates":[31.681,47.902]},"properties":{"frp":0.8,"hours":7.6,"at":"2026-08-06T23:44Z"}},{"type":"Feature","geometry":{"type":"Point","coordinates":[31.307,47.978]},"properties":{"frp":0.6,"hours":7.6,"at":"2026-08-06T23:44Z"}},{"type":"Feature","geometry":{"type":"Point","coordinates":[31.303,47.986]},"properties":{"frp":1.3,"hours":7.6,"at":"2026-08-06T23:44Z"}},{"type":"Feature","geometry":{"type":"Point","coordinates":[31.427,47.987]},"properties":{"frp":0.9,"hours":7.6,"at":"2026-08-06T23:44Z"}},{"type":"Feature","geometry":{"type":"Point","coordinates":[31.428,47.99]},"properties":{"frp":0.9,"hours":7.6,"at":"2026-08-06T23:44Z"}},{"type":"Feature","geometry":{"type":"Point","coordinates":[31.395,48.016]},"properties":{"frp":0.8,"hours":7.6,"at":"2026-08-06T23:44Z"}},{"type":"Feature","geometry":{"type":"Point","coordinates":[31.279,48.101]},"properties":{"frp":2.8,"hours":7.6,"at":"2026-08-06T23:44Z"}},{"type":"Feature","geometry":{"type":"Point","coordinates":[31.28,48.103]},"properties":{"frp":1.2,"hours":7.6,"at":"2026-08-06T23:44Z"}},{"type":"Feature","geometry":{"type":"Point","coordinates":[31.274,48.104]},"properties":{"frp":0.7,"hours":7.6,"at":"2026-08-06T23:44Z"}},{"type":"Feature","geometry":{"type":"Point","coordinates":[17.19,48.109]},"properties":{"frp":2.3,"hours":7.6,"at":"2026-08-06T23:44Z"}},{"type":"Feature","geometry":{"type":"Point","coordinates":[32.697,48.458]},"properties":{"frp":0.8,"hours":7.6,"at":"2026-08-06T23:44Z"}},{"type":"Feature","geometry":{"type":"Point","coordinates":[32.22,49.005]},"properties":{"frp":1.6,"hours":7.6,"at":"2026-08-06T23:44Z"}},{"type":"Feature","geometry":{"type":"Point","coordinates":[31.362,49.975]},"properties":{"frp":1.7,"hours":7.6,"at":"2026-08-06T23:44Z"}},{"type":"Feature","geometry":{"type":"Point","coordinates":[31.355,49.976]},"properties":{"frp":1.7,"hours":7.6,"at":"2026-08-06T23:44Z"}},{"type":"Feature","geometry":{"type":"Point","coordinates":[31.356,49.979]},"properties":{"frp":2.1,"hours":7.6,"at":"2026-08-06T23:44Z"}},{"type":"Feature","geometry":{"type":"Point","coordinates":[29.963,50.073]},"properties":{"frp":9.0,"hours":7.6,"at":"2026-08-06T23:44Z"}},{"type":"Feature","geometry":{"type":"Point","coordinates":[29.965,50.075]},"properties":{"frp":7.4,"hours":7.6,"at":"2026-08-06T23:44Z"}},{"type":"Feature","geometry":{"type":"Point","coordinates":[24.01,50.207]},"properties":{"frp":0.8,"hours":7.6,"at":"2026-08-06T23:44Z"}},{"type":"Feature","geometry":{"type":"Point","coordinates":[23.632,38.077]},"properties":{"frp":1.5,"hours":7.5,"at":"2026-08-06T23:46Z"}},{"type":"Feature","geometry":{"type":"Point","coordinates":[33.35,38.218]},"properties":{"frp":10.4,"hours":7.5,"at":"2026-08-06T23:46Z"}},{"type":"Feature","geometry":{"type":"Point","coordinates":[32.058,38.638]},"properties":{"frp":1.8,"hours":7.5,"at":"2026-08-06T23:46Z"}},{"type":"Feature","geometry":{"type":"Point","coordinates":[32.059,38.641]},"properties":{"frp":1.4,"hours":7.5,"at":"2026-08-06T23:46Z"}},{"type":"Feature","geometry":{"type":"Point","coordinates":[32.055,38.642]},"properties":{"frp":1.4,"hours":7.5,"at":"2026-08-06T23:46Z"}},{"type":"Feature","geometry":{"type":"Point","coordinates":[32.388,38.844]},"properties":{"frp":2.0,"hours":7.5,"at":"2026-08-06T23:46Z"}},{"type":"Feature","geometry":{"type":"Point","coordinates":[32.393,38.846]},"properties":{"frp":1.9,"hours":7.5,"at":"2026-08-06T23:46Z"}},{"type":"Feature","geometry":{"type":"Point","coordinates":[32.389,38.847]},"properties":{"frp":2.0,"hours":7.5,"at":"2026-08-06T23:46Z"}},{"type":"Feature","geometry":{"type":"Point","coordinates":[16.422,39.49]},"properties":{"frp":0.9,"hours":7.5,"at":"2026-08-06T23:46Z"}},{"type":"Feature","geometry":{"type":"Point","coordinates":[16.423,39.49]},"properties":{"frp":1.0,"hours":7.5,"at":"2026-08-06T23:46Z"}},{"type":"Feature","geometry":{"type":"Point","coordinates":[33.607,39.632]},"properties":{"frp":1.4,"hours":7.5,"at":"2026-08-06T23:46Z"}},{"type":"Feature","geometry":{"type":"Point","coordinates":[33.603,39.633]},"properties":{"frp":1.4,"hours":7.5,"at":"2026-08-06T23:46Z"}},{"type":"Feature","geometry":{"type":"Point","coordinates":[33.599,39.634]},"properties":{"frp":1.2,"hours":7.5,"at":"2026-08-06T23:46Z"}},{"type":"Feature","geometry":{"type":"Point","coordinates":[33.837,39.729]},"properties":{"frp":0.6,"hours":7.5,"at":"2026-08-06T23:46Z"}},{"type":"Feature","geometry":{"type":"Point","coordinates":[29.224,40.185]},"properties":{"frp":0.9,"hours":7.5,"at":"2026-08-06T23:46Z"}},{"type":"Feature","geometry":{"type":"Point","coordinates":[16.995,40.586]},"properties":{"frp":1.3,"hours":7.5,"at":"2026-08-06T23:46Z"}},{"type":"Feature","geometry":{"type":"Point","coordinates":[19.79,40.633]},"properties":{"frp":1.5,"hours":7.5,"at":"2026-08-06T23:46Z"}},{"type":"Feature","geometry":{"type":"Point","coordinates":[19.756,40.662]},"properties":{"frp":1.2,"hours":7.5,"at":"2026-08-06T23:46Z"}},{"type":"Feature","geometry":{"type":"Point","coordinates":[19.751,40.662]},"properties":{"frp":1.2,"hours":7.5,"at":"2026-08-06T23:46Z"}},{"type":"Feature","geometry":{"type":"Point","coordinates":[19.757,40.664]},"properties":{"frp":2.0,"hours":7.5,"at":"2026-08-06T23:46Z"}},{"type":"Feature","geometry":{"type":"Point","coordinates":[19.752,40.664]},"properties":{"frp":2.5,"hours":7.5,"at":"2026-08-06T23:46Z"}},{"type":"Feature","geometry":{"type":"Point","coordinates":[19.986,41.066]},"properties":{"frp":0.2,"hours":7.5,"at":"2026-08-06T23:46Z"}},{"type":"Feature","geometry":{"type":"Point","coordinates":[19.652,41.173]},"properties":{"frp":1.2,"hours":7.5,"at":"2026-08-06T23:46Z"}},{"type":"Feature","geometry":{"type":"Point","coordinates":[27.025,41.286]},"properties":{"frp":6.7,"hours":7.5,"at":"2026-08-06T23:46Z"}},{"type":"Feature","geometry":{"type":"Point","coordinates":[27.507,41.635]},"properties":{"frp":0.8,"hours":7.5,"at":"2026-08-06T23:46Z"}},{"type":"Feature","geometry":{"type":"Point","coordinates":[19.186,42.052]},"properties":{"frp":2.2,"hours":7.5,"at":"2026-08-06T23:46Z"}},{"type":"Feature","geometry":{"type":"Point","coordinates":[19.179,42.052]},"properties":{"frp":2.2,"hours":7.5,"at":"2026-08-06T23:46Z"}},{"type":"Feature","geometry":{"type":"Point","coordinates":[19.188,42.053]},"properties":{"frp":1.4,"hours":7.5,"at":"2026-08-06T23:46Z"}},{"type":"Feature","geometry":{"type":"Point","coordinates":[19.181,42.053]},"properties":{"frp":1.4,"hours":7.5,"at":"2026-08-06T23:46Z"}},{"type":"Feature","geometry":{"type":"Point","coordinates":[19.194,42.058]},"properties":{"frp":2.2,"hours":7.5,"at":"2026-08-06T23:46Z"}},{"type":"Feature","geometry":{"type":"Point","coordinates":[19.195,42.059]},"properties":{"frp":4.2,"hours":7.5,"at":"2026-08-06T23:46Z"}},{"type":"Feature","geometry":{"type":"Point","coordinates":[19.189,42.064]},"properties":{"frp":4.4,"hours":7.5,"at":"2026-08-06T23:46Z"}},{"type":"Feature","geometry":{"type":"Point","coordinates":[19.184,42.064]},"properties":{"frp":5.9,"hours":7.5,"at":"2026-08-06T23:46Z"}},{"type":"Feature","geometry":{"type":"Point","coordinates":[19.19,42.065]},"properties":{"frp":5.4,"hours":7.5,"at":"2026-08-06T23:46Z"}},{"type":"Feature","geometry":{"type":"Point","coordinates":[19.184,42.065]},"properties":{"frp":5.4,"hours":7.5,"at":"2026-08-06T23:46Z"}},{"type":"Feature","geometry":{"type":"Point","coordinates":[19.186,42.07]},"properties":{"frp":4.4,"hours":7.5,"at":"2026-08-06T23:46Z"}},{"type":"Feature","geometry":{"type":"Point","coordinates":[21.175,42.502]},"properties":{"frp":1.8,"hours":7.5,"at":"2026-08-06T23:46Z"}},{"type":"Feature","geometry":{"type":"Point","coordinates":[21.178,42.505]},"properties":{"frp":2.0,"hours":7.5,"at":"2026-08-06T23:46Z"}},{"type":"Feature","geometry":{"type":"Point","coordinates":[21.173,42.506]},"properties":{"frp":1.9,"hours":7.5,"at":"2026-08-06T23:46Z"}},{"type":"Feature","geometry":{"type":"Point","coordinates":[21.176,42.508]},"properties":{"frp":0.7,"hours":7.5,"at":"2026-08-06T23:46Z"}},{"type":"Feature","geometry":{"type":"Point","coordinates":[33.595,40.407]},"properties":{"frp":4.7,"hours":45.5,"at":"2026-08-05T09:45Z"}},{"type":"Feature","geometry":{"type":"Point","coordinates":[33.625,44.754]},"properties":{"frp":2.7,"hours":45.5,"at":"2026-08-05T09:47Z"}},{"type":"Feature","geometry":{"type":"Point","coordinates":[28.866,44.833]},"properties":{"frp":9.3,"hours":45.5,"at":"2026-08-05T09:47Z"}},{"type":"Feature","geometry":{"type":"Point","coordinates":[28.866,44.834]},"properties":{"frp":15.3,"hours":45.5,"at":"2026-08-05T09:47Z"}},{"type":"Feature","geometry":{"type":"Point","coordinates":[28.854,44.837]},"properties":{"frp":14.8,"hours":45.5,"at":"2026-08-05T09:47Z"}},{"type":"Feature","geometry":{"type":"Point","coordinates":[28.862,44.84]},"properties":{"frp":38.5,"hours":45.5,"at":"2026-08-05T09:47Z"}},{"type":"Feature","geometry":{"type":"Point","coordinates":[29.315,45.824]},"properties":{"frp":2.2,"hours":45.5,"at":"2026-08-05T09:47Z"}},{"type":"Feature","geometry":{"type":"Point","coordinates":[29.315,45.826]},"properties":{"frp":3.0,"hours":45.5,"at":"2026-08-05T09:47Z"}},{"type":"Feature","geometry":{"type":"Point","coordinates":[33.936,45.953]},"properties":{"frp":2.9,"hours":45.5,"at":"2026-08-05T09:47Z"}},{"type":"Feature","geometry":{"type":"Point","coordinates":[33.941,45.954]},"properties":{"frp":2.9,"hours":45.5,"at":"2026-08-05T09:47Z"}},{"type":"Feature","geometry":{"type":"Point","coordinates":[33.933,45.958]},"properties":{"frp":22.8,"hours":45.5,"at":"2026-08-05T09:47Z"}},{"type":"Feature","geometry":{"type":"Point","coordinates":[33.938,45.959]},"properties":{"frp":22.8,"hours":45.5,"at":"2026-08-05T09:47Z"}},{"type":"Feature","geometry":{"type":"Point","coordinates":[29.331,46.044]},"properties":{"frp":5.1,"hours":45.5,"at":"2026-08-05T09:47Z"}},{"type":"Feature","geometry":{"type":"Point","coordinates":[29.338,46.046]},"properties":{"frp":5.1,"hours":45.5,"at":"2026-08-05T09:47Z"}},{"type":"Feature","geometry":{"type":"Point","coordinates":[29.327,46.049]},"properties":{"frp":12.1,"hours":45.5,"at":"2026-08-05T09:47Z"}},{"type":"Feature","geometry":{"type":"Point","coordinates":[29.327,46.05]},"properties":{"frp":5.1,"hours":45.5,"at":"2026-08-05T09:47Z"}},{"type":"Feature","geometry":{"type":"Point","coordinates":[29.334,46.051]},"properties":{"frp":17.9,"hours":45.5,"at":"2026-08-05T09:47Z"}},{"type":"Feature","geometry":{"type":"Point","coordinates":[29.334,46.052]},"properties":{"frp":5.1,"hours":45.5,"at":"2026-08-05T09:47Z"}},{"type":"Feature","geometry":{"type":"Point","coordinates":[33.439,46.236]},"properties":{"frp":4.5,"hours":45.5,"at":"2026-08-05T09:47Z"}},{"type":"Feature","geometry":{"type":"Point","coordinates":[33.444,46.237]},"properties":{"frp":4.5,"hours":45.5,"at":"2026-08-05T09:47Z"}},{"type":"Feature","geometry":{"type":"Point","coordinates":[33.441,46.237]},"properties":{"frp":7.4,"hours":45.5,"at":"2026-08-05T09:47Z"}},{"type":"Feature","geometry":{"type":"Point","coordinates":[33.446,46.239]},"properties":{"frp":14.5,"hours":45.5,"at":"2026-08-05T09:47Z"}},{"type":"Feature","geometry":{"type":"Point","coordinates":[33.449,46.239]},"properties":{"frp":11.4,"hours":45.5,"at":"2026-08-05T09:47Z"}},{"type":"Feature","geometry":{"type":"Point","coordinates":[32.363,46.299]},"properties":{"frp":7.1,"hours":45.5,"at":"2026-08-05T09:47Z"}},{"type":"Feature","geometry":{"type":"Point","coordinates":[32.369,46.3]},"properties":{"frp":7.1,"hours":45.5,"at":"2026-08-05T09:47Z"}},{"type":"Feature","geometry":{"type":"Point","coordinates":[32.374,46.302]},"properties":{"frp":7.1,"hours":45.5,"at":"2026-08-05T09:47Z"}},{"type":"Feature","geometry":{"type":"Point","coordinates":[32.385,46.325]},"properties":{"frp":4.9,"hours":45.5,"at":"2026-08-05T09:47Z"}},{"type":"Feature","geometry":{"type":"Point","coordinates":[32.391,46.326]},"properties":{"frp":6.1,"hours":45.5,"at":"2026-08-05T09:47Z"}},{"type":"Feature","geometry":{"type":"Point","coordinates":[32.376,46.328]},"properties":{"frp":4.9,"hours":45.5,"at":"2026-08-05T09:47Z"}},{"type":"Feature","geometry":{"type":"Point","coordinates":[32.373,46.334]},"properties":{"frp":6.2,"hours":45.5,"at":"2026-08-05T09:47Z"}},{"type":"Feature","geometry":{"type":"Point","coordinates":[32.145,46.392]},"properties":{"frp":2.2,"hours":45.5,"at":"2026-08-05T09:47Z"}},{"type":"Feature","geometry":{"type":"Point","coordinates":[32.441,46.47]},"properties":{"frp":6.3,"hours":45.5,"at":"2026-08-05T09:47Z"}},{"type":"Feature","geometry":{"type":"Point","coordinates":[32.791,46.499]},"properties":{"frp":44.6,"hours":45.5,"at":"2026-08-05T09:47Z"}},{"type":"Feature","geometry":{"type":"Point","coordinates":[32.787,46.5]},"properties":{"frp":77.2,"hours":45.5,"at":"2026-08-05T09:47Z"}},{"type":"Feature","geometry":{"type":"Point","coordinates":[32.792,46.502]},"properties":{"frp":48.1,"hours":45.5,"at":"2026-08-05T09:47Z"}},{"type":"Feature","geometry":{"type":"Point","coordinates":[32.783,46.502]},"properties":{"frp":55.6,"hours":45.5,"at":"2026-08-05T09:47Z"}},{"type":"Feature","geometry":{"type":"Point","coordinates":[32.788,46.504]},"properties":{"frp":44.6,"hours":45.5,"at":"2026-08-05T09:47Z"}},{"type":"Feature","geometry":{"type":"Point","coordinates":[32.793,46.505]},"properties":{"frp":44.6,"hours":45.5,"at":"2026-08-05T09:47Z"}},{"type":"Feature","geometry":{"type":"Point","coordinates":[32.783,46.506]},"properties":{"frp":77.2,"hours":45.5,"at":"2026-08-05T09:47Z"}},{"type":"Feature","geometry":{"type":"Point","coordinates":[32.788,46.507]},"properties":{"frp":48.1,"hours":45.5,"at":"2026-08-05T09:47Z"}},{"type":"Feature","geometry":{"type":"Point","coordinates":[32.785,46.512]},"properties":{"frp":6.1,"hours":45.5,"at":"2026-08-05T09:47Z"}},{"type":"Feature","geometry":{"type":"Point","coordinates":[32.612,46.535]},"properties":{"frp":10.5,"hours":45.5,"at":"2026-08-05T09:47Z"}},{"type":"Feature","geometry":{"type":"Point","coordinates":[32.612,46.538]},"properties":{"frp":8.8,"hours":45.5,"at":"2026-08-05T09:47Z"}},{"type":"Feature","geometry":{"type":"Point","coordinates":[32.77,46.545]},"properties":{"frp":2.0,"hours":45.5,"at":"2026-08-05T09:47Z"}},{"type":"Feature","geometry":{"type":"Point","coordinates":[32.764,46.556]},"properties":{"frp":2.5,"hours":45.5,"at":"2026-08-05T09:47Z"}},{"type":"Feature","geometry":{"type":"Point","coordinates":[32.892,46.563]},"properties":{"frp":2.7,"hours":45.5,"at":"2026-08-05T09:47Z"}},{"type":"Feature","geometry":{"type":"Point","coordinates":[32.883,46.586]},"properties":{"frp":3.5,"hours":45.5,"at":"2026-08-05T09:47Z"}},{"type":"Feature","geometry":{"type":"Point","coordinates":[32.729,46.587]},"properties":{"frp":1.9,"hours":45.5,"at":"2026-08-05T09:47Z"}},{"type":"Feature","geometry":{"type":"Point","coordinates":[32.73,46.589]},"properties":{"frp":1.6,"hours":45.5,"at":"2026-08-05T09:47Z"}},{"type":"Feature","geometry":{"type":"Point","coordinates":[32.88,46.591]},"properties":{"frp":6.8,"hours":45.5,"at":"2026-08-05T09:47Z"}},{"type":"Feature","geometry":{"type":"Point","coordinates":[33.166,46.604]},"properties":{"frp":41.0,"hours":45.5,"at":"2026-08-05T09:47Z"}},{"type":"Feature","geometry":{"type":"Point","coordinates":[33.171,46.605]},"properties":{"frp":41.0,"hours":45.5,"at":"2026-08-05T09:47Z"}},{"type":"Feature","geometry":{"type":"Point","coordinates":[33.169,46.605]},"properties":{"frp":48.4,"hours":45.5,"at":"2026-08-05T09:47Z"}},{"type":"Feature","geometry":{"type":"Point","coordinates":[33.176,46.607]},"properties":{"frp":31.6,"hours":45.5,"at":"2026-08-05T09:47Z"}},{"type":"Feature","geometry":{"type":"Point","coordinates":[33.174,46.607]},"properties":{"frp":52.4,"hours":45.5,"at":"2026-08-05T09:47Z"}},{"type":"Feature","geometry":{"type":"Point","coordinates":[33.181,46.626]},"properties":{"frp":1.9,"hours":45.5,"at":"2026-08-05T09:47Z"}},{"type":"Feature","geometry":{"type":"Point","coordinates":[32.757,46.676]},"properties":{"frp":7.6,"hours":45.5,"at":"2026-08-05T09:47Z"}},{"type":"Feature","geometry":{"type":"Point","coordinates":[30.176,46.769]},"properties":{"frp":8.2,"hours":45.5,"at":"2026-08-05T09:47Z"}},{"type":"Feature","geometry":{"type":"Point","coordinates":[30.172,46.775]},"properties":{"frp":8.2,"hours":45.5,"at":"2026-08-05T09:47Z"}},{"type":"Feature","geometry":{"type":"Point","coordinates":[33.832,46.776]},"properties":{"frp":4.5,"hours":45.5,"at":"2026-08-05T09:47Z"}},{"type":"Feature","geometry":{"type":"Point","coordinates":[33.837,46.777]},"properties":{"frp":4.9,"hours":45.5,"at":"2026-08-05T09:47Z"}},{"type":"Feature","geometry":{"type":"Point","coordinates":[30.168,46.781]},"properties":{"frp":3.8,"hours":45.5,"at":"2026-08-05T09:47Z"}},{"type":"Feature","geometry":{"type":"Point","coordinates":[33.267,46.805]},"properties":{"frp":4.4,"hours":45.5,"at":"2026-08-05T09:47Z"}},{"type":"Feature","geometry":{"type":"Point","coordinates":[33.276,46.807]},"properties":{"frp":6.4,"hours":45.5,"at":"2026-08-05T09:47Z"}},{"type":"Feature","geometry":{"type":"Point","coordinates":[33.281,46.809]},"properties":{"frp":5.5,"hours":45.5,"at":"2026-08-05T09:47Z"}},{"type":"Feature","geometry":{"type":"Point","coordinates":[33.264,46.81]},"properties":{"frp":1.5,"hours":45.5,"at":"2026-08-05T09:47Z"}},{"type":"Feature","geometry":{"type":"Point","coordinates":[33.278,46.814]},"properties":{"frp":3.9,"hours":45.5,"at":"2026-08-05T09:47Z"}},{"type":"Feature","geometry":{"type":"Point","coordinates":[32.982,46.822]},"properties":{"frp":2.4,"hours":45.5,"at":"2026-08-05T09:47Z"}},{"type":"Feature","geometry":{"type":"Point","coordinates":[32.841,46.84]},"properties":{"frp":5.5,"hours":45.5,"at":"2026-08-05T09:47Z"}},{"type":"Feature","geometry":{"type":"Point","coordinates":[32.841,46.841]},"properties":{"frp":6.0,"hours":45.5,"at":"2026-08-05T09:47Z"}},{"type":"Feature","geometry":{"type":"Point","coordinates":[33.454,46.957]},"properties":{"frp":7.3,"hours":45.5,"at":"2026-08-05T09:47Z"}},{"type":"Feature","geometry":{"type":"Point","coordinates":[33.451,46.962]},"properties":{"frp":7.3,"hours":45.5,"at":"2026-08-05T09:47Z"}},{"type":"Feature","geometry":{"type":"Point","coordinates":[33.455,46.963]},"properties":{"frp":16.0,"hours":45.5,"at":"2026-08-05T09:47Z"}},{"type":"Feature","geometry":{"type":"Point","coordinates":[31.486,47.012]},"properties":{"frp":5.0,"hours":45.5,"at":"2026-08-05T09:47Z"}},{"type":"Feature","geometry":{"type":"Point","coordinates":[31.481,47.016]},"properties":{"frp":4.3,"hours":45.5,"at":"2026-08-05T09:47Z"}},{"type":"Feature","geometry":{"type":"Point","coordinates":[33.549,47.066]},"properties":{"frp":2.0,"hours":45.5,"at":"2026-08-05T09:47Z"}},{"type":"Feature","geometry":{"type":"Point","coordinates":[33.549,47.068]},"properties":{"frp":3.0,"hours":45.5,"at":"2026-08-05T09:47Z"}},{"type":"Feature","geometry":{"type":"Point","coordinates":[33.623,47.111]},"properties":{"frp":4.2,"hours":45.5,"at":"2026-08-05T09:47Z"}},{"type":"Feature","geometry":{"type":"Point","coordinates":[33.628,47.112]},"properties":{"frp":2.7,"hours":45.5,"at":"2026-08-05T09:47Z"}},{"type":"Feature","geometry":{"type":"Point","coordinates":[33.193,47.135]},"properties":{"frp":58.5,"hours":45.5,"at":"2026-08-05T09:47Z"}},{"type":"Feature","geometry":{"type":"Point","coordinates":[33.18,47.137]},"properties":{"frp":60.1,"hours":45.5,"at":"2026-08-05T09:47Z"}},{"type":"Feature","geometry":{"type":"Point","coordinates":[33.185,47.138]},"properties":{"frp":58.5,"hours":45.5,"at":"2026-08-05T09:47Z"}},{"type":"Feature","geometry":{"type":"Point","coordinates":[33.19,47.14]},"properties":{"frp":58.5,"hours":45.5,"at":"2026-08-05T09:47Z"}},{"type":"Feature","geometry":{"type":"Point","coordinates":[32.828,47.202]},"properties":{"frp":2.3,"hours":45.5,"at":"2026-08-05T09:47Z"}},{"type":"Feature","geometry":{"type":"Point","coordinates":[32.831,47.203]},"properties":{"frp":5.0,"hours":45.5,"at":"2026-08-05T09:47Z"}},{"type":"Feature","geometry":{"type":"Point","coordinates":[32.833,47.204]},"properties":{"frp":2.3,"hours":45.5,"at":"2026-08-05T09:47Z"}},{"type":"Feature","geometry":{"type":"Point","coordinates":[32.823,47.207]},"properties":{"frp":5.0,"hours":45.5,"at":"2026-08-05T09:47Z"}},{"type":"Feature","geometry":{"type":"Point","coordinates":[32.825,47.207]},"properties":{"frp":5.9,"hours":45.5,"at":"2026-08-05T09:47Z"}},{"type":"Feature","geometry":{"type":"Point","coordinates":[31.439,47.347]},"properties":{"frp":6.0,"hours":45.5,"at":"2026-08-05T09:47Z"}},{"type":"Feature","geometry":{"type":"Point","coordinates":[31.441,47.347]},"properties":{"frp":6.0,"hours":45.5,"at":"2026-08-05T09:47Z"}},{"type":"Feature","geometry":{"type":"Point","coordinates":[33.505,47.348]},"properties":{"frp":9.1,"hours":45.5,"at":"2026-08-05T09:47Z"}},{"type":"Feature","geometry":{"type":"Point","coordinates":[30.17,47.471]},"properties":{"frp":6.2,"hours":45.5,"at":"2026-08-05T09:47Z"}},{"type":"Feature","geometry":{"type":"Point","coordinates":[30.16,47.475]},"properties":{"frp":6.2,"hours":45.5,"at":"2026-08-05T09:47Z"}},{"type":"Feature","geometry":{"type":"Point","coordinates":[30.166,47.477]},"properties":{"frp":6.2,"hours":45.5,"at":"2026-08-05T09:47Z"}},{"type":"Feature","geometry":{"type":"Point","coordinates":[33.766,47.499]},"properties":{"frp":3.4,"hours":45.5,"at":"2026-08-05T09:47Z"}},{"type":"Feature","geometry":{"type":"Point","coordinates":[33.77,47.5]},"properties":{"frp":5.4,"hours":45.5,"at":"2026-08-05T09:47Z"}},{"type":"Feature","geometry":{"type":"Point","coordinates":[31.209,47.533]},"properties":{"frp":50.1,"hours":45.5,"at":"2026-08-05T09:47Z"}},{"type":"Feature","geometry":{"type":"Point","coordinates":[31.21,47.54]},"properties":{"frp":50.1,"hours":45.5,"at":"2026-08-05T09:47Z"}},{"type":"Feature","geometry":{"type":"Point","coordinates":[30.08,47.608]},"properties":{"frp":7.6,"hours":45.5,"at":"2026-08-05T09:47Z"}},{"type":"Feature","geometry":{"type":"Point","coordinates":[30.086,47.61]},"properties":{"frp":7.6,"hours":45.5,"at":"2026-08-05T09:47Z"}},{"type":"Feature","geometry":{"type":"Point","coordinates":[30.079,47.613]},"properties":{"frp":8.9,"hours":45.5,"at":"2026-08-05T09:47Z"}},{"type":"Feature","geometry":{"type":"Point","coordinates":[30.084,47.614]},"properties":{"frp":13.4,"hours":45.5,"at":"2026-08-05T09:47Z"}},{"type":"Feature","geometry":{"type":"Point","coordinates":[30.082,47.616]},"properties":{"frp":7.6,"hours":45.5,"at":"2026-08-05T09:47Z"}},{"type":"Feature","geometry":{"type":"Point","coordinates":[30.09,47.616]},"properties":{"frp":13.4,"hours":45.5,"at":"2026-08-05T09:47Z"}},{"type":"Feature","geometry":{"type":"Point","coordinates":[30.088,47.618]},"properties":{"frp":24.2,"hours":45.5,"at":"2026-08-05T09:47Z"}},{"type":"Feature","geometry":{"type":"Point","coordinates":[33.036,47.732]},"properties":{"frp":2.5,"hours":45.5,"at":"2026-08-05T09:47Z"}},{"type":"Feature","geometry":{"type":"Point","coordinates":[33.036,47.735]},"properties":{"frp":3.7,"hours":45.5,"at":"2026-08-05T09:47Z"}},{"type":"Feature","geometry":{"type":"Point","coordinates":[31.07,47.749]},"properties":{"frp":5.8,"hours":45.5,"at":"2026-08-05T09:47Z"}},{"type":"Feature","geometry":{"type":"Point","coordinates":[31.075,47.751]},"properties":{"frp":5.8,"hours":45.5,"at":"2026-08-05T09:47Z"}},{"type":"Feature","geometry":{"type":"Point","coordinates":[31.4,47.879]},"properties":{"frp":1.7,"hours":45.5,"at":"2026-08-05T09:47Z"}},{"type":"Feature","geometry":{"type":"Point","coordinates":[33.056,47.887]},"properties":{"frp":1.8,"hours":45.5,"at":"2026-08-05T09:47Z"}},{"type":"Feature","geometry":{"type":"Point","coordinates":[29.016,48.125]},"properties":{"frp":5.7,"hours":45.5,"at":"2026-08-05T09:47Z"}},{"type":"Feature","geometry":{"type":"Point","coordinates":[33.738,48.299]},"properties":{"frp":3.9,"hours":45.5,"at":"2026-08-05T09:47Z"}},{"type":"Feature","geometry":{"type":"Point","coordinates":[29.14,48.424]},"properties":{"frp":13.6,"hours":45.5,"at":"2026-08-05T09:47Z"}},{"type":"Feature","geometry":{"type":"Point","coordinates":[29.129,48.428]},"properties":{"frp":19.8,"hours":45.5,"at":"2026-08-05T09:47Z"}},{"type":"Feature","geometry":{"type":"Point","coordinates":[31.469,48.692]},"properties":{"frp":16.7,"hours":45.5,"at":"2026-08-05T09:47Z"}},{"type":"Feature","geometry":{"type":"Point","coordinates":[31.474,48.693]},"properties":{"frp":16.7,"hours":45.5,"at":"2026-08-05T09:47Z"}},{"type":"Feature","geometry":{"type":"Point","coordinates":[33.846,48.787]},"properties":{"frp":3.2,"hours":45.5,"at":"2026-08-05T09:47Z"}},{"type":"Feature","geometry":{"type":"Point","coordinates":[33.843,48.791]},"properties":{"frp":8.1,"hours":45.5,"at":"2026-08-05T09:47Z"}},{"type":"Feature","geometry":{"type":"Point","coordinates":[33.407,48.838]},"properties":{"frp":4.1,"hours":45.5,"at":"2026-08-05T09:47Z"}},{"type":"Feature","geometry":{"type":"Point","coordinates":[26.737,49.611]},"properties":{"frp":21.1,"hours":45.5,"at":"2026-08-05T09:49Z"}},{"type":"Feature","geometry":{"type":"Point","coordinates":[26.745,49.614]},"properties":{"frp":21.1,"hours":45.5,"at":"2026-08-05T09:49Z"}},{"type":"Feature","geometry":{"type":"Point","coordinates":[31.309,50.24]},"properties":{"frp":1.4,"hours":45.5,"at":"2026-08-05T09:49Z"}},{"type":"Feature","geometry":{"type":"Point","coordinates":[30.853,50.556]},"properties":{"frp":3.8,"hours":45.5,"at":"2026-08-05T09:49Z"}},{"type":"Feature","geometry":{"type":"Point","coordinates":[30.853,50.558]},"properties":{"frp":5.4,"hours":45.5,"at":"2026-08-05T09:49Z"}},{"type":"Feature","geometry":{"type":"Point","coordinates":[25.841,50.731]},"properties":{"frp":7.1,"hours":45.5,"at":"2026-08-05T09:49Z"}},{"type":"Feature","geometry":{"type":"Point","coordinates":[33.009,50.933]},"properties":{"frp":8.9,"hours":45.5,"at":"2026-08-05T09:49Z"}},{"type":"Feature","geometry":{"type":"Point","coordinates":[30.62,52.157]},"properties":{"frp":2.2,"hours":45.5,"at":"2026-08-05T09:49Z"}},{"type":"Feature","geometry":{"type":"Point","coordinates":[32.915,52.174]},"properties":{"frp":4.5,"hours":45.5,"at":"2026-08-05T09:49Z"}},{"type":"Feature","geometry":{"type":"Point","coordinates":[33.138,52.401]},"properties":{"frp":4.5,"hours":45.5,"at":"2026-08-05T09:49Z"}},{"type":"Feature","geometry":{"type":"Point","coordinates":[33.137,52.403]},"properties":{"frp":4.4,"hours":45.5,"at":"2026-08-05T09:49Z"}},{"type":"Feature","geometry":{"type":"Point","coordinates":[32.843,52.52]},"properties":{"frp":6.3,"hours":45.5,"at":"2026-08-05T09:49Z"}},{"type":"Feature","geometry":{"type":"Point","coordinates":[32.851,52.522]},"properties":{"frp":8.3,"hours":45.5,"at":"2026-08-05T09:49Z"}},{"type":"Feature","geometry":{"type":"Point","coordinates":[32.848,52.526]},"properties":{"frp":8.3,"hours":45.5,"at":"2026-08-05T09:49Z"}},{"type":"Feature","geometry":{"type":"Point","coordinates":[24.749,53.908]},"properties":{"frp":7.2,"hours":45.5,"at":"2026-08-05T09:49Z"}},{"type":"Feature","geometry":{"type":"Point","coordinates":[24.756,53.91]},"properties":{"frp":12.0,"hours":45.5,"at":"2026-08-05T09:49Z"}},{"type":"Feature","geometry":{"type":"Point","coordinates":[24.75,53.915]},"properties":{"frp":4.5,"hours":45.5,"at":"2026-08-05T09:49Z"}},{"type":"Feature","geometry":{"type":"Point","coordinates":[14.636,37.111]},"properties":{"frp":4.3,"hours":43.9,"at":"2026-08-05T11:25Z"}},{"type":"Feature","geometry":{"type":"Point","coordinates":[14.635,37.111]},"properties":{"frp":4.8,"hours":43.9,"at":"2026-08-05T11:25Z"}},{"type":"Feature","geometry":{"type":"Point","coordinates":[14.644,37.124]},"properties":{"frp":5.0,"hours":43.9,"at":"2026-08-05T11:25Z"}},{"type":"Feature","geometry":{"type":"Point","coordinates":[13.693,37.314]},"properties":{"frp":5.2,"hours":43.9,"at":"2026-08-05T11:25Z"}},{"type":"Feature","geometry":{"type":"Point","coordinates":[13.693,37.316]},"properties":{"frp":6.7,"hours":43.9,"at":"2026-08-05T11:25Z"}},{"type":"Feature","geometry":{"type":"Point","coordinates":[15.136,37.786]},"properties":{"frp":15.8,"hours":43.9,"at":"2026-08-05T11:25Z"}},{"type":"Feature","geometry":{"type":"Point","coordinates":[15.135,37.787]},"properties":{"frp":11.2,"hours":43.9,"at":"2026-08-05T11:25Z"}},{"type":"Feature","geometry":{"type":"Point","coordinates":[15.142,37.788]},"properties":{"frp":10.6,"hours":43.9,"at":"2026-08-05T11:25Z"}},{"type":"Feature","geometry":{"type":"Point","coordinates":[15.141,37.788]},"properties":{"frp":11.2,"hours":43.9,"at":"2026-08-05T11:25Z"}},{"type":"Feature","geometry":{"type":"Point","coordinates":[15.135,37.791]},"properties":{"frp":15.8,"hours":43.9,"at":"2026-08-05T11:25Z"}},{"type":"Feature","geometry":{"type":"Point","coordinates":[15.134,37.792]},"properties":{"frp":9.5,"hours":43.9,"at":"2026-08-05T11:25Z"}},{"type":"Feature","geometry":{"type":"Point","coordinates":[32.664,37.84]},"properties":{"frp":32.6,"hours":43.9,"at":"2026-08-05T11:25Z"}},{"type":"Feature","geometry":{"type":"Point","coordinates":[15.338,37.965]},"properties":{"frp":5.3,"hours":43.9,"at":"2026-08-05T11:25Z"}},{"type":"Feature","geometry":{"type":"Point","coordinates":[16.144,38.082]},"properties":{"frp":2.9,"hours":43.9,"at":"2026-08-05T11:25Z"}},{"type":"Feature","geometry":{"type":"Point","coordinates":[15.864,38.231]},"properties":{"frp":3.9,"hours":43.9,"at":"2026-08-05T11:25Z"}},{"type":"Feature","geometry":{"type":"Point","coordinates":[16.082,38.541]},"properties":{"frp":1.5,"hours":43.9,"at":"2026-08-05T11:25Z"}},{"type":"Feature","geometry":{"type":"Point","coordinates":[16.15,38.567]},"properties":{"frp":5.1,"hours":43.9,"at":"2026-08-05T11:25Z"}},{"type":"Feature","geometry":{"type":"Point","coordinates":[15.952,38.631]},"properties":{"frp":6.6,"hours":43.9,"at":"2026-08-05T11:25Z"}},{"type":"Feature","geometry":{"type":"Point","coordinates":[21.815,38.904]},"properties":{"frp":1.2,"hours":43.9,"at":"2026-08-05T11:25Z"}},{"type":"Feature","geometry":{"type":"Point","coordinates":[32.396,38.968]},"properties":{"frp":7.2,"hours":43.9,"at":"2026-08-05T11:25Z"}},{"type":"Feature","geometry":{"type":"Point","coordinates":[17.006,39.2]},"properties":{"frp":3.6,"hours":43.9,"at":"2026-08-05T11:25Z"}},{"type":"Feature","geometry":{"type":"Point","coordinates":[17.011,39.201]},"properties":{"frp":3.6,"hours":43.9,"at":"2026-08-05T11:25Z"}},{"type":"Feature","geometry":{"type":"Point","coordinates":[33.874,40.013]},"properties":{"frp":22.9,"hours":43.9,"at":"2026-08-05T11:25Z"}},{"type":"Feature","geometry":{"type":"Point","coordinates":[16.845,39.505]},"properties":{"frp":4.6,"hours":43.8,"at":"2026-08-05T11:28Z"}},{"type":"Feature","geometry":{"type":"Point","coordinates":[15.831,39.951]},"properties":{"frp":12.9,"hours":43.8,"at":"2026-08-05T11:28Z"}},{"type":"Feature","geometry":{"type":"Point","coordinates":[15.828,39.951]},"properties":{"frp":13.4,"hours":43.8,"at":"2026-08-05T11:28Z"}},{"type":"Feature","geometry":{"type":"Point","coordinates":[15.83,39.956]},"properties":{"frp":15.9,"hours":43.8,"at":"2026-08-05T11:28Z"}},{"type":"Feature","geometry":{"type":"Point","coordinates":[15.833,39.957]},"properties":{"frp":9.1,"hours":43.8,"at":"2026-08-05T11:28Z"}},{"type":"Feature","geometry":{"type":"Point","coordinates":[18.252,40.182]},"properties":{"frp":2.8,"hours":43.8,"at":"2026-08-05T11:28Z"}},{"type":"Feature","geometry":{"type":"Point","coordinates":[18.094,40.25]},"properties":{"frp":4.5,"hours":43.8,"at":"2026-08-05T11:28Z"}},{"type":"Feature","geometry":{"type":"Point","coordinates":[18.096,40.254]},"properties":{"frp":5.5,"hours":43.8,"at":"2026-08-05T11:28Z"}},{"type":"Feature","geometry":{"type":"Point","coordinates":[16.712,40.275]},"properties":{"frp":4.2,"hours":43.8,"at":"2026-08-05T11:28Z"}},{"type":"Feature","geometry":{"type":"Point","coordinates":[16.72,40.365]},"properties":{"frp":8.1,"hours":43.8,"at":"2026-08-05T11:28Z"}},{"type":"Feature","geometry":{"type":"Point","coordinates":[16.718,40.369]},"properties":{"frp":8.1,"hours":43.8,"at":"2026-08-05T11:28Z"}},{"type":"Feature","geometry":{"type":"Point","coordinates":[16.723,40.37]},"properties":{"frp":8.1,"hours":43.8,"at":"2026-08-05T11:28Z"}},{"type":"Feature","geometry":{"type":"Point","coordinates":[16.719,40.378]},"properties":{"frp":2.2,"hours":43.8,"at":"2026-08-05T11:28Z"}},{"type":"Feature","geometry":{"type":"Point","coordinates":[16.78,40.435]},"properties":{"frp":6.3,"hours":43.8,"at":"2026-08-05T11:28Z"}},{"type":"Feature","geometry":{"type":"Point","coordinates":[16.468,40.577]},"properties":{"frp":7.6,"hours":43.8,"at":"2026-08-05T11:28Z"}},{"type":"Feature","geometry":{"type":"Point","coordinates":[16.599,40.578]},"properties":{"frp":21.2,"hours":43.8,"at":"2026-08-05T11:28Z"}},{"type":"Feature","geometry":{"type":"Point","coordinates":[16.473,40.578]},"properties":{"frp":7.6,"hours":43.8,"at":"2026-08-05T11:28Z"}},{"type":"Feature","geometry":{"type":"Point","coordinates":[16.604,40.579]},"properties":{"frp":21.2,"hours":43.8,"at":"2026-08-05T11:28Z"}},{"type":"Feature","geometry":{"type":"Point","coordinates":[16.595,40.579]},"properties":{"frp":10.3,"hours":43.8,"at":"2026-08-05T11:28Z"}},{"type":"Feature","geometry":{"type":"Point","coordinates":[16.601,40.58]},"properties":{"frp":31.8,"hours":43.8,"at":"2026-08-05T11:28Z"}},{"type":"Feature","geometry":{"type":"Point","coordinates":[16.597,40.582]},"properties":{"frp":21.2,"hours":43.8,"at":"2026-08-05T11:28Z"}},{"type":"Feature","geometry":{"type":"Point","coordinates":[16.471,40.582]},"properties":{"frp":7.6,"hours":43.8,"at":"2026-08-05T11:28Z"}},{"type":"Feature","geometry":{"type":"Point","coordinates":[16.602,40.583]},"properties":{"frp":21.2,"hours":43.8,"at":"2026-08-05T11:28Z"}},{"type":"Feature","geometry":{"type":"Point","coordinates":[16.594,40.583]},"properties":{"frp":10.3,"hours":43.8,"at":"2026-08-05T11:28Z"}},{"type":"Feature","geometry":{"type":"Point","coordinates":[16.599,40.584]},"properties":{"frp":31.8,"hours":43.8,"at":"2026-08-05T11:28Z"}},{"type":"Feature","geometry":{"type":"Point","coordinates":[16.59,40.585]},"properties":{"frp":7.7,"hours":43.8,"at":"2026-08-05T11:28Z"}},{"type":"Feature","geometry":{"type":"Point","coordinates":[19.772,40.645]},"properties":{"frp":10.0,"hours":43.8,"at":"2026-08-05T11:28Z"}},{"type":"Feature","geometry":{"type":"Point","coordinates":[19.771,40.648]},"properties":{"frp":4.1,"hours":43.8,"at":"2026-08-05T11:28Z"}},{"type":"Feature","geometry":{"type":"Point","coordinates":[19.769,40.656]},"properties":{"frp":5.8,"hours":43.8,"at":"2026-08-05T11:28Z"}},{"type":"Feature","geometry":{"type":"Point","coordinates":[22.82,40.704]},"properties":{"frp":1.8,"hours":43.8,"at":"2026-08-05T11:28Z"}},{"type":"Feature","geometry":{"type":"Point","coordinates":[15.919,40.796]},"properties":{"frp":9.6,"hours":43.8,"at":"2026-08-05T11:28Z"}},{"type":"Feature","geometry":{"type":"Point","coordinates":[15.917,40.8]},"properties":{"frp":6.6,"hours":43.8,"at":"2026-08-05T11:28Z"}},{"type":"Feature","geometry":{"type":"Point","coordinates":[16.906,40.975]},"properties":{"frp":5.8,"hours":43.8,"at":"2026-08-05T11:28Z"}},{"type":"Feature","geometry":{"type":"Point","coordinates":[13.984,41.07]},"properties":{"frp":7.0,"hours":43.8,"at":"2026-08-05T11:28Z"}},{"type":"Feature","geometry":{"type":"Point","coordinates":[13.982,41.073]},"properties":{"frp":3.9,"hours":43.8,"at":"2026-08-05T11:28Z"}},{"type":"Feature","geometry":{"type":"Point","coordinates":[15.654,41.13]},"properties":{"frp":4.3,"hours":43.8,"at":"2026-08-05T11:28Z"}},{"type":"Feature","geometry":{"type":"Point","coordinates":[13.905,41.175]},"properties":{"frp":48.2,"hours":43.8,"at":"2026-08-05T11:28Z"}},{"type":"Feature","geometry":{"type":"Point","coordinates":[15.514,41.208]},"properties":{"frp":10.9,"hours":43.8,"at":"2026-08-05T11:28Z"}},{"type":"Feature","geometry":{"type":"Point","coordinates":[16.084,41.234]},"properties":{"frp":2.8,"hours":43.8,"at":"2026-08-05T11:28Z"}},{"type":"Feature","geometry":{"type":"Point","coordinates":[15.304,41.441]},"properties":{"frp":8.3,"hours":43.8,"at":"2026-08-05T11:28Z"}},{"type":"Feature","geometry":{"type":"Point","coordinates":[15.364,41.46]},"properties":{"frp":7.7,"hours":43.8,"at":"2026-08-05T11:28Z"}},{"type":"Feature","geometry":{"type":"Point","coordinates":[15.516,41.496]},"properties":{"frp":4.8,"hours":43.8,"at":"2026-08-05T11:28Z"}},{"type":"Feature","geometry":{"type":"Point","coordinates":[15.518,41.706]},"properties":{"frp":37.3,"hours":43.8,"at":"2026-08-05T11:28Z"}},{"type":"Feature","geometry":{"type":"Point","coordinates":[15.229,41.782]},"properties":{"frp":7.4,"hours":43.8,"at":"2026-08-05T11:28Z"}},{"type":"Feature","geometry":{"type":"Point","coordinates":[13.295,41.782]},"properties":{"frp":2.8,"hours":43.8,"at":"2026-08-05T11:28Z"}},{"type":"Feature","geometry":{"type":"Point","coordinates":[12.304,42.097]},"properties":{"frp":20.8,"hours":43.8,"at":"2026-08-05T11:28Z"}},{"type":"Feature","geometry":{"type":"Point","coordinates":[12.308,42.098]},"properties":{"frp":20.8,"hours":43.8,"at":"2026-08-05T11:28Z"}},{"type":"Feature","geometry":{"type":"Point","coordinates":[12.312,42.1]},"properties":{"frp":28.3,"hours":43.8,"at":"2026-08-05T11:28Z"}},{"type":"Feature","geometry":{"type":"Point","coordinates":[12.307,42.1]},"properties":{"frp":31.2,"hours":43.8,"at":"2026-08-05T11:28Z"}},{"type":"Feature","geometry":{"type":"Point","coordinates":[13.651,42.101]},"properties":{"frp":23.6,"hours":43.8,"at":"2026-08-05T11:28Z"}},{"type":"Feature","geometry":{"type":"Point","coordinates":[13.65,42.101]},"properties":{"frp":19.3,"hours":43.8,"at":"2026-08-05T11:28Z"}},{"type":"Feature","geometry":{"type":"Point","coordinates":[12.311,42.101]},"properties":{"frp":27.3,"hours":43.8,"at":"2026-08-05T11:28Z"}},{"type":"Feature","geometry":{"type":"Point","coordinates":[12.306,42.103]},"properties":{"frp":20.8,"hours":43.8,"at":"2026-08-05T11:28Z"}},{"type":"Feature","geometry":{"type":"Point","coordinates":[13.65,42.106]},"properties":{"frp":15.2,"hours":43.8,"at":"2026-08-05T11:28Z"}},{"type":"Feature","geometry":{"type":"Point","coordinates":[14.519,42.237]},"properties":{"frp":4.4,"hours":43.8,"at":"2026-08-05T11:28Z"}},{"type":"Feature","geometry":{"type":"Point","coordinates":[24.405,42.37]},"properties":{"frp":2.1,"hours":43.8,"at":"2026-08-05T11:28Z"}},{"type":"Feature","geometry":{"type":"Point","coordinates":[18.968,42.541]},"properties":{"frp":5.8,"hours":43.8,"at":"2026-08-05T11:28Z"}},{"type":"Feature","geometry":{"type":"Point","coordinates":[18.975,42.542]},"properties":{"frp":6.0,"hours":43.8,"at":"2026-08-05T11:28Z"}},{"type":"Feature","geometry":{"type":"Point","coordinates":[18.973,42.543]},"properties":{"frp":12.8,"hours":43.8,"at":"2026-08-05T11:28Z"}},{"type":"Feature","geometry":{"type":"Point","coordinates":[18.981,42.543]},"properties":{"frp":8.0,"hours":43.8,"at":"2026-08-05T11:28Z"}},{"type":"Feature","geometry":{"type":"Point","coordinates":[18.979,42.544]},"properties":{"frp":12.8,"hours":43.8,"at":"2026-08-05T11:28Z"}},{"type":"Feature","geometry":{"type":"Point","coordinates":[18.29,42.631]},"properties":{"frp":7.6,"hours":43.8,"at":"2026-08-05T11:28Z"}},{"type":"Feature","geometry":{"type":"Point","coordinates":[18.296,42.633]},"properties":{"frp":7.6,"hours":43.8,"at":"2026-08-05T11:28Z"}},{"type":"Feature","geometry":{"type":"Point","coordinates":[18.289,42.635]},"properties":{"frp":9.5,"hours":43.8,"at":"2026-08-05T11:28Z"}},{"type":"Feature","geometry":{"type":"Point","coordinates":[18.295,42.636]},"properties":{"frp":9.5,"hours":43.8,"at":"2026-08-05T11:28Z"}},{"type":"Feature","geometry":{"type":"Point","coordinates":[11.638,42.761]},"properties":{"frp":6.9,"hours":43.8,"at":"2026-08-05T11:28Z"}},{"type":"Feature","geometry":{"type":"Point","coordinates":[11.643,42.762]},"properties":{"frp":8.5,"hours":43.8,"at":"2026-08-05T11:28Z"}},{"type":"Feature","geometry":{"type":"Point","coordinates":[22.449,43.454]},"properties":{"frp":5.3,"hours":43.8,"at":"2026-08-05T11:28Z"}},{"type":"Feature","geometry":{"type":"Point","coordinates":[20.617,43.479]},"properties":{"frp":14.1,"hours":43.8,"at":"2026-08-05T11:28Z"}},{"type":"Feature","geometry":{"type":"Point","coordinates":[20.615,43.483]},"properties":{"frp":14.1,"hours":43.8,"at":"2026-08-05T11:28Z"}},{"type":"Feature","geometry":{"type":"Point","coordinates":[24.474,43.51]},"properties":{"frp":6.3,"hours":43.8,"at":"2026-08-05T11:28Z"}},{"type":"Feature","geometry":{"type":"Point","coordinates":[10.68,43.522]},"properties":{"frp":2.3,"hours":43.8,"at":"2026-08-05T11:28Z"}},{"type":"Feature","geometry":{"type":"Point","coordinates":[23.441,43.524]},"properties":{"frp":22.2,"hours":43.8,"at":"2026-08-05T11:28Z"}},{"type":"Feature","geometry":{"type":"Point","coordinates":[20.562,43.597]},"properties":{"frp":8.8,"hours":43.8,"at":"2026-08-05T11:28Z"}},{"type":"Feature","geometry":{"type":"Point","coordinates":[24.016,43.693]},"properties":{"frp":5.4,"hours":43.8,"at":"2026-08-05T11:28Z"}},{"type":"Feature","geometry":{"type":"Point","coordinates":[24.776,43.846]},"properties":{"frp":3.5,"hours":43.8,"at":"2026-08-05T11:28Z"}},{"type":"Feature","geometry":{"type":"Point","coordinates":[24.517,43.866]},"properties":{"frp":5.6,"hours":43.8,"at":"2026-08-05T11:28Z"}},{"type":"Feature","geometry":{"type":"Point","coordinates":[24.516,43.869]},"properties":{"frp":9.5,"hours":43.8,"at":"2026-08-05T11:28Z"}},{"type":"Feature","geometry":{"type":"Point","coordinates":[23.397,44.041]},"properties":{"frp":6.7,"hours":43.8,"at":"2026-08-05T11:28Z"}},{"type":"Feature","geometry":{"type":"Point","coordinates":[23.396,44.044]},"properties":{"frp":6.7,"hours":43.8,"at":"2026-08-05T11:28Z"}},{"type":"Feature","geometry":{"type":"Point","coordinates":[23.403,44.056]},"properties":{"frp":8.9,"hours":43.8,"at":"2026-08-05T11:28Z"}},{"type":"Feature","geometry":{"type":"Point","coordinates":[23.231,44.09]},"properties":{"frp":3.3,"hours":43.8,"at":"2026-08-05T11:28Z"}},{"type":"Feature","geometry":{"type":"Point","coordinates":[28.573,44.388]},"properties":{"frp":8.9,"hours":43.8,"at":"2026-08-05T11:28Z"}},{"type":"Feature","geometry":{"type":"Point","coordinates":[22.701,44.463]},"properties":{"frp":19.1,"hours":43.8,"at":"2026-08-05T11:28Z"}},{"type":"Feature","geometry":{"type":"Point","coordinates":[22.705,44.464]},"properties":{"frp":15.3,"hours":43.8,"at":"2026-08-05T11:28Z"}},{"type":"Feature","geometry":{"type":"Point","coordinates":[22.7,44.467]},"properties":{"frp":19.1,"hours":43.8,"at":"2026-08-05T11:28Z"}},{"type":"Feature","geometry":{"type":"Point","coordinates":[22.704,44.467]},"properties":{"frp":15.3,"hours":43.8,"at":"2026-08-05T11:28Z"}},{"type":"Feature","geometry":{"type":"Point","coordinates":[16.624,44.634]},"properties":{"frp":4.3,"hours":43.8,"at":"2026-08-05T11:28Z"}},{"type":"Feature","geometry":{"type":"Point","coordinates":[16.646,44.635]},"properties":{"frp":5.8,"hours":43.8,"at":"2026-08-05T11:28Z"}},{"type":"Feature","geometry":{"type":"Point","coordinates":[16.636,44.641]},"properties":{"frp":6.2,"hours":43.8,"at":"2026-08-05T11:28Z"}},{"type":"Feature","geometry":{"type":"Point","coordinates":[10.941,44.678]},"properties":{"frp":2.0,"hours":43.8,"at":"2026-08-05T11:28Z"}},{"type":"Feature","geometry":{"type":"Point","coordinates":[10.94,44.68]},"properties":{"frp":2.4,"hours":43.8,"at":"2026-08-05T11:28Z"}},{"type":"Feature","geometry":{"type":"Point","coordinates":[22.724,44.726]},"properties":{"frp":5.2,"hours":43.8,"at":"2026-08-05T11:28Z"}},{"type":"Feature","geometry":{"type":"Point","coordinates":[19.907,44.743]},"properties":{"frp":5.7,"hours":43.8,"at":"2026-08-05T11:28Z"}},{"type":"Feature","geometry":{"type":"Point","coordinates":[19.912,44.744]},"properties":{"frp":5.7,"hours":43.8,"at":"2026-08-05T11:28Z"}},{"type":"Feature","geometry":{"type":"Point","coordinates":[19.905,44.746]},"properties":{"frp":5.7,"hours":43.8,"at":"2026-08-05T11:28Z"}},{"type":"Feature","geometry":{"type":"Point","coordinates":[19.911,44.747]},"properties":{"frp":5.7,"hours":43.8,"at":"2026-08-05T11:28Z"}},{"type":"Feature","geometry":{"type":"Point","coordinates":[19.887,44.765]},"properties":{"frp":3.5,"hours":43.8,"at":"2026-08-05T11:28Z"}},{"type":"Feature","geometry":{"type":"Point","coordinates":[19.886,44.768]},"properties":{"frp":8.2,"hours":43.8,"at":"2026-08-05T11:28Z"}},{"type":"Feature","geometry":{"type":"Point","coordinates":[19.163,44.831]},"properties":{"frp":6.3,"hours":43.8,"at":"2026-08-05T11:28Z"}},{"type":"Feature","geometry":{"type":"Point","coordinates":[21.156,44.853]},"properties":{"frp":8.6,"hours":43.8,"at":"2026-08-05T11:28Z"}},{"type":"Feature","geometry":{"type":"Point","coordinates":[21.155,44.856]},"properties":{"frp":45.4,"hours":43.8,"at":"2026-08-05T11:28Z"}},{"type":"Feature","geometry":{"type":"Point","coordinates":[20.068,44.923]},"properties":{"frp":9.8,"hours":43.8,"at":"2026-08-05T11:28Z"}},{"type":"Feature","geometry":{"type":"Point","coordinates":[18.358,44.983]},"properties":{"frp":5.2,"hours":43.8,"at":"2026-08-05T11:28Z"}},{"type":"Feature","geometry":{"type":"Point","coordinates":[12.283,45.174]},"properties":{"frp":2.6,"hours":43.8,"at":"2026-08-05T11:28Z"}},{"type":"Feature","geometry":{"type":"Point","coordinates":[10.596,45.319]},"properties":{"frp":3.8,"hours":43.8,"at":"2026-08-05T11:28Z"}},{"type":"Feature","geometry":{"type":"Point","coordinates":[10.6,45.32]},"properties":{"frp":4.9,"hours":43.8,"at":"2026-08-05T11:28Z"}},{"type":"Feature","geometry":{"type":"Point","coordinates":[11.209,45.35]},"properties":{"frp":4.6,"hours":43.8,"at":"2026-08-05T11:28Z"}},{"type":"Feature","geometry":{"type":"Point","coordinates":[29.057,45.393]},"properties":{"frp":6.0,"hours":43.8,"at":"2026-08-05T11:28Z"}},{"type":"Feature","geometry":{"type":"Point","coordinates":[29.179,45.622]},"properties":{"frp":10.0,"hours":43.8,"at":"2026-08-05T11:28Z"}},{"type":"Feature","geometry":{"type":"Point","coordinates":[19.077,45.636]},"properties":{"frp":7.7,"hours":43.8,"at":"2026-08-05T11:28Z"}},{"type":"Feature","geometry":{"type":"Point","coordinates":[19.076,45.639]},"properties":{"frp":32.9,"hours":43.8,"at":"2026-08-05T11:28Z"}},{"type":"Feature","geometry":{"type":"Point","coordinates":[29.192,45.739]},"properties":{"frp":10.8,"hours":43.8,"at":"2026-08-05T11:28Z"}},{"type":"Feature","geometry":{"type":"Point","coordinates":[29.191,45.742]},"properties":{"frp":31.5,"hours":43.8,"at":"2026-08-05T11:28Z"}},{"type":"Feature","geometry":{"type":"Point","coordinates":[22.115,45.785]},"properties":{"frp":2.4,"hours":43.8,"at":"2026-08-05T11:28Z"}},{"type":"Feature","geometry":{"type":"Point","coordinates":[29.312,45.825]},"properties":{"frp":14.3,"hours":43.8,"at":"2026-08-05T11:28Z"}},{"type":"Feature","geometry":{"type":"Point","coordinates":[22.142,45.844]},"properties":{"frp":2.6,"hours":43.8,"at":"2026-08-05T11:28Z"}},{"type":"Feature","geometry":{"type":"Point","coordinates":[24.269,45.849]},"properties":{"frp":4.6,"hours":43.8,"at":"2026-08-05T11:28Z"}},{"type":"Feature","geometry":{"type":"Point","coordinates":[24.274,45.85]},"properties":{"frp":5.2,"hours":43.8,"at":"2026-08-05T11:28Z"}},{"type":"Feature","geometry":{"type":"Point","coordinates":[22.109,45.876]},"properties":{"frp":8.6,"hours":43.8,"at":"2026-08-05T11:28Z"}},{"type":"Feature","geometry":{"type":"Point","coordinates":[22.546,45.887]},"properties":{"frp":5.9,"hours":43.8,"at":"2026-08-05T11:28Z"}},{"type":"Feature","geometry":{"type":"Point","coordinates":[13.468,45.896]},"properties":{"frp":6.0,"hours":43.8,"at":"2026-08-05T11:28Z"}},{"type":"Feature","geometry":{"type":"Point","coordinates":[13.47,45.896]},"properties":{"frp":3.8,"hours":43.8,"at":"2026-08-05T11:28Z"}},{"type":"Feature","geometry":{"type":"Point","coordinates":[33.936,45.954]},"properties":{"frp":6.1,"hours":43.8,"at":"2026-08-05T11:28Z"}},{"type":"Feature","geometry":{"type":"Point","coordinates":[33.935,45.954]},"properties":{"frp":4.6,"hours":43.8,"at":"2026-08-05T11:28Z"}},{"type":"Feature","geometry":{"type":"Point","coordinates":[33.935,45.959]},"properties":{"frp":4.6,"hours":43.8,"at":"2026-08-05T11:28Z"}},{"type":"Feature","geometry":{"type":"Point","coordinates":[29.896,46.01]},"properties":{"frp":6.9,"hours":43.8,"at":"2026-08-05T11:28Z"}},{"type":"Feature","geometry":{"type":"Point","coordinates":[33.075,46.172]},"properties":{"frp":6.3,"hours":43.8,"at":"2026-08-05T11:28Z"}},{"type":"Feature","geometry":{"type":"Point","coordinates":[33.082,46.173]},"properties":{"frp":11.7,"hours":43.8,"at":"2026-08-05T11:28Z"}},{"type":"Feature","geometry":{"type":"Point","coordinates":[33.089,46.173]},"properties":{"frp":11.7,"hours":43.8,"at":"2026-08-05T11:28Z"}},{"type":"Feature","geometry":{"type":"Point","coordinates":[33.074,46.177]},"properties":{"frp":6.3,"hours":43.8,"at":"2026-08-05T11:28Z"}},{"type":"Feature","geometry":{"type":"Point","coordinates":[33.089,46.178]},"properties":{"frp":11.7,"hours":43.8,"at":"2026-08-05T11:28Z"}},{"type":"Feature","geometry":{"type":"Point","coordinates":[33.074,46.182]},"properties":{"frp":4.6,"hours":43.8,"at":"2026-08-05T11:28Z"}},{"type":"Feature","geometry":{"type":"Point","coordinates":[33.088,46.183]},"properties":{"frp":6.0,"hours":43.8,"at":"2026-08-05T11:28Z"}},{"type":"Feature","geometry":{"type":"Point","coordinates":[33.073,46.186]},"properties":{"frp":4.6,"hours":43.8,"at":"2026-08-05T11:28Z"}},{"type":"Feature","geometry":{"type":"Point","coordinates":[33.095,46.188]},"properties":{"frp":6.2,"hours":43.8,"at":"2026-08-05T11:28Z"}},{"type":"Feature","geometry":{"type":"Point","coordinates":[30.007,46.204]},"properties":{"frp":1.9,"hours":43.8,"at":"2026-08-05T11:28Z"}},{"type":"Feature","geometry":{"type":"Point","coordinates":[30.006,46.208]},"properties":{"frp":1.9,"hours":43.8,"at":"2026-08-05T11:28Z"}},{"type":"Feature","geometry":{"type":"Point","coordinates":[29.717,46.26]},"properties":{"frp":6.3,"hours":43.8,"at":"2026-08-05T11:28Z"}},{"type":"Feature","geometry":{"type":"Point","coordinates":[29.718,46.261]},"properties":{"frp":9.0,"hours":43.8,"at":"2026-08-05T11:28Z"}},{"type":"Feature","geometry":{"type":"Point","coordinates":[22.222,46.277]},"properties":{"frp":6.5,"hours":43.8,"at":"2026-08-05T11:28Z"}},{"type":"Feature","geometry":{"type":"Point","coordinates":[22.221,46.28]},"properties":{"frp":6.5,"hours":43.8,"at":"2026-08-05T11:28Z"}},{"type":"Feature","geometry":{"type":"Point","coordinates":[32.949,46.289]},"properties":{"frp":3.1,"hours":43.8,"at":"2026-08-05T11:28Z"}},{"type":"Feature","geometry":{"type":"Point","coordinates":[32.949,46.294]},"properties":{"frp":3.1,"hours":43.8,"at":"2026-08-05T11:28Z"}},{"type":"Feature","geometry":{"type":"Point","coordinates":[32.956,46.294]},"properties":{"frp":6.4,"hours":43.8,"at":"2026-08-05T11:28Z"}},{"type":"Feature","geometry":{"type":"Point","coordinates":[32.955,46.294]},"properties":{"frp":5.9,"hours":43.8,"at":"2026-08-05T11:28Z"}},{"type":"Feature","geometry":{"type":"Point","coordinates":[32.362,46.303]},"properties":{"frp":6.6,"hours":43.8,"at":"2026-08-05T11:28Z"}},{"type":"Feature","geometry":{"type":"Point","coordinates":[32.369,46.304]},"properties":{"frp":13.4,"hours":43.8,"at":"2026-08-05T11:28Z"}},{"type":"Feature","geometry":{"type":"Point","coordinates":[32.372,46.332]},"properties":{"frp":11.6,"hours":43.8,"at":"2026-08-05T11:28Z"}},{"type":"Feature","geometry":{"type":"Point","coordinates":[29.739,46.336]},"properties":{"frp":4.6,"hours":43.8,"at":"2026-08-05T11:28Z"}},{"type":"Feature","geometry":{"type":"Point","coordinates":[32.371,46.336]},"properties":{"frp":6.3,"hours":43.8,"at":"2026-08-05T11:28Z"}},{"type":"Feature","geometry":{"type":"Point","coordinates":[33.804,46.347]},"properties":{"frp":89.8,"hours":43.8,"at":"2026-08-05T11:28Z"}},{"type":"Feature","geometry":{"type":"Point","coordinates":[33.803,46.347]},"properties":{"frp":120.9,"hours":43.8,"at":"2026-08-05T11:28Z"}},{"type":"Feature","geometry":{"type":"Point","coordinates":[33.803,46.352]},"properties":{"frp":54.8,"hours":43.8,"at":"2026-08-05T11:28Z"}},{"type":"Feature","geometry":{"type":"Point","coordinates":[32.449,46.466]},"properties":{"frp":35.5,"hours":43.8,"at":"2026-08-05T11:28Z"}},{"type":"Feature","geometry":{"type":"Point","coordinates":[32.461,46.479]},"properties":{"frp":20.6,"hours":43.8,"at":"2026-08-05T11:28Z"}},{"type":"Feature","geometry":{"type":"Point","coordinates":[32.46,46.481]},"properties":{"frp":21.2,"hours":43.8,"at":"2026-08-05T11:28Z"}},{"type":"Feature","geometry":{"type":"Point","coordinates":[31.795,46.493]},"properties":{"frp":63.1,"hours":43.8,"at":"2026-08-05T11:28Z"}},{"type":"Feature","geometry":{"type":"Point","coordinates":[32.784,46.494]},"properties":{"frp":34.6,"hours":43.8,"at":"2026-08-05T11:28Z"}},{"type":"Feature","geometry":{"type":"Point","coordinates":[32.777,46.494]},"properties":{"frp":19.6,"hours":43.8,"at":"2026-08-05T11:28Z"}},{"type":"Feature","geometry":{"type":"Point","coordinates":[31.795,46.497]},"properties":{"frp":19.7,"hours":43.8,"at":"2026-08-05T11:28Z"}},{"type":"Feature","geometry":{"type":"Point","coordinates":[32.789,46.513]},"properties":{"frp":4.9,"hours":43.8,"at":"2026-08-05T11:28Z"}},{"type":"Feature","geometry":{"type":"Point","coordinates":[32.782,46.513]},"properties":{"frp":4.5,"hours":43.8,"at":"2026-08-05T11:28Z"}},{"type":"Feature","geometry":{"type":"Point","coordinates":[32.789,46.514]},"properties":{"frp":4.4,"hours":43.8,"at":"2026-08-05T11:28Z"}},{"type":"Feature","geometry":{"type":"Point","coordinates":[33.239,46.516]},"properties":{"frp":6.3,"hours":43.8,"at":"2026-08-05T11:28Z"}},{"type":"Feature","geometry":{"type":"Point","coordinates":[33.238,46.518]},"properties":{"frp":20.0,"hours":43.8,"at":"2026-08-05T11:28Z"}},{"type":"Feature","geometry":{"type":"Point","coordinates":[33.239,46.521]},"properties":{"frp":6.3,"hours":43.8,"at":"2026-08-05T11:28Z"}},{"type":"Feature","geometry":{"type":"Point","coordinates":[32.517,46.524]},"properties":{"frp":13.3,"hours":43.8,"at":"2026-08-05T11:28Z"}},{"type":"Feature","geometry":{"type":"Point","coordinates":[32.615,46.536]},"properties":{"frp":9.0,"hours":43.8,"at":"2026-08-05T11:28Z"}},{"type":"Feature","geometry":{"type":"Point","coordinates":[32.614,46.54]},"properties":{"frp":9.0,"hours":43.8,"at":"2026-08-05T11:28Z"}},{"type":"Feature","geometry":{"type":"Point","coordinates":[17.412,46.552]},"properties":{"frp":11.6,"hours":43.8,"at":"2026-08-05T11:28Z"}},{"type":"Feature","geometry":{"type":"Point","coordinates":[32.762,46.555]},"properties":{"frp":8.3,"hours":43.8,"at":"2026-08-05T11:28Z"}},{"type":"Feature","geometry":{"type":"Point","coordinates":[32.884,46.562]},"properties":{"frp":4.9,"hours":43.8,"at":"2026-08-05T11:28Z"}},{"type":"Feature","geometry":{"type":"Point","coordinates":[32.883,46.567]},"properties":{"frp":4.9,"hours":43.8,"at":"2026-08-05T11:28Z"}},{"type":"Feature","geometry":{"type":"Point","coordinates":[32.874,46.581]},"properties":{"frp":8.4,"hours":43.8,"at":"2026-08-05T11:28Z"}},{"type":"Feature","geometry":{"type":"Point","coordinates":[32.874,46.586]},"properties":{"frp":8.4,"hours":43.8,"at":"2026-08-05T11:28Z"}},{"type":"Feature","geometry":{"type":"Point","coordinates":[32.729,46.586]},"properties":{"frp":20.8,"hours":43.8,"at":"2026-08-05T11:28Z"}},{"type":"Feature","geometry":{"type":"Point","coordinates":[32.881,46.586]},"properties":{"frp":11.5,"hours":43.8,"at":"2026-08-05T11:28Z"}},{"type":"Feature","geometry":{"type":"Point","coordinates":[32.728,46.59]},"properties":{"frp":8.9,"hours":43.8,"at":"2026-08-05T11:28Z"}},{"type":"Feature","geometry":{"type":"Point","coordinates":[33.168,46.604]},"properties":{"frp":12.2,"hours":43.8,"at":"2026-08-05T11:28Z"}},{"type":"Feature","geometry":{"type":"Point","coordinates":[33.176,46.605]},"properties":{"frp":10.3,"hours":43.8,"at":"2026-08-05T11:28Z"}},{"type":"Feature","geometry":{"type":"Point","coordinates":[31.779,46.662]},"properties":{"frp":4.4,"hours":43.8,"at":"2026-08-05T11:28Z"}},{"type":"Feature","geometry":{"type":"Point","coordinates":[32.172,46.703]},"properties":{"frp":5.2,"hours":43.8,"at":"2026-08-05T11:28Z"}},{"type":"Feature","geometry":{"type":"Point","coordinates":[33.129,46.736]},"properties":{"frp":5.6,"hours":43.8,"at":"2026-08-05T11:28Z"}},{"type":"Feature","geometry":{"type":"Point","coordinates":[33.137,46.737]},"properties":{"frp":4.9,"hours":43.8,"at":"2026-08-05T11:28Z"}},{"type":"Feature","geometry":{"type":"Point","coordinates":[33.135,46.74]},"properties":{"frp":17.1,"hours":43.8,"at":"2026-08-05T11:28Z"}},{"type":"Feature","geometry":{"type":"Point","coordinates":[33.129,46.741]},"properties":{"frp":8.0,"hours":43.8,"at":"2026-08-05T11:28Z"}},{"type":"Feature","geometry":{"type":"Point","coordinates":[33.136,46.742]},"properties":{"frp":12.5,"hours":43.8,"at":"2026-08-05T11:28Z"}},{"type":"Feature","geometry":{"type":"Point","coordinates":[33.134,46.745]},"properties":{"frp":17.1,"hours":43.8,"at":"2026-08-05T11:28Z"}},{"type":"Feature","geometry":{"type":"Point","coordinates":[33.135,46.746]},"properties":{"frp":12.5,"hours":43.8,"at":"2026-08-05T11:28Z"}},{"type":"Feature","geometry":{"type":"Point","coordinates":[33.526,46.766]},"properties":{"frp":5.3,"hours":43.8,"at":"2026-08-05T11:28Z"}},{"type":"Feature","geometry":{"type":"Point","coordinates":[19.707,46.767]},"properties":{"frp":17.1,"hours":43.8,"at":"2026-08-05T11:28Z"}},{"type":"Feature","geometry":{"type":"Point","coordinates":[33.525,46.767]},"properties":{"frp":8.2,"hours":43.8,"at":"2026-08-05T11:28Z"}},{"type":"Feature","geometry":{"type":"Point","coordinates":[33.526,46.771]},"properties":{"frp":5.3,"hours":43.8,"at":"2026-08-05T11:28Z"}},{"type":"Feature","geometry":{"type":"Point","coordinates":[30.105,46.786]},"properties":{"frp":3.4,"hours":43.8,"at":"2026-08-05T11:28Z"}},{"type":"Feature","geometry":{"type":"Point","coordinates":[33.272,46.797]},"properties":{"frp":8.0,"hours":43.8,"at":"2026-08-05T11:28Z"}},{"type":"Feature","geometry":{"type":"Point","coordinates":[33.272,46.801]},"properties":{"frp":8.0,"hours":43.8,"at":"2026-08-05T11:28Z"}},{"type":"Feature","geometry":{"type":"Point","coordinates":[22.348,46.811]},"properties":{"frp":6.0,"hours":43.8,"at":"2026-08-05T11:28Z"}},{"type":"Feature","geometry":{"type":"Point","coordinates":[32.974,46.822]},"properties":{"frp":5.7,"hours":43.8,"at":"2026-08-05T11:28Z"}},{"type":"Feature","geometry":{"type":"Point","coordinates":[32.981,46.822]},"properties":{"frp":5.7,"hours":43.8,"at":"2026-08-05T11:28Z"}},{"type":"Feature","geometry":{"type":"Point","coordinates":[33.667,46.849]},"properties":{"frp":16.9,"hours":43.8,"at":"2026-08-05T11:28Z"}},{"type":"Feature","geometry":{"type":"Point","coordinates":[33.181,46.973]},"properties":{"frp":14.0,"hours":43.8,"at":"2026-08-05T11:28Z"}},{"type":"Feature","geometry":{"type":"Point","coordinates":[31.465,47.007]},"properties":{"frp":2.3,"hours":43.8,"at":"2026-08-05T11:28Z"}},{"type":"Feature","geometry":{"type":"Point","coordinates":[21.516,47.007]},"properties":{"frp":10.3,"hours":43.8,"at":"2026-08-05T11:28Z"}},{"type":"Feature","geometry":{"type":"Point","coordinates":[31.471,47.011]},"properties":{"frp":9.8,"hours":43.8,"at":"2026-08-05T11:28Z"}},{"type":"Feature","geometry":{"type":"Point","coordinates":[33.827,47.023]},"properties":{"frp":8.1,"hours":43.8,"at":"2026-08-05T11:28Z"}},{"type":"Feature","geometry":{"type":"Point","coordinates":[33.835,47.024]},"properties":{"frp":6.9,"hours":43.8,"at":"2026-08-05T11:28Z"}},{"type":"Feature","geometry":{"type":"Point","coordinates":[30.317,47.102]},"properties":{"frp":5.2,"hours":43.8,"at":"2026-08-05T11:28Z"}},{"type":"Feature","geometry":{"type":"Point","coordinates":[33.631,47.113]},"properties":{"frp":31.5,"hours":43.8,"at":"2026-08-05T11:28Z"}},{"type":"Feature","geometry":{"type":"Point","coordinates":[33.63,47.118]},"properties":{"frp":31.5,"hours":43.8,"at":"2026-08-05T11:28Z"}},{"type":"Feature","geometry":{"type":"Point","coordinates":[33.208,47.138]},"properties":{"frp":13.9,"hours":43.8,"at":"2026-08-05T11:28Z"}},{"type":"Feature","geometry":{"type":"Point","coordinates":[18.359,47.189]},"properties":{"frp":10.4,"hours":43.8,"at":"2026-08-05T11:28Z"}},{"type":"Feature","geometry":{"type":"Point","coordinates":[32.645,47.189]},"properties":{"frp":3.6,"hours":43.8,"at":"2026-08-05T11:28Z"}},{"type":"Feature","geometry":{"type":"Point","coordinates":[18.364,47.19]},"properties":{"frp":10.4,"hours":43.8,"at":"2026-08-05T11:28Z"}},{"type":"Feature","geometry":{"type":"Point","coordinates":[18.363,47.194]},"properties":{"frp":10.4,"hours":43.8,"at":"2026-08-05T11:28Z"}},{"type":"Feature","geometry":{"type":"Point","coordinates":[18.356,47.196]},"properties":{"frp":24.6,"hours":43.8,"at":"2026-08-05T11:28Z"}},{"type":"Feature","geometry":{"type":"Point","coordinates":[18.36,47.201]},"properties":{"frp":24.6,"hours":43.8,"at":"2026-08-05T11:28Z"}},{"type":"Feature","geometry":{"type":"Point","coordinates":[28.752,47.23]},"properties":{"frp":2.5,"hours":43.8,"at":"2026-08-05T11:28Z"}},{"type":"Feature","geometry":{"type":"Point","coordinates":[21.66,47.235]},"properties":{"frp":4.3,"hours":43.8,"at":"2026-08-05T11:28Z"}},{"type":"Feature","geometry":{"type":"Point","coordinates":[31.439,47.345]},"properties":{"frp":2.5,"hours":43.8,"at":"2026-08-05T11:28Z"}},{"type":"Feature","geometry":{"type":"Point","coordinates":[33.753,47.405]},"properties":{"frp":7.8,"hours":43.8,"at":"2026-08-05T11:28Z"}},{"type":"Feature","geometry":{"type":"Point","coordinates":[32.022,47.47]},"properties":{"frp":24.5,"hours":43.8,"at":"2026-08-05T11:28Z"}},{"type":"Feature","geometry":{"type":"Point","coordinates":[32.021,47.474]},"properties":{"frp":16.8,"hours":43.8,"at":"2026-08-05T11:28Z"}},{"type":"Feature","geometry":{"type":"Point","coordinates":[21.564,47.534]},"properties":{"frp":5.6,"hours":43.8,"at":"2026-08-05T11:28Z"}},{"type":"Feature","geometry":{"type":"Point","coordinates":[31.203,47.539]},"properties":{"frp":70.7,"hours":43.8,"at":"2026-08-05T11:28Z"}},{"type":"Feature","geometry":{"type":"Point","coordinates":[31.215,47.539]},"properties":{"frp":11.7,"hours":43.8,"at":"2026-08-05T11:28Z"}},{"type":"Feature","geometry":{"type":"Point","coordinates":[31.208,47.543]},"properties":{"frp":11.7,"hours":43.8,"at":"2026-08-05T11:28Z"}},{"type":"Feature","geometry":{"type":"Point","coordinates":[33.424,47.647]},"properties":{"frp":54.3,"hours":43.8,"at":"2026-08-05T11:28Z"}},{"type":"Feature","geometry":{"type":"Point","coordinates":[33.432,47.648]},"properties":{"frp":54.3,"hours":43.8,"at":"2026-08-05T11:28Z"}},{"type":"Feature","geometry":{"type":"Point","coordinates":[31.076,47.749]},"properties":{"frp":10.7,"hours":43.8,"at":"2026-08-05T11:28Z"}},{"type":"Feature","geometry":{"type":"Point","coordinates":[31.075,47.749]},"properties":{"frp":8.9,"hours":43.8,"at":"2026-08-05T11:28Z"}},{"type":"Feature","geometry":{"type":"Point","coordinates":[33.897,47.808]},"properties":{"frp":24.3,"hours":43.8,"at":"2026-08-05T11:28Z"}},{"type":"Feature","geometry":{"type":"Point","coordinates":[33.906,47.808]},"properties":{"frp":24.3,"hours":43.8,"at":"2026-08-05T11:28Z"}},{"type":"Feature","geometry":{"type":"Point","coordinates":[26.475,47.965]},"properties":{"frp":2.3,"hours":43.8,"at":"2026-08-05T11:28Z"}},{"type":"Feature","geometry":{"type":"Point","coordinates":[26.473,47.965]},"properties":{"frp":2.9,"hours":43.8,"at":"2026-08-05T11:28Z"}},{"type":"Feature","geometry":{"type":"Point","coordinates":[33.692,48.007]},"properties":{"frp":7.9,"hours":43.8,"at":"2026-08-05T11:28Z"}},{"type":"Feature","geometry":{"type":"Point","coordinates":[31.758,48.044]},"properties":{"frp":3.6,"hours":43.8,"at":"2026-08-05T11:28Z"}},{"type":"Feature","geometry":{"type":"Point","coordinates":[31.758,48.048]},"properties":{"frp":3.6,"hours":43.8,"at":"2026-08-05T11:28Z"}},{"type":"Feature","geometry":{"type":"Point","coordinates":[29.009,48.129]},"properties":{"frp":3.3,"hours":43.8,"at":"2026-08-05T11:28Z"}},{"type":"Feature","geometry":{"type":"Point","coordinates":[22.817,48.252]},"properties":{"frp":4.3,"hours":43.8,"at":"2026-08-05T11:28Z"}},{"type":"Feature","geometry":{"type":"Point","coordinates":[22.816,48.256]},"properties":{"frp":4.3,"hours":43.8,"at":"2026-08-05T11:28Z"}},{"type":"Feature","geometry":{"type":"Point","coordinates":[33.744,48.299]},"properties":{"frp":8.6,"hours":43.8,"at":"2026-08-05T11:28Z"}},{"type":"Feature","geometry":{"type":"Point","coordinates":[29.437,48.524]},"properties":{"frp":9.7,"hours":43.8,"at":"2026-08-05T11:28Z"}},{"type":"Feature","geometry":{"type":"Point","coordinates":[33.408,48.837]},"properties":{"frp":8.1,"hours":43.8,"at":"2026-08-05T11:28Z"}},{"type":"Feature","geometry":{"type":"Point","coordinates":[33.406,48.837]},"properties":{"frp":3.9,"hours":43.8,"at":"2026-08-05T11:28Z"}},{"type":"Feature","geometry":{"type":"Point","coordinates":[31.03,49.161]},"properties":{"frp":10.9,"hours":43.8,"at":"2026-08-05T11:28Z"}},{"type":"Feature","geometry":{"type":"Point","coordinates":[31.029,49.165]},"properties":{"frp":14.7,"hours":43.8,"at":"2026-08-05T11:28Z"}},{"type":"Feature","geometry":{"type":"Point","coordinates":[8.172,45.716]},"properties":{"frp":10.0,"hours":43.8,"at":"2026-08-05T11:30Z"}},{"type":"Feature","geometry":{"type":"Point","coordinates":[8.177,45.718]},"properties":{"frp":10.0,"hours":43.8,"at":"2026-08-05T11:30Z"}},{"type":"Feature","geometry":{"type":"Point","coordinates":[8.168,45.719]},"properties":{"frp":9.2,"hours":43.8,"at":"2026-08-05T11:30Z"}},{"type":"Feature","geometry":{"type":"Point","coordinates":[8.165,45.72]},"properties":{"frp":8.4,"hours":43.8,"at":"2026-08-05T11:30Z"}},{"type":"Feature","geometry":{"type":"Point","coordinates":[8.174,45.721]},"properties":{"frp":13.0,"hours":43.8,"at":"2026-08-05T11:30Z"}},{"type":"Feature","geometry":{"type":"Point","coordinates":[8.178,45.722]},"properties":{"frp":13.0,"hours":43.8,"at":"2026-08-05T11:30Z"}},{"type":"Feature","geometry":{"type":"Point","coordinates":[8.171,45.722]},"properties":{"frp":10.0,"hours":43.8,"at":"2026-08-05T11:30Z"}},{"type":"Feature","geometry":{"type":"Point","coordinates":[8.175,45.723]},"properties":{"frp":10.0,"hours":43.8,"at":"2026-08-05T11:30Z"}},{"type":"Feature","geometry":{"type":"Point","coordinates":[8.179,45.724]},"properties":{"frp":16.1,"hours":43.8,"at":"2026-08-05T11:30Z"}},{"type":"Feature","geometry":{"type":"Point","coordinates":[8.167,45.725]},"properties":{"frp":9.2,"hours":43.8,"at":"2026-08-05T11:30Z"}},{"type":"Feature","geometry":{"type":"Point","coordinates":[8.171,45.726]},"properties":{"frp":13.0,"hours":43.8,"at":"2026-08-05T11:30Z"}},{"type":"Feature","geometry":{"type":"Point","coordinates":[8.175,45.727]},"properties":{"frp":13.0,"hours":43.8,"at":"2026-08-05T11:30Z"}},{"type":"Feature","geometry":{"type":"Point","coordinates":[8.178,45.728]},"properties":{"frp":12.8,"hours":43.8,"at":"2026-08-05T11:30Z"}},{"type":"Feature","geometry":{"type":"Point","coordinates":[9.345,45.871]},"properties":{"frp":5.1,"hours":43.8,"at":"2026-08-05T11:30Z"}},{"type":"Feature","geometry":{"type":"Point","coordinates":[9.34,45.875]},"properties":{"frp":5.1,"hours":43.8,"at":"2026-08-05T11:30Z"}},{"type":"Feature","geometry":{"type":"Point","coordinates":[9.343,45.876]},"properties":{"frp":6.5,"hours":43.8,"at":"2026-08-05T11:30Z"}},{"type":"Feature","geometry":{"type":"Point","coordinates":[20.501,48.193]},"properties":{"frp":27.5,"hours":43.8,"at":"2026-08-05T11:30Z"}},{"type":"Feature","geometry":{"type":"Point","coordinates":[20.505,48.197]},"properties":{"frp":8.1,"hours":43.8,"at":"2026-08-05T11:30Z"}},{"type":"Feature","geometry":{"type":"Point","coordinates":[20.498,48.2]},"properties":{"frp":48.7,"hours":43.8,"at":"2026-08-05T11:30Z"}},{"type":"Feature","geometry":{"type":"Point","coordinates":[12.584,48.231]},"properties":{"frp":2.8,"hours":43.8,"at":"2026-08-05T11:30Z"}},{"type":"Feature","geometry":{"type":"Point","coordinates":[12.581,48.235]},"properties":{"frp":5.7,"hours":43.8,"at":"2026-08-05T11:30Z"}},{"type":"Feature","geometry":{"type":"Point","coordinates":[12.587,48.237]},"properties":{"frp":4.0,"hours":43.8,"at":"2026-08-05T11:30Z"}},{"type":"Feature","geometry":{"type":"Point","coordinates":[19.404,48.563]},"properties":{"frp":2.4,"hours":43.8,"at":"2026-08-05T11:30Z"}},{"type":"Feature","geometry":{"type":"Point","coordinates":[24.503,48.594]},"properties":{"frp":2.0,"hours":43.8,"at":"2026-08-05T11:30Z"}},{"type":"Feature","geometry":{"type":"Point","coordinates":[16.803,48.617]},"properties":{"frp":3.6,"hours":43.8,"at":"2026-08-05T11:30Z"}},{"type":"Feature","geometry":{"type":"Point","coordinates":[22.8,48.67]},"properties":{"frp":4.2,"hours":43.8,"at":"2026-08-05T11:30Z"}},{"type":"Feature","geometry":{"type":"Point","coordinates":[25.283,48.691]},"properties":{"frp":2.8,"hours":43.8,"at":"2026-08-05T11:30Z"}},{"type":"Feature","geometry":{"type":"Point","coordinates":[30.15,49.286]},"properties":{"frp":2.2,"hours":43.8,"at":"2026-08-05T11:30Z"}},{"type":"Feature","geometry":{"type":"Point","coordinates":[32.027,49.432]},"properties":{"frp":2.0,"hours":43.8,"at":"2026-08-05T11:30Z"}},{"type":"Feature","geometry":{"type":"Point","coordinates":[23.858,49.628]},"properties":{"frp":2.7,"hours":43.8,"at":"2026-08-05T11:30Z"}},{"type":"Feature","geometry":{"type":"Point","coordinates":[26.926,49.68]},"properties":{"frp":7.7,"hours":43.8,"at":"2026-08-05T11:30Z"}},{"type":"Feature","geometry":{"type":"Point","coordinates":[17.508,49.845]},"properties":{"frp":1.7,"hours":43.8,"at":"2026-08-05T11:30Z"}},{"type":"Feature","geometry":{"type":"Point","coordinates":[32.345,49.924]},"properties":{"frp":3.5,"hours":43.8,"at":"2026-08-05T11:30Z"}},{"type":"Feature","geometry":{"type":"Point","coordinates":[23.527,50.004]},"properties":{"frp":5.2,"hours":43.8,"at":"2026-08-05T11:30Z"}},{"type":"Feature","geometry":{"type":"Point","coordinates":[23.526,50.007]},"properties":{"frp":23.8,"hours":43.8,"at":"2026-08-05T11:30Z"}},{"type":"Feature","geometry":{"type":"Point","coordinates":[24.014,50.207]},"properties":{"frp":4.8,"hours":43.8,"at":"2026-08-05T11:30Z"}},{"type":"Feature","geometry":{"type":"Point","coordinates":[22.604,50.73]},"properties":{"frp":7.2,"hours":43.8,"at":"2026-08-05T11:30Z"}},{"type":"Feature","geometry":{"type":"Point","coordinates":[21.065,51.471]},"properties":{"frp":4.7,"hours":43.8,"at":"2026-08-05T11:30Z"}},{"type":"Feature","geometry":{"type":"Point","coordinates":[17.781,51.803]},"properties":{"frp":3.6,"hours":43.8,"at":"2026-08-05T11:30Z"}},{"type":"Feature","geometry":{"type":"Point","coordinates":[24.029,53.705]},"properties":{"frp":2.1,"hours":43.8,"at":"2026-08-05T11:30Z"}},{"type":"Feature","geometry":{"type":"Point","coordinates":[24.742,53.914]},"properties":{"frp":4.9,"hours":43.8,"at":"2026-08-05T11:30Z"}},{"type":"Feature","geometry":{"type":"Point","coordinates":[27.746,54.423]},"properties":{"frp":9.4,"hours":43.8,"at":"2026-08-05T11:30Z"}},{"type":"Feature","geometry":{"type":"Point","coordinates":[2.17,34.465]},"properties":{"frp":2.7,"hours":42.2,"at":"2026-08-05T13:06Z"}},{"type":"Feature","geometry":{"type":"Point","coordinates":[-5.933,35.194]},"properties":{"frp":1.8,"hours":42.2,"at":"2026-08-05T13:08Z"}},{"type":"Feature","geometry":{"type":"Point","coordinates":[2.345,35.298]},"properties":{"frp":2.8,"hours":42.2,"at":"2026-08-05T13:08Z"}},{"type":"Feature","geometry":{"type":"Point","coordinates":[6.734,36.243]},"properties":{"frp":4.9,"hours":42.2,"at":"2026-08-05T13:08Z"}},{"type":"Feature","geometry":{"type":"Point","coordinates":[8.981,36.464]},"properties":{"frp":5.3,"hours":42.2,"at":"2026-08-05T13:08Z"}},{"type":"Feature","geometry":{"type":"Point","coordinates":[8.982,36.469]},"properties":{"frp":33.9,"hours":42.2,"at":"2026-08-05T13:08Z"}},{"type":"Feature","geometry":{"type":"Point","coordinates":[9.992,36.848]},"properties":{"frp":6.2,"hours":42.2,"at":"2026-08-05T13:08Z"}},{"type":"Feature","geometry":{"type":"Point","coordinates":[14.641,37.112]},"properties":{"frp":4.7,"hours":42.2,"at":"2026-08-05T13:08Z"}},{"type":"Feature","geometry":{"type":"Point","coordinates":[14.575,37.267]},"properties":{"frp":8.8,"hours":42.2,"at":"2026-08-05T13:08Z"}},{"type":"Feature","geometry":{"type":"Point","coordinates":[14.573,37.27]},"properties":{"frp":5.4,"hours":42.2,"at":"2026-08-05T13:08Z"}},{"type":"Feature","geometry":{"type":"Point","coordinates":[14.58,37.27]},"properties":{"frp":14.2,"hours":42.2,"at":"2026-08-05T13:08Z"}},{"type":"Feature","geometry":{"type":"Point","coordinates":[14.581,37.273]},"properties":{"frp":7.7,"hours":42.2,"at":"2026-08-05T13:08Z"}},{"type":"Feature","geometry":{"type":"Point","coordinates":[-6.154,37.488]},"properties":{"frp":10.2,"hours":42.2,"at":"2026-08-05T13:08Z"}},{"type":"Feature","geometry":{"type":"Point","coordinates":[14.081,37.573]},"properties":{"frp":4.5,"hours":42.2,"at":"2026-08-05T13:08Z"}},{"type":"Feature","geometry":{"type":"Point","coordinates":[14.087,37.573]},"properties":{"frp":4.5,"hours":42.2,"at":"2026-08-05T13:08Z"}},{"type":"Feature","geometry":{"type":"Point","coordinates":[15.141,37.789]},"properties":{"frp":6.4,"hours":42.2,"at":"2026-08-05T13:08Z"}},{"type":"Feature","geometry":{"type":"Point","coordinates":[15.145,37.789]},"properties":{"frp":6.9,"hours":42.2,"at":"2026-08-05T13:08Z"}},{"type":"Feature","geometry":{"type":"Point","coordinates":[15.728,38.139]},"properties":{"frp":24.4,"hours":42.2,"at":"2026-08-05T13:08Z"}},{"type":"Feature","geometry":{"type":"Point","coordinates":[15.734,38.139]},"properties":{"frp":23.6,"hours":42.2,"at":"2026-08-05T13:08Z"}},{"type":"Feature","geometry":{"type":"Point","coordinates":[15.726,38.143]},"properties":{"frp":18.8,"hours":42.2,"at":"2026-08-05T13:08Z"}},{"type":"Feature","geometry":{"type":"Point","coordinates":[15.733,38.143]},"properties":{"frp":18.8,"hours":42.2,"at":"2026-08-05T13:08Z"}},{"type":"Feature","geometry":{"type":"Point","coordinates":[15.957,38.638]},"properties":{"frp":4.0,"hours":42.2,"at":"2026-08-05T13:08Z"}},{"type":"Feature","geometry":{"type":"Point","coordinates":[8.944,39.42]},"properties":{"frp":7.0,"hours":42.2,"at":"2026-08-05T13:08Z"}},{"type":"Feature","geometry":{"type":"Point","coordinates":[15.886,39.551]},"properties":{"frp":17.7,"hours":42.2,"at":"2026-08-05T13:08Z"}},{"type":"Feature","geometry":{"type":"Point","coordinates":[15.883,39.552]},"properties":{"frp":12.6,"hours":42.2,"at":"2026-08-05T13:08Z"}},{"type":"Feature","geometry":{"type":"Point","coordinates":[15.888,39.552]},"properties":{"frp":13.5,"hours":42.2,"at":"2026-08-05T13:08Z"}},{"type":"Feature","geometry":{"type":"Point","coordinates":[15.369,41.455]},"properties":{"frp":10.5,"hours":42.2,"at":"2026-08-05T13:08Z"}},{"type":"Feature","geometry":{"type":"Point","coordinates":[13.875,41.499]},"properties":{"frp":7.0,"hours":42.2,"at":"2026-08-05T13:08Z"}},{"type":"Feature","geometry":{"type":"Point","coordinates":[13.872,41.502]},"properties":{"frp":3.4,"hours":42.2,"at":"2026-08-05T13:08Z"}},{"type":"Feature","geometry":{"type":"Point","coordinates":[15.529,41.697]},"properties":{"frp":45.9,"hours":42.2,"at":"2026-08-05T13:08Z"}},{"type":"Feature","geometry":{"type":"Point","coordinates":[15.535,41.697]},"properties":{"frp":45.9,"hours":42.2,"at":"2026-08-05T13:08Z"}},{"type":"Feature","geometry":{"type":"Point","coordinates":[15.54,41.697]},"properties":{"frp":124.0,"hours":42.2,"at":"2026-08-05T13:08Z"}},{"type":"Feature","geometry":{"type":"Point","coordinates":[15.545,41.697]},"properties":{"frp":124.0,"hours":42.2,"at":"2026-08-05T13:08Z"}},{"type":"Feature","geometry":{"type":"Point","coordinates":[15.526,41.699]},"properties":{"frp":9.2,"hours":42.2,"at":"2026-08-05T13:08Z"}},{"type":"Feature","geometry":{"type":"Point","coordinates":[15.532,41.699]},"properties":{"frp":74.3,"hours":42.2,"at":"2026-08-05T13:08Z"}},{"type":"Feature","geometry":{"type":"Point","coordinates":[15.538,41.699]},"properties":{"frp":74.3,"hours":42.2,"at":"2026-08-05T13:08Z"}},{"type":"Feature","geometry":{"type":"Point","coordinates":[15.544,41.699]},"properties":{"frp":189.1,"hours":42.2,"at":"2026-08-05T13:08Z"}},{"type":"Feature","geometry":{"type":"Point","coordinates":[15.527,41.704]},"properties":{"frp":24.2,"hours":42.2,"at":"2026-08-05T13:08Z"}},{"type":"Feature","geometry":{"type":"Point","coordinates":[15.533,41.704]},"properties":{"frp":24.2,"hours":42.2,"at":"2026-08-05T13:08Z"}},{"type":"Feature","geometry":{"type":"Point","coordinates":[15.538,41.704]},"properties":{"frp":56.8,"hours":42.2,"at":"2026-08-05T13:08Z"}},{"type":"Feature","geometry":{"type":"Point","coordinates":[15.525,41.706]},"properties":{"frp":9.2,"hours":42.2,"at":"2026-08-05T13:08Z"}},{"type":"Feature","geometry":{"type":"Point","coordinates":[15.531,41.706]},"properties":{"frp":74.3,"hours":42.2,"at":"2026-08-05T13:08Z"}},{"type":"Feature","geometry":{"type":"Point","coordinates":[15.537,41.706]},"properties":{"frp":74.3,"hours":42.2,"at":"2026-08-05T13:08Z"}},{"type":"Feature","geometry":{"type":"Point","coordinates":[12.895,42.396]},"properties":{"frp":7.9,"hours":42.2,"at":"2026-08-05T13:08Z"}},{"type":"Feature","geometry":{"type":"Point","coordinates":[12.897,42.399]},"properties":{"frp":8.1,"hours":42.2,"at":"2026-08-05T13:08Z"}},{"type":"Feature","geometry":{"type":"Point","coordinates":[12.366,42.484]},"properties":{"frp":7.6,"hours":42.2,"at":"2026-08-05T13:08Z"}},{"type":"Feature","geometry":{"type":"Point","coordinates":[12.364,42.485]},"properties":{"frp":8.8,"hours":42.2,"at":"2026-08-05T13:08Z"}},{"type":"Feature","geometry":{"type":"Point","coordinates":[11.64,42.76]},"properties":{"frp":9.2,"hours":42.2,"at":"2026-08-05T13:08Z"}},{"type":"Feature","geometry":{"type":"Point","coordinates":[11.644,42.76]},"properties":{"frp":9.2,"hours":42.2,"at":"2026-08-05T13:08Z"}},{"type":"Feature","geometry":{"type":"Point","coordinates":[11.642,42.762]},"properties":{"frp":38.8,"hours":42.2,"at":"2026-08-05T13:08Z"}},{"type":"Feature","geometry":{"type":"Point","coordinates":[11.646,42.762]},"properties":{"frp":48.3,"hours":42.2,"at":"2026-08-05T13:08Z"}},{"type":"Feature","geometry":{"type":"Point","coordinates":[11.644,42.765]},"properties":{"frp":34.2,"hours":42.2,"at":"2026-08-05T13:08Z"}},{"type":"Feature","geometry":{"type":"Point","coordinates":[16.646,44.636]},"properties":{"frp":5.3,"hours":42.1,"at":"2026-08-05T13:10Z"}},{"type":"Feature","geometry":{"type":"Point","coordinates":[9.475,45.312]},"properties":{"frp":1.5,"hours":42.1,"at":"2026-08-05T13:10Z"}},{"type":"Feature","geometry":{"type":"Point","coordinates":[7.613,45.487]},"properties":{"frp":6.5,"hours":42.1,"at":"2026-08-05T13:10Z"}},{"type":"Feature","geometry":{"type":"Point","coordinates":[7.611,45.488]},"properties":{"frp":4.2,"hours":42.1,"at":"2026-08-05T13:10Z"}},{"type":"Feature","geometry":{"type":"Point","coordinates":[8.172,45.72]},"properties":{"frp":11.5,"hours":42.1,"at":"2026-08-05T13:10Z"}},{"type":"Feature","geometry":{"type":"Point","coordinates":[8.181,45.721]},"properties":{"frp":31.9,"hours":42.1,"at":"2026-08-05T13:10Z"}},{"type":"Feature","geometry":{"type":"Point","coordinates":[8.172,45.723]},"properties":{"frp":18.7,"hours":42.1,"at":"2026-08-05T13:10Z"}},{"type":"Feature","geometry":{"type":"Point","coordinates":[8.17,45.725]},"properties":{"frp":8.2,"hours":42.1,"at":"2026-08-05T13:10Z"}},{"type":"Feature","geometry":{"type":"Point","coordinates":[8.22,45.79]},"properties":{"frp":1.9,"hours":42.1,"at":"2026-08-05T13:10Z"}},{"type":"Feature","geometry":{"type":"Point","coordinates":[8.218,45.794]},"properties":{"frp":5.9,"hours":42.1,"at":"2026-08-05T13:10Z"}},{"type":"Feature","geometry":{"type":"Point","coordinates":[16.579,46.423]},"properties":{"frp":9.7,"hours":42.1,"at":"2026-08-05T13:10Z"}},{"type":"Feature","geometry":{"type":"Point","coordinates":[16.579,46.429]},"properties":{"frp":6.4,"hours":42.1,"at":"2026-08-05T13:10Z"}},{"type":"Feature","geometry":{"type":"Point","coordinates":[2.886,48.704]},"properties":{"frp":41.5,"hours":42.1,"at":"2026-08-05T13:10Z"}},{"type":"Feature","geometry":{"type":"Point","coordinates":[4.034,48.961]},"properties":{"frp":5.6,"hours":42.1,"at":"2026-08-05T13:10Z"}},{"type":"Feature","geometry":{"type":"Point","coordinates":[5.795,50.987]},"properties":{"frp":6.7,"hours":42.1,"at":"2026-08-05T13:12Z"}},{"type":"Feature","geometry":{"type":"Point","coordinates":[-3.534,51.528]},"properties":{"frp":2.2,"hours":42.1,"at":"2026-08-05T13:12Z"}},{"type":"Feature","geometry":{"type":"Point","coordinates":[-0.662,51.668]},"properties":{"frp":3.6,"hours":42.1,"at":"2026-08-05T13:12Z"}},{"type":"Feature","geometry":{"type":"Point","coordinates":[-8.454,51.844]},"properties":{"frp":3.8,"hours":42.1,"at":"2026-08-05T13:12Z"}},{"type":"Feature","geometry":{"type":"Point","coordinates":[4.356,52.164]},"properties":{"frp":61.3,"hours":42.1,"at":"2026-08-05T13:12Z"}},{"type":"Feature","geometry":{"type":"Point","coordinates":[-6.236,53.23]},"properties":{"frp":3.5,"hours":42.1,"at":"2026-08-05T13:12Z"}},{"type":"Feature","geometry":{"type":"Point","coordinates":[-7.84,39.519]},"properties":{"frp":8.4,"hours":40.5,"at":"2026-08-05T14:50Z"}},{"type":"Feature","geometry":{"type":"Point","coordinates":[-7.838,39.52]},"properties":{"frp":7.8,"hours":40.5,"at":"2026-08-05T14:50Z"}},{"type":"Feature","geometry":{"type":"Point","coordinates":[29.852,49.927]},"properties":{"frp":1.4,"hours":31.6,"at":"2026-08-05T23:41Z"}},{"type":"Feature","geometry":{"type":"Point","coordinates":[30.311,50.437]},"properties":{"frp":2.0,"hours":31.6,"at":"2026-08-05T23:41Z"}},{"type":"Feature","geometry":{"type":"Point","coordinates":[30.31,50.438]},"properties":{"frp":1.7,"hours":31.6,"at":"2026-08-05T23:41Z"}},{"type":"Feature","geometry":{"type":"Point","coordinates":[30.843,50.53]},"properties":{"frp":1.7,"hours":31.6,"at":"2026-08-05T23:41Z"}},{"type":"Feature","geometry":{"type":"Point","coordinates":[30.855,50.558]},"properties":{"frp":2.6,"hours":31.6,"at":"2026-08-05T23:41Z"}},{"type":"Feature","geometry":{"type":"Point","coordinates":[33.13,52.368]},"properties":{"frp":5.4,"hours":31.6,"at":"2026-08-05T23:41Z"}},{"type":"Feature","geometry":{"type":"Point","coordinates":[18.982,42.547]},"properties":{"frp":1.5,"hours":31.6,"at":"2026-08-05T23:44Z"}},{"type":"Feature","geometry":{"type":"Point","coordinates":[18.976,42.548]},"properties":{"frp":3.3,"hours":31.6,"at":"2026-08-05T23:44Z"}},{"type":"Feature","geometry":{"type":"Point","coordinates":[18.975,42.549]},"properties":{"frp":1.7,"hours":31.6,"at":"2026-08-05T23:44Z"}},{"type":"Feature","geometry":{"type":"Point","coordinates":[24.421,43.523]},"properties":{"frp":0.5,"hours":31.6,"at":"2026-08-05T23:44Z"}},{"type":"Feature","geometry":{"type":"Point","coordinates":[20.596,43.581]},"properties":{"frp":0.9,"hours":31.6,"at":"2026-08-05T23:44Z"}},{"type":"Feature","geometry":{"type":"Point","coordinates":[20.595,43.583]},"properties":{"frp":1.3,"hours":31.6,"at":"2026-08-05T23:44Z"}},{"type":"Feature","geometry":{"type":"Point","coordinates":[23.409,43.893]},"properties":{"frp":1.6,"hours":31.6,"at":"2026-08-05T23:44Z"}},{"type":"Feature","geometry":{"type":"Point","coordinates":[23.404,43.893]},"properties":{"frp":2.7,"hours":31.6,"at":"2026-08-05T23:44Z"}},{"type":"Feature","geometry":{"type":"Point","coordinates":[23.409,43.899]},"properties":{"frp":1.7,"hours":31.6,"at":"2026-08-05T23:44Z"}},{"type":"Feature","geometry":{"type":"Point","coordinates":[23.404,43.899]},"properties":{"frp":3.7,"hours":31.6,"at":"2026-08-05T23:44Z"}},{"type":"Feature","geometry":{"type":"Point","coordinates":[23.218,44.186]},"properties":{"frp":1.0,"hours":31.6,"at":"2026-08-05T23:44Z"}},{"type":"Feature","geometry":{"type":"Point","coordinates":[21.158,44.848]},"properties":{"frp":1.8,"hours":31.6,"at":"2026-08-05T23:44Z"}},{"type":"Feature","geometry":{"type":"Point","coordinates":[21.151,44.848]},"properties":{"frp":1.8,"hours":31.6,"at":"2026-08-05T23:44Z"}},{"type":"Feature","geometry":{"type":"Point","coordinates":[21.159,44.854]},"properties":{"frp":1.8,"hours":31.6,"at":"2026-08-05T23:44Z"}},{"type":"Feature","geometry":{"type":"Point","coordinates":[21.133,44.867]},"properties":{"frp":4.0,"hours":31.6,"at":"2026-08-05T23:44Z"}},{"type":"Feature","geometry":{"type":"Point","coordinates":[21.127,44.873]},"properties":{"frp":2.2,"hours":31.6,"at":"2026-08-05T23:44Z"}},{"type":"Feature","geometry":{"type":"Point","coordinates":[21.12,44.873]},"properties":{"frp":3.0,"hours":31.6,"at":"2026-08-05T23:44Z"}},{"type":"Feature","geometry":{"type":"Point","coordinates":[21.121,44.886]},"properties":{"frp":1.4,"hours":31.6,"at":"2026-08-05T23:44Z"}},{"type":"Feature","geometry":{"type":"Point","coordinates":[19.69,44.936]},"properties":{"frp":8.7,"hours":31.6,"at":"2026-08-05T23:44Z"}},{"type":"Feature","geometry":{"type":"Point","coordinates":[19.682,44.936]},"properties":{"frp":8.7,"hours":31.6,"at":"2026-08-05T23:44Z"}},{"type":"Feature","geometry":{"type":"Point","coordinates":[19.692,44.938]},"properties":{"frp":14.4,"hours":31.6,"at":"2026-08-05T23:44Z"}},{"type":"Feature","geometry":{"type":"Point","coordinates":[19.685,44.938]},"properties":{"frp":27.0,"hours":31.6,"at":"2026-08-05T23:44Z"}},{"type":"Feature","geometry":{"type":"Point","coordinates":[19.677,44.938]},"properties":{"frp":27.0,"hours":31.6,"at":"2026-08-05T23:44Z"}},{"type":"Feature","geometry":{"type":"Point","coordinates":[19.69,44.943]},"properties":{"frp":16.6,"hours":31.6,"at":"2026-08-05T23:44Z"}},{"type":"Feature","geometry":{"type":"Point","coordinates":[19.683,44.943]},"properties":{"frp":16.6,"hours":31.6,"at":"2026-08-05T23:44Z"}},{"type":"Feature","geometry":{"type":"Point","coordinates":[19.675,44.943]},"properties":{"frp":12.2,"hours":31.6,"at":"2026-08-05T23:44Z"}},{"type":"Feature","geometry":{"type":"Point","coordinates":[29.11,45.408]},"properties":{"frp":0.9,"hours":31.6,"at":"2026-08-05T23:44Z"}},{"type":"Feature","geometry":{"type":"Point","coordinates":[28.821,45.836]},"properties":{"frp":0.7,"hours":31.6,"at":"2026-08-05T23:44Z"}},{"type":"Feature","geometry":{"type":"Point","coordinates":[23.574,45.947]},"properties":{"frp":0.7,"hours":31.6,"at":"2026-08-05T23:44Z"}},{"type":"Feature","geometry":{"type":"Point","coordinates":[21.109,45.963]},"properties":{"frp":0.7,"hours":31.6,"at":"2026-08-05T23:44Z"}},{"type":"Feature","geometry":{"type":"Point","coordinates":[30.183,46.03]},"properties":{"frp":0.9,"hours":31.6,"at":"2026-08-05T23:44Z"}},{"type":"Feature","geometry":{"type":"Point","coordinates":[30.178,46.03]},"properties":{"frp":0.9,"hours":31.6,"at":"2026-08-05T23:44Z"}},{"type":"Feature","geometry":{"type":"Point","coordinates":[30.189,46.033]},"properties":{"frp":1.0,"hours":31.6,"at":"2026-08-05T23:44Z"}},{"type":"Feature","geometry":{"type":"Point","coordinates":[30.184,46.034]},"properties":{"frp":0.9,"hours":31.6,"at":"2026-08-05T23:44Z"}},{"type":"Feature","geometry":{"type":"Point","coordinates":[29.311,46.109]},"properties":{"frp":1.9,"hours":31.6,"at":"2026-08-05T23:44Z"}},{"type":"Feature","geometry":{"type":"Point","coordinates":[29.306,46.109]},"properties":{"frp":1.9,"hours":31.6,"at":"2026-08-05T23:44Z"}},{"type":"Feature","geometry":{"type":"Point","coordinates":[29.307,46.113]},"properties":{"frp":1.9,"hours":31.6,"at":"2026-08-05T23:44Z"}},{"type":"Feature","geometry":{"type":"Point","coordinates":[32.979,46.126]},"properties":{"frp":0.4,"hours":31.6,"at":"2026-08-05T23:44Z"}},{"type":"Feature","geometry":{"type":"Point","coordinates":[33.079,46.162]},"properties":{"frp":2.7,"hours":31.6,"at":"2026-08-05T23:44Z"}},{"type":"Feature","geometry":{"type":"Point","coordinates":[33.109,46.162]},"properties":{"frp":1.7,"hours":31.6,"at":"2026-08-05T23:44Z"}},{"type":"Feature","geometry":{"type":"Point","coordinates":[33.092,46.164]},"properties":{"frp":0.8,"hours":31.6,"at":"2026-08-05T23:44Z"}},{"type":"Feature","geometry":{"type":"Point","coordinates":[33.086,46.164]},"properties":{"frp":0.8,"hours":31.6,"at":"2026-08-05T23:44Z"}},{"type":"Feature","geometry":{"type":"Point","coordinates":[33.08,46.165]},"properties":{"frp":2.7,"hours":31.6,"at":"2026-08-05T23:44Z"}},{"type":"Feature","geometry":{"type":"Point","coordinates":[33.11,46.165]},"properties":{"frp":0.3,"hours":31.6,"at":"2026-08-05T23:44Z"}},{"type":"Feature","geometry":{"type":"Point","coordinates":[33.062,46.167]},"properties":{"frp":1.1,"hours":31.6,"at":"2026-08-05T23:44Z"}},{"type":"Feature","geometry":{"type":"Point","coordinates":[33.092,46.167]},"properties":{"frp":0.9,"hours":31.6,"at":"2026-08-05T23:44Z"}},{"type":"Feature","geometry":{"type":"Point","coordinates":[33.142,46.24]},"properties":{"frp":1.3,"hours":31.6,"at":"2026-08-05T23:44Z"}},{"type":"Feature","geometry":{"type":"Point","coordinates":[29.637,46.301]},"properties":{"frp":0.8,"hours":31.6,"at":"2026-08-05T23:44Z"}},{"type":"Feature","geometry":{"type":"Point","coordinates":[29.638,46.305]},"properties":{"frp":0.8,"hours":31.6,"at":"2026-08-05T23:44Z"}},{"type":"Feature","geometry":{"type":"Point","coordinates":[32.136,46.375]},"properties":{"frp":0.4,"hours":31.6,"at":"2026-08-05T23:44Z"}},{"type":"Feature","geometry":{"type":"Point","coordinates":[32.088,46.419]},"properties":{"frp":0.8,"hours":31.6,"at":"2026-08-05T23:44Z"}},{"type":"Feature","geometry":{"type":"Point","coordinates":[27.129,46.435]},"properties":{"frp":1.3,"hours":31.6,"at":"2026-08-05T23:44Z"}},{"type":"Feature","geometry":{"type":"Point","coordinates":[31.881,46.472]},"properties":{"frp":7.7,"hours":31.6,"at":"2026-08-05T23:44Z"}},{"type":"Feature","geometry":{"type":"Point","coordinates":[32.426,46.48]},"properties":{"frp":25.1,"hours":31.6,"at":"2026-08-05T23:44Z"}},{"type":"Feature","geometry":{"type":"Point","coordinates":[32.788,46.508]},"properties":{"frp":1.1,"hours":31.6,"at":"2026-08-05T23:44Z"}},{"type":"Feature","geometry":{"type":"Point","coordinates":[32.718,46.605]},"properties":{"frp":0.6,"hours":31.6,"at":"2026-08-05T23:44Z"}},{"type":"Feature","geometry":{"type":"Point","coordinates":[32.677,46.669]},"properties":{"frp":1.8,"hours":31.6,"at":"2026-08-05T23:44Z"}},{"type":"Feature","geometry":{"type":"Point","coordinates":[32.678,46.673]},"properties":{"frp":1.8,"hours":31.6,"at":"2026-08-05T23:44Z"}},{"type":"Feature","geometry":{"type":"Point","coordinates":[33.68,46.76]},"properties":{"frp":0.5,"hours":31.6,"at":"2026-08-05T23:44Z"}},{"type":"Feature","geometry":{"type":"Point","coordinates":[33.681,46.764]},"properties":{"frp":1.3,"hours":31.6,"at":"2026-08-05T23:44Z"}},{"type":"Feature","geometry":{"type":"Point","coordinates":[33.681,46.767]},"properties":{"frp":1.3,"hours":31.6,"at":"2026-08-05T23:44Z"}},{"type":"Feature","geometry":{"type":"Point","coordinates":[33.493,46.815]},"properties":{"frp":5.2,"hours":31.6,"at":"2026-08-05T23:44Z"}},{"type":"Feature","geometry":{"type":"Point","coordinates":[31.805,46.817]},"properties":{"frp":0.5,"hours":31.6,"at":"2026-08-05T23:44Z"}},{"type":"Feature","geometry":{"type":"Point","coordinates":[31.813,46.82]},"properties":{"frp":0.8,"hours":31.6,"at":"2026-08-05T23:44Z"}},{"type":"Feature","geometry":{"type":"Point","coordinates":[31.814,46.824]},"properties":{"frp":0.8,"hours":31.6,"at":"2026-08-05T23:44Z"}},{"type":"Feature","geometry":{"type":"Point","coordinates":[33.171,46.96]},"properties":{"frp":0.7,"hours":31.6,"at":"2026-08-05T23:44Z"}},{"type":"Feature","geometry":{"type":"Point","coordinates":[33.162,46.972]},"properties":{"frp":0.5,"hours":31.6,"at":"2026-08-05T23:44Z"}},{"type":"Feature","geometry":{"type":"Point","coordinates":[33.135,46.987]},"properties":{"frp":0.7,"hours":31.6,"at":"2026-08-05T23:44Z"}},{"type":"Feature","geometry":{"type":"Point","coordinates":[33.155,46.995]},"properties":{"frp":1.2,"hours":31.6,"at":"2026-08-05T23:44Z"}},{"type":"Feature","geometry":{"type":"Point","coordinates":[33.149,46.996]},"properties":{"frp":1.5,"hours":31.6,"at":"2026-08-05T23:44Z"}},{"type":"Feature","geometry":{"type":"Point","coordinates":[33.156,46.999]},"properties":{"frp":7.8,"hours":31.6,"at":"2026-08-05T23:44Z"}},{"type":"Feature","geometry":{"type":"Point","coordinates":[33.517,47.157]},"properties":{"frp":0.4,"hours":31.6,"at":"2026-08-05T23:44Z"}},{"type":"Feature","geometry":{"type":"Point","coordinates":[31.299,47.266]},"properties":{"frp":1.1,"hours":31.6,"at":"2026-08-05T23:44Z"}},{"type":"Feature","geometry":{"type":"Point","coordinates":[31.298,47.266]},"properties":{"frp":0.7,"hours":31.6,"at":"2026-08-05T23:44Z"}},{"type":"Feature","geometry":{"type":"Point","coordinates":[31.291,47.266]},"properties":{"frp":1.1,"hours":31.6,"at":"2026-08-05T23:44Z"}},{"type":"Feature","geometry":{"type":"Point","coordinates":[31.292,47.27]},"properties":{"frp":0.8,"hours":31.6,"at":"2026-08-05T23:44Z"}},{"type":"Feature","geometry":{"type":"Point","coordinates":[31.293,47.274]},"properties":{"frp":0.8,"hours":31.6,"at":"2026-08-05T23:44Z"}},{"type":"Feature","geometry":{"type":"Point","coordinates":[32.096,47.364]},"properties":{"frp":1.9,"hours":31.6,"at":"2026-08-05T23:44Z"}},{"type":"Feature","geometry":{"type":"Point","coordinates":[32.049,47.369]},"properties":{"frp":3.7,"hours":31.6,"at":"2026-08-05T23:44Z"}},{"type":"Feature","geometry":{"type":"Point","coordinates":[32.057,47.372]},"properties":{"frp":3.7,"hours":31.6,"at":"2026-08-05T23:44Z"}},{"type":"Feature","geometry":{"type":"Point","coordinates":[32.05,47.373]},"properties":{"frp":3.7,"hours":31.6,"at":"2026-08-05T23:44Z"}},{"type":"Feature","geometry":{"type":"Point","coordinates":[32.058,47.376]},"properties":{"frp":1.6,"hours":31.6,"at":"2026-08-05T23:44Z"}},{"type":"Feature","geometry":{"type":"Point","coordinates":[32.051,47.377]},"properties":{"frp":1.6,"hours":31.6,"at":"2026-08-05T23:44Z"}},{"type":"Feature","geometry":{"type":"Point","coordinates":[30.364,47.53]},"properties":{"frp":0.7,"hours":31.6,"at":"2026-08-05T23:44Z"}},{"type":"Feature","geometry":{"type":"Point","coordinates":[30.645,47.532]},"properties":{"frp":0.5,"hours":31.6,"at":"2026-08-05T23:44Z"}},{"type":"Feature","geometry":{"type":"Point","coordinates":[30.661,47.543]},"properties":{"frp":1.3,"hours":31.6,"at":"2026-08-05T23:44Z"}},{"type":"Feature","geometry":{"type":"Point","coordinates":[30.173,47.596]},"properties":{"frp":0.9,"hours":31.6,"at":"2026-08-05T23:44Z"}},{"type":"Feature","geometry":{"type":"Point","coordinates":[29.853,47.695]},"properties":{"frp":2.2,"hours":31.6,"at":"2026-08-05T23:44Z"}},{"type":"Feature","geometry":{"type":"Point","coordinates":[29.847,47.696]},"properties":{"frp":1.9,"hours":31.6,"at":"2026-08-05T23:44Z"}},{"type":"Feature","geometry":{"type":"Point","coordinates":[29.841,47.696]},"properties":{"frp":1.9,"hours":31.6,"at":"2026-08-05T23:44Z"}},{"type":"Feature","geometry":{"type":"Point","coordinates":[30.206,47.732]},"properties":{"frp":1.1,"hours":31.6,"at":"2026-08-05T23:44Z"}},{"type":"Feature","geometry":{"type":"Point","coordinates":[31.946,47.766]},"properties":{"frp":3.5,"hours":31.6,"at":"2026-08-05T23:44Z"}},{"type":"Feature","geometry":{"type":"Point","coordinates":[31.954,47.769]},"properties":{"frp":0.4,"hours":31.6,"at":"2026-08-05T23:44Z"}},{"type":"Feature","geometry":{"type":"Point","coordinates":[31.947,47.77]},"properties":{"frp":0.4,"hours":31.6,"at":"2026-08-05T23:44Z"}},{"type":"Feature","geometry":{"type":"Point","coordinates":[31.573,48.054]},"properties":{"frp":0.5,"hours":31.6,"at":"2026-08-05T23:44Z"}},{"type":"Feature","geometry":{"type":"Point","coordinates":[17.188,48.108]},"properties":{"frp":1.9,"hours":31.6,"at":"2026-08-05T23:44Z"}},{"type":"Feature","geometry":{"type":"Point","coordinates":[17.186,48.109]},"properties":{"frp":2.3,"hours":31.6,"at":"2026-08-05T23:44Z"}},{"type":"Feature","geometry":{"type":"Point","coordinates":[30.604,48.286]},"properties":{"frp":0.3,"hours":31.6,"at":"2026-08-05T23:44Z"}},{"type":"Feature","geometry":{"type":"Point","coordinates":[30.604,48.287]},"properties":{"frp":0.4,"hours":31.6,"at":"2026-08-05T23:44Z"}},{"type":"Feature","geometry":{"type":"Point","coordinates":[30.535,48.371]},"properties":{"frp":0.6,"hours":31.6,"at":"2026-08-05T23:44Z"}},{"type":"Feature","geometry":{"type":"Point","coordinates":[29.445,48.519]},"properties":{"frp":1.0,"hours":31.6,"at":"2026-08-05T23:44Z"}},{"type":"Feature","geometry":{"type":"Point","coordinates":[29.439,48.52]},"properties":{"frp":1.4,"hours":31.6,"at":"2026-08-05T23:44Z"}},{"type":"Feature","geometry":{"type":"Point","coordinates":[23.577,48.936]},"properties":{"frp":0.8,"hours":31.6,"at":"2026-08-05T23:44Z"}},{"type":"Feature","geometry":{"type":"Point","coordinates":[29.236,49.013]},"properties":{"frp":1.6,"hours":31.6,"at":"2026-08-05T23:44Z"}},{"type":"Feature","geometry":{"type":"Point","coordinates":[33.067,37.679]},"properties":{"frp":0.5,"hours":31.5,"at":"2026-08-05T23:46Z"}},{"type":"Feature","geometry":{"type":"Point","coordinates":[33.299,37.906]},"properties":{"frp":0.5,"hours":31.5,"at":"2026-08-05T23:46Z"}},{"type":"Feature","geometry":{"type":"Point","coordinates":[32.803,38.723]},"properties":{"frp":1.6,"hours":31.5,"at":"2026-08-05T23:46Z"}},{"type":"Feature","geometry":{"type":"Point","coordinates":[32.799,38.724]},"properties":{"frp":1.0,"hours":31.5,"at":"2026-08-05T23:46Z"}},{"type":"Feature","geometry":{"type":"Point","coordinates":[32.8,38.727]},"properties":{"frp":0.6,"hours":31.5,"at":"2026-08-05T23:46Z"}},{"type":"Feature","geometry":{"type":"Point","coordinates":[31.781,38.784]},"properties":{"frp":1.0,"hours":31.5,"at":"2026-08-05T23:46Z"}},{"type":"Feature","geometry":{"type":"Point","coordinates":[32.376,38.957]},"properties":{"frp":0.9,"hours":31.5,"at":"2026-08-05T23:46Z"}},{"type":"Feature","geometry":{"type":"Point","coordinates":[32.382,38.96]},"properties":{"frp":0.9,"hours":31.5,"at":"2026-08-05T23:46Z"}},{"type":"Feature","geometry":{"type":"Point","coordinates":[32.379,38.96]},"properties":{"frp":1.3,"hours":31.5,"at":"2026-08-05T23:46Z"}},{"type":"Feature","geometry":{"type":"Point","coordinates":[32.377,38.961]},"properties":{"frp":0.9,"hours":31.5,"at":"2026-08-05T23:46Z"}},{"type":"Feature","geometry":{"type":"Point","coordinates":[32.38,38.964]},"properties":{"frp":1.3,"hours":31.5,"at":"2026-08-05T23:46Z"}},{"type":"Feature","geometry":{"type":"Point","coordinates":[32.385,38.966]},"properties":{"frp":2.1,"hours":31.5,"at":"2026-08-05T23:46Z"}},{"type":"Feature","geometry":{"type":"Point","coordinates":[32.38,38.967]},"properties":{"frp":2.8,"hours":31.5,"at":"2026-08-05T23:46Z"}},{"type":"Feature","geometry":{"type":"Point","coordinates":[32.386,38.97]},"properties":{"frp":2.1,"hours":31.5,"at":"2026-08-05T23:46Z"}},{"type":"Feature","geometry":{"type":"Point","coordinates":[32.401,38.971]},"properties":{"frp":1.4,"hours":31.5,"at":"2026-08-05T23:46Z"}},{"type":"Feature","geometry":{"type":"Point","coordinates":[31.953,39.786]},"properties":{"frp":1.2,"hours":31.5,"at":"2026-08-05T23:46Z"}},{"type":"Feature","geometry":{"type":"Point","coordinates":[33.621,39.912]},"properties":{"frp":0.8,"hours":31.5,"at":"2026-08-05T23:46Z"}},{"type":"Feature","geometry":{"type":"Point","coordinates":[18.147,40.05]},"properties":{"frp":0.9,"hours":31.5,"at":"2026-08-05T23:46Z"}},{"type":"Feature","geometry":{"type":"Point","coordinates":[29.226,40.185]},"properties":{"frp":0.7,"hours":31.5,"at":"2026-08-05T23:46Z"}},{"type":"Feature","geometry":{"type":"Point","coordinates":[33.924,40.319]},"properties":{"frp":0.7,"hours":31.5,"at":"2026-08-05T23:46Z"}},{"type":"Feature","geometry":{"type":"Point","coordinates":[29.27,40.426]},"properties":{"frp":0.8,"hours":31.5,"at":"2026-08-05T23:46Z"}},{"type":"Feature","geometry":{"type":"Point","coordinates":[16.992,40.583]},"properties":{"frp":0.7,"hours":31.5,"at":"2026-08-05T23:46Z"}},{"type":"Feature","geometry":{"type":"Point","coordinates":[31.476,41.004]},"properties":{"frp":0.7,"hours":31.5,"at":"2026-08-05T23:46Z"}},{"type":"Feature","geometry":{"type":"Point","coordinates":[20.378,41.068]},"properties":{"frp":1.2,"hours":31.5,"at":"2026-08-05T23:46Z"}},{"type":"Feature","geometry":{"type":"Point","coordinates":[30.648,41.113]},"properties":{"frp":0.5,"hours":31.5,"at":"2026-08-05T23:46Z"}},{"type":"Feature","geometry":{"type":"Point","coordinates":[30.313,50.437]},"properties":{"frp":1.0,"hours":29.9,"at":"2026-08-06T01:22Z"}},{"type":"Feature","geometry":{"type":"Point","coordinates":[30.851,50.559]},"properties":{"frp":1.4,"hours":29.9,"at":"2026-08-06T01:22Z"}},{"type":"Feature","geometry":{"type":"Point","coordinates":[23.555,51.139]},"properties":{"frp":1.3,"hours":29.9,"at":"2026-08-06T01:22Z"}},{"type":"Feature","geometry":{"type":"Point","coordinates":[33.131,52.369]},"properties":{"frp":0.5,"hours":29.9,"at":"2026-08-06T01:22Z"}},{"type":"Feature","geometry":{"type":"Point","coordinates":[30.037,52.876]},"properties":{"frp":0.7,"hours":29.9,"at":"2026-08-06T01:22Z"}},{"type":"Feature","geometry":{"type":"Point","coordinates":[32.785,56.2]},"properties":{"frp":0.4,"hours":29.9,"at":"2026-08-06T01:22Z"}},{"type":"Feature","geometry":{"type":"Point","coordinates":[32.786,56.201]},"properties":{"frp":0.4,"hours":29.9,"at":"2026-08-06T01:22Z"}},{"type":"Feature","geometry":{"type":"Point","coordinates":[13.83,58.385]},"properties":{"frp":0.8,"hours":29.9,"at":"2026-08-06T01:22Z"}},{"type":"Feature","geometry":{"type":"Point","coordinates":[23.461,44.067]},"properties":{"frp":5.9,"hours":29.9,"at":"2026-08-06T01:24Z"}},{"type":"Feature","geometry":{"type":"Point","coordinates":[23.457,44.068]},"properties":{"frp":5.4,"hours":29.9,"at":"2026-08-06T01:24Z"}},{"type":"Feature","geometry":{"type":"Point","coordinates":[23.453,44.069]},"properties":{"frp":5.4,"hours":29.9,"at":"2026-08-06T01:24Z"}},{"type":"Feature","geometry":{"type":"Point","coordinates":[24.552,44.211]},"properties":{"frp":4.9,"hours":29.9,"at":"2026-08-06T01:24Z"}},{"type":"Feature","geometry":{"type":"Point","coordinates":[21.155,44.847]},"properties":{"frp":2.4,"hours":29.9,"at":"2026-08-06T01:24Z"}},{"type":"Feature","geometry":{"type":"Point","coordinates":[21.157,44.852]},"properties":{"frp":8.4,"hours":29.9,"at":"2026-08-06T01:24Z"}},{"type":"Feature","geometry":{"type":"Point","coordinates":[21.13,44.868]},"properties":{"frp":3.3,"hours":29.9,"at":"2026-08-06T01:24Z"}},{"type":"Feature","geometry":{"type":"Point","coordinates":[21.124,44.87]},"properties":{"frp":3.4,"hours":29.9,"at":"2026-08-06T01:24Z"}},{"type":"Feature","geometry":{"type":"Point","coordinates":[19.687,44.939]},"properties":{"frp":24.9,"hours":29.9,"at":"2026-08-06T01:24Z"}},{"type":"Feature","geometry":{"type":"Point","coordinates":[19.687,44.94]},"properties":{"frp":42.7,"hours":29.9,"at":"2026-08-06T01:24Z"}},{"type":"Feature","geometry":{"type":"Point","coordinates":[19.682,44.94]},"properties":{"frp":24.9,"hours":29.9,"at":"2026-08-06T01:24Z"}},{"type":"Feature","geometry":{"type":"Point","coordinates":[18.192,45.784]},"properties":{"frp":2.6,"hours":29.9,"at":"2026-08-06T01:24Z"}},{"type":"Feature","geometry":{"type":"Point","coordinates":[18.185,45.786]},"properties":{"frp":3.1,"hours":29.9,"at":"2026-08-06T01:24Z"}},{"type":"Feature","geometry":{"type":"Point","coordinates":[18.187,45.789]},"properties":{"frp":0.7,"hours":29.9,"at":"2026-08-06T01:24Z"}},{"type":"Feature","geometry":{"type":"Point","coordinates":[15.921,45.836]},"properties":{"frp":0.6,"hours":29.9,"at":"2026-08-06T01:24Z"}},{"type":"Feature","geometry":{"type":"Point","coordinates":[30.184,46.03]},"properties":{"frp":0.9,"hours":29.9,"at":"2026-08-06T01:24Z"}},{"type":"Feature","geometry":{"type":"Point","coordinates":[28.724,46.109]},"properties":{"frp":1.0,"hours":29.9,"at":"2026-08-06T01:24Z"}},{"type":"Feature","geometry":{"type":"Point","coordinates":[33.079,46.157]},"properties":{"frp":1.6,"hours":29.9,"at":"2026-08-06T01:24Z"}},{"type":"Feature","geometry":{"type":"Point","coordinates":[33.081,46.161]},"properties":{"frp":2.1,"hours":29.9,"at":"2026-08-06T01:24Z"}},{"type":"Feature","geometry":{"type":"Point","coordinates":[27.932,46.234]},"properties":{"frp":1.7,"hours":29.9,"at":"2026-08-06T01:24Z"}},{"type":"Feature","geometry":{"type":"Point","coordinates":[27.927,46.236]},"properties":{"frp":1.7,"hours":29.9,"at":"2026-08-06T01:24Z"}},{"type":"Feature","geometry":{"type":"Point","coordinates":[29.639,46.302]},"properties":{"frp":0.7,"hours":29.9,"at":"2026-08-06T01:24Z"}},{"type":"Feature","geometry":{"type":"Point","coordinates":[33.495,46.816]},"properties":{"frp":1.9,"hours":29.9,"at":"2026-08-06T01:24Z"}},{"type":"Feature","geometry":{"type":"Point","coordinates":[14.456,46.866]},"properties":{"frp":0.7,"hours":29.9,"at":"2026-08-06T01:24Z"}},{"type":"Feature","geometry":{"type":"Point","coordinates":[33.156,46.999]},"properties":{"frp":0.8,"hours":29.9,"at":"2026-08-06T01:24Z"}},{"type":"Feature","geometry":{"type":"Point","coordinates":[30.289,47.162]},"properties":{"frp":0.6,"hours":29.9,"at":"2026-08-06T01:24Z"}},{"type":"Feature","geometry":{"type":"Point","coordinates":[31.297,47.267]},"properties":{"frp":4.2,"hours":29.9,"at":"2026-08-06T01:24Z"}},{"type":"Feature","geometry":{"type":"Point","coordinates":[31.29,47.269]},"properties":{"frp":4.2,"hours":29.9,"at":"2026-08-06T01:24Z"}},{"type":"Feature","geometry":{"type":"Point","coordinates":[32.092,47.364]},"properties":{"frp":0.5,"hours":29.9,"at":"2026-08-06T01:24Z"}},{"type":"Feature","geometry":{"type":"Point","coordinates":[32.049,47.372]},"properties":{"frp":1.6,"hours":29.9,"at":"2026-08-06T01:24Z"}},{"type":"Feature","geometry":{"type":"Point","coordinates":[7.237,47.629]},"properties":{"frp":0.6,"hours":29.9,"at":"2026-08-06T01:24Z"}},{"type":"Feature","geometry":{"type":"Point","coordinates":[29.848,47.698]},"properties":{"frp":0.4,"hours":29.9,"at":"2026-08-06T01:24Z"}},{"type":"Feature","geometry":{"type":"Point","coordinates":[17.192,48.108]},"properties":{"frp":1.4,"hours":29.9,"at":"2026-08-06T01:24Z"}},{"type":"Feature","geometry":{"type":"Point","coordinates":[29.448,48.518]},"properties":{"frp":0.7,"hours":29.9,"at":"2026-08-06T01:24Z"}},{"type":"Feature","geometry":{"type":"Point","coordinates":[29.445,48.519]},"properties":{"frp":1.6,"hours":29.9,"at":"2026-08-06T01:24Z"}},{"type":"Feature","geometry":{"type":"Point","coordinates":[29.442,48.52]},"properties":{"frp":1.1,"hours":29.9,"at":"2026-08-06T01:24Z"}},{"type":"Feature","geometry":{"type":"Point","coordinates":[5.68,48.715]},"properties":{"frp":1.0,"hours":29.9,"at":"2026-08-06T01:24Z"}},{"type":"Feature","geometry":{"type":"Point","coordinates":[4.379,48.826]},"properties":{"frp":17.6,"hours":29.9,"at":"2026-08-06T01:24Z"}},{"type":"Feature","geometry":{"type":"Point","coordinates":[4.373,48.827]},"properties":{"frp":19.0,"hours":29.9,"at":"2026-08-06T01:24Z"}},{"type":"Feature","geometry":{"type":"Point","coordinates":[6.819,48.956]},"properties":{"frp":1.0,"hours":29.9,"at":"2026-08-06T01:24Z"}},{"type":"Feature","geometry":{"type":"Point","coordinates":[6.82,48.958]},"properties":{"frp":3.5,"hours":29.9,"at":"2026-08-06T01:24Z"}},{"type":"Feature","geometry":{"type":"Point","coordinates":[6.82,48.96]},"properties":{"frp":1.4,"hours":29.9,"at":"2026-08-06T01:24Z"}},{"type":"Feature","geometry":{"type":"Point","coordinates":[1.119,49.363]},"properties":{"frp":1.1,"hours":29.9,"at":"2026-08-06T01:24Z"}},{"type":"Feature","geometry":{"type":"Point","coordinates":[1.119,49.368]},"properties":{"frp":2.0,"hours":29.9,"at":"2026-08-06T01:24Z"}},{"type":"Feature","geometry":{"type":"Point","coordinates":[24.014,50.205]},"properties":{"frp":1.6,"hours":29.9,"at":"2026-08-06T01:24Z"}},{"type":"Feature","geometry":{"type":"Point","coordinates":[9.009,50.819]},"properties":{"frp":1.1,"hours":29.9,"at":"2026-08-06T01:24Z"}},{"type":"Feature","geometry":{"type":"Point","coordinates":[0.64,51.216]},"properties":{"frp":0.5,"hours":29.9,"at":"2026-08-06T01:24Z"}},{"type":"Feature","geometry":{"type":"Point","coordinates":[-0.459,51.292]},"properties":{"frp":0.7,"hours":29.9,"at":"2026-08-06T01:24Z"}},{"type":"Feature","geometry":{"type":"Point","coordinates":[-0.666,51.666]},"properties":{"frp":0.5,"hours":29.9,"at":"2026-08-06T01:24Z"}},{"type":"Feature","geometry":{"type":"Point","coordinates":[0.733,51.787]},"properties":{"frp":0.3,"hours":29.9,"at":"2026-08-06T01:24Z"}},{"type":"Feature","geometry":{"type":"Point","coordinates":[4.366,51.885]},"properties":{"frp":1.2,"hours":29.9,"at":"2026-08-06T01:24Z"}},{"type":"Feature","geometry":{"type":"Point","coordinates":[-2.26,52.615]},"properties":{"frp":2.0,"hours":29.9,"at":"2026-08-06T01:24Z"}},{"type":"Feature","geometry":{"type":"Point","coordinates":[7.924,52.695]},"properties":{"frp":1.4,"hours":29.9,"at":"2026-08-06T01:24Z"}},{"type":"Feature","geometry":{"type":"Point","coordinates":[7.918,52.698]},"properties":{"frp":0.7,"hours":29.9,"at":"2026-08-06T01:24Z"}},{"type":"Feature","geometry":{"type":"Point","coordinates":[-1.47,53.779]},"properties":{"frp":4.2,"hours":29.9,"at":"2026-08-06T01:24Z"}},{"type":"Feature","geometry":{"type":"Point","coordinates":[-1.465,53.779]},"properties":{"frp":2.3,"hours":29.9,"at":"2026-08-06T01:24Z"}},{"type":"Feature","geometry":{"type":"Point","coordinates":[-1.472,53.779]},"properties":{"frp":4.1,"hours":29.9,"at":"2026-08-06T01:24Z"}},{"type":"Feature","geometry":{"type":"Point","coordinates":[28.42,40.04]},"properties":{"frp":1.4,"hours":29.9,"at":"2026-08-06T01:26Z"}},{"type":"Feature","geometry":{"type":"Point","coordinates":[14.985,40.53]},"properties":{"frp":1.6,"hours":29.9,"at":"2026-08-06T01:26Z"}},{"type":"Feature","geometry":{"type":"Point","coordinates":[19.793,40.63]},"properties":{"frp":1.2,"hours":29.9,"at":"2026-08-06T01:26Z"}},{"type":"Feature","geometry":{"type":"Point","coordinates":[19.788,40.636]},"properties":{"frp":2.2,"hours":29.9,"at":"2026-08-06T01:26Z"}},{"type":"Feature","geometry":{"type":"Point","coordinates":[19.754,40.655]},"properties":{"frp":3.1,"hours":29.9,"at":"2026-08-06T01:26Z"}},{"type":"Feature","geometry":{"type":"Point","coordinates":[19.756,40.655]},"properties":{"frp":1.0,"hours":29.9,"at":"2026-08-06T01:26Z"}},{"type":"Feature","geometry":{"type":"Point","coordinates":[19.756,40.659]},"properties":{"frp":3.1,"hours":29.9,"at":"2026-08-06T01:26Z"}},{"type":"Feature","geometry":{"type":"Point","coordinates":[19.758,40.66]},"properties":{"frp":1.0,"hours":29.9,"at":"2026-08-06T01:26Z"}},{"type":"Feature","geometry":{"type":"Point","coordinates":[16.237,41.082]},"properties":{"frp":24.5,"hours":29.9,"at":"2026-08-06T01:26Z"}},{"type":"Feature","geometry":{"type":"Point","coordinates":[13.468,41.239]},"properties":{"frp":2.9,"hours":29.9,"at":"2026-08-06T01:26Z"}},{"type":"Feature","geometry":{"type":"Point","coordinates":[13.469,41.243]},"properties":{"frp":2.9,"hours":29.9,"at":"2026-08-06T01:26Z"}},{"type":"Feature","geometry":{"type":"Point","coordinates":[13.464,41.243]},"properties":{"frp":2.9,"hours":29.9,"at":"2026-08-06T01:26Z"}},{"type":"Feature","geometry":{"type":"Point","coordinates":[13.831,41.305]},"properties":{"frp":1.8,"hours":29.9,"at":"2026-08-06T01:26Z"}},{"type":"Feature","geometry":{"type":"Point","coordinates":[15.279,41.504]},"properties":{"frp":1.1,"hours":29.9,"at":"2026-08-06T01:26Z"}},{"type":"Feature","geometry":{"type":"Point","coordinates":[19.725,41.547]},"properties":{"frp":0.9,"hours":29.9,"at":"2026-08-06T01:26Z"}},{"type":"Feature","geometry":{"type":"Point","coordinates":[-0.863,41.556]},"properties":{"frp":4.9,"hours":29.9,"at":"2026-08-06T01:26Z"}},{"type":"Feature","geometry":{"type":"Point","coordinates":[-0.867,41.557]},"properties":{"frp":4.9,"hours":29.9,"at":"2026-08-06T01:26Z"}},{"type":"Feature","geometry":{"type":"Point","coordinates":[-0.863,41.562]},"properties":{"frp":4.9,"hours":29.9,"at":"2026-08-06T01:26Z"}},{"type":"Feature","geometry":{"type":"Point","coordinates":[-0.867,41.562]},"properties":{"frp":4.9,"hours":29.9,"at":"2026-08-06T01:26Z"}},{"type":"Feature","geometry":{"type":"Point","coordinates":[15.049,41.764]},"properties":{"frp":0.7,"hours":29.9,"at":"2026-08-06T01:26Z"}},{"type":"Feature","geometry":{"type":"Point","coordinates":[14.817,41.857]},"properties":{"frp":0.6,"hours":29.9,"at":"2026-08-06T01:26Z"}},{"type":"Feature","geometry":{"type":"Point","coordinates":[14.819,41.86]},"properties":{"frp":0.8,"hours":29.9,"at":"2026-08-06T01:26Z"}},{"type":"Feature","geometry":{"type":"Point","coordinates":[19.19,42.057]},"properties":{"frp":0.6,"hours":29.9,"at":"2026-08-06T01:26Z"}},{"type":"Feature","geometry":{"type":"Point","coordinates":[24.768,42.155]},"properties":{"frp":1.6,"hours":29.9,"at":"2026-08-06T01:26Z"}},{"type":"Feature","geometry":{"type":"Point","coordinates":[24.771,42.161]},"properties":{"frp":3.4,"hours":29.9,"at":"2026-08-06T01:26Z"}},{"type":"Feature","geometry":{"type":"Point","coordinates":[18.97,42.544]},"properties":{"frp":2.9,"hours":29.9,"at":"2026-08-06T01:26Z"}},{"type":"Feature","geometry":{"type":"Point","coordinates":[18.978,42.547]},"properties":{"frp":1.6,"hours":29.9,"at":"2026-08-06T01:26Z"}},{"type":"Feature","geometry":{"type":"Point","coordinates":[18.973,42.548]},"properties":{"frp":0.8,"hours":29.9,"at":"2026-08-06T01:26Z"}},{"type":"Feature","geometry":{"type":"Point","coordinates":[17.673,43.016]},"properties":{"frp":0.9,"hours":29.9,"at":"2026-08-06T01:26Z"}},{"type":"Feature","geometry":{"type":"Point","coordinates":[-3.841,43.413]},"properties":{"frp":0.7,"hours":29.9,"at":"2026-08-06T01:26Z"}},{"type":"Feature","geometry":{"type":"Point","coordinates":[4.849,43.452]},"properties":{"frp":1.6,"hours":29.9,"at":"2026-08-06T01:26Z"}},{"type":"Feature","geometry":{"type":"Point","coordinates":[22.447,43.456]},"properties":{"frp":1.3,"hours":29.9,"at":"2026-08-06T01:26Z"}},{"type":"Feature","geometry":{"type":"Point","coordinates":[22.448,43.456]},"properties":{"frp":1.1,"hours":29.9,"at":"2026-08-06T01:26Z"}},{"type":"Feature","geometry":{"type":"Point","coordinates":[20.627,43.47]},"properties":{"frp":1.1,"hours":29.9,"at":"2026-08-06T01:26Z"}},{"type":"Feature","geometry":{"type":"Point","coordinates":[20.623,43.472]},"properties":{"frp":1.5,"hours":29.9,"at":"2026-08-06T01:26Z"}},{"type":"Feature","geometry":{"type":"Point","coordinates":[20.628,43.475]},"properties":{"frp":0.9,"hours":29.9,"at":"2026-08-06T01:26Z"}},{"type":"Feature","geometry":{"type":"Point","coordinates":[20.624,43.481]},"properties":{"frp":0.9,"hours":29.9,"at":"2026-08-06T01:26Z"}},{"type":"Feature","geometry":{"type":"Point","coordinates":[20.621,43.482]},"properties":{"frp":1.5,"hours":29.9,"at":"2026-08-06T01:26Z"}},{"type":"Feature","geometry":{"type":"Point","coordinates":[-5.86,43.554]},"properties":{"frp":1.7,"hours":29.9,"at":"2026-08-06T01:26Z"}},{"type":"Feature","geometry":{"type":"Point","coordinates":[20.597,43.581]},"properties":{"frp":1.4,"hours":29.9,"at":"2026-08-06T01:26Z"}},{"type":"Feature","geometry":{"type":"Point","coordinates":[20.603,43.584]},"properties":{"frp":3.5,"hours":29.9,"at":"2026-08-06T01:26Z"}},{"type":"Feature","geometry":{"type":"Point","coordinates":[20.602,43.584]},"properties":{"frp":2.6,"hours":29.9,"at":"2026-08-06T01:26Z"}},{"type":"Feature","geometry":{"type":"Point","coordinates":[20.597,43.585]},"properties":{"frp":3.5,"hours":29.9,"at":"2026-08-06T01:26Z"}},{"type":"Feature","geometry":{"type":"Point","coordinates":[20.597,43.586]},"properties":{"frp":3.1,"hours":29.9,"at":"2026-08-06T01:26Z"}},{"type":"Feature","geometry":{"type":"Point","coordinates":[17.99,43.683]},"properties":{"frp":1.6,"hours":29.9,"at":"2026-08-06T01:26Z"}},{"type":"Feature","geometry":{"type":"Point","coordinates":[23.407,43.89]},"properties":{"frp":1.0,"hours":29.9,"at":"2026-08-06T01:26Z"}},{"type":"Feature","geometry":{"type":"Point","coordinates":[23.409,43.895]},"properties":{"frp":1.8,"hours":29.9,"at":"2026-08-06T01:26Z"}},{"type":"Feature","geometry":{"type":"Point","coordinates":[11.122,44.164]},"properties":{"frp":0.7,"hours":29.9,"at":"2026-08-06T01:26Z"}},{"type":"Feature","geometry":{"type":"Point","coordinates":[11.123,44.167]},"properties":{"frp":0.7,"hours":29.9,"at":"2026-08-06T01:26Z"}},{"type":"Feature","geometry":{"type":"Point","coordinates":[18.615,44.238]},"properties":{"frp":2.6,"hours":29.9,"at":"2026-08-06T01:26Z"}},{"type":"Feature","geometry":{"type":"Point","coordinates":[3.206,45.795]},"properties":{"frp":1.8,"hours":29.9,"at":"2026-08-06T01:26Z"}},{"type":"Feature","geometry":{"type":"Point","coordinates":[9.354,45.863]},"properties":{"frp":1.4,"hours":29.9,"at":"2026-08-06T01:26Z"}},{"type":"Feature","geometry":{"type":"Point","coordinates":[9.335,45.869]},"properties":{"frp":1.3,"hours":29.9,"at":"2026-08-06T01:26Z"}},{"type":"Feature","geometry":{"type":"Point","coordinates":[9.341,45.872]},"properties":{"frp":1.9,"hours":29.9,"at":"2026-08-06T01:26Z"}},{"type":"Feature","geometry":{"type":"Point","coordinates":[9.336,45.873]},"properties":{"frp":1.9,"hours":29.9,"at":"2026-08-06T01:26Z"}},{"type":"Feature","geometry":{"type":"Point","coordinates":[9.351,45.874]},"properties":{"frp":2.6,"hours":29.9,"at":"2026-08-06T01:26Z"}},{"type":"Feature","geometry":{"type":"Point","coordinates":[9.346,45.875]},"properties":{"frp":1.9,"hours":29.9,"at":"2026-08-06T01:26Z"}},{"type":"Feature","geometry":{"type":"Point","coordinates":[9.336,45.876]},"properties":{"frp":1.9,"hours":29.9,"at":"2026-08-06T01:26Z"}},{"type":"Feature","geometry":{"type":"Point","coordinates":[9.346,45.878]},"properties":{"frp":1.8,"hours":29.9,"at":"2026-08-06T01:26Z"}},{"type":"Feature","geometry":{"type":"Point","coordinates":[9.342,45.879]},"properties":{"frp":1.8,"hours":29.9,"at":"2026-08-06T01:26Z"}},{"type":"Feature","geometry":{"type":"Point","coordinates":[9.337,45.879]},"properties":{"frp":1.2,"hours":29.9,"at":"2026-08-06T01:26Z"}},{"type":"Feature","geometry":{"type":"Point","coordinates":[9.374,46.269]},"properties":{"frp":2.8,"hours":29.9,"at":"2026-08-06T01:26Z"}},{"type":"Feature","geometry":{"type":"Point","coordinates":[8.539,34.904]},"properties":{"frp":0.9,"hours":29.8,"at":"2026-08-06T01:28Z"}},{"type":"Feature","geometry":{"type":"Point","coordinates":[7.846,36.056]},"properties":{"frp":4.5,"hours":29.8,"at":"2026-08-06T01:28Z"}},{"type":"Feature","geometry":{"type":"Point","coordinates":[7.805,36.29]},"properties":{"frp":1.2,"hours":29.8,"at":"2026-08-06T01:28Z"}},{"type":"Feature","geometry":{"type":"Point","coordinates":[8.995,36.439]},"properties":{"frp":4.3,"hours":29.8,"at":"2026-08-06T01:28Z"}},{"type":"Feature","geometry":{"type":"Point","coordinates":[8.991,36.44]},"properties":{"frp":2.3,"hours":29.8,"at":"2026-08-06T01:28Z"}},{"type":"Feature","geometry":{"type":"Point","coordinates":[8.996,36.443]},"properties":{"frp":1.2,"hours":29.8,"at":"2026-08-06T01:28Z"}},{"type":"Feature","geometry":{"type":"Point","coordinates":[8.992,36.443]},"properties":{"frp":8.9,"hours":29.8,"at":"2026-08-06T01:28Z"}},{"type":"Feature","geometry":{"type":"Point","coordinates":[8.987,36.444]},"properties":{"frp":8.9,"hours":29.8,"at":"2026-08-06T01:28Z"}},{"type":"Feature","geometry":{"type":"Point","coordinates":[8.984,36.448]},"properties":{"frp":0.9,"hours":29.8,"at":"2026-08-06T01:28Z"}},{"type":"Feature","geometry":{"type":"Point","coordinates":[8.996,36.46]},"properties":{"frp":4.4,"hours":29.8,"at":"2026-08-06T01:28Z"}},{"type":"Feature","geometry":{"type":"Point","coordinates":[8.999,36.462]},"properties":{"frp":1.4,"hours":29.8,"at":"2026-08-06T01:28Z"}},{"type":"Feature","geometry":{"type":"Point","coordinates":[8.995,36.463]},"properties":{"frp":4.2,"hours":29.8,"at":"2026-08-06T01:28Z"}},{"type":"Feature","geometry":{"type":"Point","coordinates":[8.978,36.465]},"properties":{"frp":2.1,"hours":29.8,"at":"2026-08-06T01:28Z"}},{"type":"Feature","geometry":{"type":"Point","coordinates":[8.995,36.466]},"properties":{"frp":4.2,"hours":29.8,"at":"2026-08-06T01:28Z"}},{"type":"Feature","geometry":{"type":"Point","coordinates":[8.991,36.467]},"properties":{"frp":4.2,"hours":29.8,"at":"2026-08-06T01:28Z"}},{"type":"Feature","geometry":{"type":"Point","coordinates":[8.996,36.469]},"properties":{"frp":1.3,"hours":29.8,"at":"2026-08-06T01:28Z"}},{"type":"Feature","geometry":{"type":"Point","coordinates":[2.753,36.474]},"properties":{"frp":0.7,"hours":29.8,"at":"2026-08-06T01:28Z"}},{"type":"Feature","geometry":{"type":"Point","coordinates":[2.866,36.501]},"properties":{"frp":2.2,"hours":29.8,"at":"2026-08-06T01:28Z"}},{"type":"Feature","geometry":{"type":"Point","coordinates":[10.15,36.697]},"properties":{"frp":1.0,"hours":29.8,"at":"2026-08-06T01:28Z"}},{"type":"Feature","geometry":{"type":"Point","coordinates":[9.875,36.804]},"properties":{"frp":1.8,"hours":29.8,"at":"2026-08-06T01:28Z"}},{"type":"Feature","geometry":{"type":"Point","coordinates":[-6.493,37.421]},"properties":{"frp":3.2,"hours":29.8,"at":"2026-08-06T01:28Z"}},{"type":"Feature","geometry":{"type":"Point","coordinates":[14.092,37.447]},"properties":{"frp":1.8,"hours":29.8,"at":"2026-08-06T01:28Z"}},{"type":"Feature","geometry":{"type":"Point","coordinates":[4.378,48.829]},"properties":{"frp":0.5,"hours":28.2,"at":"2026-08-06T03:04Z"}},{"type":"Feature","geometry":{"type":"Point","coordinates":[1.12,49.365]},"properties":{"frp":1.4,"hours":28.2,"at":"2026-08-06T03:04Z"}},{"type":"Feature","geometry":{"type":"Point","coordinates":[-3.436,51.668]},"properties":{"frp":1.6,"hours":28.2,"at":"2026-08-06T03:04Z"}},{"type":"Feature","geometry":{"type":"Point","coordinates":[-3.414,51.857]},"properties":{"frp":1.4,"hours":28.2,"at":"2026-08-06T03:04Z"}},{"type":"Feature","geometry":{"type":"Point","coordinates":[-2.262,52.613]},"properties":{"frp":1.2,"hours":28.2,"at":"2026-08-06T03:04Z"}},{"type":"Feature","geometry":{"type":"Point","coordinates":[-2.259,52.616]},"properties":{"frp":1.2,"hours":28.2,"at":"2026-08-06T03:04Z"}},{"type":"Feature","geometry":{"type":"Point","coordinates":[-2.024,52.763]},"properties":{"frp":1.1,"hours":28.2,"at":"2026-08-06T03:04Z"}},{"type":"Feature","geometry":{"type":"Point","coordinates":[-2.03,52.764]},"properties":{"frp":1.1,"hours":28.2,"at":"2026-08-06T03:04Z"}},{"type":"Feature","geometry":{"type":"Point","coordinates":[-2.022,52.767]},"properties":{"frp":0.5,"hours":28.2,"at":"2026-08-06T03:04Z"}},{"type":"Feature","geometry":{"type":"Point","coordinates":[0.767,41.817]},"properties":{"frp":1.8,"hours":28.2,"at":"2026-08-06T03:06Z"}},{"type":"Feature","geometry":{"type":"Point","coordinates":[-2.299,35.003]},"properties":{"frp":1.1,"hours":28.2,"at":"2026-08-06T03:08Z"}},{"type":"Feature","geometry":{"type":"Point","coordinates":[-2.298,35.005]},"properties":{"frp":2.1,"hours":28.2,"at":"2026-08-06T03:08Z"}},{"type":"Feature","geometry":{"type":"Point","coordinates":[-2.296,35.009]},"properties":{"frp":1.1,"hours":28.2,"at":"2026-08-06T03:08Z"}},{"type":"Feature","geometry":{"type":"Point","coordinates":[-5.866,37.36]},"properties":{"frp":0.7,"hours":28.2,"at":"2026-08-06T03:08Z"}},{"type":"Feature","geometry":{"type":"Point","coordinates":[-6.493,37.417]},"properties":{"frp":1.9,"hours":28.2,"at":"2026-08-06T03:08Z"}},{"type":"Feature","geometry":{"type":"Point","coordinates":[-6.491,37.422]},"properties":{"frp":1.9,"hours":28.2,"at":"2026-08-06T03:08Z"}},{"type":"Feature","geometry":{"type":"Point","coordinates":[-8.906,39.685]},"properties":{"frp":0.9,"hours":28.2,"at":"2026-08-06T03:08Z"}},{"type":"Feature","geometry":{"type":"Point","coordinates":[-8.419,40.288]},"properties":{"frp":0.9,"hours":28.2,"at":"2026-08-06T03:08Z"}},{"type":"Feature","geometry":{"type":"Point","coordinates":[-0.864,41.558]},"properties":{"frp":17.0,"hours":28.2,"at":"2026-08-06T03:08Z"}},{"type":"Feature","geometry":{"type":"Point","coordinates":[-0.869,41.559]},"properties":{"frp":13.3,"hours":28.2,"at":"2026-08-06T03:08Z"}},{"type":"Feature","geometry":{"type":"Point","coordinates":[32.901,46.146]},"properties":{"frp":14.4,"hours":21.8,"at":"2026-08-06T09:30Z"}},{"type":"Feature","geometry":{"type":"Point","coordinates":[32.909,46.149]},"properties":{"frp":18.2,"hours":21.8,"at":"2026-08-06T09:30Z"}},{"type":"Feature","geometry":{"type":"Point","coordinates":[33.087,46.151]},"properties":{"frp":13.2,"hours":21.8,"at":"2026-08-06T09:30Z"}},{"type":"Feature","geometry":{"type":"Point","coordinates":[33.095,46.154]},"properties":{"frp":13.2,"hours":21.8,"at":"2026-08-06T09:30Z"}},{"type":"Feature","geometry":{"type":"Point","coordinates":[33.092,46.159]},"properties":{"frp":44.5,"hours":21.8,"at":"2026-08-06T09:30Z"}},{"type":"Feature","geometry":{"type":"Point","coordinates":[33.09,46.16]},"properties":{"frp":13.2,"hours":21.8,"at":"2026-08-06T09:30Z"}},{"type":"Feature","geometry":{"type":"Point","coordinates":[32.789,46.508]},"properties":{"frp":17.7,"hours":21.8,"at":"2026-08-06T09:30Z"}},{"type":"Feature","geometry":{"type":"Point","coordinates":[32.787,46.51]},"properties":{"frp":14.9,"hours":21.8,"at":"2026-08-06T09:30Z"}},{"type":"Feature","geometry":{"type":"Point","coordinates":[33.266,46.543]},"properties":{"frp":14.5,"hours":21.8,"at":"2026-08-06T09:30Z"}},{"type":"Feature","geometry":{"type":"Point","coordinates":[32.87,46.586]},"properties":{"frp":3.6,"hours":21.8,"at":"2026-08-06T09:30Z"}},{"type":"Feature","geometry":{"type":"Point","coordinates":[32.878,46.589]},"properties":{"frp":3.6,"hours":21.8,"at":"2026-08-06T09:30Z"}},{"type":"Feature","geometry":{"type":"Point","coordinates":[31.841,46.67]},"properties":{"frp":19.2,"hours":21.8,"at":"2026-08-06T09:30Z"}},{"type":"Feature","geometry":{"type":"Point","coordinates":[31.844,46.673]},"properties":{"frp":16.9,"hours":21.8,"at":"2026-08-06T09:30Z"}},{"type":"Feature","geometry":{"type":"Point","coordinates":[32.841,46.798]},"properties":{"frp":7.8,"hours":21.8,"at":"2026-08-06T09:30Z"}},{"type":"Feature","geometry":{"type":"Point","coordinates":[32.839,46.801]},"properties":{"frp":9.8,"hours":21.8,"at":"2026-08-06T09:30Z"}},{"type":"Feature","geometry":{"type":"Point","coordinates":[32.949,46.874]},"properties":{"frp":7.8,"hours":21.8,"at":"2026-08-06T09:30Z"}},{"type":"Feature","geometry":{"type":"Point","coordinates":[32.925,46.881]},"properties":{"frp":103.9,"hours":21.8,"at":"2026-08-06T09:30Z"}},{"type":"Feature","geometry":{"type":"Point","coordinates":[33.355,46.899]},"properties":{"frp":4.0,"hours":21.8,"at":"2026-08-06T09:30Z"}},{"type":"Feature","geometry":{"type":"Point","coordinates":[33.455,46.949]},"properties":{"frp":1.9,"hours":21.8,"at":"2026-08-06T09:30Z"}},{"type":"Feature","geometry":{"type":"Point","coordinates":[33.127,46.967]},"properties":{"frp":9.1,"hours":21.8,"at":"2026-08-06T09:30Z"}},{"type":"Feature","geometry":{"type":"Point","coordinates":[33.154,46.969]},"properties":{"frp":163.5,"hours":21.8,"at":"2026-08-06T09:30Z"}},{"type":"Feature","geometry":{"type":"Point","coordinates":[33.135,46.97]},"properties":{"frp":9.1,"hours":21.8,"at":"2026-08-06T09:30Z"}},{"type":"Feature","geometry":{"type":"Point","coordinates":[33.161,46.972]},"properties":{"frp":77.9,"hours":21.8,"at":"2026-08-06T09:30Z"}},{"type":"Feature","geometry":{"type":"Point","coordinates":[33.142,46.972]},"properties":{"frp":8.2,"hours":21.8,"at":"2026-08-06T09:30Z"}},{"type":"Feature","geometry":{"type":"Point","coordinates":[33.123,46.973]},"properties":{"frp":9.1,"hours":21.8,"at":"2026-08-06T09:30Z"}},{"type":"Feature","geometry":{"type":"Point","coordinates":[33.15,46.975]},"properties":{"frp":8.2,"hours":21.8,"at":"2026-08-06T09:30Z"}},{"type":"Feature","geometry":{"type":"Point","coordinates":[33.13,46.976]},"properties":{"frp":9.1,"hours":21.8,"at":"2026-08-06T09:30Z"}},{"type":"Feature","geometry":{"type":"Point","coordinates":[33.157,46.978]},"properties":{"frp":7.8,"hours":21.8,"at":"2026-08-06T09:30Z"}},{"type":"Feature","geometry":{"type":"Point","coordinates":[33.138,46.978]},"properties":{"frp":8.2,"hours":21.8,"at":"2026-08-06T09:30Z"}},{"type":"Feature","geometry":{"type":"Point","coordinates":[33.78,47.04]},"properties":{"frp":4.1,"hours":21.8,"at":"2026-08-06T09:30Z"}},{"type":"Feature","geometry":{"type":"Point","coordinates":[32.361,47.059]},"properties":{"frp":4.1,"hours":21.8,"at":"2026-08-06T09:30Z"}},{"type":"Feature","geometry":{"type":"Point","coordinates":[32.359,47.06]},"properties":{"frp":5.6,"hours":21.8,"at":"2026-08-06T09:30Z"}},{"type":"Feature","geometry":{"type":"Point","coordinates":[33.115,47.102]},"properties":{"frp":4.0,"hours":21.8,"at":"2026-08-06T09:30Z"}},{"type":"Feature","geometry":{"type":"Point","coordinates":[33.071,47.162]},"properties":{"frp":1.6,"hours":21.8,"at":"2026-08-06T09:30Z"}},{"type":"Feature","geometry":{"type":"Point","coordinates":[32.377,47.194]},"properties":{"frp":6.8,"hours":21.8,"at":"2026-08-06T09:30Z"}},{"type":"Feature","geometry":{"type":"Point","coordinates":[32.375,47.197]},"properties":{"frp":7.4,"hours":21.8,"at":"2026-08-06T09:30Z"}},{"type":"Feature","geometry":{"type":"Point","coordinates":[33.683,47.221]},"properties":{"frp":1.6,"hours":21.8,"at":"2026-08-06T09:30Z"}},{"type":"Feature","geometry":{"type":"Point","coordinates":[33.653,47.225]},"properties":{"frp":20.6,"hours":21.8,"at":"2026-08-06T09:30Z"}},{"type":"Feature","geometry":{"type":"Point","coordinates":[33.66,47.227]},"properties":{"frp":20.6,"hours":21.8,"at":"2026-08-06T09:30Z"}},{"type":"Feature","geometry":{"type":"Point","coordinates":[33.649,47.231]},"properties":{"frp":20.6,"hours":21.8,"at":"2026-08-06T09:30Z"}},{"type":"Feature","geometry":{"type":"Point","coordinates":[33.762,47.231]},"properties":{"frp":8.1,"hours":21.8,"at":"2026-08-06T09:30Z"}},{"type":"Feature","geometry":{"type":"Point","coordinates":[33.76,47.233]},"properties":{"frp":8.8,"hours":21.8,"at":"2026-08-06T09:30Z"}},{"type":"Feature","geometry":{"type":"Point","coordinates":[33.656,47.233]},"properties":{"frp":20.6,"hours":21.8,"at":"2026-08-06T09:30Z"}},{"type":"Feature","geometry":{"type":"Point","coordinates":[33.663,47.236]},"properties":{"frp":16.3,"hours":21.8,"at":"2026-08-06T09:30Z"}},{"type":"Feature","geometry":{"type":"Point","coordinates":[33.212,47.278]},"properties":{"frp":10.9,"hours":21.8,"at":"2026-08-06T09:30Z"}},{"type":"Feature","geometry":{"type":"Point","coordinates":[33.213,47.278]},"properties":{"frp":8.5,"hours":21.8,"at":"2026-08-06T09:30Z"}},{"type":"Feature","geometry":{"type":"Point","coordinates":[33.219,47.281]},"properties":{"frp":14.1,"hours":21.8,"at":"2026-08-06T09:30Z"}},{"type":"Feature","geometry":{"type":"Point","coordinates":[33.22,47.281]},"properties":{"frp":8.5,"hours":21.8,"at":"2026-08-06T09:30Z"}},{"type":"Feature","geometry":{"type":"Point","coordinates":[30.404,47.841]},"properties":{"frp":8.6,"hours":21.8,"at":"2026-08-06T09:30Z"}},{"type":"Feature","geometry":{"type":"Point","coordinates":[30.39,47.844]},"properties":{"frp":11.3,"hours":21.8,"at":"2026-08-06T09:30Z"}},{"type":"Feature","geometry":{"type":"Point","coordinates":[30.399,47.848]},"properties":{"frp":11.3,"hours":21.8,"at":"2026-08-06T09:30Z"}},{"type":"Feature","geometry":{"type":"Point","coordinates":[31.628,48.089]},"properties":{"frp":6.3,"hours":21.8,"at":"2026-08-06T09:30Z"}},{"type":"Feature","geometry":{"type":"Point","coordinates":[31.616,48.093]},"properties":{"frp":18.6,"hours":21.8,"at":"2026-08-06T09:30Z"}},{"type":"Feature","geometry":{"type":"Point","coordinates":[31.624,48.096]},"properties":{"frp":15.8,"hours":21.8,"at":"2026-08-06T09:30Z"}},{"type":"Feature","geometry":{"type":"Point","coordinates":[29.541,48.494]},"properties":{"frp":7.4,"hours":21.8,"at":"2026-08-06T09:30Z"}},{"type":"Feature","geometry":{"type":"Point","coordinates":[29.86,49.926]},"properties":{"frp":17.8,"hours":21.8,"at":"2026-08-06T09:30Z"}},{"type":"Feature","geometry":{"type":"Point","coordinates":[29.851,49.927]},"properties":{"frp":18.3,"hours":21.8,"at":"2026-08-06T09:30Z"}},{"type":"Feature","geometry":{"type":"Point","coordinates":[29.859,49.93]},"properties":{"frp":18.1,"hours":21.8,"at":"2026-08-06T09:30Z"}},{"type":"Feature","geometry":{"type":"Point","coordinates":[32.371,51.067]},"properties":{"frp":4.3,"hours":21.8,"at":"2026-08-06T09:30Z"}},{"type":"Feature","geometry":{"type":"Point","coordinates":[32.366,51.073]},"properties":{"frp":6.5,"hours":21.8,"at":"2026-08-06T09:30Z"}},{"type":"Feature","geometry":{"type":"Point","coordinates":[26.945,50.611]},"properties":{"frp":12.4,"hours":21.8,"at":"2026-08-06T09:32Z"}},{"type":"Feature","geometry":{"type":"Point","coordinates":[26.94,50.611]},"properties":{"frp":10.4,"hours":21.8,"at":"2026-08-06T09:32Z"}},{"type":"Feature","geometry":{"type":"Point","coordinates":[28.985,51.29]},"properties":{"frp":5.8,"hours":21.8,"at":"2026-08-06T09:32Z"}},{"type":"Feature","geometry":{"type":"Point","coordinates":[28.986,51.292]},"properties":{"frp":3.9,"hours":21.8,"at":"2026-08-06T09:32Z"}},{"type":"Feature","geometry":{"type":"Point","coordinates":[31.648,52.724]},"properties":{"frp":8.8,"hours":21.8,"at":"2026-08-06T09:32Z"}},{"type":"Feature","geometry":{"type":"Point","coordinates":[31.647,52.725]},"properties":{"frp":7.0,"hours":21.8,"at":"2026-08-06T09:32Z"}},{"type":"Feature","geometry":{"type":"Point","coordinates":[31.654,52.726]},"properties":{"frp":10.5,"hours":21.8,"at":"2026-08-06T09:32Z"}},{"type":"Feature","geometry":{"type":"Point","coordinates":[31.653,52.727]},"properties":{"frp":7.0,"hours":21.8,"at":"2026-08-06T09:32Z"}},{"type":"Feature","geometry":{"type":"Point","coordinates":[29.287,54.401]},"properties":{"frp":7.6,"hours":21.8,"at":"2026-08-06T09:32Z"}},{"type":"Feature","geometry":{"type":"Point","coordinates":[29.404,36.642]},"properties":{"frp":22.2,"hours":20.2,"at":"2026-08-06T11:08Z"}},{"type":"Feature","geometry":{"type":"Point","coordinates":[14.321,37.14]},"properties":{"frp":4.7,"hours":20.2,"at":"2026-08-06T11:08Z"}},{"type":"Feature","geometry":{"type":"Point","coordinates":[15.176,37.666]},"properties":{"frp":9.3,"hours":20.2,"at":"2026-08-06T11:08Z"}},{"type":"Feature","geometry":{"type":"Point","coordinates":[32.383,38.974]},"properties":{"frp":27.4,"hours":20.2,"at":"2026-08-06T11:08Z"}},{"type":"Feature","geometry":{"type":"Point","coordinates":[17.007,39.195]},"properties":{"frp":10.2,"hours":20.2,"at":"2026-08-06T11:08Z"}},{"type":"Feature","geometry":{"type":"Point","coordinates":[33.874,40.012]},"properties":{"frp":3.7,"hours":20.2,"at":"2026-08-06T11:08Z"}},{"type":"Feature","geometry":{"type":"Point","coordinates":[18.284,40.05]},"properties":{"frp":3.1,"hours":20.2,"at":"2026-08-06T11:08Z"}},{"type":"Feature","geometry":{"type":"Point","coordinates":[18.287,40.051]},"properties":{"frp":7.8,"hours":20.2,"at":"2026-08-06T11:08Z"}},{"type":"Feature","geometry":{"type":"Point","coordinates":[29.536,40.156]},"properties":{"frp":2.9,"hours":20.2,"at":"2026-08-06T11:08Z"}},{"type":"Feature","geometry":{"type":"Point","coordinates":[33.907,40.32]},"properties":{"frp":16.2,"hours":20.2,"at":"2026-08-06T11:08Z"}},{"type":"Feature","geometry":{"type":"Point","coordinates":[17.49,40.416]},"properties":{"frp":4.4,"hours":20.2,"at":"2026-08-06T11:08Z"}},{"type":"Feature","geometry":{"type":"Point","coordinates":[17.494,40.417]},"properties":{"frp":8.1,"hours":20.2,"at":"2026-08-06T11:08Z"}},{"type":"Feature","geometry":{"type":"Point","coordinates":[17.491,40.422]},"properties":{"frp":4.4,"hours":20.2,"at":"2026-08-06T11:08Z"}},{"type":"Feature","geometry":{"type":"Point","coordinates":[17.151,40.517]},"properties":{"frp":13.2,"hours":20.2,"at":"2026-08-06T11:08Z"}},{"type":"Feature","geometry":{"type":"Point","coordinates":[17.15,40.521]},"properties":{"frp":13.0,"hours":20.2,"at":"2026-08-06T11:08Z"}},{"type":"Feature","geometry":{"type":"Point","coordinates":[16.714,40.56]},"properties":{"frp":2.2,"hours":20.2,"at":"2026-08-06T11:08Z"}},{"type":"Feature","geometry":{"type":"Point","coordinates":[17.343,40.568]},"properties":{"frp":9.6,"hours":20.2,"at":"2026-08-06T11:08Z"}},{"type":"Feature","geometry":{"type":"Point","coordinates":[17.342,40.568]},"properties":{"frp":9.0,"hours":20.2,"at":"2026-08-06T11:08Z"}},{"type":"Feature","geometry":{"type":"Point","coordinates":[17.346,40.569]},"properties":{"frp":11.5,"hours":20.2,"at":"2026-08-06T11:08Z"}},{"type":"Feature","geometry":{"type":"Point","coordinates":[19.752,40.657]},"properties":{"frp":7.5,"hours":20.2,"at":"2026-08-06T11:08Z"}},{"type":"Feature","geometry":{"type":"Point","coordinates":[19.758,40.659]},"properties":{"frp":18.1,"hours":20.2,"at":"2026-08-06T11:08Z"}},{"type":"Feature","geometry":{"type":"Point","coordinates":[16.701,40.747]},"properties":{"frp":6.5,"hours":20.2,"at":"2026-08-06T11:08Z"}},{"type":"Feature","geometry":{"type":"Point","coordinates":[14.309,40.879]},"properties":{"frp":1.5,"hours":20.2,"at":"2026-08-06T11:08Z"}},{"type":"Feature","geometry":{"type":"Point","coordinates":[30.398,40.899]},"properties":{"frp":3.9,"hours":20.2,"at":"2026-08-06T11:08Z"}},{"type":"Feature","geometry":{"type":"Point","coordinates":[16.999,40.982]},"properties":{"frp":1.4,"hours":20.2,"at":"2026-08-06T11:08Z"}},{"type":"Feature","geometry":{"type":"Point","coordinates":[15.97,41.042]},"properties":{"frp":6.0,"hours":20.2,"at":"2026-08-06T11:08Z"}},{"type":"Feature","geometry":{"type":"Point","coordinates":[19.647,41.151]},"properties":{"frp":12.7,"hours":20.2,"at":"2026-08-06T11:08Z"}},{"type":"Feature","geometry":{"type":"Point","coordinates":[19.653,41.153]},"properties":{"frp":23.5,"hours":20.2,"at":"2026-08-06T11:08Z"}},{"type":"Feature","geometry":{"type":"Point","coordinates":[19.648,41.153]},"properties":{"frp":24.1,"hours":20.2,"at":"2026-08-06T11:08Z"}},{"type":"Feature","geometry":{"type":"Point","coordinates":[19.654,41.155]},"properties":{"frp":24.1,"hours":20.2,"at":"2026-08-06T11:08Z"}},{"type":"Feature","geometry":{"type":"Point","coordinates":[19.645,41.156]},"properties":{"frp":12.7,"hours":20.2,"at":"2026-08-06T11:08Z"}},{"type":"Feature","geometry":{"type":"Point","coordinates":[19.651,41.157]},"properties":{"frp":23.5,"hours":20.2,"at":"2026-08-06T11:08Z"}},{"type":"Feature","geometry":{"type":"Point","coordinates":[19.646,41.158]},"properties":{"frp":12.6,"hours":20.2,"at":"2026-08-06T11:08Z"}},{"type":"Feature","geometry":{"type":"Point","coordinates":[19.657,41.159]},"properties":{"frp":23.5,"hours":20.2,"at":"2026-08-06T11:08Z"}},{"type":"Feature","geometry":{"type":"Point","coordinates":[19.652,41.159]},"properties":{"frp":12.6,"hours":20.2,"at":"2026-08-06T11:08Z"}},{"type":"Feature","geometry":{"type":"Point","coordinates":[15.684,41.254]},"properties":{"frp":5.0,"hours":20.2,"at":"2026-08-06T11:08Z"}},{"type":"Feature","geometry":{"type":"Point","coordinates":[15.679,41.256]},"properties":{"frp":4.9,"hours":20.2,"at":"2026-08-06T11:08Z"}},{"type":"Feature","geometry":{"type":"Point","coordinates":[21.367,41.357]},"properties":{"frp":98.0,"hours":20.2,"at":"2026-08-06T11:08Z"}},{"type":"Feature","geometry":{"type":"Point","coordinates":[15.982,41.39]},"properties":{"frp":4.0,"hours":20.2,"at":"2026-08-06T11:08Z"}},{"type":"Feature","geometry":{"type":"Point","coordinates":[15.987,41.391]},"properties":{"frp":4.0,"hours":20.2,"at":"2026-08-06T11:08Z"}},{"type":"Feature","geometry":{"type":"Point","coordinates":[15.963,41.408]},"properties":{"frp":3.4,"hours":20.2,"at":"2026-08-06T11:08Z"}},{"type":"Feature","geometry":{"type":"Point","coordinates":[15.968,41.41]},"properties":{"frp":3.4,"hours":20.2,"at":"2026-08-06T11:08Z"}},{"type":"Feature","geometry":{"type":"Point","coordinates":[15.747,41.562]},"properties":{"frp":4.5,"hours":20.2,"at":"2026-08-06T11:08Z"}},{"type":"Feature","geometry":{"type":"Point","coordinates":[15.744,41.567]},"properties":{"frp":3.4,"hours":20.2,"at":"2026-08-06T11:08Z"}},{"type":"Feature","geometry":{"type":"Point","coordinates":[21.022,41.982]},"properties":{"frp":36.5,"hours":20.2,"at":"2026-08-06T11:08Z"}},{"type":"Feature","geometry":{"type":"Point","coordinates":[24.087,42.322]},"properties":{"frp":41.5,"hours":20.2,"at":"2026-08-06T11:08Z"}},{"type":"Feature","geometry":{"type":"Point","coordinates":[24.093,42.323]},"properties":{"frp":4.7,"hours":20.2,"at":"2026-08-06T11:08Z"}},{"type":"Feature","geometry":{"type":"Point","coordinates":[24.086,42.326]},"properties":{"frp":52.0,"hours":20.2,"at":"2026-08-06T11:08Z"}},{"type":"Feature","geometry":{"type":"Point","coordinates":[24.079,42.328]},"properties":{"frp":52.0,"hours":20.2,"at":"2026-08-06T11:08Z"}},{"type":"Feature","geometry":{"type":"Point","coordinates":[24.085,42.329]},"properties":{"frp":52.0,"hours":20.2,"at":"2026-08-06T11:08Z"}},{"type":"Feature","geometry":{"type":"Point","coordinates":[24.078,42.332]},"properties":{"frp":22.6,"hours":20.2,"at":"2026-08-06T11:08Z"}},{"type":"Feature","geometry":{"type":"Point","coordinates":[24.084,42.333]},"properties":{"frp":22.6,"hours":20.2,"at":"2026-08-06T11:08Z"}},{"type":"Feature","geometry":{"type":"Point","coordinates":[26.576,42.803]},"properties":{"frp":8.9,"hours":20.2,"at":"2026-08-06T11:08Z"}},{"type":"Feature","geometry":{"type":"Point","coordinates":[26.581,42.804]},"properties":{"frp":8.9,"hours":20.2,"at":"2026-08-06T11:08Z"}},{"type":"Feature","geometry":{"type":"Point","coordinates":[26.58,42.807]},"properties":{"frp":9.9,"hours":20.2,"at":"2026-08-06T11:08Z"}},{"type":"Feature","geometry":{"type":"Point","coordinates":[26.574,42.81]},"properties":{"frp":9.9,"hours":20.2,"at":"2026-08-06T11:08Z"}},{"type":"Feature","geometry":{"type":"Point","coordinates":[26.579,42.81]},"properties":{"frp":9.9,"hours":20.2,"at":"2026-08-06T11:08Z"}},{"type":"Feature","geometry":{"type":"Point","coordinates":[24.32,43.021]},"properties":{"frp":7.9,"hours":20.2,"at":"2026-08-06T11:08Z"}},{"type":"Feature","geometry":{"type":"Point","coordinates":[24.319,43.025]},"properties":{"frp":29.9,"hours":20.2,"at":"2026-08-06T11:08Z"}},{"type":"Feature","geometry":{"type":"Point","coordinates":[24.325,43.026]},"properties":{"frp":29.9,"hours":20.2,"at":"2026-08-06T11:08Z"}},{"type":"Feature","geometry":{"type":"Point","coordinates":[15.553,41.53]},"properties":{"frp":5.5,"hours":20.1,"at":"2026-08-06T11:10Z"}},{"type":"Feature","geometry":{"type":"Point","coordinates":[15.551,41.531]},"properties":{"frp":1.8,"hours":20.1,"at":"2026-08-06T11:10Z"}},{"type":"Feature","geometry":{"type":"Point","coordinates":[15.604,41.557]},"properties":{"frp":2.6,"hours":20.1,"at":"2026-08-06T11:10Z"}},{"type":"Feature","geometry":{"type":"Point","coordinates":[15.602,41.557]},"properties":{"frp":2.2,"hours":20.1,"at":"2026-08-06T11:10Z"}},{"type":"Feature","geometry":{"type":"Point","coordinates":[15.521,41.594]},"properties":{"frp":10.3,"hours":20.1,"at":"2026-08-06T11:10Z"}},{"type":"Feature","geometry":{"type":"Point","coordinates":[15.526,41.595]},"properties":{"frp":10.3,"hours":20.1,"at":"2026-08-06T11:10Z"}},{"type":"Feature","geometry":{"type":"Point","coordinates":[12.566,41.731]},"properties":{"frp":7.1,"hours":20.1,"at":"2026-08-06T11:10Z"}},{"type":"Feature","geometry":{"type":"Point","coordinates":[15.439,41.862]},"properties":{"frp":2.5,"hours":20.1,"at":"2026-08-06T11:10Z"}},{"type":"Feature","geometry":{"type":"Point","coordinates":[14.707,42.009]},"properties":{"frp":4.9,"hours":20.1,"at":"2026-08-06T11:10Z"}},{"type":"Feature","geometry":{"type":"Point","coordinates":[13.476,42.228]},"properties":{"frp":19.9,"hours":20.1,"at":"2026-08-06T11:10Z"}},{"type":"Feature","geometry":{"type":"Point","coordinates":[13.481,42.23]},"properties":{"frp":19.9,"hours":20.1,"at":"2026-08-06T11:10Z"}},{"type":"Feature","geometry":{"type":"Point","coordinates":[13.472,42.234]},"properties":{"frp":22.6,"hours":20.1,"at":"2026-08-06T11:10Z"}},{"type":"Feature","geometry":{"type":"Point","coordinates":[13.476,42.235]},"properties":{"frp":19.9,"hours":20.1,"at":"2026-08-06T11:10Z"}},{"type":"Feature","geometry":{"type":"Point","coordinates":[13.354,42.312]},"properties":{"frp":10.8,"hours":20.1,"at":"2026-08-06T11:10Z"}},{"type":"Feature","geometry":{"type":"Point","coordinates":[18.973,42.545]},"properties":{"frp":8.7,"hours":20.1,"at":"2026-08-06T11:10Z"}},{"type":"Feature","geometry":{"type":"Point","coordinates":[18.971,42.549]},"properties":{"frp":9.5,"hours":20.1,"at":"2026-08-06T11:10Z"}},{"type":"Feature","geometry":{"type":"Point","coordinates":[10.719,43.087]},"properties":{"frp":6.5,"hours":20.1,"at":"2026-08-06T11:10Z"}},{"type":"Feature","geometry":{"type":"Point","coordinates":[10.726,43.089]},"properties":{"frp":8.6,"hours":20.1,"at":"2026-08-06T11:10Z"}},{"type":"Feature","geometry":{"type":"Point","coordinates":[17.819,43.195]},"properties":{"frp":5.7,"hours":20.1,"at":"2026-08-06T11:10Z"}},{"type":"Feature","geometry":{"type":"Point","coordinates":[22.45,43.455]},"properties":{"frp":6.8,"hours":20.1,"at":"2026-08-06T11:10Z"}},{"type":"Feature","geometry":{"type":"Point","coordinates":[20.621,43.568]},"properties":{"frp":4.4,"hours":20.1,"at":"2026-08-06T11:10Z"}},{"type":"Feature","geometry":{"type":"Point","coordinates":[20.6,43.585]},"properties":{"frp":5.9,"hours":20.1,"at":"2026-08-06T11:10Z"}},{"type":"Feature","geometry":{"type":"Point","coordinates":[20.606,43.586]},"properties":{"frp":6.8,"hours":20.1,"at":"2026-08-06T11:10Z"}},{"type":"Feature","geometry":{"type":"Point","coordinates":[23.949,43.904]},"properties":{"frp":14.9,"hours":20.1,"at":"2026-08-06T11:10Z"}},{"type":"Feature","geometry":{"type":"Point","coordinates":[24.461,43.919]},"properties":{"frp":5.9,"hours":20.1,"at":"2026-08-06T11:10Z"}},{"type":"Feature","geometry":{"type":"Point","coordinates":[25.283,44.543]},"properties":{"frp":9.7,"hours":20.1,"at":"2026-08-06T11:10Z"}},{"type":"Feature","geometry":{"type":"Point","coordinates":[24.453,44.759]},"properties":{"frp":7.2,"hours":20.1,"at":"2026-08-06T11:10Z"}},{"type":"Feature","geometry":{"type":"Point","coordinates":[27.491,44.838]},"properties":{"frp":11.6,"hours":20.1,"at":"2026-08-06T11:10Z"}},{"type":"Feature","geometry":{"type":"Point","coordinates":[27.49,44.841]},"properties":{"frp":6.9,"hours":20.1,"at":"2026-08-06T11:10Z"}},{"type":"Feature","geometry":{"type":"Point","coordinates":[21.142,44.847]},"properties":{"frp":108.7,"hours":20.1,"at":"2026-08-06T11:10Z"}},{"type":"Feature","geometry":{"type":"Point","coordinates":[21.156,44.848]},"properties":{"frp":50.9,"hours":20.1,"at":"2026-08-06T11:10Z"}},{"type":"Feature","geometry":{"type":"Point","coordinates":[21.149,44.849]},"properties":{"frp":54.5,"hours":20.1,"at":"2026-08-06T11:10Z"}},{"type":"Feature","geometry":{"type":"Point","coordinates":[21.148,44.85]},"properties":{"frp":162.5,"hours":20.1,"at":"2026-08-06T11:10Z"}},{"type":"Feature","geometry":{"type":"Point","coordinates":[21.156,44.85]},"properties":{"frp":54.5,"hours":20.1,"at":"2026-08-06T11:10Z"}},{"type":"Feature","geometry":{"type":"Point","coordinates":[21.14,44.852]},"properties":{"frp":88.1,"hours":20.1,"at":"2026-08-06T11:10Z"}},{"type":"Feature","geometry":{"type":"Point","coordinates":[21.146,44.854]},"properties":{"frp":88.1,"hours":20.1,"at":"2026-08-06T11:10Z"}},{"type":"Feature","geometry":{"type":"Point","coordinates":[21.139,44.855]},"properties":{"frp":33.0,"hours":20.1,"at":"2026-08-06T11:10Z"}},{"type":"Feature","geometry":{"type":"Point","coordinates":[21.123,44.857]},"properties":{"frp":39.7,"hours":20.1,"at":"2026-08-06T11:10Z"}},{"type":"Feature","geometry":{"type":"Point","coordinates":[21.122,44.859]},"properties":{"frp":114.1,"hours":20.1,"at":"2026-08-06T11:10Z"}},{"type":"Feature","geometry":{"type":"Point","coordinates":[21.121,44.861]},"properties":{"frp":39.7,"hours":20.1,"at":"2026-08-06T11:10Z"}},{"type":"Feature","geometry":{"type":"Point","coordinates":[21.142,44.865]},"properties":{"frp":10.7,"hours":20.1,"at":"2026-08-06T11:10Z"}},{"type":"Feature","geometry":{"type":"Point","coordinates":[21.148,44.867]},"properties":{"frp":31.4,"hours":20.1,"at":"2026-08-06T11:10Z"}},{"type":"Feature","geometry":{"type":"Point","coordinates":[21.119,44.867]},"properties":{"frp":22.2,"hours":20.1,"at":"2026-08-06T11:10Z"}},{"type":"Feature","geometry":{"type":"Point","coordinates":[21.141,44.868]},"properties":{"frp":42.9,"hours":20.1,"at":"2026-08-06T11:10Z"}},{"type":"Feature","geometry":{"type":"Point","coordinates":[21.148,44.869]},"properties":{"frp":42.9,"hours":20.1,"at":"2026-08-06T11:10Z"}},{"type":"Feature","geometry":{"type":"Point","coordinates":[21.139,44.871]},"properties":{"frp":40.2,"hours":20.1,"at":"2026-08-06T11:10Z"}},{"type":"Feature","geometry":{"type":"Point","coordinates":[21.146,44.873]},"properties":{"frp":40.2,"hours":20.1,"at":"2026-08-06T11:10Z"}},{"type":"Feature","geometry":{"type":"Point","coordinates":[21.137,44.875]},"properties":{"frp":40.2,"hours":20.1,"at":"2026-08-06T11:10Z"}},{"type":"Feature","geometry":{"type":"Point","coordinates":[19.686,44.94]},"properties":{"frp":5.1,"hours":20.1,"at":"2026-08-06T11:10Z"}},{"type":"Feature","geometry":{"type":"Point","coordinates":[20.161,44.967]},"properties":{"frp":7.6,"hours":20.1,"at":"2026-08-06T11:10Z"}},{"type":"Feature","geometry":{"type":"Point","coordinates":[18.363,44.987]},"properties":{"frp":9.3,"hours":20.1,"at":"2026-08-06T11:10Z"}},{"type":"Feature","geometry":{"type":"Point","coordinates":[18.361,44.989]},"properties":{"frp":3.2,"hours":20.1,"at":"2026-08-06T11:10Z"}},{"type":"Feature","geometry":{"type":"Point","coordinates":[18.423,45.394]},"properties":{"frp":4.4,"hours":20.1,"at":"2026-08-06T11:10Z"}},{"type":"Feature","geometry":{"type":"Point","coordinates":[29.044,45.505]},"properties":{"frp":3.8,"hours":20.1,"at":"2026-08-06T11:10Z"}},{"type":"Feature","geometry":{"type":"Point","coordinates":[8.167,45.711]},"properties":{"frp":23.8,"hours":20.1,"at":"2026-08-06T11:10Z"}},{"type":"Feature","geometry":{"type":"Point","coordinates":[8.178,45.715]},"properties":{"frp":24.4,"hours":20.1,"at":"2026-08-06T11:10Z"}},{"type":"Feature","geometry":{"type":"Point","coordinates":[8.184,45.717]},"properties":{"frp":24.4,"hours":20.1,"at":"2026-08-06T11:10Z"}},{"type":"Feature","geometry":{"type":"Point","coordinates":[8.189,45.719]},"properties":{"frp":16.3,"hours":20.1,"at":"2026-08-06T11:10Z"}},{"type":"Feature","geometry":{"type":"Point","coordinates":[8.182,45.724]},"properties":{"frp":24.4,"hours":20.1,"at":"2026-08-06T11:10Z"}},{"type":"Feature","geometry":{"type":"Point","coordinates":[8.186,45.725]},"properties":{"frp":16.3,"hours":20.1,"at":"2026-08-06T11:10Z"}},{"type":"Feature","geometry":{"type":"Point","coordinates":[8.174,45.729]},"properties":{"frp":11.4,"hours":20.1,"at":"2026-08-06T11:10Z"}},{"type":"Feature","geometry":{"type":"Point","coordinates":[8.178,45.73]},"properties":{"frp":11.4,"hours":20.1,"at":"2026-08-06T11:10Z"}},{"type":"Feature","geometry":{"type":"Point","coordinates":[22.856,45.924]},"properties":{"frp":5.2,"hours":20.1,"at":"2026-08-06T11:10Z"}},{"type":"Feature","geometry":{"type":"Point","coordinates":[30.187,46.04]},"properties":{"frp":35.2,"hours":20.1,"at":"2026-08-06T11:10Z"}},{"type":"Feature","geometry":{"type":"Point","coordinates":[33.095,46.153]},"properties":{"frp":10.1,"hours":20.1,"at":"2026-08-06T11:10Z"}},{"type":"Feature","geometry":{"type":"Point","coordinates":[33.102,46.154]},"properties":{"frp":10.1,"hours":20.1,"at":"2026-08-06T11:10Z"}},{"type":"Feature","geometry":{"type":"Point","coordinates":[28.918,46.159]},"properties":{"frp":5.0,"hours":20.1,"at":"2026-08-06T11:10Z"}},{"type":"Feature","geometry":{"type":"Point","coordinates":[32.897,46.163]},"properties":{"frp":3.1,"hours":20.1,"at":"2026-08-06T11:10Z"}},{"type":"Feature","geometry":{"type":"Point","coordinates":[32.904,46.164]},"properties":{"frp":8.3,"hours":20.1,"at":"2026-08-06T11:10Z"}},{"type":"Feature","geometry":{"type":"Point","coordinates":[33.103,46.177]},"properties":{"frp":11.8,"hours":20.1,"at":"2026-08-06T11:10Z"}},{"type":"Feature","geometry":{"type":"Point","coordinates":[33.415,46.205]},"properties":{"frp":20.3,"hours":20.1,"at":"2026-08-06T11:10Z"}},{"type":"Feature","geometry":{"type":"Point","coordinates":[32.342,46.432]},"properties":{"frp":9.6,"hours":20.1,"at":"2026-08-06T11:10Z"}},{"type":"Feature","geometry":{"type":"Point","coordinates":[32.666,46.498]},"properties":{"frp":15.5,"hours":20.1,"at":"2026-08-06T11:10Z"}},{"type":"Feature","geometry":{"type":"Point","coordinates":[32.79,46.511]},"properties":{"frp":10.4,"hours":20.1,"at":"2026-08-06T11:10Z"}},{"type":"Feature","geometry":{"type":"Point","coordinates":[31.748,46.524]},"properties":{"frp":6.9,"hours":20.1,"at":"2026-08-06T11:10Z"}},{"type":"Feature","geometry":{"type":"Point","coordinates":[31.754,46.525]},"properties":{"frp":13.6,"hours":20.1,"at":"2026-08-06T11:10Z"}},{"type":"Feature","geometry":{"type":"Point","coordinates":[31.753,46.528]},"properties":{"frp":10.8,"hours":20.1,"at":"2026-08-06T11:10Z"}},{"type":"Feature","geometry":{"type":"Point","coordinates":[33.26,46.534]},"properties":{"frp":14.4,"hours":20.1,"at":"2026-08-06T11:10Z"}},{"type":"Feature","geometry":{"type":"Point","coordinates":[32.611,46.538]},"properties":{"frp":11.0,"hours":20.1,"at":"2026-08-06T11:10Z"}},{"type":"Feature","geometry":{"type":"Point","coordinates":[33.251,46.545]},"properties":{"frp":6.0,"hours":20.1,"at":"2026-08-06T11:10Z"}},{"type":"Feature","geometry":{"type":"Point","coordinates":[33.25,46.546]},"properties":{"frp":7.1,"hours":20.1,"at":"2026-08-06T11:10Z"}},{"type":"Feature","geometry":{"type":"Point","coordinates":[33.258,46.546]},"properties":{"frp":6.0,"hours":20.1,"at":"2026-08-06T11:10Z"}},{"type":"Feature","geometry":{"type":"Point","coordinates":[33.257,46.546]},"properties":{"frp":10.2,"hours":20.1,"at":"2026-08-06T11:10Z"}},{"type":"Feature","geometry":{"type":"Point","coordinates":[33.27,46.548]},"properties":{"frp":8.1,"hours":20.1,"at":"2026-08-06T11:10Z"}},{"type":"Feature","geometry":{"type":"Point","coordinates":[33.264,46.55]},"properties":{"frp":7.9,"hours":20.1,"at":"2026-08-06T11:10Z"}},{"type":"Feature","geometry":{"type":"Point","coordinates":[33.263,46.551]},"properties":{"frp":9.3,"hours":20.1,"at":"2026-08-06T11:10Z"}},{"type":"Feature","geometry":{"type":"Point","coordinates":[33.269,46.551]},"properties":{"frp":12.6,"hours":20.1,"at":"2026-08-06T11:10Z"}},{"type":"Feature","geometry":{"type":"Point","coordinates":[32.587,46.555]},"properties":{"frp":7.5,"hours":20.1,"at":"2026-08-06T11:10Z"}},{"type":"Feature","geometry":{"type":"Point","coordinates":[32.875,46.589]},"properties":{"frp":13.8,"hours":20.1,"at":"2026-08-06T11:10Z"}},{"type":"Feature","geometry":{"type":"Point","coordinates":[31.842,46.675]},"properties":{"frp":6.9,"hours":20.1,"at":"2026-08-06T11:10Z"}},{"type":"Feature","geometry":{"type":"Point","coordinates":[31.722,46.68]},"properties":{"frp":16.1,"hours":20.1,"at":"2026-08-06T11:10Z"}},{"type":"Feature","geometry":{"type":"Point","coordinates":[33.681,46.71]},"properties":{"frp":4.9,"hours":20.1,"at":"2026-08-06T11:10Z"}},{"type":"Feature","geometry":{"type":"Point","coordinates":[33.687,46.715]},"properties":{"frp":11.5,"hours":20.1,"at":"2026-08-06T11:10Z"}},{"type":"Feature","geometry":{"type":"Point","coordinates":[28.497,46.729]},"properties":{"frp":1.4,"hours":20.1,"at":"2026-08-06T11:10Z"}},{"type":"Feature","geometry":{"type":"Point","coordinates":[19.805,46.742]},"properties":{"frp":11.8,"hours":20.1,"at":"2026-08-06T11:10Z"}},{"type":"Feature","geometry":{"type":"Point","coordinates":[19.799,46.745]},"properties":{"frp":6.3,"hours":20.1,"at":"2026-08-06T11:10Z"}},{"type":"Feature","geometry":{"type":"Point","coordinates":[19.802,46.749]},"properties":{"frp":26.5,"hours":20.1,"at":"2026-08-06T11:10Z"}},{"type":"Feature","geometry":{"type":"Point","coordinates":[30.099,46.763]},"properties":{"frp":1.0,"hours":20.1,"at":"2026-08-06T11:10Z"}},{"type":"Feature","geometry":{"type":"Point","coordinates":[30.105,46.764]},"properties":{"frp":2.9,"hours":20.1,"at":"2026-08-06T11:10Z"}},{"type":"Feature","geometry":{"type":"Point","coordinates":[30.104,46.767]},"properties":{"frp":4.2,"hours":20.1,"at":"2026-08-06T11:10Z"}},{"type":"Feature","geometry":{"type":"Point","coordinates":[30.109,46.768]},"properties":{"frp":4.2,"hours":20.1,"at":"2026-08-06T11:10Z"}},{"type":"Feature","geometry":{"type":"Point","coordinates":[30.167,46.786]},"properties":{"frp":2.9,"hours":20.1,"at":"2026-08-06T11:10Z"}},{"type":"Feature","geometry":{"type":"Point","coordinates":[33.172,46.842]},"properties":{"frp":21.1,"hours":20.1,"at":"2026-08-06T11:10Z"}},{"type":"Feature","geometry":{"type":"Point","coordinates":[33.42,46.847]},"properties":{"frp":10.9,"hours":20.1,"at":"2026-08-06T11:10Z"}},{"type":"Feature","geometry":{"type":"Point","coordinates":[33.591,46.967]},"properties":{"frp":21.3,"hours":20.1,"at":"2026-08-06T11:10Z"}},{"type":"Feature","geometry":{"type":"Point","coordinates":[33.155,46.979]},"properties":{"frp":22.6,"hours":20.1,"at":"2026-08-06T11:10Z"}},{"type":"Feature","geometry":{"type":"Point","coordinates":[33.605,47.039]},"properties":{"frp":9.9,"hours":20.1,"at":"2026-08-06T11:10Z"}},{"type":"Feature","geometry":{"type":"Point","coordinates":[33.653,47.059]},"properties":{"frp":21.2,"hours":20.1,"at":"2026-08-06T11:10Z"}},{"type":"Feature","geometry":{"type":"Point","coordinates":[33.059,47.155]},"properties":{"frp":8.1,"hours":20.1,"at":"2026-08-06T11:10Z"}},{"type":"Feature","geometry":{"type":"Point","coordinates":[33.052,47.158]},"properties":{"frp":95.1,"hours":20.1,"at":"2026-08-06T11:10Z"}},{"type":"Feature","geometry":{"type":"Point","coordinates":[33.058,47.163]},"properties":{"frp":36.4,"hours":20.1,"at":"2026-08-06T11:10Z"}},{"type":"Feature","geometry":{"type":"Point","coordinates":[33.065,47.164]},"properties":{"frp":36.4,"hours":20.1,"at":"2026-08-06T11:10Z"}},{"type":"Feature","geometry":{"type":"Point","coordinates":[33.057,47.164]},"properties":{"frp":68.7,"hours":20.1,"at":"2026-08-06T11:10Z"}},{"type":"Feature","geometry":{"type":"Point","coordinates":[33.072,47.164]},"properties":{"frp":7.2,"hours":20.1,"at":"2026-08-06T11:10Z"}},{"type":"Feature","geometry":{"type":"Point","coordinates":[33.063,47.164]},"properties":{"frp":22.6,"hours":20.1,"at":"2026-08-06T11:10Z"}},{"type":"Feature","geometry":{"type":"Point","coordinates":[33.07,47.165]},"properties":{"frp":22.6,"hours":20.1,"at":"2026-08-06T11:10Z"}},{"type":"Feature","geometry":{"type":"Point","coordinates":[33.064,47.167]},"properties":{"frp":12.8,"hours":20.1,"at":"2026-08-06T11:10Z"}},{"type":"Feature","geometry":{"type":"Point","coordinates":[32.83,47.203]},"properties":{"frp":18.5,"hours":20.1,"at":"2026-08-06T11:10Z"}},{"type":"Feature","geometry":{"type":"Point","coordinates":[33.68,47.221]},"properties":{"frp":8.6,"hours":20.1,"at":"2026-08-06T11:10Z"}},{"type":"Feature","geometry":{"type":"Point","coordinates":[33.678,47.223]},"properties":{"frp":6.2,"hours":20.1,"at":"2026-08-06T11:10Z"}},{"type":"Feature","geometry":{"type":"Point","coordinates":[33.656,47.227]},"properties":{"frp":11.4,"hours":20.1,"at":"2026-08-06T11:10Z"}},{"type":"Feature","geometry":{"type":"Point","coordinates":[33.662,47.231]},"properties":{"frp":11.4,"hours":20.1,"at":"2026-08-06T11:10Z"}},{"type":"Feature","geometry":{"type":"Point","coordinates":[33.661,47.233]},"properties":{"frp":6.9,"hours":20.1,"at":"2026-08-06T11:10Z"}},{"type":"Feature","geometry":{"type":"Point","coordinates":[33.653,47.237]},"properties":{"frp":3.0,"hours":20.1,"at":"2026-08-06T11:10Z"}},{"type":"Feature","geometry":{"type":"Point","coordinates":[33.211,47.277]},"properties":{"frp":19.3,"hours":20.1,"at":"2026-08-06T11:10Z"}},{"type":"Feature","geometry":{"type":"Point","coordinates":[33.218,47.282]},"properties":{"frp":6.5,"hours":20.1,"at":"2026-08-06T11:10Z"}},{"type":"Feature","geometry":{"type":"Point","coordinates":[21.672,47.31]},"properties":{"frp":6.7,"hours":20.1,"at":"2026-08-06T11:10Z"}},{"type":"Feature","geometry":{"type":"Point","coordinates":[21.273,47.329]},"properties":{"frp":8.3,"hours":20.1,"at":"2026-08-06T11:10Z"}},{"type":"Feature","geometry":{"type":"Point","coordinates":[21.273,47.33]},"properties":{"frp":12.0,"hours":20.1,"at":"2026-08-06T11:10Z"}},{"type":"Feature","geometry":{"type":"Point","coordinates":[22.668,47.412]},"properties":{"frp":4.4,"hours":20.1,"at":"2026-08-06T11:10Z"}},{"type":"Feature","geometry":{"type":"Point","coordinates":[19.733,47.436]},"properties":{"frp":9.3,"hours":20.1,"at":"2026-08-06T11:10Z"}},{"type":"Feature","geometry":{"type":"Point","coordinates":[19.732,47.44]},"properties":{"frp":12.4,"hours":20.1,"at":"2026-08-06T11:10Z"}},{"type":"Feature","geometry":{"type":"Point","coordinates":[33.559,47.62]},"properties":{"frp":6.4,"hours":20.1,"at":"2026-08-06T11:10Z"}},{"type":"Feature","geometry":{"type":"Point","coordinates":[18.405,47.688]},"properties":{"frp":16.2,"hours":20.1,"at":"2026-08-06T11:10Z"}},{"type":"Feature","geometry":{"type":"Point","coordinates":[32.46,47.7]},"properties":{"frp":40.1,"hours":20.1,"at":"2026-08-06T11:10Z"}},{"type":"Feature","geometry":{"type":"Point","coordinates":[32.459,47.704]},"properties":{"frp":40.1,"hours":20.1,"at":"2026-08-06T11:10Z"}},{"type":"Feature","geometry":{"type":"Point","coordinates":[32.466,47.705]},"properties":{"frp":40.1,"hours":20.1,"at":"2026-08-06T11:10Z"}},{"type":"Feature","geometry":{"type":"Point","coordinates":[30.579,47.718]},"properties":{"frp":2.6,"hours":20.1,"at":"2026-08-06T11:10Z"}},{"type":"Feature","geometry":{"type":"Point","coordinates":[30.578,47.722]},"properties":{"frp":2.6,"hours":20.1,"at":"2026-08-06T11:10Z"}},{"type":"Feature","geometry":{"type":"Point","coordinates":[33.12,47.732]},"properties":{"frp":16.5,"hours":20.1,"at":"2026-08-06T11:10Z"}},{"type":"Feature","geometry":{"type":"Point","coordinates":[33.127,47.732]},"properties":{"frp":16.5,"hours":20.1,"at":"2026-08-06T11:10Z"}},{"type":"Feature","geometry":{"type":"Point","coordinates":[32.926,47.819]},"properties":{"frp":7.0,"hours":20.1,"at":"2026-08-06T11:10Z"}},{"type":"Feature","geometry":{"type":"Point","coordinates":[32.861,47.912]},"properties":{"frp":6.8,"hours":20.1,"at":"2026-08-06T11:10Z"}},{"type":"Feature","geometry":{"type":"Point","coordinates":[32.933,47.915]},"properties":{"frp":1.9,"hours":20.1,"at":"2026-08-06T11:10Z"}},{"type":"Feature","geometry":{"type":"Point","coordinates":[33.738,48.027]},"properties":{"frp":19.4,"hours":20.1,"at":"2026-08-06T11:10Z"}},{"type":"Feature","geometry":{"type":"Point","coordinates":[21.052,48.031]},"properties":{"frp":9.0,"hours":20.1,"at":"2026-08-06T11:10Z"}},{"type":"Feature","geometry":{"type":"Point","coordinates":[33.737,48.031]},"properties":{"frp":13.3,"hours":20.1,"at":"2026-08-06T11:10Z"}},{"type":"Feature","geometry":{"type":"Point","coordinates":[28.954,48.082]},"properties":{"frp":4.1,"hours":20.1,"at":"2026-08-06T11:10Z"}},{"type":"Feature","geometry":{"type":"Point","coordinates":[28.959,48.083]},"properties":{"frp":4.1,"hours":20.1,"at":"2026-08-06T11:10Z"}},{"type":"Feature","geometry":{"type":"Point","coordinates":[29.389,48.293]},"properties":{"frp":6.0,"hours":20.1,"at":"2026-08-06T11:10Z"}},{"type":"Feature","geometry":{"type":"Point","coordinates":[29.383,48.295]},"properties":{"frp":4.1,"hours":20.1,"at":"2026-08-06T11:10Z"}},{"type":"Feature","geometry":{"type":"Point","coordinates":[29.388,48.296]},"properties":{"frp":9.5,"hours":20.1,"at":"2026-08-06T11:10Z"}},{"type":"Feature","geometry":{"type":"Point","coordinates":[29.382,48.299]},"properties":{"frp":4.1,"hours":20.1,"at":"2026-08-06T11:10Z"}},{"type":"Feature","geometry":{"type":"Point","coordinates":[29.387,48.3]},"properties":{"frp":9.5,"hours":20.1,"at":"2026-08-06T11:10Z"}},{"type":"Feature","geometry":{"type":"Point","coordinates":[29.582,48.404]},"properties":{"frp":2.3,"hours":20.1,"at":"2026-08-06T11:10Z"}},{"type":"Feature","geometry":{"type":"Point","coordinates":[33.914,48.44]},"properties":{"frp":4.9,"hours":20.1,"at":"2026-08-06T11:10Z"}},{"type":"Feature","geometry":{"type":"Point","coordinates":[29.732,48.477]},"properties":{"frp":7.2,"hours":20.1,"at":"2026-08-06T11:10Z"}},{"type":"Feature","geometry":{"type":"Point","coordinates":[29.454,48.517]},"properties":{"frp":20.1,"hours":20.1,"at":"2026-08-06T11:10Z"}},{"type":"Feature","geometry":{"type":"Point","coordinates":[29.453,48.521]},"properties":{"frp":4.3,"hours":20.1,"at":"2026-08-06T11:10Z"}},{"type":"Feature","geometry":{"type":"Point","coordinates":[4.372,48.822]},"properties":{"frp":6.4,"hours":20.1,"at":"2026-08-06T11:10Z"}},{"type":"Feature","geometry":{"type":"Point","coordinates":[4.381,48.826]},"properties":{"frp":6.4,"hours":20.1,"at":"2026-08-06T11:10Z"}},{"type":"Feature","geometry":{"type":"Point","coordinates":[25.149,48.834]},"properties":{"frp":2.3,"hours":20.1,"at":"2026-08-06T11:10Z"}},{"type":"Feature","geometry":{"type":"Point","coordinates":[25.629,48.919]},"properties":{"frp":3.3,"hours":20.1,"at":"2026-08-06T11:10Z"}},{"type":"Feature","geometry":{"type":"Point","coordinates":[26.842,49.094]},"properties":{"frp":6.0,"hours":20.1,"at":"2026-08-06T11:10Z"}},{"type":"Feature","geometry":{"type":"Point","coordinates":[27.766,49.33]},"properties":{"frp":14.9,"hours":20.1,"at":"2026-08-06T11:10Z"}},{"type":"Feature","geometry":{"type":"Point","coordinates":[26.816,49.404]},"properties":{"frp":4.6,"hours":20.1,"at":"2026-08-06T11:10Z"}},{"type":"Feature","geometry":{"type":"Point","coordinates":[26.822,49.404]},"properties":{"frp":4.8,"hours":20.1,"at":"2026-08-06T11:10Z"}},{"type":"Feature","geometry":{"type":"Point","coordinates":[26.612,49.546]},"properties":{"frp":1.0,"hours":20.1,"at":"2026-08-06T11:10Z"}},{"type":"Feature","geometry":{"type":"Point","coordinates":[23.928,49.715]},"properties":{"frp":4.0,"hours":20.1,"at":"2026-08-06T11:10Z"}},{"type":"Feature","geometry":{"type":"Point","coordinates":[29.848,49.922]},"properties":{"frp":6.2,"hours":20.1,"at":"2026-08-06T11:10Z"}},{"type":"Feature","geometry":{"type":"Point","coordinates":[29.841,49.925]},"properties":{"frp":6.9,"hours":20.1,"at":"2026-08-06T11:10Z"}},{"type":"Feature","geometry":{"type":"Point","coordinates":[29.847,49.926]},"properties":{"frp":6.2,"hours":20.1,"at":"2026-08-06T11:10Z"}},{"type":"Feature","geometry":{"type":"Point","coordinates":[29.838,49.927]},"properties":{"frp":4.0,"hours":20.1,"at":"2026-08-06T11:10Z"}},{"type":"Feature","geometry":{"type":"Point","coordinates":[29.845,49.928]},"properties":{"frp":4.0,"hours":20.1,"at":"2026-08-06T11:10Z"}},{"type":"Feature","geometry":{"type":"Point","coordinates":[29.84,49.929]},"properties":{"frp":4.0,"hours":20.1,"at":"2026-08-06T11:10Z"}},{"type":"Feature","geometry":{"type":"Point","coordinates":[29.857,49.93]},"properties":{"frp":9.6,"hours":20.1,"at":"2026-08-06T11:10Z"}},{"type":"Feature","geometry":{"type":"Point","coordinates":[29.863,49.93]},"properties":{"frp":8.2,"hours":20.1,"at":"2026-08-06T11:10Z"}},{"type":"Feature","geometry":{"type":"Point","coordinates":[29.858,49.931]},"properties":{"frp":15.4,"hours":20.1,"at":"2026-08-06T11:10Z"}},{"type":"Feature","geometry":{"type":"Point","coordinates":[23.14,50.692]},"properties":{"frp":4.0,"hours":20.1,"at":"2026-08-06T11:10Z"}},{"type":"Feature","geometry":{"type":"Point","coordinates":[23.157,50.695]},"properties":{"frp":7.2,"hours":20.1,"at":"2026-08-06T11:10Z"}},{"type":"Feature","geometry":{"type":"Point","coordinates":[23.144,50.696]},"properties":{"frp":3.8,"hours":20.1,"at":"2026-08-06T11:10Z"}},{"type":"Feature","geometry":{"type":"Point","coordinates":[24.104,50.761]},"properties":{"frp":4.0,"hours":20.1,"at":"2026-08-06T11:10Z"}},{"type":"Feature","geometry":{"type":"Point","coordinates":[26.054,50.811]},"properties":{"frp":1.9,"hours":20.1,"at":"2026-08-06T11:10Z"}},{"type":"Feature","geometry":{"type":"Point","coordinates":[27.256,50.875]},"properties":{"frp":4.2,"hours":20.1,"at":"2026-08-06T11:10Z"}},{"type":"Feature","geometry":{"type":"Point","coordinates":[25.841,50.97]},"properties":{"frp":6.0,"hours":20.1,"at":"2026-08-06T11:10Z"}},{"type":"Feature","geometry":{"type":"Point","coordinates":[29.153,51.061]},"properties":{"frp":12.2,"hours":20.1,"at":"2026-08-06T11:10Z"}},{"type":"Feature","geometry":{"type":"Point","coordinates":[29.152,51.064]},"properties":{"frp":12.2,"hours":20.1,"at":"2026-08-06T11:10Z"}},{"type":"Feature","geometry":{"type":"Point","coordinates":[25.157,51.306]},"properties":{"frp":2.8,"hours":20.1,"at":"2026-08-06T11:10Z"}},{"type":"Feature","geometry":{"type":"Point","coordinates":[25.739,51.671]},"properties":{"frp":3.0,"hours":20.1,"at":"2026-08-06T11:10Z"}},{"type":"Feature","geometry":{"type":"Point","coordinates":[31.877,51.96]},"properties":{"frp":8.5,"hours":20.1,"at":"2026-08-06T11:10Z"}},{"type":"Feature","geometry":{"type":"Point","coordinates":[31.876,51.963]},"properties":{"frp":15.2,"hours":20.1,"at":"2026-08-06T11:10Z"}},{"type":"Feature","geometry":{"type":"Point","coordinates":[31.876,51.964]},"properties":{"frp":8.5,"hours":20.1,"at":"2026-08-06T11:10Z"}},{"type":"Feature","geometry":{"type":"Point","coordinates":[31.841,52.071]},"properties":{"frp":4.2,"hours":20.1,"at":"2026-08-06T11:10Z"}},{"type":"Feature","geometry":{"type":"Point","coordinates":[33.807,52.141]},"properties":{"frp":3.0,"hours":20.1,"at":"2026-08-06T11:10Z"}},{"type":"Feature","geometry":{"type":"Point","coordinates":[33.666,52.267]},"properties":{"frp":1.4,"hours":20.1,"at":"2026-08-06T11:10Z"}},{"type":"Feature","geometry":{"type":"Point","coordinates":[4.378,48.826]},"properties":{"frp":10.7,"hours":20.1,"at":"2026-08-06T11:13Z"}},{"type":"Feature","geometry":{"type":"Point","coordinates":[22.756,52.062]},"properties":{"frp":2.2,"hours":20.1,"at":"2026-08-06T11:13Z"}},{"type":"Feature","geometry":{"type":"Point","coordinates":[27.287,52.211]},"properties":{"frp":1.2,"hours":20.1,"at":"2026-08-06T11:13Z"}},{"type":"Feature","geometry":{"type":"Point","coordinates":[27.134,52.212]},"properties":{"frp":2.6,"hours":20.1,"at":"2026-08-06T11:13Z"}},{"type":"Feature","geometry":{"type":"Point","coordinates":[31.655,52.726]},"properties":{"frp":11.4,"hours":20.1,"at":"2026-08-06T11:13Z"}},{"type":"Feature","geometry":{"type":"Point","coordinates":[32.702,52.835]},"properties":{"frp":3.5,"hours":20.1,"at":"2026-08-06T11:13Z"}},{"type":"Feature","geometry":{"type":"Point","coordinates":[30.136,59.603]},"properties":{"frp":1.9,"hours":20.1,"at":"2026-08-06T11:13Z"}},{"type":"Feature","geometry":{"type":"Point","coordinates":[-0.985,35.228]},"properties":{"frp":9.8,"hours":18.5,"at":"2026-08-06T12:49Z"}},{"type":"Feature","geometry":{"type":"Point","coordinates":[8.996,36.439]},"properties":{"frp":36.4,"hours":18.5,"at":"2026-08-06T12:49Z"}},{"type":"Feature","geometry":{"type":"Point","coordinates":[9.001,36.44]},"properties":{"frp":11.9,"hours":18.5,"at":"2026-08-06T12:49Z"}},{"type":"Feature","geometry":{"type":"Point","coordinates":[8.995,36.443]},"properties":{"frp":36.4,"hours":18.5,"at":"2026-08-06T12:49Z"}},{"type":"Feature","geometry":{"type":"Point","coordinates":[9.0,36.443]},"properties":{"frp":11.9,"hours":18.5,"at":"2026-08-06T12:49Z"}},{"type":"Feature","geometry":{"type":"Point","coordinates":[8.989,36.446]},"properties":{"frp":56.7,"hours":18.5,"at":"2026-08-06T12:49Z"}},{"type":"Feature","geometry":{"type":"Point","coordinates":[9.003,36.455]},"properties":{"frp":161.4,"hours":18.5,"at":"2026-08-06T12:49Z"}},{"type":"Feature","geometry":{"type":"Point","coordinates":[8.997,36.461]},"properties":{"frp":11.1,"hours":18.5,"at":"2026-08-06T12:49Z"}},{"type":"Feature","geometry":{"type":"Point","coordinates":[9.002,36.462]},"properties":{"frp":11.1,"hours":18.5,"at":"2026-08-06T12:49Z"}},{"type":"Feature","geometry":{"type":"Point","coordinates":[8.463,36.491]},"properties":{"frp":11.9,"hours":18.5,"at":"2026-08-06T12:49Z"}},{"type":"Feature","geometry":{"type":"Point","coordinates":[4.518,36.676]},"properties":{"frp":6.8,"hours":18.5,"at":"2026-08-06T12:49Z"}},{"type":"Feature","geometry":{"type":"Point","coordinates":[6.822,36.714]},"properties":{"frp":33.5,"hours":18.5,"at":"2026-08-06T12:49Z"}},{"type":"Feature","geometry":{"type":"Point","coordinates":[6.826,36.718]},"properties":{"frp":32.0,"hours":18.5,"at":"2026-08-06T12:49Z"}},{"type":"Feature","geometry":{"type":"Point","coordinates":[7.763,36.86]},"properties":{"frp":10.5,"hours":18.5,"at":"2026-08-06T12:49Z"}},{"type":"Feature","geometry":{"type":"Point","coordinates":[14.061,37.176]},"properties":{"frp":5.2,"hours":18.5,"at":"2026-08-06T12:49Z"}},{"type":"Feature","geometry":{"type":"Point","coordinates":[14.96,37.373]},"properties":{"frp":38.7,"hours":18.5,"at":"2026-08-06T12:49Z"}},{"type":"Feature","geometry":{"type":"Point","coordinates":[14.96,37.378]},"properties":{"frp":23.0,"hours":18.5,"at":"2026-08-06T12:49Z"}},{"type":"Feature","geometry":{"type":"Point","coordinates":[12.959,37.694]},"properties":{"frp":56.1,"hours":18.5,"at":"2026-08-06T12:49Z"}},{"type":"Feature","geometry":{"type":"Point","coordinates":[12.577,37.821]},"properties":{"frp":6.7,"hours":18.5,"at":"2026-08-06T12:49Z"}},{"type":"Feature","geometry":{"type":"Point","coordinates":[21.446,37.949]},"properties":{"frp":10.2,"hours":18.5,"at":"2026-08-06T12:49Z"}},{"type":"Feature","geometry":{"type":"Point","coordinates":[21.446,37.956]},"properties":{"frp":10.2,"hours":18.5,"at":"2026-08-06T12:49Z"}},{"type":"Feature","geometry":{"type":"Point","coordinates":[15.944,38.453]},"properties":{"frp":1.7,"hours":18.5,"at":"2026-08-06T12:49Z"}},{"type":"Feature","geometry":{"type":"Point","coordinates":[17.004,39.193]},"properties":{"frp":2.0,"hours":18.5,"at":"2026-08-06T12:49Z"}},{"type":"Feature","geometry":{"type":"Point","coordinates":[22.381,39.393]},"properties":{"frp":30.1,"hours":18.5,"at":"2026-08-06T12:49Z"}},{"type":"Feature","geometry":{"type":"Point","coordinates":[22.39,39.393]},"properties":{"frp":33.0,"hours":18.5,"at":"2026-08-06T12:49Z"}},{"type":"Feature","geometry":{"type":"Point","coordinates":[22.372,39.401]},"properties":{"frp":30.1,"hours":18.5,"at":"2026-08-06T12:49Z"}},{"type":"Feature","geometry":{"type":"Point","coordinates":[22.381,39.401]},"properties":{"frp":30.1,"hours":18.5,"at":"2026-08-06T12:49Z"}},{"type":"Feature","geometry":{"type":"Point","coordinates":[22.39,39.401]},"properties":{"frp":33.0,"hours":18.5,"at":"2026-08-06T12:49Z"}},{"type":"Feature","geometry":{"type":"Point","coordinates":[-6.731,37.254]},"properties":{"frp":2.7,"hours":18.4,"at":"2026-08-06T12:51Z"}},{"type":"Feature","geometry":{"type":"Point","coordinates":[-6.731,37.257]},"properties":{"frp":3.0,"hours":18.4,"at":"2026-08-06T12:51Z"}},{"type":"Feature","geometry":{"type":"Point","coordinates":[-5.871,37.368]},"properties":{"frp":5.6,"hours":18.4,"at":"2026-08-06T12:51Z"}},{"type":"Feature","geometry":{"type":"Point","coordinates":[-5.872,37.37]},"properties":{"frp":5.5,"hours":18.4,"at":"2026-08-06T12:51Z"}},{"type":"Feature","geometry":{"type":"Point","coordinates":[-6.496,37.42]},"properties":{"frp":6.6,"hours":18.4,"at":"2026-08-06T12:51Z"}},{"type":"Feature","geometry":{"type":"Point","coordinates":[-6.496,37.421]},"properties":{"frp":3.1,"hours":18.4,"at":"2026-08-06T12:51Z"}},{"type":"Feature","geometry":{"type":"Point","coordinates":[-8.327,37.872]},"properties":{"frp":3.7,"hours":18.4,"at":"2026-08-06T12:51Z"}},{"type":"Feature","geometry":{"type":"Point","coordinates":[-6.595,39.515]},"properties":{"frp":5.8,"hours":18.4,"at":"2026-08-06T12:51Z"}},{"type":"Feature","geometry":{"type":"Point","coordinates":[-6.591,39.516]},"properties":{"frp":10.3,"hours":18.4,"at":"2026-08-06T12:51Z"}},{"type":"Feature","geometry":{"type":"Point","coordinates":[-6.594,39.517]},"properties":{"frp":6.7,"hours":18.4,"at":"2026-08-06T12:51Z"}},{"type":"Feature","geometry":{"type":"Point","coordinates":[-6.591,39.518]},"properties":{"frp":8.7,"hours":18.4,"at":"2026-08-06T12:51Z"}},{"type":"Feature","geometry":{"type":"Point","coordinates":[15.838,39.743]},"properties":{"frp":43.1,"hours":18.4,"at":"2026-08-06T12:51Z"}},{"type":"Feature","geometry":{"type":"Point","coordinates":[18.281,39.91]},"properties":{"frp":3.4,"hours":18.4,"at":"2026-08-06T12:51Z"}},{"type":"Feature","geometry":{"type":"Point","coordinates":[18.284,40.05]},"properties":{"frp":4.3,"hours":18.4,"at":"2026-08-06T12:51Z"}},{"type":"Feature","geometry":{"type":"Point","coordinates":[17.148,40.517]},"properties":{"frp":8.8,"hours":18.4,"at":"2026-08-06T12:51Z"}},{"type":"Feature","geometry":{"type":"Point","coordinates":[17.153,40.517]},"properties":{"frp":8.8,"hours":18.4,"at":"2026-08-06T12:51Z"}},{"type":"Feature","geometry":{"type":"Point","coordinates":[16.71,40.56]},"properties":{"frp":7.1,"hours":18.4,"at":"2026-08-06T12:51Z"}},{"type":"Feature","geometry":{"type":"Point","coordinates":[16.711,40.563]},"properties":{"frp":3.6,"hours":18.4,"at":"2026-08-06T12:51Z"}},{"type":"Feature","geometry":{"type":"Point","coordinates":[15.925,41.0]},"properties":{"frp":3.5,"hours":18.4,"at":"2026-08-06T12:51Z"}},{"type":"Feature","geometry":{"type":"Point","coordinates":[15.73,41.068]},"properties":{"frp":5.9,"hours":18.4,"at":"2026-08-06T12:51Z"}},{"type":"Feature","geometry":{"type":"Point","coordinates":[15.735,41.068]},"properties":{"frp":8.2,"hours":18.4,"at":"2026-08-06T12:51Z"}},{"type":"Feature","geometry":{"type":"Point","coordinates":[15.634,41.133]},"properties":{"frp":7.2,"hours":18.4,"at":"2026-08-06T12:51Z"}},{"type":"Feature","geometry":{"type":"Point","coordinates":[15.639,41.133]},"properties":{"frp":10.4,"hours":18.4,"at":"2026-08-06T12:51Z"}},{"type":"Feature","geometry":{"type":"Point","coordinates":[15.634,41.136]},"properties":{"frp":14.1,"hours":18.4,"at":"2026-08-06T12:51Z"}},{"type":"Feature","geometry":{"type":"Point","coordinates":[15.633,41.138]},"properties":{"frp":7.2,"hours":18.4,"at":"2026-08-06T12:51Z"}},{"type":"Feature","geometry":{"type":"Point","coordinates":[19.65,41.149]},"properties":{"frp":6.5,"hours":18.4,"at":"2026-08-06T12:51Z"}},{"type":"Feature","geometry":{"type":"Point","coordinates":[19.648,41.154]},"properties":{"frp":16.7,"hours":18.4,"at":"2026-08-06T12:51Z"}},{"type":"Feature","geometry":{"type":"Point","coordinates":[19.649,41.155]},"properties":{"frp":14.6,"hours":18.4,"at":"2026-08-06T12:51Z"}},{"type":"Feature","geometry":{"type":"Point","coordinates":[19.656,41.156]},"properties":{"frp":14.6,"hours":18.4,"at":"2026-08-06T12:51Z"}},{"type":"Feature","geometry":{"type":"Point","coordinates":[19.647,41.161]},"properties":{"frp":16.7,"hours":18.4,"at":"2026-08-06T12:51Z"}},{"type":"Feature","geometry":{"type":"Point","coordinates":[19.655,41.161]},"properties":{"frp":55.7,"hours":18.4,"at":"2026-08-06T12:51Z"}},{"type":"Feature","geometry":{"type":"Point","coordinates":[19.648,41.162]},"properties":{"frp":14.6,"hours":18.4,"at":"2026-08-06T12:51Z"}},{"type":"Feature","geometry":{"type":"Point","coordinates":[19.656,41.162]},"properties":{"frp":14.6,"hours":18.4,"at":"2026-08-06T12:51Z"}},{"type":"Feature","geometry":{"type":"Point","coordinates":[15.715,41.188]},"properties":{"frp":5.4,"hours":18.4,"at":"2026-08-06T12:51Z"}},{"type":"Feature","geometry":{"type":"Point","coordinates":[15.759,41.284]},"properties":{"frp":2.5,"hours":18.4,"at":"2026-08-06T12:51Z"}},{"type":"Feature","geometry":{"type":"Point","coordinates":[13.837,41.307]},"properties":{"frp":5.3,"hours":18.4,"at":"2026-08-06T12:51Z"}},{"type":"Feature","geometry":{"type":"Point","coordinates":[13.52,41.342]},"properties":{"frp":55.3,"hours":18.4,"at":"2026-08-06T12:51Z"}},{"type":"Feature","geometry":{"type":"Point","coordinates":[15.014,41.386]},"properties":{"frp":3.3,"hours":18.4,"at":"2026-08-06T12:51Z"}},{"type":"Feature","geometry":{"type":"Point","coordinates":[15.962,41.41]},"properties":{"frp":8.9,"hours":18.4,"at":"2026-08-06T12:51Z"}},{"type":"Feature","geometry":{"type":"Point","coordinates":[15.966,41.41]},"properties":{"frp":7.5,"hours":18.4,"at":"2026-08-06T12:51Z"}},{"type":"Feature","geometry":{"type":"Point","coordinates":[15.359,41.521]},"properties":{"frp":2.3,"hours":18.4,"at":"2026-08-06T12:51Z"}},{"type":"Feature","geometry":{"type":"Point","coordinates":[15.547,41.526]},"properties":{"frp":1.3,"hours":18.4,"at":"2026-08-06T12:51Z"}},{"type":"Feature","geometry":{"type":"Point","coordinates":[15.564,41.538]},"properties":{"frp":1.8,"hours":18.4,"at":"2026-08-06T12:51Z"}},{"type":"Feature","geometry":{"type":"Point","coordinates":[15.345,41.572]},"properties":{"frp":3.2,"hours":18.4,"at":"2026-08-06T12:51Z"}},{"type":"Feature","geometry":{"type":"Point","coordinates":[12.873,41.618]},"properties":{"frp":6.8,"hours":18.4,"at":"2026-08-06T12:51Z"}},{"type":"Feature","geometry":{"type":"Point","coordinates":[15.174,41.631]},"properties":{"frp":2.2,"hours":18.4,"at":"2026-08-06T12:51Z"}},{"type":"Feature","geometry":{"type":"Point","coordinates":[15.173,41.631]},"properties":{"frp":2.2,"hours":18.4,"at":"2026-08-06T12:51Z"}},{"type":"Feature","geometry":{"type":"Point","coordinates":[12.314,41.824]},"properties":{"frp":6.9,"hours":18.4,"at":"2026-08-06T12:51Z"}},{"type":"Feature","geometry":{"type":"Point","coordinates":[12.698,41.858]},"properties":{"frp":6.9,"hours":18.4,"at":"2026-08-06T12:51Z"}},{"type":"Feature","geometry":{"type":"Point","coordinates":[13.471,42.226]},"properties":{"frp":8.9,"hours":18.4,"at":"2026-08-06T12:51Z"}},{"type":"Feature","geometry":{"type":"Point","coordinates":[13.479,42.227]},"properties":{"frp":15.7,"hours":18.4,"at":"2026-08-06T12:51Z"}},{"type":"Feature","geometry":{"type":"Point","coordinates":[13.469,42.231]},"properties":{"frp":14.2,"hours":18.4,"at":"2026-08-06T12:51Z"}},{"type":"Feature","geometry":{"type":"Point","coordinates":[21.686,42.549]},"properties":{"frp":11.2,"hours":18.4,"at":"2026-08-06T12:51Z"}},{"type":"Feature","geometry":{"type":"Point","coordinates":[21.695,42.554]},"properties":{"frp":7.7,"hours":18.4,"at":"2026-08-06T12:51Z"}},{"type":"Feature","geometry":{"type":"Point","coordinates":[21.686,42.554]},"properties":{"frp":7.7,"hours":18.4,"at":"2026-08-06T12:51Z"}},{"type":"Feature","geometry":{"type":"Point","coordinates":[18.303,42.647]},"properties":{"frp":3.8,"hours":18.4,"at":"2026-08-06T12:51Z"}},{"type":"Feature","geometry":{"type":"Point","coordinates":[11.236,42.752]},"properties":{"frp":22.7,"hours":18.4,"at":"2026-08-06T12:51Z"}},{"type":"Feature","geometry":{"type":"Point","coordinates":[6.084,43.229]},"properties":{"frp":14.8,"hours":18.4,"at":"2026-08-06T12:51Z"}},{"type":"Feature","geometry":{"type":"Point","coordinates":[20.604,43.585]},"properties":{"frp":8.1,"hours":18.4,"at":"2026-08-06T12:51Z"}},{"type":"Feature","geometry":{"type":"Point","coordinates":[20.599,43.586]},"properties":{"frp":4.8,"hours":18.4,"at":"2026-08-06T12:51Z"}},{"type":"Feature","geometry":{"type":"Point","coordinates":[20.605,43.586]},"properties":{"frp":4.8,"hours":18.4,"at":"2026-08-06T12:51Z"}},{"type":"Feature","geometry":{"type":"Point","coordinates":[17.991,43.677]},"properties":{"frp":9.8,"hours":18.4,"at":"2026-08-06T12:51Z"}},{"type":"Feature","geometry":{"type":"Point","coordinates":[17.995,43.677]},"properties":{"frp":9.8,"hours":18.4,"at":"2026-08-06T12:51Z"}},{"type":"Feature","geometry":{"type":"Point","coordinates":[17.995,43.683]},"properties":{"frp":19.5,"hours":18.4,"at":"2026-08-06T12:51Z"}},{"type":"Feature","geometry":{"type":"Point","coordinates":[5.083,44.021]},"properties":{"frp":4.4,"hours":18.4,"at":"2026-08-06T12:51Z"}},{"type":"Feature","geometry":{"type":"Point","coordinates":[7.364,44.274]},"properties":{"frp":8.5,"hours":18.4,"at":"2026-08-06T12:51Z"}},{"type":"Feature","geometry":{"type":"Point","coordinates":[7.36,44.275]},"properties":{"frp":7.7,"hours":18.4,"at":"2026-08-06T12:51Z"}},{"type":"Feature","geometry":{"type":"Point","coordinates":[1.94,44.391]},"properties":{"frp":3.2,"hours":18.4,"at":"2026-08-06T12:51Z"}},{"type":"Feature","geometry":{"type":"Point","coordinates":[7.858,44.508]},"properties":{"frp":3.2,"hours":18.4,"at":"2026-08-06T12:51Z"}},{"type":"Feature","geometry":{"type":"Point","coordinates":[5.994,44.512]},"properties":{"frp":3.9,"hours":18.4,"at":"2026-08-06T12:51Z"}},{"type":"Feature","geometry":{"type":"Point","coordinates":[5.993,44.515]},"properties":{"frp":3.9,"hours":18.4,"at":"2026-08-06T12:51Z"}},{"type":"Feature","geometry":{"type":"Point","coordinates":[21.145,44.871]},"properties":{"frp":17.1,"hours":18.4,"at":"2026-08-06T12:51Z"}},{"type":"Feature","geometry":{"type":"Point","coordinates":[21.137,44.875]},"properties":{"frp":21.6,"hours":18.4,"at":"2026-08-06T12:51Z"}},{"type":"Feature","geometry":{"type":"Point","coordinates":[21.135,44.878]},"properties":{"frp":15.1,"hours":18.4,"at":"2026-08-06T12:51Z"}},{"type":"Feature","geometry":{"type":"Point","coordinates":[7.549,44.944]},"properties":{"frp":5.1,"hours":18.4,"at":"2026-08-06T12:51Z"}},{"type":"Feature","geometry":{"type":"Point","coordinates":[7.548,44.945]},"properties":{"frp":4.9,"hours":18.4,"at":"2026-08-06T12:51Z"}},{"type":"Feature","geometry":{"type":"Point","coordinates":[18.36,44.984]},"properties":{"frp":7.8,"hours":18.4,"at":"2026-08-06T12:51Z"}},{"type":"Feature","geometry":{"type":"Point","coordinates":[18.366,44.984]},"properties":{"frp":11.8,"hours":18.4,"at":"2026-08-06T12:51Z"}},{"type":"Feature","geometry":{"type":"Point","coordinates":[18.357,44.986]},"properties":{"frp":11.7,"hours":18.4,"at":"2026-08-06T12:51Z"}},{"type":"Feature","geometry":{"type":"Point","coordinates":[18.364,44.987]},"properties":{"frp":11.7,"hours":18.4,"at":"2026-08-06T12:51Z"}},{"type":"Feature","geometry":{"type":"Point","coordinates":[18.353,44.99]},"properties":{"frp":7.8,"hours":18.4,"at":"2026-08-06T12:51Z"}},{"type":"Feature","geometry":{"type":"Point","coordinates":[18.36,44.99]},"properties":{"frp":7.8,"hours":18.4,"at":"2026-08-06T12:51Z"}},{"type":"Feature","geometry":{"type":"Point","coordinates":[15.988,45.188]},"properties":{"frp":4.3,"hours":18.4,"at":"2026-08-06T12:51Z"}},{"type":"Feature","geometry":{"type":"Point","coordinates":[15.994,45.189]},"properties":{"frp":4.6,"hours":18.4,"at":"2026-08-06T12:51Z"}},{"type":"Feature","geometry":{"type":"Point","coordinates":[18.628,45.421]},"properties":{"frp":9.2,"hours":18.4,"at":"2026-08-06T12:51Z"}},{"type":"Feature","geometry":{"type":"Point","coordinates":[18.635,45.421]},"properties":{"frp":11.6,"hours":18.4,"at":"2026-08-06T12:51Z"}},{"type":"Feature","geometry":{"type":"Point","coordinates":[18.632,45.423]},"properties":{"frp":14.1,"hours":18.4,"at":"2026-08-06T12:51Z"}},{"type":"Feature","geometry":{"type":"Point","coordinates":[7.608,45.487]},"properties":{"frp":8.1,"hours":18.4,"at":"2026-08-06T12:51Z"}},{"type":"Feature","geometry":{"type":"Point","coordinates":[7.605,45.491]},"properties":{"frp":4.0,"hours":18.4,"at":"2026-08-06T12:51Z"}},{"type":"Feature","geometry":{"type":"Point","coordinates":[9.335,45.622]},"properties":{"frp":2.1,"hours":18.4,"at":"2026-08-06T12:51Z"}},{"type":"Feature","geometry":{"type":"Point","coordinates":[8.213,45.79]},"properties":{"frp":10.6,"hours":18.4,"at":"2026-08-06T12:51Z"}},{"type":"Feature","geometry":{"type":"Point","coordinates":[9.338,45.864]},"properties":{"frp":6.2,"hours":18.4,"at":"2026-08-06T12:51Z"}},{"type":"Feature","geometry":{"type":"Point","coordinates":[9.33,45.867]},"properties":{"frp":2.7,"hours":18.4,"at":"2026-08-06T12:51Z"}},{"type":"Feature","geometry":{"type":"Point","coordinates":[9.335,45.868]},"properties":{"frp":9.9,"hours":18.4,"at":"2026-08-06T12:51Z"}},{"type":"Feature","geometry":{"type":"Point","coordinates":[9.341,45.868]},"properties":{"frp":9.9,"hours":18.4,"at":"2026-08-06T12:51Z"}},{"type":"Feature","geometry":{"type":"Point","coordinates":[9.333,45.868]},"properties":{"frp":6.2,"hours":18.4,"at":"2026-08-06T12:51Z"}},{"type":"Feature","geometry":{"type":"Point","coordinates":[9.338,45.869]},"properties":{"frp":6.2,"hours":18.4,"at":"2026-08-06T12:51Z"}},{"type":"Feature","geometry":{"type":"Point","coordinates":[9.33,45.871]},"properties":{"frp":4.1,"hours":18.4,"at":"2026-08-06T12:51Z"}},{"type":"Feature","geometry":{"type":"Point","coordinates":[21.065,45.876]},"properties":{"frp":5.9,"hours":18.4,"at":"2026-08-06T12:51Z"}},{"type":"Feature","geometry":{"type":"Point","coordinates":[0.55,45.818]},"properties":{"frp":8.3,"hours":18.4,"at":"2026-08-06T12:53Z"}},{"type":"Feature","geometry":{"type":"Point","coordinates":[0.555,45.819]},"properties":{"frp":8.3,"hours":18.4,"at":"2026-08-06T12:53Z"}},{"type":"Feature","geometry":{"type":"Point","coordinates":[0.549,45.821]},"properties":{"frp":8.3,"hours":18.4,"at":"2026-08-06T12:53Z"}},{"type":"Feature","geometry":{"type":"Point","coordinates":[0.554,45.822]},"properties":{"frp":8.3,"hours":18.4,"at":"2026-08-06T12:53Z"}},{"type":"Feature","geometry":{"type":"Point","coordinates":[-0.043,46.246]},"properties":{"frp":1.5,"hours":18.4,"at":"2026-08-06T12:53Z"}},{"type":"Feature","geometry":{"type":"Point","coordinates":[-1.22,46.658]},"properties":{"frp":3.5,"hours":18.4,"at":"2026-08-06T12:53Z"}},{"type":"Feature","geometry":{"type":"Point","coordinates":[0.678,46.832]},"properties":{"frp":2.4,"hours":18.4,"at":"2026-08-06T12:53Z"}},{"type":"Feature","geometry":{"type":"Point","coordinates":[-1.767,46.837]},"properties":{"frp":2.0,"hours":18.4,"at":"2026-08-06T12:53Z"}},{"type":"Feature","geometry":{"type":"Point","coordinates":[0.025,47.684]},"properties":{"frp":4.3,"hours":18.4,"at":"2026-08-06T12:53Z"}},{"type":"Feature","geometry":{"type":"Point","coordinates":[18.403,47.686]},"properties":{"frp":5.0,"hours":18.4,"at":"2026-08-06T12:53Z"}},{"type":"Feature","geometry":{"type":"Point","coordinates":[18.41,47.686]},"properties":{"frp":11.3,"hours":18.4,"at":"2026-08-06T12:53Z"}},{"type":"Feature","geometry":{"type":"Point","coordinates":[18.408,47.687]},"properties":{"frp":11.0,"hours":18.4,"at":"2026-08-06T12:53Z"}},{"type":"Feature","geometry":{"type":"Point","coordinates":[-0.635,48.065]},"properties":{"frp":3.2,"hours":18.4,"at":"2026-08-06T12:53Z"}},{"type":"Feature","geometry":{"type":"Point","coordinates":[18.807,48.094]},"properties":{"frp":13.8,"hours":18.4,"at":"2026-08-06T12:53Z"}},{"type":"Feature","geometry":{"type":"Point","coordinates":[18.814,48.094]},"properties":{"frp":13.8,"hours":18.4,"at":"2026-08-06T12:53Z"}},{"type":"Feature","geometry":{"type":"Point","coordinates":[18.821,48.094]},"properties":{"frp":17.9,"hours":18.4,"at":"2026-08-06T12:53Z"}},{"type":"Feature","geometry":{"type":"Point","coordinates":[18.808,48.095]},"properties":{"frp":13.4,"hours":18.4,"at":"2026-08-06T12:53Z"}},{"type":"Feature","geometry":{"type":"Point","coordinates":[18.815,48.095]},"properties":{"frp":14.7,"hours":18.4,"at":"2026-08-06T12:53Z"}},{"type":"Feature","geometry":{"type":"Point","coordinates":[18.823,48.095]},"properties":{"frp":14.7,"hours":18.4,"at":"2026-08-06T12:53Z"}},{"type":"Feature","geometry":{"type":"Point","coordinates":[21.959,48.258]},"properties":{"frp":4.0,"hours":18.4,"at":"2026-08-06T12:53Z"}},{"type":"Feature","geometry":{"type":"Point","coordinates":[-0.061,48.306]},"properties":{"frp":3.0,"hours":18.4,"at":"2026-08-06T12:53Z"}},{"type":"Feature","geometry":{"type":"Point","coordinates":[17.768,49.305]},"properties":{"frp":5.5,"hours":18.4,"at":"2026-08-06T12:53Z"}},{"type":"Feature","geometry":{"type":"Point","coordinates":[17.77,49.308]},"properties":{"frp":4.5,"hours":18.4,"at":"2026-08-06T12:53Z"}},{"type":"Feature","geometry":{"type":"Point","coordinates":[13.299,50.144]},"properties":{"frp":8.4,"hours":18.4,"at":"2026-08-06T12:53Z"}},{"type":"Feature","geometry":{"type":"Point","coordinates":[13.3,50.145]},"properties":{"frp":7.5,"hours":18.4,"at":"2026-08-06T12:53Z"}},{"type":"Feature","geometry":{"type":"Point","coordinates":[13.299,50.149]},"properties":{"frp":8.4,"hours":18.4,"at":"2026-08-06T12:53Z"}},{"type":"Feature","geometry":{"type":"Point","coordinates":[13.295,50.15]},"properties":{"frp":4.7,"hours":18.4,"at":"2026-08-06T12:53Z"}},{"type":"Feature","geometry":{"type":"Point","coordinates":[13.3,50.15]},"properties":{"frp":7.5,"hours":18.4,"at":"2026-08-06T12:53Z"}},{"type":"Feature","geometry":{"type":"Point","coordinates":[20.282,50.321]},"properties":{"frp":3.2,"hours":18.4,"at":"2026-08-06T12:53Z"}},{"type":"Feature","geometry":{"type":"Point","coordinates":[20.283,50.322]},"properties":{"frp":3.4,"hours":18.4,"at":"2026-08-06T12:53Z"}},{"type":"Feature","geometry":{"type":"Point","coordinates":[-2.388,50.867]},"properties":{"frp":2.8,"hours":18.4,"at":"2026-08-06T12:53Z"}},{"type":"Feature","geometry":{"type":"Point","coordinates":[-2.383,50.868]},"properties":{"frp":2.8,"hours":18.4,"at":"2026-08-06T12:53Z"}},{"type":"Feature","geometry":{"type":"Point","coordinates":[-2.39,50.87]},"properties":{"frp":2.8,"hours":18.4,"at":"2026-08-06T12:53Z"}},{"type":"Feature","geometry":{"type":"Point","coordinates":[-2.384,50.871]},"properties":{"frp":2.8,"hours":18.4,"at":"2026-08-06T12:53Z"}},{"type":"Feature","geometry":{"type":"Point","coordinates":[-2.391,50.873]},"properties":{"frp":2.3,"hours":18.4,"at":"2026-08-06T12:53Z"}},{"type":"Feature","geometry":{"type":"Point","coordinates":[-1.077,50.887]},"properties":{"frp":3.4,"hours":18.4,"at":"2026-08-06T12:53Z"}},{"type":"Feature","geometry":{"type":"Point","coordinates":[-2.682,50.925]},"properties":{"frp":4.6,"hours":18.4,"at":"2026-08-06T12:53Z"}},{"type":"Feature","geometry":{"type":"Point","coordinates":[3.977,51.054]},"properties":{"frp":5.6,"hours":18.4,"at":"2026-08-06T12:53Z"}},{"type":"Feature","geometry":{"type":"Point","coordinates":[-2.688,51.366]},"properties":{"frp":1.6,"hours":18.4,"at":"2026-08-06T12:53Z"}},{"type":"Feature","geometry":{"type":"Point","coordinates":[3.944,51.83]},"properties":{"frp":14.7,"hours":18.4,"at":"2026-08-06T12:53Z"}},{"type":"Feature","geometry":{"type":"Point","coordinates":[1.837,57.011]},"properties":{"frp":4.4,"hours":18.4,"at":"2026-08-06T12:53Z"}},{"type":"Feature","geometry":{"type":"Point","coordinates":[-7.669,40.565]},"properties":{"frp":47.9,"hours":16.8,"at":"2026-08-06T14:29Z"}},{"type":"Feature","geometry":{"type":"Point","coordinates":[-7.676,40.571]},"properties":{"frp":47.9,"hours":16.8,"at":"2026-08-06T14:29Z"}},{"type":"Feature","geometry":{"type":"Point","coordinates":[-7.67,40.571]},"properties":{"frp":47.9,"hours":16.8,"at":"2026-08-06T14:29Z"}},{"type":"Feature","geometry":{"type":"Point","coordinates":[33.684,51.819]},"properties":{"frp":2.0,"hours":7.9,"at":"2026-08-06T23:22Z"}},{"type":"Feature","geometry":{"type":"Point","coordinates":[33.685,51.823]},"properties":{"frp":2.9,"hours":7.9,"at":"2026-08-06T23:22Z"}},{"type":"Feature","geometry":{"type":"Point","coordinates":[33.685,51.824]},"properties":{"frp":2.0,"hours":7.9,"at":"2026-08-06T23:22Z"}},{"type":"Feature","geometry":{"type":"Point","coordinates":[32.861,53.961]},"properties":{"frp":2.7,"hours":7.9,"at":"2026-08-06T23:22Z"}},{"type":"Feature","geometry":{"type":"Point","coordinates":[32.853,53.961]},"properties":{"frp":2.5,"hours":7.9,"at":"2026-08-06T23:22Z"}},{"type":"Feature","geometry":{"type":"Point","coordinates":[33.363,54.947]},"properties":{"frp":1.9,"hours":7.9,"at":"2026-08-06T23:22Z"}},{"type":"Feature","geometry":{"type":"Point","coordinates":[29.363,45.875]},"properties":{"frp":1.1,"hours":7.9,"at":"2026-08-06T23:24Z"}},{"type":"Feature","geometry":{"type":"Point","coordinates":[30.137,46.014]},"properties":{"frp":0.8,"hours":7.9,"at":"2026-08-06T23:24Z"}},{"type":"Feature","geometry":{"type":"Point","coordinates":[30.142,46.019]},"properties":{"frp":1.7,"hours":7.9,"at":"2026-08-06T23:24Z"}},{"type":"Feature","geometry":{"type":"Point","coordinates":[30.138,46.02]},"properties":{"frp":1.7,"hours":7.9,"at":"2026-08-06T23:24Z"}},{"type":"Feature","geometry":{"type":"Point","coordinates":[33.101,46.154]},"properties":{"frp":1.2,"hours":7.9,"at":"2026-08-06T23:24Z"}},{"type":"Feature","geometry":{"type":"Point","coordinates":[33.102,46.155]},"properties":{"frp":3.8,"hours":7.9,"at":"2026-08-06T23:24Z"}},{"type":"Feature","geometry":{"type":"Point","coordinates":[33.102,46.159]},"properties":{"frp":1.2,"hours":7.9,"at":"2026-08-06T23:24Z"}},{"type":"Feature","geometry":{"type":"Point","coordinates":[29.286,46.283]},"properties":{"frp":0.6,"hours":7.9,"at":"2026-08-06T23:24Z"}},{"type":"Feature","geometry":{"type":"Point","coordinates":[29.288,46.286]},"properties":{"frp":0.9,"hours":7.9,"at":"2026-08-06T23:24Z"}},{"type":"Feature","geometry":{"type":"Point","coordinates":[32.421,46.332]},"properties":{"frp":0.7,"hours":7.9,"at":"2026-08-06T23:24Z"}},{"type":"Feature","geometry":{"type":"Point","coordinates":[32.421,46.337]},"properties":{"frp":0.3,"hours":7.9,"at":"2026-08-06T23:24Z"}},{"type":"Feature","geometry":{"type":"Point","coordinates":[32.248,46.358]},"properties":{"frp":1.3,"hours":7.9,"at":"2026-08-06T23:24Z"}},{"type":"Feature","geometry":{"type":"Point","coordinates":[32.313,46.436]},"properties":{"frp":0.5,"hours":7.9,"at":"2026-08-06T23:24Z"}},{"type":"Feature","geometry":{"type":"Point","coordinates":[32.314,46.437]},"properties":{"frp":1.1,"hours":7.9,"at":"2026-08-06T23:24Z"}},{"type":"Feature","geometry":{"type":"Point","coordinates":[31.842,46.481]},"properties":{"frp":1.6,"hours":7.9,"at":"2026-08-06T23:24Z"}},{"type":"Feature","geometry":{"type":"Point","coordinates":[31.835,46.482]},"properties":{"frp":1.6,"hours":7.9,"at":"2026-08-06T23:24Z"}},{"type":"Feature","geometry":{"type":"Point","coordinates":[33.682,46.705]},"properties":{"frp":0.7,"hours":7.9,"at":"2026-08-06T23:24Z"}},{"type":"Feature","geometry":{"type":"Point","coordinates":[30.053,46.807]},"properties":{"frp":0.3,"hours":7.9,"at":"2026-08-06T23:24Z"}},{"type":"Feature","geometry":{"type":"Point","coordinates":[31.671,46.832]},"properties":{"frp":0.8,"hours":7.9,"at":"2026-08-06T23:24Z"}},{"type":"Feature","geometry":{"type":"Point","coordinates":[31.672,46.837]},"properties":{"frp":2.8,"hours":7.9,"at":"2026-08-06T23:24Z"}},{"type":"Feature","geometry":{"type":"Point","coordinates":[31.665,46.837]},"properties":{"frp":2.3,"hours":7.9,"at":"2026-08-06T23:24Z"}},{"type":"Feature","geometry":{"type":"Point","coordinates":[33.419,46.841]},"properties":{"frp":2.2,"hours":7.9,"at":"2026-08-06T23:24Z"}},{"type":"Feature","geometry":{"type":"Point","coordinates":[32.827,46.85]},"properties":{"frp":1.0,"hours":7.9,"at":"2026-08-06T23:24Z"}},{"type":"Feature","geometry":{"type":"Point","coordinates":[32.968,46.871]},"properties":{"frp":3.1,"hours":7.9,"at":"2026-08-06T23:24Z"}},{"type":"Feature","geometry":{"type":"Point","coordinates":[32.962,46.872]},"properties":{"frp":3.1,"hours":7.9,"at":"2026-08-06T23:24Z"}},{"type":"Feature","geometry":{"type":"Point","coordinates":[33.71,46.999]},"properties":{"frp":0.9,"hours":7.9,"at":"2026-08-06T23:24Z"}},{"type":"Feature","geometry":{"type":"Point","coordinates":[33.201,47.074]},"properties":{"frp":1.5,"hours":7.9,"at":"2026-08-06T23:24Z"}},{"type":"Feature","geometry":{"type":"Point","coordinates":[33.953,47.107]},"properties":{"frp":1.1,"hours":7.9,"at":"2026-08-06T23:24Z"}},{"type":"Feature","geometry":{"type":"Point","coordinates":[32.504,47.149]},"properties":{"frp":0.7,"hours":7.9,"at":"2026-08-06T23:24Z"}},{"type":"Feature","geometry":{"type":"Point","coordinates":[33.045,47.179]},"properties":{"frp":0.6,"hours":7.9,"at":"2026-08-06T23:24Z"}},{"type":"Feature","geometry":{"type":"Point","coordinates":[30.136,47.353]},"properties":{"frp":0.9,"hours":7.9,"at":"2026-08-06T23:24Z"}},{"type":"Feature","geometry":{"type":"Point","coordinates":[32.302,47.448]},"properties":{"frp":0.7,"hours":7.9,"at":"2026-08-06T23:24Z"}},{"type":"Feature","geometry":{"type":"Point","coordinates":[29.565,47.484]},"properties":{"frp":1.1,"hours":7.9,"at":"2026-08-06T23:24Z"}},{"type":"Feature","geometry":{"type":"Point","coordinates":[33.891,47.489]},"properties":{"frp":0.7,"hours":7.9,"at":"2026-08-06T23:24Z"}},{"type":"Feature","geometry":{"type":"Point","coordinates":[33.879,47.49]},"properties":{"frp":0.6,"hours":7.9,"at":"2026-08-06T23:24Z"}},{"type":"Feature","geometry":{"type":"Point","coordinates":[31.246,47.514]},"properties":{"frp":4.5,"hours":7.9,"at":"2026-08-06T23:24Z"}},{"type":"Feature","geometry":{"type":"Point","coordinates":[30.363,47.531]},"properties":{"frp":0.5,"hours":7.9,"at":"2026-08-06T23:24Z"}},{"type":"Feature","geometry":{"type":"Point","coordinates":[30.18,47.535]},"properties":{"frp":1.1,"hours":7.9,"at":"2026-08-06T23:24Z"}},{"type":"Feature","geometry":{"type":"Point","coordinates":[30.364,47.536]},"properties":{"frp":0.5,"hours":7.9,"at":"2026-08-06T23:24Z"}},{"type":"Feature","geometry":{"type":"Point","coordinates":[30.816,47.578]},"properties":{"frp":3.2,"hours":7.9,"at":"2026-08-06T23:24Z"}},{"type":"Feature","geometry":{"type":"Point","coordinates":[30.819,47.579]},"properties":{"frp":6.9,"hours":7.9,"at":"2026-08-06T23:24Z"}},{"type":"Feature","geometry":{"type":"Point","coordinates":[30.817,47.583]},"properties":{"frp":2.8,"hours":7.9,"at":"2026-08-06T23:24Z"}},{"type":"Feature","geometry":{"type":"Point","coordinates":[30.182,47.592]},"properties":{"frp":1.4,"hours":7.9,"at":"2026-08-06T23:24Z"}},{"type":"Feature","geometry":{"type":"Point","coordinates":[30.177,47.592]},"properties":{"frp":1.2,"hours":7.9,"at":"2026-08-06T23:24Z"}},{"type":"Feature","geometry":{"type":"Point","coordinates":[30.954,47.776]},"properties":{"frp":0.4,"hours":7.9,"at":"2026-08-06T23:24Z"}},{"type":"Feature","geometry":{"type":"Point","coordinates":[30.955,47.776]},"properties":{"frp":1.1,"hours":7.9,"at":"2026-08-06T23:24Z"}},{"type":"Feature","geometry":{"type":"Point","coordinates":[31.429,47.985]},"properties":{"frp":1.2,"hours":7.9,"at":"2026-08-06T23:24Z"}},{"type":"Feature","geometry":{"type":"Point","coordinates":[31.302,47.986]},"properties":{"frp":1.3,"hours":7.9,"at":"2026-08-06T23:24Z"}},{"type":"Feature","geometry":{"type":"Point","coordinates":[31.43,47.99]},"properties":{"frp":1.1,"hours":7.9,"at":"2026-08-06T23:24Z"}},{"type":"Feature","geometry":{"type":"Point","coordinates":[28.985,48.074]},"properties":{"frp":0.4,"hours":7.9,"at":"2026-08-06T23:24Z"}},{"type":"Feature","geometry":{"type":"Point","coordinates":[31.28,48.099]},"properties":{"frp":0.5,"hours":7.9,"at":"2026-08-06T23:24Z"}},{"type":"Feature","geometry":{"type":"Point","coordinates":[31.364,49.976]},"properties":{"frp":2.2,"hours":7.9,"at":"2026-08-06T23:24Z"}},{"type":"Feature","geometry":{"type":"Point","coordinates":[31.357,49.976]},"properties":{"frp":3.5,"hours":7.9,"at":"2026-08-06T23:24Z"}},{"type":"Feature","geometry":{"type":"Point","coordinates":[29.966,50.072]},"properties":{"frp":3.8,"hours":7.9,"at":"2026-08-06T23:24Z"}},{"type":"Feature","geometry":{"type":"Point","coordinates":[30.313,50.435]},"properties":{"frp":0.7,"hours":7.9,"at":"2026-08-06T23:24Z"}},{"type":"Feature","geometry":{"type":"Point","coordinates":[33.35,38.216]},"properties":{"frp":11.8,"hours":7.9,"at":"2026-08-06T23:26Z"}},{"type":"Feature","geometry":{"type":"Point","coordinates":[32.059,38.637]},"properties":{"frp":0.4,"hours":7.9,"at":"2026-08-06T23:26Z"}},{"type":"Feature","geometry":{"type":"Point","coordinates":[32.06,38.641]},"properties":{"frp":1.7,"hours":7.9,"at":"2026-08-06T23:26Z"}},{"type":"Feature","geometry":{"type":"Point","coordinates":[32.055,38.641]},"properties":{"frp":2.7,"hours":7.9,"at":"2026-08-06T23:26Z"}},{"type":"Feature","geometry":{"type":"Point","coordinates":[32.394,38.844]},"properties":{"frp":1.1,"hours":7.9,"at":"2026-08-06T23:26Z"}},{"type":"Feature","geometry":{"type":"Point","coordinates":[32.389,38.844]},"properties":{"frp":1.1,"hours":7.9,"at":"2026-08-06T23:26Z"}},{"type":"Feature","geometry":{"type":"Point","coordinates":[32.385,38.844]},"properties":{"frp":1.7,"hours":7.9,"at":"2026-08-06T23:26Z"}},{"type":"Feature","geometry":{"type":"Point","coordinates":[33.601,39.632]},"properties":{"frp":1.9,"hours":7.9,"at":"2026-08-06T23:26Z"}},{"type":"Feature","geometry":{"type":"Point","coordinates":[33.603,39.634]},"properties":{"frp":2.0,"hours":7.9,"at":"2026-08-06T23:26Z"}},{"type":"Feature","geometry":{"type":"Point","coordinates":[33.837,39.728]},"properties":{"frp":2.4,"hours":7.9,"at":"2026-08-06T23:26Z"}},{"type":"Feature","geometry":{"type":"Point","coordinates":[27.504,41.636]},"properties":{"frp":0.7,"hours":7.9,"at":"2026-08-06T23:26Z"}},{"type":"Feature","geometry":{"type":"Point","coordinates":[31.202,42.858]},"properties":{"frp":1.5,"hours":7.9,"at":"2026-08-06T23:26Z"}},{"type":"Feature","geometry":{"type":"Point","coordinates":[23.259,43.905]},"properties":{"frp":1.4,"hours":7.9,"at":"2026-08-06T23:26Z"}},{"type":"Feature","geometry":{"type":"Point","coordinates":[23.263,43.906]},"properties":{"frp":1.3,"hours":7.9,"at":"2026-08-06T23:26Z"}},{"type":"Feature","geometry":{"type":"Point","coordinates":[23.259,43.912]},"properties":{"frp":1.4,"hours":7.9,"at":"2026-08-06T23:26Z"}},{"type":"Feature","geometry":{"type":"Point","coordinates":[23.154,43.967]},"properties":{"frp":2.3,"hours":7.9,"at":"2026-08-06T23:26Z"}},{"type":"Feature","geometry":{"type":"Point","coordinates":[23.163,43.967]},"properties":{"frp":1.1,"hours":7.9,"at":"2026-08-06T23:26Z"}},{"type":"Feature","geometry":{"type":"Point","coordinates":[29.302,45.595]},"properties":{"frp":0.9,"hours":7.9,"at":"2026-08-06T23:26Z"}},{"type":"Feature","geometry":{"type":"Point","coordinates":[28.8,45.666]},"properties":{"frp":1.1,"hours":7.9,"at":"2026-08-06T23:26Z"}},{"type":"Feature","geometry":{"type":"Point","coordinates":[28.795,45.667]},"properties":{"frp":1.1,"hours":7.9,"at":"2026-08-06T23:26Z"}},{"type":"Feature","geometry":{"type":"Point","coordinates":[28.791,45.672]},"properties":{"frp":0.7,"hours":7.9,"at":"2026-08-06T23:26Z"}},{"type":"Feature","geometry":{"type":"Point","coordinates":[29.365,45.871]},"properties":{"frp":1.2,"hours":7.9,"at":"2026-08-06T23:26Z"}},{"type":"Feature","geometry":{"type":"Point","coordinates":[32.685,37.896]},"properties":{"frp":0.6,"hours":7.8,"at":"2026-08-06T23:29Z"}},{"type":"Feature","geometry":{"type":"Point","coordinates":[23.634,38.075]},"properties":{"frp":1.3,"hours":7.8,"at":"2026-08-06T23:29Z"}},{"type":"Feature","geometry":{"type":"Point","coordinates":[31.713,57.427]},"properties":{"frp":4.2,"hours":47.2,"at":"2026-08-05T08:03Z"}},{"type":"Feature","geometry":{"type":"Point","coordinates":[32.388,57.608]},"properties":{"frp":4.7,"hours":47.2,"at":"2026-08-05T08:03Z"}},{"type":"Feature","geometry":{"type":"Point","coordinates":[33.61,47.11]},"properties":{"frp":67.2,"hours":47.2,"at":"2026-08-05T08:05Z"}},{"type":"Feature","geometry":{"type":"Point","coordinates":[33.619,47.111]},"properties":{"frp":77.5,"hours":47.2,"at":"2026-08-05T08:05Z"}},{"type":"Feature","geometry":{"type":"Point","coordinates":[18.113,40.429]},"properties":{"frp":7.5,"hours":47.2,"at":"2026-08-05T08:07Z"}},{"type":"Feature","geometry":{"type":"Point","coordinates":[19.773,40.65]},"properties":{"frp":13.9,"hours":47.2,"at":"2026-08-05T08:07Z"}},{"type":"Feature","geometry":{"type":"Point","coordinates":[16.088,40.668]},"properties":{"frp":6.9,"hours":47.2,"at":"2026-08-05T08:07Z"}},{"type":"Feature","geometry":{"type":"Point","coordinates":[15.226,41.779]},"properties":{"frp":10.6,"hours":47.2,"at":"2026-08-05T08:07Z"}},{"type":"Feature","geometry":{"type":"Point","coordinates":[21.396,42.04]},"properties":{"frp":13.3,"hours":47.2,"at":"2026-08-05T08:07Z"}},{"type":"Feature","geometry":{"type":"Point","coordinates":[24.283,42.162]},"properties":{"frp":24.4,"hours":47.2,"at":"2026-08-05T08:07Z"}},{"type":"Feature","geometry":{"type":"Point","coordinates":[20.777,42.301]},"properties":{"frp":6.8,"hours":47.2,"at":"2026-08-05T08:07Z"}},{"type":"Feature","geometry":{"type":"Point","coordinates":[18.303,42.634]},"properties":{"frp":8.8,"hours":47.2,"at":"2026-08-05T08:07Z"}},{"type":"Feature","geometry":{"type":"Point","coordinates":[18.291,42.636]},"properties":{"frp":32.4,"hours":47.2,"at":"2026-08-05T08:07Z"}},{"type":"Feature","geometry":{"type":"Point","coordinates":[18.278,42.638]},"properties":{"frp":7.1,"hours":47.2,"at":"2026-08-05T08:07Z"}},{"type":"Feature","geometry":{"type":"Point","coordinates":[25.327,44.345]},"properties":{"frp":19.5,"hours":47.2,"at":"2026-08-05T08:07Z"}},{"type":"Feature","geometry":{"type":"Point","coordinates":[16.645,44.637]},"properties":{"frp":8.1,"hours":47.2,"at":"2026-08-05T08:07Z"}},{"type":"Feature","geometry":{"type":"Point","coordinates":[19.927,44.841]},"properties":{"frp":8.5,"hours":47.2,"at":"2026-08-05T08:07Z"}},{"type":"Feature","geometry":{"type":"Point","coordinates":[21.117,45.959]},"properties":{"frp":15.6,"hours":47.2,"at":"2026-08-05T08:07Z"}},{"type":"Feature","geometry":{"type":"Point","coordinates":[21.102,45.962]},"properties":{"frp":11.8,"hours":47.2,"at":"2026-08-05T08:07Z"}},{"type":"Feature","geometry":{"type":"Point","coordinates":[29.328,46.047]},"properties":{"frp":78.2,"hours":47.2,"at":"2026-08-05T08:07Z"}},{"type":"Feature","geometry":{"type":"Point","coordinates":[29.334,46.049]},"properties":{"frp":87.5,"hours":47.2,"at":"2026-08-05T08:07Z"}},{"type":"Feature","geometry":{"type":"Point","coordinates":[15.146,37.785]},"properties":{"frp":13.1,"hours":47.1,"at":"2026-08-05T08:09Z"}},{"type":"Feature","geometry":{"type":"Point","coordinates":[16.209,38.981]},"properties":{"frp":7.4,"hours":47.1,"at":"2026-08-05T08:09Z"}},{"type":"Feature","geometry":{"type":"Point","coordinates":[16.211,38.99]},"properties":{"frp":9.6,"hours":47.1,"at":"2026-08-05T08:09Z"}},{"type":"Feature","geometry":{"type":"Point","coordinates":[16.236,38.996]},"properties":{"frp":6.7,"hours":47.1,"at":"2026-08-05T08:09Z"}},{"type":"Feature","geometry":{"type":"Point","coordinates":[-3.432,51.669]},"properties":{"frp":4.6,"hours":45.6,"at":"2026-08-05T09:43Z"}},{"type":"Feature","geometry":{"type":"Point","coordinates":[-8.873,38.619]},"properties":{"frp":8.1,"hours":45.5,"at":"2026-08-05T09:47Z"}},{"type":"Feature","geometry":{"type":"Point","coordinates":[-8.884,38.621]},"properties":{"frp":43.6,"hours":45.5,"at":"2026-08-05T09:47Z"}},{"type":"Feature","geometry":{"type":"Point","coordinates":[-6.099,39.945]},"properties":{"frp":8.6,"hours":45.5,"at":"2026-08-05T09:47Z"}},{"type":"Feature","geometry":{"type":"Point","coordinates":[-3.648,42.358]},"properties":{"frp":8.3,"hours":45.5,"at":"2026-08-05T09:47Z"}},{"type":"Feature","geometry":{"type":"Point","coordinates":[-3.725,42.373]},"properties":{"frp":8.1,"hours":45.5,"at":"2026-08-05T09:47Z"}},{"type":"Feature","geometry":{"type":"Point","coordinates":[32.462,39.801]},"properties":{"frp":32.9,"hours":42.7,"at":"2026-08-05T12:38Z"}},{"type":"Feature","geometry":{"type":"Point","coordinates":[32.489,39.817]},"properties":{"frp":11.4,"hours":42.7,"at":"2026-08-05T12:38Z"}},{"type":"Feature","geometry":{"type":"Point","coordinates":[32.54,39.962]},"properties":{"frp":14.2,"hours":42.7,"at":"2026-08-05T12:38Z"}},{"type":"Feature","geometry":{"type":"Point","coordinates":[27.779,40.195]},"properties":{"frp":32.0,"hours":42.7,"at":"2026-08-05T12:38Z"}},{"type":"Feature","geometry":{"type":"Point","coordinates":[28.95,40.23]},"properties":{"frp":20.1,"hours":42.7,"at":"2026-08-05T12:38Z"}},{"type":"Feature","geometry":{"type":"Point","coordinates":[28.658,40.246]},"properties":{"frp":14.8,"hours":42.7,"at":"2026-08-05T12:38Z"}},{"type":"Feature","geometry":{"type":"Point","coordinates":[28.65,40.248]},"properties":{"frp":16.6,"hours":42.7,"at":"2026-08-05T12:38Z"}},{"type":"Feature","geometry":{"type":"Point","coordinates":[30.515,40.949]},"properties":{"frp":10.6,"hours":42.7,"at":"2026-08-05T12:38Z"}},{"type":"Feature","geometry":{"type":"Point","coordinates":[30.51,40.949]},"properties":{"frp":11.1,"hours":42.7,"at":"2026-08-05T12:38Z"}},{"type":"Feature","geometry":{"type":"Point","coordinates":[27.954,41.282]},"properties":{"frp":28.4,"hours":42.7,"at":"2026-08-05T12:38Z"}},{"type":"Feature","geometry":{"type":"Point","coordinates":[27.979,41.287]},"properties":{"frp":33.9,"hours":42.7,"at":"2026-08-05T12:38Z"}},{"type":"Feature","geometry":{"type":"Point","coordinates":[27.32,41.392]},"properties":{"frp":97.1,"hours":42.7,"at":"2026-08-05T12:38Z"}},{"type":"Feature","geometry":{"type":"Point","coordinates":[27.323,41.395]},"properties":{"frp":130.5,"hours":42.7,"at":"2026-08-05T12:38Z"}},{"type":"Feature","geometry":{"type":"Point","coordinates":[27.347,41.398]},"properties":{"frp":24.2,"hours":42.7,"at":"2026-08-05T12:38Z"}},{"type":"Feature","geometry":{"type":"Point","coordinates":[26.654,42.177]},"properties":{"frp":25.2,"hours":42.7,"at":"2026-08-05T12:38Z"}},{"type":"Feature","geometry":{"type":"Point","coordinates":[24.523,44.197]},"properties":{"frp":32.4,"hours":42.6,"at":"2026-08-05T12:40Z"}},{"type":"Feature","geometry":{"type":"Point","coordinates":[22.695,44.716]},"properties":{"frp":83.5,"hours":42.6,"at":"2026-08-05T12:40Z"}},{"type":"Feature","geometry":{"type":"Point","coordinates":[22.702,44.719]},"properties":{"frp":106.0,"hours":42.6,"at":"2026-08-05T12:40Z"}},{"type":"Feature","geometry":{"type":"Point","coordinates":[22.736,44.727]},"properties":{"frp":56.2,"hours":42.6,"at":"2026-08-05T12:40Z"}},{"type":"Feature","geometry":{"type":"Point","coordinates":[21.121,44.837]},"properties":{"frp":187.4,"hours":42.6,"at":"2026-08-05T12:40Z"}},{"type":"Feature","geometry":{"type":"Point","coordinates":[21.124,44.848]},"properties":{"frp":1062.0,"hours":42.6,"at":"2026-08-05T12:40Z"}},{"type":"Feature","geometry":{"type":"Point","coordinates":[21.169,44.851]},"properties":{"frp":196.4,"hours":42.6,"at":"2026-08-05T12:40Z"}},{"type":"Feature","geometry":{"type":"Point","coordinates":[21.113,44.853]},"properties":{"frp":595.0,"hours":42.6,"at":"2026-08-05T12:40Z"}},{"type":"Feature","geometry":{"type":"Point","coordinates":[21.172,44.861]},"properties":{"frp":286.4,"hours":42.6,"at":"2026-08-05T12:40Z"}},{"type":"Feature","geometry":{"type":"Point","coordinates":[21.16,44.866]},"properties":{"frp":279.8,"hours":42.6,"at":"2026-08-05T12:40Z"}},{"type":"Feature","geometry":{"type":"Point","coordinates":[20.052,44.907]},"properties":{"frp":84.8,"hours":42.6,"at":"2026-08-05T12:40Z"}},{"type":"Feature","geometry":{"type":"Point","coordinates":[20.042,44.908]},"properties":{"frp":68.0,"hours":42.6,"at":"2026-08-05T12:40Z"}},{"type":"Feature","geometry":{"type":"Point","coordinates":[32.95,46.289]},"properties":{"frp":27.5,"hours":42.6,"at":"2026-08-05T12:40Z"}},{"type":"Feature","geometry":{"type":"Point","coordinates":[32.367,46.303]},"properties":{"frp":17.3,"hours":42.6,"at":"2026-08-05T12:40Z"}},{"type":"Feature","geometry":{"type":"Point","coordinates":[32.371,46.332]},"properties":{"frp":17.0,"hours":42.6,"at":"2026-08-05T12:40Z"}},{"type":"Feature","geometry":{"type":"Point","coordinates":[33.795,46.351]},"properties":{"frp":13.3,"hours":42.6,"at":"2026-08-05T12:40Z"}},{"type":"Feature","geometry":{"type":"Point","coordinates":[32.132,46.385]},"properties":{"frp":16.7,"hours":42.6,"at":"2026-08-05T12:40Z"}},{"type":"Feature","geometry":{"type":"Point","coordinates":[32.146,46.387]},"properties":{"frp":14.3,"hours":42.6,"at":"2026-08-05T12:40Z"}},{"type":"Feature","geometry":{"type":"Point","coordinates":[32.11,46.466]},"properties":{"frp":12.4,"hours":42.6,"at":"2026-08-05T12:40Z"}},{"type":"Feature","geometry":{"type":"Point","coordinates":[32.444,46.466]},"properties":{"frp":16.9,"hours":42.6,"at":"2026-08-05T12:40Z"}},{"type":"Feature","geometry":{"type":"Point","coordinates":[32.124,46.468]},"properties":{"frp":19.6,"hours":42.6,"at":"2026-08-05T12:40Z"}},{"type":"Feature","geometry":{"type":"Point","coordinates":[32.454,46.477]},"properties":{"frp":72.5,"hours":42.6,"at":"2026-08-05T12:40Z"}},{"type":"Feature","geometry":{"type":"Point","coordinates":[32.468,46.479]},"properties":{"frp":42.7,"hours":42.6,"at":"2026-08-05T12:40Z"}},{"type":"Feature","geometry":{"type":"Point","coordinates":[32.786,46.486]},"properties":{"frp":49.7,"hours":42.6,"at":"2026-08-05T12:40Z"}},{"type":"Feature","geometry":{"type":"Point","coordinates":[31.789,46.494]},"properties":{"frp":35.7,"hours":42.6,"at":"2026-08-05T12:40Z"}},{"type":"Feature","geometry":{"type":"Point","coordinates":[32.783,46.495]},"properties":{"frp":52.9,"hours":42.6,"at":"2026-08-05T12:40Z"}},{"type":"Feature","geometry":{"type":"Point","coordinates":[31.803,46.496]},"properties":{"frp":10.9,"hours":42.6,"at":"2026-08-05T12:40Z"}},{"type":"Feature","geometry":{"type":"Point","coordinates":[32.78,46.503]},"properties":{"frp":16.9,"hours":42.6,"at":"2026-08-05T12:40Z"}},{"type":"Feature","geometry":{"type":"Point","coordinates":[32.793,46.506]},"properties":{"frp":13.4,"hours":42.6,"at":"2026-08-05T12:40Z"}},{"type":"Feature","geometry":{"type":"Point","coordinates":[33.233,46.512]},"properties":{"frp":15.5,"hours":42.6,"at":"2026-08-05T12:40Z"}},{"type":"Feature","geometry":{"type":"Point","coordinates":[32.61,46.532]},"properties":{"frp":51.1,"hours":42.6,"at":"2026-08-05T12:40Z"}},{"type":"Feature","geometry":{"type":"Point","coordinates":[32.623,46.534]},"properties":{"frp":17.2,"hours":42.6,"at":"2026-08-05T12:40Z"}},{"type":"Feature","geometry":{"type":"Point","coordinates":[32.891,46.56]},"properties":{"frp":10.9,"hours":42.6,"at":"2026-08-05T12:40Z"}},{"type":"Feature","geometry":{"type":"Point","coordinates":[32.872,46.576]},"properties":{"frp":10.8,"hours":42.6,"at":"2026-08-05T12:40Z"}},{"type":"Feature","geometry":{"type":"Point","coordinates":[32.868,46.584]},"properties":{"frp":29.6,"hours":42.6,"at":"2026-08-05T12:40Z"}},{"type":"Feature","geometry":{"type":"Point","coordinates":[32.881,46.587]},"properties":{"frp":16.4,"hours":42.6,"at":"2026-08-05T12:40Z"}},{"type":"Feature","geometry":{"type":"Point","coordinates":[32.716,46.587]},"properties":{"frp":8.5,"hours":42.6,"at":"2026-08-05T12:40Z"}},{"type":"Feature","geometry":{"type":"Point","coordinates":[32.729,46.589]},"properties":{"frp":36.5,"hours":42.6,"at":"2026-08-05T12:40Z"}},{"type":"Feature","geometry":{"type":"Point","coordinates":[32.67,46.598]},"properties":{"frp":30.4,"hours":42.6,"at":"2026-08-05T12:40Z"}},{"type":"Feature","geometry":{"type":"Point","coordinates":[33.137,46.74]},"properties":{"frp":11.0,"hours":42.6,"at":"2026-08-05T12:40Z"}},{"type":"Feature","geometry":{"type":"Point","coordinates":[33.692,46.745]},"properties":{"frp":12.2,"hours":42.6,"at":"2026-08-05T12:40Z"}},{"type":"Feature","geometry":{"type":"Point","coordinates":[33.52,46.765]},"properties":{"frp":30.8,"hours":42.6,"at":"2026-08-05T12:40Z"}},{"type":"Feature","geometry":{"type":"Point","coordinates":[33.532,46.767]},"properties":{"frp":22.4,"hours":42.6,"at":"2026-08-05T12:40Z"}},{"type":"Feature","geometry":{"type":"Point","coordinates":[30.157,46.77]},"properties":{"frp":35.4,"hours":42.6,"at":"2026-08-05T12:40Z"}},{"type":"Feature","geometry":{"type":"Point","coordinates":[33.269,46.789]},"properties":{"frp":11.1,"hours":42.6,"at":"2026-08-05T12:40Z"}},{"type":"Feature","geometry":{"type":"Point","coordinates":[32.971,46.807]},"properties":{"frp":10.9,"hours":42.6,"at":"2026-08-05T12:40Z"}},{"type":"Feature","geometry":{"type":"Point","coordinates":[32.964,46.824]},"properties":{"frp":12.3,"hours":42.6,"at":"2026-08-05T12:40Z"}},{"type":"Feature","geometry":{"type":"Point","coordinates":[32.977,46.826]},"properties":{"frp":12.2,"hours":42.6,"at":"2026-08-05T12:40Z"}},{"type":"Feature","geometry":{"type":"Point","coordinates":[32.843,46.842]},"properties":{"frp":9.0,"hours":42.6,"at":"2026-08-05T12:40Z"}},{"type":"Feature","geometry":{"type":"Point","coordinates":[33.667,46.843]},"properties":{"frp":17.2,"hours":42.6,"at":"2026-08-05T12:40Z"}},{"type":"Feature","geometry":{"type":"Point","coordinates":[33.158,46.958]},"properties":{"frp":20.6,"hours":42.6,"at":"2026-08-05T12:40Z"}},{"type":"Feature","geometry":{"type":"Point","coordinates":[33.155,46.966]},"properties":{"frp":15.0,"hours":42.6,"at":"2026-08-05T12:40Z"}},{"type":"Feature","geometry":{"type":"Point","coordinates":[33.167,46.969]},"properties":{"frp":22.1,"hours":42.6,"at":"2026-08-05T12:40Z"}},{"type":"Feature","geometry":{"type":"Point","coordinates":[33.18,46.971]},"properties":{"frp":41.4,"hours":42.6,"at":"2026-08-05T12:40Z"}},{"type":"Feature","geometry":{"type":"Point","coordinates":[33.126,46.992]},"properties":{"frp":73.0,"hours":42.6,"at":"2026-08-05T12:40Z"}},{"type":"Feature","geometry":{"type":"Point","coordinates":[33.139,46.994]},"properties":{"frp":54.4,"hours":42.6,"at":"2026-08-05T12:40Z"}},{"type":"Feature","geometry":{"type":"Point","coordinates":[33.123,47.0]},"properties":{"frp":234.6,"hours":42.6,"at":"2026-08-05T12:40Z"}},{"type":"Feature","geometry":{"type":"Point","coordinates":[33.548,47.001]},"properties":{"frp":45.6,"hours":42.6,"at":"2026-08-05T12:40Z"}},{"type":"Feature","geometry":{"type":"Point","coordinates":[31.472,47.002]},"properties":{"frp":19.0,"hours":42.6,"at":"2026-08-05T12:40Z"}},{"type":"Feature","geometry":{"type":"Point","coordinates":[33.136,47.002]},"properties":{"frp":215.4,"hours":42.6,"at":"2026-08-05T12:40Z"}},{"type":"Feature","geometry":{"type":"Point","coordinates":[33.56,47.003]},"properties":{"frp":15.6,"hours":42.6,"at":"2026-08-05T12:40Z"}},{"type":"Feature","geometry":{"type":"Point","coordinates":[33.545,47.01]},"properties":{"frp":8.1,"hours":42.6,"at":"2026-08-05T12:40Z"}},{"type":"Feature","geometry":{"type":"Point","coordinates":[33.557,47.012]},"properties":{"frp":6.9,"hours":42.6,"at":"2026-08-05T12:40Z"}},{"type":"Feature","geometry":{"type":"Point","coordinates":[33.748,47.406]},"properties":{"frp":17.2,"hours":42.6,"at":"2026-08-05T12:40Z"}},{"type":"Feature","geometry":{"type":"Point","coordinates":[30.044,47.431]},"properties":{"frp":8.3,"hours":42.6,"at":"2026-08-05T12:40Z"}},{"type":"Feature","geometry":{"type":"Point","coordinates":[32.323,47.468]},"properties":{"frp":23.1,"hours":42.6,"at":"2026-08-05T12:40Z"}},{"type":"Feature","geometry":{"type":"Point","coordinates":[32.336,47.47]},"properties":{"frp":9.6,"hours":42.6,"at":"2026-08-05T12:40Z"}},{"type":"Feature","geometry":{"type":"Point","coordinates":[31.312,47.519]},"properties":{"frp":19.9,"hours":42.6,"at":"2026-08-05T12:40Z"}},{"type":"Feature","geometry":{"type":"Point","coordinates":[30.321,47.547]},"properties":{"frp":7.4,"hours":42.6,"at":"2026-08-05T12:40Z"}},{"type":"Feature","geometry":{"type":"Point","coordinates":[33.419,47.645]},"properties":{"frp":11.3,"hours":42.6,"at":"2026-08-05T12:40Z"}},{"type":"Feature","geometry":{"type":"Point","coordinates":[33.689,48.005]},"properties":{"frp":17.0,"hours":42.6,"at":"2026-08-05T12:40Z"}},{"type":"Feature","geometry":{"type":"Point","coordinates":[33.847,48.793]},"properties":{"frp":7.9,"hours":42.6,"at":"2026-08-05T12:40Z"}},{"type":"Feature","geometry":{"type":"Point","coordinates":[33.417,48.83]},"properties":{"frp":11.7,"hours":42.6,"at":"2026-08-05T12:40Z"}},{"type":"Feature","geometry":{"type":"Point","coordinates":[29.779,48.421]},"properties":{"frp":9.6,"hours":42.6,"at":"2026-08-05T12:42Z"}},{"type":"Feature","geometry":{"type":"Point","coordinates":[29.795,48.424]},"properties":{"frp":18.0,"hours":42.6,"at":"2026-08-05T12:42Z"}},{"type":"Feature","geometry":{"type":"Point","coordinates":[32.178,48.981]},"properties":{"frp":12.5,"hours":42.6,"at":"2026-08-05T12:42Z"}},{"type":"Feature","geometry":{"type":"Point","coordinates":[33.199,49.535]},"properties":{"frp":4.5,"hours":42.6,"at":"2026-08-05T12:42Z"}},{"type":"Feature","geometry":{"type":"Point","coordinates":[33.707,49.572]},"properties":{"frp":7.2,"hours":42.6,"at":"2026-08-05T12:42Z"}},{"type":"Feature","geometry":{"type":"Point","coordinates":[26.144,50.41]},"properties":{"frp":22.3,"hours":42.6,"at":"2026-08-05T12:42Z"}},{"type":"Feature","geometry":{"type":"Point","coordinates":[33.078,52.351]},"properties":{"frp":24.1,"hours":42.6,"at":"2026-08-05T12:42Z"}},{"type":"Feature","geometry":{"type":"Point","coordinates":[33.093,52.353]},"properties":{"frp":7.6,"hours":42.6,"at":"2026-08-05T12:42Z"}},{"type":"Feature","geometry":{"type":"Point","coordinates":[33.075,52.36]},"properties":{"frp":20.1,"hours":42.6,"at":"2026-08-05T12:42Z"}},{"type":"Feature","geometry":{"type":"Point","coordinates":[33.129,52.397]},"properties":{"frp":8.7,"hours":42.6,"at":"2026-08-05T12:42Z"}},{"type":"Feature","geometry":{"type":"Point","coordinates":[33.143,52.399]},"properties":{"frp":11.3,"hours":42.6,"at":"2026-08-05T12:42Z"}},{"type":"Feature","geometry":{"type":"Point","coordinates":[5.5,36.057]},"properties":{"frp":25.3,"hours":41.0,"at":"2026-08-05T14:16Z"}},{"type":"Feature","geometry":{"type":"Point","coordinates":[5.505,36.057]},"properties":{"frp":25.8,"hours":41.0,"at":"2026-08-05T14:16Z"}},{"type":"Feature","geometry":{"type":"Point","coordinates":[8.986,36.456]},"properties":{"frp":757.6,"hours":41.0,"at":"2026-08-05T14:16Z"}},{"type":"Feature","geometry":{"type":"Point","coordinates":[8.968,36.463]},"properties":{"frp":88.3,"hours":41.0,"at":"2026-08-05T14:16Z"}},{"type":"Feature","geometry":{"type":"Point","coordinates":[8.982,36.465]},"properties":{"frp":1007.8,"hours":41.0,"at":"2026-08-05T14:16Z"}},{"type":"Feature","geometry":{"type":"Point","coordinates":[8.997,36.468]},"properties":{"frp":32.5,"hours":41.0,"at":"2026-08-05T14:16Z"}},{"type":"Feature","geometry":{"type":"Point","coordinates":[14.386,37.1]},"properties":{"frp":21.6,"hours":41.0,"at":"2026-08-05T14:16Z"}},{"type":"Feature","geometry":{"type":"Point","coordinates":[14.397,37.101]},"properties":{"frp":18.7,"hours":41.0,"at":"2026-08-05T14:16Z"}},{"type":"Feature","geometry":{"type":"Point","coordinates":[14.641,37.115]},"properties":{"frp":21.8,"hours":41.0,"at":"2026-08-05T14:16Z"}},{"type":"Feature","geometry":{"type":"Point","coordinates":[14.574,37.264]},"properties":{"frp":10.5,"hours":41.0,"at":"2026-08-05T14:16Z"}},{"type":"Feature","geometry":{"type":"Point","coordinates":[14.585,37.265]},"properties":{"frp":8.8,"hours":41.0,"at":"2026-08-05T14:16Z"}},{"type":"Feature","geometry":{"type":"Point","coordinates":[14.572,37.272]},"properties":{"frp":12.4,"hours":41.0,"at":"2026-08-05T14:16Z"}},{"type":"Feature","geometry":{"type":"Point","coordinates":[14.583,37.274]},"properties":{"frp":33.2,"hours":41.0,"at":"2026-08-05T14:16Z"}},{"type":"Feature","geometry":{"type":"Point","coordinates":[14.595,37.275]},"properties":{"frp":7.5,"hours":41.0,"at":"2026-08-05T14:16Z"}},{"type":"Feature","geometry":{"type":"Point","coordinates":[16.178,38.684]},"properties":{"frp":32.9,"hours":41.0,"at":"2026-08-05T14:16Z"}},{"type":"Feature","geometry":{"type":"Point","coordinates":[9.009,39.485]},"properties":{"frp":9.0,"hours":41.0,"at":"2026-08-05T14:16Z"}},{"type":"Feature","geometry":{"type":"Point","coordinates":[15.891,39.549]},"properties":{"frp":17.0,"hours":41.0,"at":"2026-08-05T14:16Z"}},{"type":"Feature","geometry":{"type":"Point","coordinates":[18.347,39.974]},"properties":{"frp":15.2,"hours":41.0,"at":"2026-08-05T14:16Z"}},{"type":"Feature","geometry":{"type":"Point","coordinates":[18.365,39.976]},"properties":{"frp":42.8,"hours":41.0,"at":"2026-08-05T14:16Z"}},{"type":"Feature","geometry":{"type":"Point","coordinates":[18.141,40.047]},"properties":{"frp":21.5,"hours":41.0,"at":"2026-08-05T14:16Z"}},{"type":"Feature","geometry":{"type":"Point","coordinates":[18.159,40.048]},"properties":{"frp":19.1,"hours":41.0,"at":"2026-08-05T14:16Z"}},{"type":"Feature","geometry":{"type":"Point","coordinates":[12.434,41.822]},"properties":{"frp":12.5,"hours":41.0,"at":"2026-08-05T14:16Z"}},{"type":"Feature","geometry":{"type":"Point","coordinates":[12.503,42.026]},"properties":{"frp":9.6,"hours":41.0,"at":"2026-08-05T14:16Z"}},{"type":"Feature","geometry":{"type":"Point","coordinates":[12.367,42.479]},"properties":{"frp":20.9,"hours":41.0,"at":"2026-08-05T14:16Z"}},{"type":"Feature","geometry":{"type":"Point","coordinates":[12.203,44.353]},"properties":{"frp":7.9,"hours":41.0,"at":"2026-08-05T14:18Z"}},{"type":"Feature","geometry":{"type":"Point","coordinates":[8.175,45.714]},"properties":{"frp":25.8,"hours":41.0,"at":"2026-08-05T14:18Z"}},{"type":"Feature","geometry":{"type":"Point","coordinates":[8.179,45.724]},"properties":{"frp":14.3,"hours":41.0,"at":"2026-08-05T14:18Z"}},{"type":"Feature","geometry":{"type":"Point","coordinates":[8.213,45.786]},"properties":{"frp":6.1,"hours":41.0,"at":"2026-08-05T14:18Z"}},{"type":"Feature","geometry":{"type":"Point","coordinates":[8.627,46.116]},"properties":{"frp":13.6,"hours":41.0,"at":"2026-08-05T14:18Z"}},{"type":"Feature","geometry":{"type":"Point","coordinates":[6.929,46.813]},"properties":{"frp":8.7,"hours":41.0,"at":"2026-08-05T14:18Z"}},{"type":"Feature","geometry":{"type":"Point","coordinates":[16.131,47.767]},"properties":{"frp":125.9,"hours":41.0,"at":"2026-08-05T14:18Z"}},{"type":"Feature","geometry":{"type":"Point","coordinates":[16.125,47.768]},"properties":{"frp":33.2,"hours":41.0,"at":"2026-08-05T14:18Z"}},{"type":"Feature","geometry":{"type":"Point","coordinates":[16.151,47.768]},"properties":{"frp":490.0,"hours":41.0,"at":"2026-08-05T14:18Z"}},{"type":"Feature","geometry":{"type":"Point","coordinates":[16.146,47.77]},"properties":{"frp":1137.2,"hours":41.0,"at":"2026-08-05T14:18Z"}},{"type":"Feature","geometry":{"type":"Point","coordinates":[16.166,47.772]},"properties":{"frp":69.4,"hours":41.0,"at":"2026-08-05T14:18Z"}},{"type":"Feature","geometry":{"type":"Point","coordinates":[16.143,47.781]},"properties":{"frp":96.9,"hours":41.0,"at":"2026-08-05T14:18Z"}},{"type":"Feature","geometry":{"type":"Point","coordinates":[2.886,48.701]},"properties":{"frp":22.1,"hours":41.0,"at":"2026-08-05T14:18Z"}},{"type":"Feature","geometry":{"type":"Point","coordinates":[7.42,49.637]},"properties":{"frp":34.2,"hours":41.0,"at":"2026-08-05T14:18Z"}},{"type":"Feature","geometry":{"type":"Point","coordinates":[12.207,52.629]},"properties":{"frp":14.8,"hours":41.0,"at":"2026-08-05T14:20Z"}},{"type":"Feature","geometry":{"type":"Point","coordinates":[-2.266,52.608]},"properties":{"frp":13.7,"hours":40.9,"at":"2026-08-05T14:22Z"}},{"type":"Feature","geometry":{"type":"Point","coordinates":[-2.036,52.76]},"properties":{"frp":107.3,"hours":40.9,"at":"2026-08-05T14:22Z"}},{"type":"Feature","geometry":{"type":"Point","coordinates":[-6.749,37.242]},"properties":{"frp":38.4,"hours":39.4,"at":"2026-08-05T15:54Z"}},{"type":"Feature","geometry":{"type":"Point","coordinates":[-6.734,37.244]},"properties":{"frp":98.3,"hours":39.4,"at":"2026-08-05T15:54Z"}},{"type":"Feature","geometry":{"type":"Point","coordinates":[-6.751,37.253]},"properties":{"frp":39.2,"hours":39.4,"at":"2026-08-05T15:54Z"}},{"type":"Feature","geometry":{"type":"Point","coordinates":[-6.735,37.254]},"properties":{"frp":476.1,"hours":39.4,"at":"2026-08-05T15:54Z"}},{"type":"Feature","geometry":{"type":"Point","coordinates":[-6.72,37.256]},"properties":{"frp":173.8,"hours":39.4,"at":"2026-08-05T15:54Z"}},{"type":"Feature","geometry":{"type":"Point","coordinates":[28.639,45.9]},"properties":{"frp":26.2,"hours":37.7,"at":"2026-08-05T17:34Z"}},{"type":"Feature","geometry":{"type":"Point","coordinates":[30.186,46.025]},"properties":{"frp":52.6,"hours":37.7,"at":"2026-08-05T17:34Z"}},{"type":"Feature","geometry":{"type":"Point","coordinates":[33.063,46.168]},"properties":{"frp":13.6,"hours":37.7,"at":"2026-08-05T17:34Z"}},{"type":"Feature","geometry":{"type":"Point","coordinates":[33.081,46.172]},"properties":{"frp":14.9,"hours":37.7,"at":"2026-08-05T17:34Z"}},{"type":"Feature","geometry":{"type":"Point","coordinates":[33.058,46.179]},"properties":{"frp":26.5,"hours":37.7,"at":"2026-08-05T17:34Z"}},{"type":"Feature","geometry":{"type":"Point","coordinates":[32.458,46.484]},"properties":{"frp":10.3,"hours":37.7,"at":"2026-08-05T17:34Z"}},{"type":"Feature","geometry":{"type":"Point","coordinates":[32.452,46.486]},"properties":{"frp":9.2,"hours":37.7,"at":"2026-08-05T17:34Z"}},{"type":"Feature","geometry":{"type":"Point","coordinates":[32.877,46.594]},"properties":{"frp":12.4,"hours":37.7,"at":"2026-08-05T17:34Z"}},{"type":"Feature","geometry":{"type":"Point","coordinates":[33.142,46.74]},"properties":{"frp":7.8,"hours":37.7,"at":"2026-08-05T17:34Z"}},{"type":"Feature","geometry":{"type":"Point","coordinates":[33.682,46.759]},"properties":{"frp":22.6,"hours":37.7,"at":"2026-08-05T17:34Z"}},{"type":"Feature","geometry":{"type":"Point","coordinates":[33.678,46.769]},"properties":{"frp":90.9,"hours":37.7,"at":"2026-08-05T17:34Z"}},{"type":"Feature","geometry":{"type":"Point","coordinates":[30.151,46.769]},"properties":{"frp":12.8,"hours":37.7,"at":"2026-08-05T17:34Z"}},{"type":"Feature","geometry":{"type":"Point","coordinates":[33.695,46.772]},"properties":{"frp":27.3,"hours":37.7,"at":"2026-08-05T17:34Z"}},{"type":"Feature","geometry":{"type":"Point","coordinates":[33.122,46.99]},"properties":{"frp":10.8,"hours":37.7,"at":"2026-08-05T17:34Z"}},{"type":"Feature","geometry":{"type":"Point","coordinates":[33.14,46.994]},"properties":{"frp":11.5,"hours":37.7,"at":"2026-08-05T17:34Z"}},{"type":"Feature","geometry":{"type":"Point","coordinates":[33.998,47.163]},"properties":{"frp":25.9,"hours":37.7,"at":"2026-08-05T17:34Z"}},{"type":"Feature","geometry":{"type":"Point","coordinates":[33.993,47.163]},"properties":{"frp":14.3,"hours":37.7,"at":"2026-08-05T17:34Z"}},{"type":"Feature","geometry":{"type":"Point","coordinates":[30.3,47.197]},"properties":{"frp":8.7,"hours":37.7,"at":"2026-08-05T17:34Z"}},{"type":"Feature","geometry":{"type":"Point","coordinates":[32.02,47.393]},"properties":{"frp":12.6,"hours":37.7,"at":"2026-08-05T17:34Z"}},{"type":"Feature","geometry":{"type":"Point","coordinates":[30.631,47.544]},"properties":{"frp":12.2,"hours":37.7,"at":"2026-08-05T17:34Z"}},{"type":"Feature","geometry":{"type":"Point","coordinates":[30.635,47.547]},"properties":{"frp":8.9,"hours":37.7,"at":"2026-08-05T17:34Z"}},{"type":"Feature","geometry":{"type":"Point","coordinates":[31.854,47.974]},"properties":{"frp":19.9,"hours":37.7,"at":"2026-08-05T17:34Z"}},{"type":"Feature","geometry":{"type":"Point","coordinates":[31.846,47.977]},"properties":{"frp":16.9,"hours":37.7,"at":"2026-08-05T17:34Z"}},{"type":"Feature","geometry":{"type":"Point","coordinates":[29.291,48.007]},"properties":{"frp":15.3,"hours":37.7,"at":"2026-08-05T17:34Z"}},{"type":"Feature","geometry":{"type":"Point","coordinates":[29.283,48.01]},"properties":{"frp":16.2,"hours":37.7,"at":"2026-08-05T17:34Z"}},{"type":"Feature","geometry":{"type":"Point","coordinates":[24.592,49.575]},"properties":{"frp":23.1,"hours":37.7,"at":"2026-08-05T17:37Z"}},{"type":"Feature","geometry":{"type":"Point","coordinates":[24.598,49.576]},"properties":{"frp":30.2,"hours":37.7,"at":"2026-08-05T17:37Z"}},{"type":"Feature","geometry":{"type":"Point","coordinates":[24.632,49.586]},"properties":{"frp":39.2,"hours":37.7,"at":"2026-08-05T17:37Z"}},{"type":"Feature","geometry":{"type":"Point","coordinates":[24.639,49.587]},"properties":{"frp":27.2,"hours":37.7,"at":"2026-08-05T17:37Z"}},{"type":"Feature","geometry":{"type":"Point","coordinates":[32.548,51.199]},"properties":{"frp":7.3,"hours":37.7,"at":"2026-08-05T17:37Z"}},{"type":"Feature","geometry":{"type":"Point","coordinates":[32.564,51.203]},"properties":{"frp":6.6,"hours":37.7,"at":"2026-08-05T17:37Z"}},{"type":"Feature","geometry":{"type":"Point","coordinates":[8.981,36.438]},"properties":{"frp":21.9,"hours":36.1,"at":"2026-08-05T19:10Z"}},{"type":"Feature","geometry":{"type":"Point","coordinates":[8.972,36.463]},"properties":{"frp":19.9,"hours":36.1,"at":"2026-08-05T19:10Z"}},{"type":"Feature","geometry":{"type":"Point","coordinates":[8.997,36.468]},"properties":{"frp":28.7,"hours":36.1,"at":"2026-08-05T19:10Z"}},{"type":"Feature","geometry":{"type":"Point","coordinates":[15.117,37.884]},"properties":{"frp":9.5,"hours":36.1,"at":"2026-08-05T19:10Z"}},{"type":"Feature","geometry":{"type":"Point","coordinates":[14.923,38.475]},"properties":{"frp":7.9,"hours":36.1,"at":"2026-08-05T19:13Z"}},{"type":"Feature","geometry":{"type":"Point","coordinates":[16.27,38.612]},"properties":{"frp":10.4,"hours":36.1,"at":"2026-08-05T19:13Z"}},{"type":"Feature","geometry":{"type":"Point","coordinates":[16.472,40.592]},"properties":{"frp":25.7,"hours":36.1,"at":"2026-08-05T19:13Z"}},{"type":"Feature","geometry":{"type":"Point","coordinates":[16.484,40.593]},"properties":{"frp":20.9,"hours":36.1,"at":"2026-08-05T19:13Z"}},{"type":"Feature","geometry":{"type":"Point","coordinates":[19.786,40.632]},"properties":{"frp":42.2,"hours":36.1,"at":"2026-08-05T19:13Z"}},{"type":"Feature","geometry":{"type":"Point","coordinates":[19.8,40.634]},"properties":{"frp":12.5,"hours":36.1,"at":"2026-08-05T19:13Z"}},{"type":"Feature","geometry":{"type":"Point","coordinates":[19.784,40.642]},"properties":{"frp":24.9,"hours":36.1,"at":"2026-08-05T19:13Z"}},{"type":"Feature","geometry":{"type":"Point","coordinates":[19.778,40.645]},"properties":{"frp":7.3,"hours":36.1,"at":"2026-08-05T19:13Z"}},{"type":"Feature","geometry":{"type":"Point","coordinates":[19.76,40.662]},"properties":{"frp":13.9,"hours":36.1,"at":"2026-08-05T19:13Z"}},{"type":"Feature","geometry":{"type":"Point","coordinates":[16.202,40.924]},"properties":{"frp":10.2,"hours":36.1,"at":"2026-08-05T19:13Z"}},{"type":"Feature","geometry":{"type":"Point","coordinates":[16.991,40.959]},"properties":{"frp":4.5,"hours":36.1,"at":"2026-08-05T19:13Z"}},{"type":"Feature","geometry":{"type":"Point","coordinates":[15.777,41.429]},"properties":{"frp":24.1,"hours":36.1,"at":"2026-08-05T19:13Z"}},{"type":"Feature","geometry":{"type":"Point","coordinates":[15.309,41.586]},"properties":{"frp":4.2,"hours":36.1,"at":"2026-08-05T19:13Z"}},{"type":"Feature","geometry":{"type":"Point","coordinates":[21.194,42.501]},"properties":{"frp":9.1,"hours":36.1,"at":"2026-08-05T19:13Z"}},{"type":"Feature","geometry":{"type":"Point","coordinates":[18.975,42.55]},"properties":{"frp":6.3,"hours":36.1,"at":"2026-08-05T19:13Z"}},{"type":"Feature","geometry":{"type":"Point","coordinates":[20.623,43.472]},"properties":{"frp":10.5,"hours":36.1,"at":"2026-08-05T19:13Z"}},{"type":"Feature","geometry":{"type":"Point","coordinates":[21.137,44.853]},"properties":{"frp":11.1,"hours":36.1,"at":"2026-08-05T19:13Z"}},{"type":"Feature","geometry":{"type":"Point","coordinates":[21.157,44.855]},"properties":{"frp":34.1,"hours":36.1,"at":"2026-08-05T19:13Z"}},{"type":"Feature","geometry":{"type":"Point","coordinates":[21.116,44.862]},"properties":{"frp":11.8,"hours":36.1,"at":"2026-08-05T19:13Z"}},{"type":"Feature","geometry":{"type":"Point","coordinates":[21.136,44.864]},"properties":{"frp":50.8,"hours":36.1,"at":"2026-08-05T19:13Z"}},{"type":"Feature","geometry":{"type":"Point","coordinates":[21.155,44.865]},"properties":{"frp":16.3,"hours":36.1,"at":"2026-08-05T19:13Z"}},{"type":"Feature","geometry":{"type":"Point","coordinates":[21.114,44.873]},"properties":{"frp":36.0,"hours":36.1,"at":"2026-08-05T19:13Z"}},{"type":"Feature","geometry":{"type":"Point","coordinates":[21.134,44.875]},"properties":{"frp":74.9,"hours":36.1,"at":"2026-08-05T19:13Z"}},{"type":"Feature","geometry":{"type":"Point","coordinates":[21.108,44.875]},"properties":{"frp":16.5,"hours":36.1,"at":"2026-08-05T19:13Z"}},{"type":"Feature","geometry":{"type":"Point","coordinates":[21.128,44.877]},"properties":{"frp":63.6,"hours":36.1,"at":"2026-08-05T19:13Z"}},{"type":"Feature","geometry":{"type":"Point","coordinates":[21.112,44.884]},"properties":{"frp":43.9,"hours":36.1,"at":"2026-08-05T19:13Z"}},{"type":"Feature","geometry":{"type":"Point","coordinates":[21.132,44.886]},"properties":{"frp":41.3,"hours":36.1,"at":"2026-08-05T19:13Z"}},{"type":"Feature","geometry":{"type":"Point","coordinates":[21.106,44.886]},"properties":{"frp":13.7,"hours":36.1,"at":"2026-08-05T19:13Z"}},{"type":"Feature","geometry":{"type":"Point","coordinates":[21.126,44.887]},"properties":{"frp":47.1,"hours":36.1,"at":"2026-08-05T19:13Z"}},{"type":"Feature","geometry":{"type":"Point","coordinates":[19.693,44.943]},"properties":{"frp":9.1,"hours":36.1,"at":"2026-08-05T19:13Z"}},{"type":"Feature","geometry":{"type":"Point","coordinates":[8.168,45.715]},"properties":{"frp":27.1,"hours":36.0,"at":"2026-08-05T19:15Z"}},{"type":"Feature","geometry":{"type":"Point","coordinates":[8.187,45.718]},"properties":{"frp":24.8,"hours":36.0,"at":"2026-08-05T19:15Z"}},{"type":"Feature","geometry":{"type":"Point","coordinates":[8.167,45.726]},"properties":{"frp":67.9,"hours":36.0,"at":"2026-08-05T19:15Z"}},{"type":"Feature","geometry":{"type":"Point","coordinates":[8.182,45.729]},"properties":{"frp":33.4,"hours":36.0,"at":"2026-08-05T19:15Z"}},{"type":"Feature","geometry":{"type":"Point","coordinates":[8.164,45.737]},"properties":{"frp":13.6,"hours":36.0,"at":"2026-08-05T19:15Z"}},{"type":"Feature","geometry":{"type":"Point","coordinates":[9.335,45.877]},"properties":{"frp":17.9,"hours":36.0,"at":"2026-08-05T19:15Z"}},{"type":"Feature","geometry":{"type":"Point","coordinates":[16.143,47.785]},"properties":{"frp":5.5,"hours":36.0,"at":"2026-08-05T19:15Z"}},{"type":"Feature","geometry":{"type":"Point","coordinates":[4.357,48.826]},"properties":{"frp":35.6,"hours":36.0,"at":"2026-08-05T19:15Z"}},{"type":"Feature","geometry":{"type":"Point","coordinates":[4.382,48.832]},"properties":{"frp":66.9,"hours":36.0,"at":"2026-08-05T19:15Z"}},{"type":"Feature","geometry":{"type":"Point","coordinates":[-6.497,37.421]},"properties":{"frp":11.3,"hours":34.5,"at":"2026-08-05T20:49Z"}},{"type":"Feature","geometry":{"type":"Point","coordinates":[-0.878,41.555]},"properties":{"frp":27.6,"hours":34.5,"at":"2026-08-05T20:49Z"}},{"type":"Feature","geometry":{"type":"Point","coordinates":[-0.853,41.557]},"properties":{"frp":25.2,"hours":34.5,"at":"2026-08-05T20:49Z"}},{"type":"Feature","geometry":{"type":"Point","coordinates":[-2.372,47.309]},"properties":{"frp":13.3,"hours":34.4,"at":"2026-08-05T20:51Z"}},{"type":"Feature","geometry":{"type":"Point","coordinates":[4.361,48.83]},"properties":{"frp":63.9,"hours":34.4,"at":"2026-08-05T20:51Z"}},{"type":"Feature","geometry":{"type":"Point","coordinates":[4.356,48.83]},"properties":{"frp":53.4,"hours":34.4,"at":"2026-08-05T20:51Z"}},{"type":"Feature","geometry":{"type":"Point","coordinates":[23.454,44.068]},"properties":{"frp":8.0,"hours":29.1,"at":"2026-08-06T02:11Z"}},{"type":"Feature","geometry":{"type":"Point","coordinates":[31.294,47.263]},"properties":{"frp":4.7,"hours":29.1,"at":"2026-08-06T02:11Z"}},{"type":"Feature","geometry":{"type":"Point","coordinates":[26.169,35.159]},"properties":{"frp":77.7,"hours":29.0,"at":"2026-08-06T02:15Z"}},{"type":"Feature","geometry":{"type":"Point","coordinates":[26.158,35.161]},"properties":{"frp":160.1,"hours":29.0,"at":"2026-08-06T02:15Z"}},{"type":"Feature","geometry":{"type":"Point","coordinates":[8.187,45.718]},"properties":{"frp":9.0,"hours":27.5,"at":"2026-08-06T03:49Z"}},{"type":"Feature","geometry":{"type":"Point","coordinates":[8.171,45.72]},"properties":{"frp":9.7,"hours":27.5,"at":"2026-08-06T03:49Z"}},{"type":"Feature","geometry":{"type":"Point","coordinates":[9.347,45.874]},"properties":{"frp":11.7,"hours":27.5,"at":"2026-08-06T03:49Z"}},{"type":"Feature","geometry":{"type":"Point","coordinates":[9.339,45.875]},"properties":{"frp":11.8,"hours":27.5,"at":"2026-08-06T03:49Z"}},{"type":"Feature","geometry":{"type":"Point","coordinates":[4.388,48.825]},"properties":{"frp":13.0,"hours":27.5,"at":"2026-08-06T03:49Z"}},{"type":"Feature","geometry":{"type":"Point","coordinates":[4.374,48.827]},"properties":{"frp":21.5,"hours":27.5,"at":"2026-08-06T03:49Z"}},{"type":"Feature","geometry":{"type":"Point","coordinates":[-0.865,41.558]},"properties":{"frp":13.6,"hours":27.4,"at":"2026-08-06T03:51Z"}},{"type":"Feature","geometry":{"type":"Point","coordinates":[31.667,51.983]},"properties":{"frp":8.5,"hours":24.2,"at":"2026-08-06T07:05Z"}},{"type":"Feature","geometry":{"type":"Point","coordinates":[32.931,52.617]},"properties":{"frp":9.5,"hours":24.2,"at":"2026-08-06T07:05Z"}},{"type":"Feature","geometry":{"type":"Point","coordinates":[32.916,52.619]},"properties":{"frp":6.2,"hours":24.2,"at":"2026-08-06T07:05Z"}},{"type":"Feature","geometry":{"type":"Point","coordinates":[25.131,43.764]},"properties":{"frp":13.1,"hours":24.2,"at":"2026-08-06T07:07Z"}},{"type":"Feature","geometry":{"type":"Point","coordinates":[29.116,45.407]},"properties":{"frp":9.6,"hours":24.2,"at":"2026-08-06T07:07Z"}},{"type":"Feature","geometry":{"type":"Point","coordinates":[29.316,45.631]},"properties":{"frp":9.7,"hours":24.2,"at":"2026-08-06T07:07Z"}},{"type":"Feature","geometry":{"type":"Point","coordinates":[29.101,45.849]},"properties":{"frp":8.7,"hours":24.2,"at":"2026-08-06T07:07Z"}},{"type":"Feature","geometry":{"type":"Point","coordinates":[29.103,45.858]},"properties":{"frp":9.6,"hours":24.2,"at":"2026-08-06T07:07Z"}},{"type":"Feature","geometry":{"type":"Point","coordinates":[30.191,46.033]},"properties":{"frp":28.8,"hours":24.2,"at":"2026-08-06T07:07Z"}},{"type":"Feature","geometry":{"type":"Point","coordinates":[30.177,46.035]},"properties":{"frp":28.7,"hours":24.2,"at":"2026-08-06T07:07Z"}},{"type":"Feature","geometry":{"type":"Point","coordinates":[32.977,46.13]},"properties":{"frp":9.5,"hours":24.2,"at":"2026-08-06T07:07Z"}},{"type":"Feature","geometry":{"type":"Point","coordinates":[29.17,46.484]},"properties":{"frp":12.3,"hours":24.2,"at":"2026-08-06T07:07Z"}},{"type":"Feature","geometry":{"type":"Point","coordinates":[32.795,46.507]},"properties":{"frp":16.5,"hours":24.2,"at":"2026-08-06T07:07Z"}},{"type":"Feature","geometry":{"type":"Point","coordinates":[32.783,46.509]},"properties":{"frp":22.9,"hours":24.2,"at":"2026-08-06T07:07Z"}},{"type":"Feature","geometry":{"type":"Point","coordinates":[30.171,46.799]},"properties":{"frp":19.2,"hours":24.2,"at":"2026-08-06T07:07Z"}},{"type":"Feature","geometry":{"type":"Point","coordinates":[30.118,46.815]},"properties":{"frp":9.2,"hours":24.2,"at":"2026-08-06T07:07Z"}},{"type":"Feature","geometry":{"type":"Point","coordinates":[30.104,46.816]},"properties":{"frp":7.0,"hours":24.2,"at":"2026-08-06T07:07Z"}},{"type":"Feature","geometry":{"type":"Point","coordinates":[33.042,46.873]},"properties":{"frp":8.4,"hours":24.2,"at":"2026-08-06T07:07Z"}},{"type":"Feature","geometry":{"type":"Point","coordinates":[33.044,46.881]},"properties":{"frp":9.0,"hours":24.2,"at":"2026-08-06T07:07Z"}},{"type":"Feature","geometry":{"type":"Point","coordinates":[33.134,46.979]},"properties":{"frp":9.3,"hours":24.2,"at":"2026-08-06T07:07Z"}},{"type":"Feature","geometry":{"type":"Point","coordinates":[31.953,47.766]},"properties":{"frp":11.3,"hours":24.2,"at":"2026-08-06T07:07Z"}},{"type":"Feature","geometry":{"type":"Point","coordinates":[30.415,47.839]},"properties":{"frp":21.4,"hours":24.2,"at":"2026-08-06T07:07Z"}},{"type":"Feature","geometry":{"type":"Point","coordinates":[30.401,47.841]},"properties":{"frp":7.1,"hours":24.2,"at":"2026-08-06T07:07Z"}},{"type":"Feature","geometry":{"type":"Point","coordinates":[33.726,48.026]},"properties":{"frp":19.8,"hours":24.2,"at":"2026-08-06T07:07Z"}},{"type":"Feature","geometry":{"type":"Point","coordinates":[33.742,48.033]},"properties":{"frp":17.2,"hours":24.2,"at":"2026-08-06T07:07Z"}},{"type":"Feature","geometry":{"type":"Point","coordinates":[33.729,48.035]},"properties":{"frp":74.6,"hours":24.2,"at":"2026-08-06T07:07Z"}},{"type":"Feature","geometry":{"type":"Point","coordinates":[33.808,48.155]},"properties":{"frp":14.2,"hours":24.2,"at":"2026-08-06T07:07Z"}},{"type":"Feature","geometry":{"type":"Point","coordinates":[29.667,48.467]},"properties":{"frp":32.7,"hours":24.2,"at":"2026-08-06T07:07Z"}},{"type":"Feature","geometry":{"type":"Point","coordinates":[29.438,48.512]},"properties":{"frp":30.3,"hours":24.2,"at":"2026-08-06T07:07Z"}},{"type":"Feature","geometry":{"type":"Point","coordinates":[29.445,48.515]},"properties":{"frp":26.4,"hours":24.2,"at":"2026-08-06T07:07Z"}},{"type":"Feature","geometry":{"type":"Point","coordinates":[29.43,48.517]},"properties":{"frp":30.1,"hours":24.2,"at":"2026-08-06T07:07Z"}},{"type":"Feature","geometry":{"type":"Point","coordinates":[29.867,49.924]},"properties":{"frp":10.3,"hours":24.2,"at":"2026-08-06T07:07Z"}},{"type":"Feature","geometry":{"type":"Point","coordinates":[29.851,49.926]},"properties":{"frp":14.0,"hours":24.2,"at":"2026-08-06T07:07Z"}},{"type":"Feature","geometry":{"type":"Point","coordinates":[33.989,37.569]},"properties":{"frp":24.1,"hours":24.1,"at":"2026-08-06T07:09Z"}},{"type":"Feature","geometry":{"type":"Point","coordinates":[33.983,37.57]},"properties":{"frp":24.9,"hours":24.1,"at":"2026-08-06T07:09Z"}},{"type":"Feature","geometry":{"type":"Point","coordinates":[32.38,38.967]},"properties":{"frp":9.2,"hours":24.1,"at":"2026-08-06T07:09Z"}},{"type":"Feature","geometry":{"type":"Point","coordinates":[32.428,41.565]},"properties":{"frp":6.7,"hours":24.1,"at":"2026-08-06T07:09Z"}},{"type":"Feature","geometry":{"type":"Point","coordinates":[27.271,61.688]},"properties":{"frp":8.0,"hours":22.6,"at":"2026-08-06T08:39Z"}},{"type":"Feature","geometry":{"type":"Point","coordinates":[30.647,55.989]},"properties":{"frp":14.4,"hours":22.6,"at":"2026-08-06T08:41Z"}},{"type":"Feature","geometry":{"type":"Point","coordinates":[11.702,49.184]},"properties":{"frp":10.3,"hours":22.6,"at":"2026-08-06T08:43Z"}},{"type":"Feature","geometry":{"type":"Point","coordinates":[14.014,53.245]},"properties":{"frp":6.0,"hours":22.6,"at":"2026-08-06T08:43Z"}},{"type":"Feature","geometry":{"type":"Point","coordinates":[10.878,45.368]},"properties":{"frp":7.4,"hours":22.5,"at":"2026-08-06T08:45Z"}},{"type":"Feature","geometry":{"type":"Point","coordinates":[18.628,45.411]},"properties":{"frp":63.9,"hours":22.5,"at":"2026-08-06T08:45Z"}},{"type":"Feature","geometry":{"type":"Point","coordinates":[18.635,45.424]},"properties":{"frp":31.1,"hours":22.5,"at":"2026-08-06T08:45Z"}},{"type":"Feature","geometry":{"type":"Point","coordinates":[8.193,45.721]},"properties":{"frp":27.4,"hours":22.5,"at":"2026-08-06T08:45Z"}},{"type":"Feature","geometry":{"type":"Point","coordinates":[12.418,45.761]},"properties":{"frp":7.9,"hours":22.5,"at":"2026-08-06T08:45Z"}},{"type":"Feature","geometry":{"type":"Point","coordinates":[12.422,45.771]},"properties":{"frp":9.5,"hours":22.5,"at":"2026-08-06T08:45Z"}},{"type":"Feature","geometry":{"type":"Point","coordinates":[12.24,45.784]},"properties":{"frp":11.0,"hours":22.5,"at":"2026-08-06T08:45Z"}},{"type":"Feature","geometry":{"type":"Point","coordinates":[12.168,45.891]},"properties":{"frp":13.3,"hours":22.5,"at":"2026-08-06T08:45Z"}},{"type":"Feature","geometry":{"type":"Point","coordinates":[19.808,46.739]},"properties":{"frp":47.8,"hours":22.5,"at":"2026-08-06T08:45Z"}},{"type":"Feature","geometry":{"type":"Point","coordinates":[19.808,46.75]},"properties":{"frp":57.8,"hours":22.5,"at":"2026-08-06T08:45Z"}},{"type":"Feature","geometry":{"type":"Point","coordinates":[19.78,46.761]},"properties":{"frp":50.6,"hours":22.5,"at":"2026-08-06T08:45Z"}},{"type":"Feature","geometry":{"type":"Point","coordinates":[19.787,46.775]},"properties":{"frp":55.1,"hours":22.5,"at":"2026-08-06T08:45Z"}},{"type":"Feature","geometry":{"type":"Point","coordinates":[9.336,39.34]},"properties":{"frp":13.1,"hours":22.5,"at":"2026-08-06T08:48Z"}},{"type":"Feature","geometry":{"type":"Point","coordinates":[14.467,40.974]},"properties":{"frp":18.8,"hours":22.5,"at":"2026-08-06T08:48Z"}},{"type":"Feature","geometry":{"type":"Point","coordinates":[14.448,42.139]},"properties":{"frp":18.2,"hours":22.5,"at":"2026-08-06T08:48Z"}},{"type":"Feature","geometry":{"type":"Point","coordinates":[7.361,44.276]},"properties":{"frp":5.4,"hours":22.5,"at":"2026-08-06T08:48Z"}},{"type":"Feature","geometry":{"type":"Point","coordinates":[8.811,44.865]},"properties":{"frp":5.2,"hours":22.5,"at":"2026-08-06T08:48Z"}},{"type":"Feature","geometry":{"type":"Point","coordinates":[8.988,36.445]},"properties":{"frp":14.1,"hours":22.5,"at":"2026-08-06T08:50Z"}},{"type":"Feature","geometry":{"type":"Point","coordinates":[5.841,36.479]},"properties":{"frp":10.9,"hours":22.5,"at":"2026-08-06T08:50Z"}},{"type":"Feature","geometry":{"type":"Point","coordinates":[6.836,36.723]},"properties":{"frp":8.4,"hours":22.5,"at":"2026-08-06T08:50Z"}},{"type":"Feature","geometry":{"type":"Point","coordinates":[33.732,48.022]},"properties":{"frp":409.3,"hours":19.6,"at":"2026-08-06T11:42Z"}},{"type":"Feature","geometry":{"type":"Point","coordinates":[33.726,48.026]},"properties":{"frp":270.8,"hours":19.6,"at":"2026-08-06T11:42Z"}},{"type":"Feature","geometry":{"type":"Point","coordinates":[29.063,60.616]},"properties":{"frp":6.4,"hours":19.5,"at":"2026-08-06T11:45Z"}},{"type":"Feature","geometry":{"type":"Point","coordinates":[24.565,38.793]},"properties":{"frp":0.0,"hours":18.0,"at":"2026-08-06T13:16Z"}},{"type":"Feature","geometry":{"type":"Point","coordinates":[24.578,38.795]},"properties":{"frp":393.2,"hours":18.0,"at":"2026-08-06T13:16Z"}},{"type":"Feature","geometry":{"type":"Point","coordinates":[24.562,38.802]},"properties":{"frp":112.6,"hours":18.0,"at":"2026-08-06T13:16Z"}},{"type":"Feature","geometry":{"type":"Point","coordinates":[24.575,38.804]},"properties":{"frp":211.3,"hours":18.0,"at":"2026-08-06T13:16Z"}},{"type":"Feature","geometry":{"type":"Point","coordinates":[18.286,40.055]},"properties":{"frp":30.6,"hours":18.0,"at":"2026-08-06T13:16Z"}},{"type":"Feature","geometry":{"type":"Point","coordinates":[19.753,40.657]},"properties":{"frp":24.7,"hours":18.0,"at":"2026-08-06T13:16Z"}},{"type":"Feature","geometry":{"type":"Point","coordinates":[19.663,41.156]},"properties":{"frp":22.7,"hours":18.0,"at":"2026-08-06T13:16Z"}},{"type":"Feature","geometry":{"type":"Point","coordinates":[26.784,41.493]},"properties":{"frp":11.2,"hours":18.0,"at":"2026-08-06T13:16Z"}},{"type":"Feature","geometry":{"type":"Point","coordinates":[15.219,41.833]},"properties":{"frp":32.3,"hours":18.0,"at":"2026-08-06T13:16Z"}},{"type":"Feature","geometry":{"type":"Point","coordinates":[24.073,42.316]},"properties":{"frp":178.3,"hours":18.0,"at":"2026-08-06T13:16Z"}},{"type":"Feature","geometry":{"type":"Point","coordinates":[24.086,42.318]},"properties":{"frp":361.1,"hours":18.0,"at":"2026-08-06T13:16Z"}},{"type":"Feature","geometry":{"type":"Point","coordinates":[24.07,42.325]},"properties":{"frp":52.9,"hours":18.0,"at":"2026-08-06T13:16Z"}},{"type":"Feature","geometry":{"type":"Point","coordinates":[24.083,42.327]},"properties":{"frp":45.1,"hours":18.0,"at":"2026-08-06T13:16Z"}},{"type":"Feature","geometry":{"type":"Point","coordinates":[24.054,42.331]},"properties":{"frp":14.4,"hours":18.0,"at":"2026-08-06T13:16Z"}},{"type":"Feature","geometry":{"type":"Point","coordinates":[24.067,42.334]},"properties":{"frp":334.5,"hours":18.0,"at":"2026-08-06T13:16Z"}},{"type":"Feature","geometry":{"type":"Point","coordinates":[24.08,42.336]},"properties":{"frp":50.2,"hours":18.0,"at":"2026-08-06T13:16Z"}},{"type":"Feature","geometry":{"type":"Point","coordinates":[24.052,42.34]},"properties":{"frp":17.3,"hours":18.0,"at":"2026-08-06T13:16Z"}},{"type":"Feature","geometry":{"type":"Point","coordinates":[24.064,42.343]},"properties":{"frp":288.1,"hours":18.0,"at":"2026-08-06T13:16Z"}},{"type":"Feature","geometry":{"type":"Point","coordinates":[24.077,42.345]},"properties":{"frp":143.7,"hours":18.0,"at":"2026-08-06T13:16Z"}},{"type":"Feature","geometry":{"type":"Point","coordinates":[24.314,43.021]},"properties":{"frp":23.2,"hours":18.0,"at":"2026-08-06T13:16Z"}},{"type":"Feature","geometry":{"type":"Point","coordinates":[17.64,43.115]},"properties":{"frp":19.3,"hours":18.0,"at":"2026-08-06T13:16Z"}},{"type":"Feature","geometry":{"type":"Point","coordinates":[17.256,43.257]},"properties":{"frp":20.2,"hours":18.0,"at":"2026-08-06T13:16Z"}},{"type":"Feature","geometry":{"type":"Point","coordinates":[20.589,43.586]},"properties":{"frp":13.4,"hours":18.0,"at":"2026-08-06T13:16Z"}},{"type":"Feature","geometry":{"type":"Point","coordinates":[24.008,43.595]},"properties":{"frp":27.6,"hours":18.0,"at":"2026-08-06T13:16Z"}},{"type":"Feature","geometry":{"type":"Point","coordinates":[24.005,43.604]},"properties":{"frp":28.6,"hours":18.0,"at":"2026-08-06T13:16Z"}},{"type":"Feature","geometry":{"type":"Point","coordinates":[27.015,44.273]},"properties":{"frp":41.9,"hours":18.0,"at":"2026-08-06T13:16Z"}},{"type":"Feature","geometry":{"type":"Point","coordinates":[23.147,44.844]},"properties":{"frp":10.1,"hours":18.0,"at":"2026-08-06T13:16Z"}},{"type":"Feature","geometry":{"type":"Point","coordinates":[28.791,45.674]},"properties":{"frp":34.3,"hours":18.0,"at":"2026-08-06T13:16Z"}},{"type":"Feature","geometry":{"type":"Point","coordinates":[21.14,44.816]},"properties":{"frp":46.7,"hours":18.0,"at":"2026-08-06T13:18Z"}},{"type":"Feature","geometry":{"type":"Point","coordinates":[21.156,44.819]},"properties":{"frp":40.4,"hours":18.0,"at":"2026-08-06T13:18Z"}},{"type":"Feature","geometry":{"type":"Point","coordinates":[21.136,44.826]},"properties":{"frp":150.3,"hours":18.0,"at":"2026-08-06T13:18Z"}},{"type":"Feature","geometry":{"type":"Point","coordinates":[21.152,44.829]},"properties":{"frp":113.0,"hours":18.0,"at":"2026-08-06T13:18Z"}},{"type":"Feature","geometry":{"type":"Point","coordinates":[21.117,44.833]},"properties":{"frp":390.8,"hours":18.0,"at":"2026-08-06T13:18Z"}},{"type":"Feature","geometry":{"type":"Point","coordinates":[21.133,44.836]},"properties":{"frp":1799.6,"hours":18.0,"at":"2026-08-06T13:18Z"}},{"type":"Feature","geometry":{"type":"Point","coordinates":[21.113,44.842]},"properties":{"frp":418.4,"hours":18.0,"at":"2026-08-06T13:18Z"}},{"type":"Feature","geometry":{"type":"Point","coordinates":[21.129,44.845]},"properties":{"frp":1587.9,"hours":18.0,"at":"2026-08-06T13:18Z"}},{"type":"Feature","geometry":{"type":"Point","coordinates":[21.145,44.848]},"properties":{"frp":176.1,"hours":18.0,"at":"2026-08-06T13:18Z"}},{"type":"Feature","geometry":{"type":"Point","coordinates":[21.16,44.851]},"properties":{"frp":65.0,"hours":18.0,"at":"2026-08-06T13:18Z"}},{"type":"Feature","geometry":{"type":"Point","coordinates":[21.103,44.852]},"properties":{"frp":59.7,"hours":18.0,"at":"2026-08-06T13:18Z"}},{"type":"Feature","geometry":{"type":"Point","coordinates":[21.109,44.852]},"properties":{"frp":360.6,"hours":18.0,"at":"2026-08-06T13:18Z"}},{"type":"Feature","geometry":{"type":"Point","coordinates":[21.119,44.855]},"properties":{"frp":190.5,"hours":18.0,"at":"2026-08-06T13:18Z"}},{"type":"Feature","geometry":{"type":"Point","coordinates":[21.125,44.855]},"properties":{"frp":270.4,"hours":18.0,"at":"2026-08-06T13:18Z"}},{"type":"Feature","geometry":{"type":"Point","coordinates":[18.366,44.982]},"properties":{"frp":82.6,"hours":18.0,"at":"2026-08-06T13:18Z"}},{"type":"Feature","geometry":{"type":"Point","coordinates":[18.361,44.993]},"properties":{"frp":51.9,"hours":18.0,"at":"2026-08-06T13:18Z"}},{"type":"Feature","geometry":{"type":"Point","coordinates":[31.722,46.681]},"properties":{"frp":16.5,"hours":18.0,"at":"2026-08-06T13:18Z"}},{"type":"Feature","geometry":{"type":"Point","coordinates":[33.145,46.834]},"properties":{"frp":88.0,"hours":18.0,"at":"2026-08-06T13:18Z"}},{"type":"Feature","geometry":{"type":"Point","coordinates":[33.17,46.836]},"properties":{"frp":72.7,"hours":18.0,"at":"2026-08-06T13:18Z"}},{"type":"Feature","geometry":{"type":"Point","coordinates":[33.152,46.839]},"properties":{"frp":137.3,"hours":18.0,"at":"2026-08-06T13:18Z"}},{"type":"Feature","geometry":{"type":"Point","coordinates":[33.143,46.971]},"properties":{"frp":80.7,"hours":18.0,"at":"2026-08-06T13:18Z"}},{"type":"Feature","geometry":{"type":"Point","coordinates":[33.05,47.158]},"properties":{"frp":28.6,"hours":18.0,"at":"2026-08-06T13:18Z"}},{"type":"Feature","geometry":{"type":"Point","coordinates":[33.666,47.217]},"properties":{"frp":156.7,"hours":18.0,"at":"2026-08-06T13:18Z"}},{"type":"Feature","geometry":{"type":"Point","coordinates":[31.42,47.338]},"properties":{"frp":22.6,"hours":18.0,"at":"2026-08-06T13:18Z"}},{"type":"Feature","geometry":{"type":"Point","coordinates":[30.658,47.542]},"properties":{"frp":11.8,"hours":18.0,"at":"2026-08-06T13:18Z"}},{"type":"Feature","geometry":{"type":"Point","coordinates":[30.923,47.658]},"properties":{"frp":13.2,"hours":18.0,"at":"2026-08-06T13:18Z"}},{"type":"Feature","geometry":{"type":"Point","coordinates":[29.895,47.66]},"properties":{"frp":65.5,"hours":18.0,"at":"2026-08-06T13:18Z"}},{"type":"Feature","geometry":{"type":"Point","coordinates":[29.912,47.662]},"properties":{"frp":36.7,"hours":18.0,"at":"2026-08-06T13:18Z"}},{"type":"Feature","geometry":{"type":"Point","coordinates":[18.809,48.083]},"properties":{"frp":73.5,"hours":18.0,"at":"2026-08-06T13:18Z"}},{"type":"Feature","geometry":{"type":"Point","coordinates":[18.827,48.087]},"properties":{"frp":53.7,"hours":18.0,"at":"2026-08-06T13:18Z"}},{"type":"Feature","geometry":{"type":"Point","coordinates":[18.801,48.089]},"properties":{"frp":37.3,"hours":18.0,"at":"2026-08-06T13:18Z"}},{"type":"Feature","geometry":{"type":"Point","coordinates":[18.819,48.093]},"properties":{"frp":80.4,"hours":18.0,"at":"2026-08-06T13:18Z"}},{"type":"Feature","geometry":{"type":"Point","coordinates":[18.804,48.093]},"properties":{"frp":29.9,"hours":18.0,"at":"2026-08-06T13:18Z"}},{"type":"Feature","geometry":{"type":"Point","coordinates":[18.823,48.096]},"properties":{"frp":13.1,"hours":18.0,"at":"2026-08-06T13:18Z"}},{"type":"Feature","geometry":{"type":"Point","coordinates":[21.955,48.261]},"properties":{"frp":9.2,"hours":18.0,"at":"2026-08-06T13:18Z"}},{"type":"Feature","geometry":{"type":"Point","coordinates":[29.539,48.498]},"properties":{"frp":17.7,"hours":18.0,"at":"2026-08-06T13:18Z"}},{"type":"Feature","geometry":{"type":"Point","coordinates":[23.922,49.709]},"properties":{"frp":10.8,"hours":18.0,"at":"2026-08-06T13:18Z"}},{"type":"Feature","geometry":{"type":"Point","coordinates":[23.935,49.711]},"properties":{"frp":16.8,"hours":18.0,"at":"2026-08-06T13:18Z"}},{"type":"Feature","geometry":{"type":"Point","coordinates":[23.918,49.717]},"properties":{"frp":8.8,"hours":18.0,"at":"2026-08-06T13:18Z"}},{"type":"Feature","geometry":{"type":"Point","coordinates":[23.6,49.829]},"properties":{"frp":4.8,"hours":18.0,"at":"2026-08-06T13:18Z"}},{"type":"Feature","geometry":{"type":"Point","coordinates":[13.512,52.346]},"properties":{"frp":111.1,"hours":18.0,"at":"2026-08-06T13:18Z"}},{"type":"Feature","geometry":{"type":"Point","coordinates":[5.825,34.654]},"properties":{"frp":13.4,"hours":16.4,"at":"2026-08-06T14:54Z"}},{"type":"Feature","geometry":{"type":"Point","coordinates":[8.988,36.439]},"properties":{"frp":201.3,"hours":16.4,"at":"2026-08-06T14:54Z"}},{"type":"Feature","geometry":{"type":"Point","coordinates":[9.002,36.451]},"properties":{"frp":18.7,"hours":16.4,"at":"2026-08-06T14:54Z"}},{"type":"Feature","geometry":{"type":"Point","coordinates":[9.001,36.462]},"properties":{"frp":14.4,"hours":16.4,"at":"2026-08-06T14:54Z"}},{"type":"Feature","geometry":{"type":"Point","coordinates":[-7.67,40.559]},"properties":{"frp":131.1,"hours":16.4,"at":"2026-08-06T14:54Z"}},{"type":"Feature","geometry":{"type":"Point","coordinates":[-7.701,40.561]},"properties":{"frp":52.5,"hours":16.4,"at":"2026-08-06T14:54Z"}},{"type":"Feature","geometry":{"type":"Point","coordinates":[-7.669,40.569]},"properties":{"frp":241.5,"hours":16.4,"at":"2026-08-06T14:54Z"}},{"type":"Feature","geometry":{"type":"Point","coordinates":[-7.674,40.573]},"properties":{"frp":125.6,"hours":16.4,"at":"2026-08-06T14:54Z"}},{"type":"Feature","geometry":{"type":"Point","coordinates":[2.815,43.104]},"properties":{"frp":145.7,"hours":16.4,"at":"2026-08-06T14:54Z"}},{"type":"Feature","geometry":{"type":"Point","coordinates":[2.827,43.106]},"properties":{"frp":117.7,"hours":16.4,"at":"2026-08-06T14:54Z"}},{"type":"Feature","geometry":{"type":"Point","coordinates":[2.813,43.113]},"properties":{"frp":8.0,"hours":16.4,"at":"2026-08-06T14:54Z"}},{"type":"Feature","geometry":{"type":"Point","coordinates":[2.825,43.115]},"properties":{"frp":5.9,"hours":16.4,"at":"2026-08-06T14:54Z"}},{"type":"Feature","geometry":{"type":"Point","coordinates":[8.172,45.707]},"properties":{"frp":27.8,"hours":16.3,"at":"2026-08-06T14:57Z"}},{"type":"Feature","geometry":{"type":"Point","coordinates":[3.23,47.425]},"properties":{"frp":7.2,"hours":16.3,"at":"2026-08-06T14:57Z"}},{"type":"Feature","geometry":{"type":"Point","coordinates":[3.244,47.427]},"properties":{"frp":36.3,"hours":16.3,"at":"2026-08-06T14:57Z"}},{"type":"Feature","geometry":{"type":"Point","coordinates":[-2.345,50.779]},"properties":{"frp":6.8,"hours":16.3,"at":"2026-08-06T14:59Z"}},{"type":"Feature","geometry":{"type":"Point","coordinates":[33.344,38.214]},"properties":{"frp":6.7,"hours":13.1,"at":"2026-08-06T18:11Z"}},{"type":"Feature","geometry":{"type":"Point","coordinates":[33.356,38.215]},"properties":{"frp":9.8,"hours":13.1,"at":"2026-08-06T18:11Z"}},{"type":"Feature","geometry":{"type":"Point","coordinates":[26.92,38.613]},"properties":{"frp":14.8,"hours":13.1,"at":"2026-08-06T18:11Z"}},{"type":"Feature","geometry":{"type":"Point","coordinates":[33.692,39.554]},"properties":{"frp":12.5,"hours":13.1,"at":"2026-08-06T18:11Z"}},{"type":"Feature","geometry":{"type":"Point","coordinates":[21.202,42.384]},"properties":{"frp":18.7,"hours":13.1,"at":"2026-08-06T18:11Z"}},{"type":"Feature","geometry":{"type":"Point","coordinates":[21.207,42.387]},"properties":{"frp":28.8,"hours":13.1,"at":"2026-08-06T18:11Z"}},{"type":"Feature","geometry":{"type":"Point","coordinates":[24.01,43.601]},"properties":{"frp":33.7,"hours":13.1,"at":"2026-08-06T18:13Z"}},{"type":"Feature","geometry":{"type":"Point","coordinates":[23.262,43.912]},"properties":{"frp":36.8,"hours":13.1,"at":"2026-08-06T18:13Z"}},{"type":"Feature","geometry":{"type":"Point","coordinates":[22.422,43.997]},"properties":{"frp":11.2,"hours":13.1,"at":"2026-08-06T18:13Z"}},{"type":"Feature","geometry":{"type":"Point","coordinates":[22.427,44.002]},"properties":{"frp":13.0,"hours":13.1,"at":"2026-08-06T18:13Z"}},{"type":"Feature","geometry":{"type":"Point","coordinates":[25.921,44.02]},"properties":{"frp":7.3,"hours":13.1,"at":"2026-08-06T18:13Z"}},{"type":"Feature","geometry":{"type":"Point","coordinates":[21.137,44.828]},"properties":{"frp":26.4,"hours":13.1,"at":"2026-08-06T18:13Z"}},{"type":"Feature","geometry":{"type":"Point","coordinates":[21.107,44.834]},"properties":{"frp":38.8,"hours":13.1,"at":"2026-08-06T18:13Z"}},{"type":"Feature","geometry":{"type":"Point","coordinates":[21.1,44.837]},"properties":{"frp":25.6,"hours":13.1,"at":"2026-08-06T18:13Z"}},{"type":"Feature","geometry":{"type":"Point","coordinates":[21.132,44.84]},"properties":{"frp":57.7,"hours":13.1,"at":"2026-08-06T18:13Z"}},{"type":"Feature","geometry":{"type":"Point","coordinates":[21.125,44.842]},"properties":{"frp":47.0,"hours":13.1,"at":"2026-08-06T18:13Z"}},{"type":"Feature","geometry":{"type":"Point","coordinates":[21.157,44.845]},"properties":{"frp":50.7,"hours":13.1,"at":"2026-08-06T18:13Z"}},{"type":"Feature","geometry":{"type":"Point","coordinates":[21.102,44.846]},"properties":{"frp":23.5,"hours":13.1,"at":"2026-08-06T18:13Z"}},{"type":"Feature","geometry":{"type":"Point","coordinates":[21.149,44.848]},"properties":{"frp":44.0,"hours":13.1,"at":"2026-08-06T18:13Z"}},{"type":"Feature","geometry":{"type":"Point","coordinates":[21.127,44.851]},"properties":{"frp":25.8,"hours":13.1,"at":"2026-08-06T18:13Z"}},{"type":"Feature","geometry":{"type":"Point","coordinates":[21.119,44.854]},"properties":{"frp":27.0,"hours":13.1,"at":"2026-08-06T18:13Z"}},{"type":"Feature","geometry":{"type":"Point","coordinates":[21.097,44.858]},"properties":{"frp":34.5,"hours":13.1,"at":"2026-08-06T18:13Z"}},{"type":"Feature","geometry":{"type":"Point","coordinates":[21.09,44.86]},"properties":{"frp":27.1,"hours":13.1,"at":"2026-08-06T18:13Z"}},{"type":"Feature","geometry":{"type":"Point","coordinates":[21.114,44.866]},"properties":{"frp":25.0,"hours":13.1,"at":"2026-08-06T18:13Z"}},{"type":"Feature","geometry":{"type":"Point","coordinates":[29.478,45.802]},"properties":{"frp":6.5,"hours":13.1,"at":"2026-08-06T18:13Z"}},{"type":"Feature","geometry":{"type":"Point","coordinates":[30.039,45.998]},"properties":{"frp":4.9,"hours":13.1,"at":"2026-08-06T18:13Z"}},{"type":"Feature","geometry":{"type":"Point","coordinates":[28.418,46.05]},"properties":{"frp":28.1,"hours":13.1,"at":"2026-08-06T18:13Z"}},{"type":"Feature","geometry":{"type":"Point","coordinates":[28.43,46.052]},"properties":{"frp":22.1,"hours":13.1,"at":"2026-08-06T18:13Z"}},{"type":"Feature","geometry":{"type":"Point","coordinates":[29.805,46.068]},"properties":{"frp":6.5,"hours":13.1,"at":"2026-08-06T18:13Z"}},{"type":"Feature","geometry":{"type":"Point","coordinates":[29.925,46.177]},"properties":{"frp":7.4,"hours":13.1,"at":"2026-08-06T18:13Z"}},{"type":"Feature","geometry":{"type":"Point","coordinates":[32.313,46.44]},"properties":{"frp":7.0,"hours":13.1,"at":"2026-08-06T18:13Z"}},{"type":"Feature","geometry":{"type":"Point","coordinates":[32.131,46.467]},"properties":{"frp":5.2,"hours":13.1,"at":"2026-08-06T18:13Z"}},{"type":"Feature","geometry":{"type":"Point","coordinates":[32.675,46.499]},"properties":{"frp":22.6,"hours":13.1,"at":"2026-08-06T18:13Z"}},{"type":"Feature","geometry":{"type":"Point","coordinates":[32.69,46.5]},"properties":{"frp":6.6,"hours":13.1,"at":"2026-08-06T18:13Z"}},{"type":"Feature","geometry":{"type":"Point","coordinates":[31.713,46.537]},"properties":{"frp":6.5,"hours":13.1,"at":"2026-08-06T18:13Z"}},{"type":"Feature","geometry":{"type":"Point","coordinates":[27.326,46.63]},"properties":{"frp":15.5,"hours":13.1,"at":"2026-08-06T18:13Z"}},{"type":"Feature","geometry":{"type":"Point","coordinates":[27.339,46.632]},"properties":{"frp":32.9,"hours":13.1,"at":"2026-08-06T18:13Z"}},{"type":"Feature","geometry":{"type":"Point","coordinates":[33.448,46.742]},"properties":{"frp":6.7,"hours":13.1,"at":"2026-08-06T18:13Z"}},{"type":"Feature","geometry":{"type":"Point","coordinates":[32.954,46.875]},"properties":{"frp":9.2,"hours":13.1,"at":"2026-08-06T18:13Z"}},{"type":"Feature","geometry":{"type":"Point","coordinates":[32.969,46.877]},"properties":{"frp":8.2,"hours":13.1,"at":"2026-08-06T18:13Z"}},{"type":"Feature","geometry":{"type":"Point","coordinates":[33.203,47.074]},"properties":{"frp":10.3,"hours":13.1,"at":"2026-08-06T18:13Z"}},{"type":"Feature","geometry":{"type":"Point","coordinates":[33.028,47.178]},"properties":{"frp":6.5,"hours":13.1,"at":"2026-08-06T18:13Z"}},{"type":"Feature","geometry":{"type":"Point","coordinates":[33.044,47.179]},"properties":{"frp":12.0,"hours":13.1,"at":"2026-08-06T18:13Z"}},{"type":"Feature","geometry":{"type":"Point","coordinates":[32.498,47.184]},"properties":{"frp":43.3,"hours":13.1,"at":"2026-08-06T18:13Z"}},{"type":"Feature","geometry":{"type":"Point","coordinates":[32.513,47.186]},"properties":{"frp":15.2,"hours":13.1,"at":"2026-08-06T18:13Z"}},{"type":"Feature","geometry":{"type":"Point","coordinates":[31.331,47.202]},"properties":{"frp":9.7,"hours":13.1,"at":"2026-08-06T18:13Z"}},{"type":"Feature","geometry":{"type":"Point","coordinates":[30.129,47.35]},"properties":{"frp":6.8,"hours":13.1,"at":"2026-08-06T18:13Z"}},{"type":"Feature","geometry":{"type":"Point","coordinates":[30.142,47.352]},"properties":{"frp":7.0,"hours":13.1,"at":"2026-08-06T18:13Z"}},{"type":"Feature","geometry":{"type":"Point","coordinates":[31.739,47.434]},"properties":{"frp":7.6,"hours":13.1,"at":"2026-08-06T18:13Z"}},{"type":"Feature","geometry":{"type":"Point","coordinates":[32.309,47.449]},"properties":{"frp":5.5,"hours":13.1,"at":"2026-08-06T18:13Z"}},{"type":"Feature","geometry":{"type":"Point","coordinates":[30.181,47.531]},"properties":{"frp":8.2,"hours":13.1,"at":"2026-08-06T18:13Z"}},{"type":"Feature","geometry":{"type":"Point","coordinates":[31.715,47.539]},"properties":{"frp":19.6,"hours":13.1,"at":"2026-08-06T18:13Z"}},{"type":"Feature","geometry":{"type":"Point","coordinates":[31.713,47.548]},"properties":{"frp":208.8,"hours":13.1,"at":"2026-08-06T18:13Z"}},{"type":"Feature","geometry":{"type":"Point","coordinates":[31.727,47.55]},"properties":{"frp":60.1,"hours":13.1,"at":"2026-08-06T18:13Z"}},{"type":"Feature","geometry":{"type":"Point","coordinates":[30.128,47.553]},"properties":{"frp":4.0,"hours":13.1,"at":"2026-08-06T18:13Z"}},{"type":"Feature","geometry":{"type":"Point","coordinates":[30.131,47.59]},"properties":{"frp":4.7,"hours":13.1,"at":"2026-08-06T18:13Z"}},{"type":"Feature","geometry":{"type":"Point","coordinates":[30.444,47.602]},"properties":{"frp":6.0,"hours":13.1,"at":"2026-08-06T18:13Z"}},{"type":"Feature","geometry":{"type":"Point","coordinates":[30.685,47.64]},"properties":{"frp":6.0,"hours":13.1,"at":"2026-08-06T18:13Z"}},{"type":"Feature","geometry":{"type":"Point","coordinates":[30.682,47.649]},"properties":{"frp":11.7,"hours":13.1,"at":"2026-08-06T18:13Z"}},{"type":"Feature","geometry":{"type":"Point","coordinates":[30.696,47.651]},"properties":{"frp":6.4,"hours":13.1,"at":"2026-08-06T18:13Z"}},{"type":"Feature","geometry":{"type":"Point","coordinates":[33.367,47.74]},"properties":{"frp":29.8,"hours":13.1,"at":"2026-08-06T18:13Z"}},{"type":"Feature","geometry":{"type":"Point","coordinates":[29.542,48.495]},"properties":{"frp":4.4,"hours":13.1,"at":"2026-08-06T18:13Z"}},{"type":"Feature","geometry":{"type":"Point","coordinates":[27.831,49.739]},"properties":{"frp":6.3,"hours":13.1,"at":"2026-08-06T18:13Z"}},{"type":"Feature","geometry":{"type":"Point","coordinates":[31.357,49.979]},"properties":{"frp":9.6,"hours":13.1,"at":"2026-08-06T18:13Z"}},{"type":"Feature","geometry":{"type":"Point","coordinates":[8.982,36.435]},"properties":{"frp":34.8,"hours":11.5,"at":"2026-08-06T19:49Z"}},{"type":"Feature","geometry":{"type":"Point","coordinates":[8.993,36.437]},"properties":{"frp":12.7,"hours":11.5,"at":"2026-08-06T19:49Z"}},{"type":"Feature","geometry":{"type":"Point","coordinates":[8.98,36.444]},"properties":{"frp":7.4,"hours":11.5,"at":"2026-08-06T19:49Z"}},{"type":"Feature","geometry":{"type":"Point","coordinates":[9.001,36.456]},"properties":{"frp":4.9,"hours":11.5,"at":"2026-08-06T19:49Z"}},{"type":"Feature","geometry":{"type":"Point","coordinates":[8.988,36.463]},"properties":{"frp":7.7,"hours":11.5,"at":"2026-08-06T19:49Z"}},{"type":"Feature","geometry":{"type":"Point","coordinates":[8.999,36.465]},"properties":{"frp":171.8,"hours":11.5,"at":"2026-08-06T19:49Z"}},{"type":"Feature","geometry":{"type":"Point","coordinates":[9.01,36.466]},"properties":{"frp":7.4,"hours":11.5,"at":"2026-08-06T19:49Z"}},{"type":"Feature","geometry":{"type":"Point","coordinates":[13.217,41.415]},"properties":{"frp":12.4,"hours":11.5,"at":"2026-08-06T19:49Z"}},{"type":"Feature","geometry":{"type":"Point","coordinates":[13.237,41.417]},"properties":{"frp":16.1,"hours":11.5,"at":"2026-08-06T19:49Z"}},{"type":"Feature","geometry":{"type":"Point","coordinates":[13.223,41.42]},"properties":{"frp":61.1,"hours":11.5,"at":"2026-08-06T19:49Z"}},{"type":"Feature","geometry":{"type":"Point","coordinates":[13.244,41.421]},"properties":{"frp":19.0,"hours":11.5,"at":"2026-08-06T19:49Z"}},{"type":"Feature","geometry":{"type":"Point","coordinates":[13.216,41.427]},"properties":{"frp":28.3,"hours":11.5,"at":"2026-08-06T19:49Z"}},{"type":"Feature","geometry":{"type":"Point","coordinates":[13.237,41.429]},"properties":{"frp":30.6,"hours":11.5,"at":"2026-08-06T19:49Z"}},{"type":"Feature","geometry":{"type":"Point","coordinates":[13.468,42.231]},"properties":{"frp":14.0,"hours":11.4,"at":"2026-08-06T19:51Z"}},{"type":"Feature","geometry":{"type":"Point","coordinates":[13.459,42.236]},"properties":{"frp":14.5,"hours":11.4,"at":"2026-08-06T19:51Z"}},{"type":"Feature","geometry":{"type":"Point","coordinates":[2.82,43.107]},"properties":{"frp":8.7,"hours":11.4,"at":"2026-08-06T19:51Z"}},{"type":"Feature","geometry":{"type":"Point","coordinates":[8.166,45.714]},"properties":{"frp":36.9,"hours":11.4,"at":"2026-08-06T19:51Z"}},{"type":"Feature","geometry":{"type":"Point","coordinates":[8.163,45.724]},"properties":{"frp":35.2,"hours":11.4,"at":"2026-08-06T19:51Z"}},{"type":"Feature","geometry":{"type":"Point","coordinates":[4.373,48.825]},"properties":{"frp":10.0,"hours":11.4,"at":"2026-08-06T19:51Z"}},{"type":"Feature","geometry":{"type":"Point","coordinates":[-6.714,37.467]},"properties":{"frp":105.1,"hours":9.8,"at":"2026-08-06T21:29Z"}},{"type":"Feature","geometry":{"type":"Point","coordinates":[-6.677,37.469]},"properties":{"frp":69.2,"hours":9.8,"at":"2026-08-06T21:29Z"}},{"type":"Feature","geometry":{"type":"Point","coordinates":[-6.716,37.482]},"properties":{"frp":191.3,"hours":9.8,"at":"2026-08-06T21:29Z"}},{"type":"Feature","geometry":{"type":"Point","coordinates":[-6.679,37.484]},"properties":{"frp":114.4,"hours":9.8,"at":"2026-08-06T21:29Z"}},{"type":"Feature","geometry":{"type":"Point","coordinates":[33.93,51.685]},"properties":{"frp":22.5,"hours":6.1,"at":"2026-08-07T01:09Z"}},{"type":"Feature","geometry":{"type":"Point","coordinates":[23.171,43.972]},"properties":{"frp":9.2,"hours":4.5,"at":"2026-08-07T02:49Z"}},{"type":"Feature","geometry":{"type":"Point","coordinates":[23.156,43.974]},"properties":{"frp":11.0,"hours":4.5,"at":"2026-08-07T02:49Z"}},{"type":"Feature","geometry":{"type":"Point","coordinates":[21.17,44.844]},"properties":{"frp":7.3,"hours":4.5,"at":"2026-08-07T02:49Z"}},{"type":"Feature","geometry":{"type":"Point","coordinates":[8.185,45.739]},"properties":{"frp":40.8,"hours":4.5,"at":"2026-08-07T02:49Z"}},{"type":"Feature","geometry":{"type":"Point","coordinates":[29.98,50.072]},"properties":{"frp":13.1,"hours":4.5,"at":"2026-08-07T02:49Z"}},{"type":"Feature","geometry":{"type":"Point","coordinates":[26.091,50.405]},"properties":{"frp":7.9,"hours":4.5,"at":"2026-08-07T02:49Z"}},{"type":"Feature","geometry":{"type":"Point","coordinates":[19.801,40.634]},"properties":{"frp":13.1,"hours":4.4,"at":"2026-08-07T02:51Z"}},{"type":"Feature","geometry":{"type":"Point","coordinates":[19.789,40.636]},"properties":{"frp":12.2,"hours":4.4,"at":"2026-08-07T02:51Z"}},{"type":"Feature","geometry":{"type":"Point","coordinates":[19.761,40.669]},"properties":{"frp":10.0,"hours":4.4,"at":"2026-08-07T02:51Z"}},{"type":"Feature","geometry":{"type":"Point","coordinates":[19.199,42.064]},"properties":{"frp":6.7,"hours":4.4,"at":"2026-08-07T02:51Z"}},{"type":"Feature","geometry":{"type":"Point","coordinates":[13.49,42.241]},"properties":{"frp":17.5,"hours":4.4,"at":"2026-08-07T02:51Z"}},{"type":"Feature","geometry":{"type":"Point","coordinates":[13.476,42.243]},"properties":{"frp":20.6,"hours":4.4,"at":"2026-08-07T02:51Z"}},{"type":"Feature","geometry":{"type":"Point","coordinates":[-5.899,38.924]},"properties":{"frp":11.4,"hours":2.8,"at":"2026-08-07T04:29Z"}},{"type":"Feature","geometry":{"type":"Point","coordinates":[-6.494,37.419]},"properties":{"frp":6.9,"hours":2.8,"at":"2026-08-07T04:32Z"}},{"type":"Feature","geometry":{"type":"Point","coordinates":[-6.68,37.458]},"properties":{"frp":48.8,"hours":2.8,"at":"2026-08-07T04:32Z"}},{"type":"Feature","geometry":{"type":"Point","coordinates":[-6.691,37.46]},"properties":{"frp":74.8,"hours":2.8,"at":"2026-08-07T04:32Z"}},{"type":"Feature","geometry":{"type":"Point","coordinates":[-6.678,37.466]},"properties":{"frp":16.3,"hours":2.8,"at":"2026-08-07T04:32Z"}},{"type":"Feature","geometry":{"type":"Point","coordinates":[-6.689,37.468]},"properties":{"frp":86.0,"hours":2.8,"at":"2026-08-07T04:32Z"}},{"type":"Feature","geometry":{"type":"Point","coordinates":[-6.7,37.47]},"properties":{"frp":123.6,"hours":2.8,"at":"2026-08-07T04:32Z"}},{"type":"Feature","geometry":{"type":"Point","coordinates":[-6.676,37.475]},"properties":{"frp":5.6,"hours":2.8,"at":"2026-08-07T04:32Z"}},{"type":"Feature","geometry":{"type":"Point","coordinates":[-6.687,37.477]},"properties":{"frp":51.9,"hours":2.8,"at":"2026-08-07T04:32Z"}},{"type":"Feature","geometry":{"type":"Point","coordinates":[-6.698,37.479]},"properties":{"frp":57.7,"hours":2.8,"at":"2026-08-07T04:32Z"}},{"type":"Feature","geometry":{"type":"Point","coordinates":[-6.709,37.48]},"properties":{"frp":5.5,"hours":2.8,"at":"2026-08-07T04:32Z"}}]}