{"type":"FeatureCollection","features":[{"type":"Feature","geometry":{"type":"Polygon","coordinates":[[[-4.488362,40.3501354],[-4.4996355,40.3495508],[-4.5092528,40.3556113],[-4.5394697,40.3598908],[-4.5686483,40.3674167],[-4.5836879,40.3588793],[-4.5895955,40.3534828],[-4.5911416,40.3544811],[-4.5885285,40.3554567],[-4.5902972,40.3554303],[-4.5893452,40.3573631],[-4.5909524,40.3579813],[-4.594982,40.3579022],[-4.5959082,40.3555913],[-4.5994748,40.3575385],[-4.6012582,40.3554331],[-4.6028647,40.3587245],[-4.6047919,40.3568361],[-4.6039717,40.3543815],[-4.6083096,40.3537542],[-4.6079686,40.3555001],[-4.610853,40.353444],[-4.6091612,40.3559416],[-4.6116703,40.3553501],[-4.6145696,40.3536258],[-4.6131235,40.3523631],[-4.6152341,40.3503275],[-4.614275,40.3476789],[-4.6091453,40.3490489],[-4.6078623,40.3466131],[-4.5888348,40.3482623],[-4.5869104,40.3437976],[-4.5839838,40.3426314],[-4.5800037,40.3344211],[-4.5783396,40.3224389],[-4.5676828,40.3090314],[-4.5669467,40.3024142],[-4.5931177,40.2970225],[-4.603276,40.2883618],[-4.6143664,40.2866954],[-4.6200318,40.2882087],[-4.6346831,40.3077794],[-4.6420204,40.3107527],[-4.6458096,40.3083063],[-4.6518165,40.2955349],[-4.6631733,40.2822414],[-4.6838514,40.2818116],[-4.695386,40.2695925],[-4.7196667,40.2624871],[-4.7328008,40.2541342],[-4.7430659,40.2528219],[-4.7506329,40.2547324],[-4.7554844,40.261827],[-4.7538344,40.2692336],[-4.7567224,40.2742913],[-4.7662381,40.271206],[-4.7702431,40.2651305],[-4.777123,40.2667496],[-4.7954671,40.2644298],[-4.8111185,40.2569015],[-4.8224545,40.2553304],[-4.8383045,40.2560639],[-4.8472199,40.2610604],[-4.8506159,40.2661643],[-4.8512658,40.2726863],[-4.8485923,40.2805043],[-4.8360502,40.2888832],[-4.8148461,40.2974316],[-4.8158441,40.3256472],[-4.8025491,40.3321421],[-4.7878413,40.3335693],[-4.7822286,40.3402819],[-4.775122,40.3431998],[-4.7735595,40.3492964],[-4.7783669,40.3531616],[-4.7889306,40.3538485],[-4.7937899,40.3571598],[-4.7908954,40.361452],[-4.7918436,40.3629147],[-4.7888125,40.3621208],[-4.7873073,40.3658494],[-4.789893,40.3679217],[-4.7895627,40.3662771],[-4.7916563,40.3669933],[-4.7899999,40.3689841],[-4.7912185,40.3707455],[-4.7894555,40.3706957],[-4.7913103,40.374662],[-4.7864894,40.3751745],[-4.7893346,40.3759088],[-4.7895913,40.3833316],[-4.7867522,40.3878021],[-4.779554,40.3889615],[-4.7730611,40.393601],[-4.7728646,40.3919139],[-4.7716665,40.3945293],[-4.7652405,40.3968785],[-4.7658523,40.3992526],[-4.7633007,40.4005121],[-4.7528487,40.4018607],[-4.7538477,40.4030519],[-4.7500643,40.4057822],[-4.729508,40.4062462],[-4.7252548,40.4049534],[-4.7252647,40.4027973],[-4.7195862,40.3968212],[-4.7178742,40.3971949],[-4.717994,40.3993019],[-4.7199577,40.4009578],[-4.7127576,40.4055576],[-4.7079099,40.4021199],[-4.6872869,40.4077872],[-4.6906257,40.4011622],[-4.696766,40.3997134],[-4.6938263,40.3985726],[-4.6984527,40.3908538],[-4.7095869,40.3825915],[-4.7097928,40.3810198],[-4.7067169,40.3819908],[-4.7025959,40.3788721],[-4.7057153,40.3787414],[-4.7058797,40.3766535],[-4.6983131,40.3758809],[-4.6976632,40.3729434],[-4.6964269,40.3755468],[-4.6909753,40.3765762],[-4.692166,40.3780468],[-4.6855296,40.3822312],[-4.6807404,40.3828064],[-4.6789756,40.3803612],[-4.6756681,40.3800348],[-4.6789244,40.3837581],[-4.6766693,40.3879293],[-4.6782867,40.3900725],[-4.6767882,40.388766],[-4.6722057,40.3910482],[-4.6709808,40.3897593],[-4.6727514,40.3883107],[-4.6704406,40.3897523],[-4.668012,40.3869355],[-4.6676945,40.3900187],[-4.6645668,40.3893112],[-4.6646331,40.3927197],[-4.6629423,40.389438],[-4.6624643,40.3958893],[-4.6598707,40.3950577],[-4.6628119,40.3980922],[-4.6615676,40.3975428],[-4.660627,40.4020754],[-4.6554902,40.3972202],[-4.6574954,40.404315],[-4.6556508,40.4054767],[-4.6571426,40.4087295],[-4.6556634,40.4106319],[-4.6615243,40.4108893],[-4.6603837,40.4154093],[-4.6559067,40.4138387],[-4.6513016,40.4165121],[-4.6459184,40.4165957],[-4.6472301,40.414462],[-4.641319,40.4133925],[-4.6056115,40.422803],[-4.6040052,40.4214597],[-4.6013078,40.4228323],[-4.5935477,40.4218165],[-4.5925788,40.4201348],[-4.5942553,40.4175853],[-4.5903069,40.4197975],[-4.5886,40.417755],[-4.5864634,40.4211393],[-4.5842537,40.4212345],[-4.5846675,40.4163993],[-4.5752768,40.4215176],[-4.5703715,40.4194524],[-4.5732622,40.4174878],[-4.5688921,40.4159024],[-4.5695946,40.4137938],[-4.5723302,40.4131488],[-4.5698945,40.4119567],[-4.5696244,40.4078917],[-4.5675679,40.4145094],[-4.5571662,40.4237252],[-4.5528524,40.4243698],[-4.5513135,40.4213882],[-4.5302496,40.4236856],[-4.5261134,40.4213933],[-4.5264441,40.4243895],[-4.5214181,40.4222997],[-4.5144379,40.4267133],[-4.5056259,40.4208081],[-4.5075956,40.4213396],[-4.5065066,40.4192369],[-4.5087522,40.4179264],[-4.5060888,40.4108404],[-4.5078924,40.4096585],[-4.5052397,40.4104955],[-4.5043478,40.4088018],[-4.5010849,40.4109092],[-4.4984136,40.4094203],[-4.4989571,40.4106061],[-4.4960045,40.4113108],[-4.4967368,40.4079906],[-4.4916721,40.4100406],[-4.4956044,40.4115766],[-4.4957625,40.4150882],[-4.4882654,40.4121088],[-4.4876971,40.4161409],[-4.4838233,40.4171884],[-4.4855422,40.4194663],[-4.4864772,40.4173534],[-4.4931804,40.4198914],[-4.4942378,40.4228287],[-4.4913495,40.4261147],[-4.489178,40.4248763],[-4.4900388,40.4261034],[-4.4855248,40.4278008],[-4.4860362,40.4292042],[-4.4843453,40.4291693],[-4.4857392,40.430346],[-4.4804473,40.4342825],[-4.4782786,40.4389237],[-4.4730742,40.4391958],[-4.4722398,40.4404412],[-4.4745393,40.4408155],[-4.4753244,40.4435383],[-4.4728762,40.443735],[-4.4741389,40.444478],[-4.471394,40.4470332],[-4.4648247,40.4453123],[-4.4598131,40.4516872],[-4.4586159,40.4501469],[-4.4569464,40.4526374],[-4.452677,40.4529128],[-4.4593994,40.4551606],[-4.4574283,40.4568847],[-4.4593487,40.4571008],[-4.4586487,40.4582545],[-4.440766,40.4607388],[-4.4414382,40.4625718],[-4.4381984,40.4639346],[-4.4371681,40.4624409],[-4.4372491,40.4649649],[-4.4334883,40.4668988],[-4.4137057,40.4719732],[-4.4057892,40.4826865],[-4.401401,40.4820465],[-4.3991727,40.4860496],[-4.3954701,40.4867633],[-4.3955399,40.4888286],[-4.3911994,40.4879902],[-4.3869801,40.4841516],[-4.38544,40.4893888],[-4.3820387,40.4900575],[-4.3792817,40.4881023],[-4.3760069,40.4901358],[-4.3712867,40.4877781],[-4.370528,40.4799936],[-4.3684365,40.4784888],[-4.3676047,40.480162],[-4.3540186,40.4788352],[-4.3571629,40.4712037],[-4.3569637,40.4709468],[-4.3527801,40.4715986],[-4.3526225,40.4714548],[-4.356421,40.4674245],[-4.3564294,40.4670535],[-4.3547041,40.4689774],[-4.3540211,40.4670861],[-4.3518028,40.4676751],[-4.3582798,40.4598985],[-4.3585052,40.4657313],[-4.3631156,40.4611423],[-4.3641073,40.463835],[-4.3689851,40.4643089],[-4.3700197,40.4618901],[-4.3667961,40.4732436],[-4.368068,40.4713147],[-4.3730833,40.4714342],[-4.3722043,40.4689635],[-4.3736741,40.4676255],[-4.3706385,40.4654012],[-4.3711034,40.4633525],[-4.3729255,40.4624636],[-4.3748674,40.4641335],[-4.3776666,40.4611203],[-4.3798061,40.4620214],[-4.3806027,40.4595182],[-4.3770818,40.4588447],[-4.3779768,40.4574483],[-4.3823394,40.4586655],[-4.3827089,40.4557958],[-4.3808161,40.4548823],[-4.3758652,40.4554457],[-4.3752028,40.4547322],[-4.3803042,40.4523813],[-4.3811793,40.44927],[-4.3837338,40.4495372],[-4.3812284,40.4478552],[-4.3822071,40.4458738],[-4.3795524,40.4447625],[-4.3807711,40.4439624],[-4.3786033,40.4418489],[-4.3799652,40.4412662],[-4.3763908,40.4419845],[-4.3763078,40.4364619],[-4.3847294,40.4381296],[-4.3868159,40.4358175],[-4.3911476,40.4362276],[-4.3936094,40.4341939],[-4.4042724,40.4347654],[-4.4022927,40.4315748],[-4.4001096,40.4307523],[-4.400098,40.4323286],[-4.3966023,40.4328452],[-4.3904965,40.4304071],[-4.3892792,40.4278194],[-4.3841971,40.426852],[-4.3701853,40.4334047],[-4.3679907,40.4260548],[-4.3615339,40.4293363],[-4.3599913,40.4331204],[-4.3513154,40.4362572],[-4.3416325,40.4362263],[-4.3252809,40.4319826],[-4.3236509,40.4255734],[-4.3243111,40.4121785],[-4.3175413,40.3991794],[-4.3232379,40.3832469],[-4.3292443,40.3839703],[-4.338523,40.3898365],[-4.3476065,40.3909094],[-4.3491289,40.3929809],[-4.3475942,40.3987171],[-4.350904,40.4027065],[-4.3672342,40.3981179],[-4.3741256,40.4020374],[-4.376241,40.4008068],[-4.3757976,40.4086785],[-4.3888166,40.4121086],[-4.3974572,40.4117437],[-4.3995189,40.4133535],[-4.3984319,40.4159884],[-4.4003591,40.4161748],[-4.3971539,40.4240711],[-4.3930053,40.427276],[-4.3989525,40.4270453],[-4.4049399,40.4291646],[-4.4049628,40.4311052],[-4.4065832,40.4289511],[-4.4108147,40.4296213],[-4.4070926,40.4258124],[-4.4124403,40.425316],[-4.4141076,40.4203565],[-4.4123227,40.4196191],[-4.4130655,40.4173295],[-4.4162616,40.4176813],[-4.4175616,40.4137186],[-4.4196895,40.4153624],[-4.4245165,40.4119378],[-4.4349734,40.4155141],[-4.4399932,40.4136802],[-4.4451002,40.4199043],[-4.4477475,40.4207931],[-4.4429715,40.4160076],[-4.4408587,40.4085884],[-4.4358651,40.4069426],[-4.4374384,40.4025854],[-4.4418303,40.4022877],[-4.4398446,40.4003434],[-4.4439958,40.3986673],[-4.4409229,40.3996828],[-4.4364573,40.3969867],[-4.4311463,40.4003071],[-4.427976,40.3968886],[-4.4208077,40.3984658],[-4.398476,40.3949151],[-4.390784,40.3917554],[-4.3825749,40.3848524],[-4.378087,40.3763722],[-4.3894696,40.3748595],[-4.3970315,40.3804003],[-4.402077,40.3795393],[-4.4003934,40.3754368],[-4.4099564,40.377434],[-4.4175679,40.3697491],[-4.4148536,40.3589331],[-4.417714,40.3563297],[-4.4157693,40.3555573],[-4.4178198,40.3547822],[-4.4202797,40.348762],[-4.4244352,40.3507974],[-4.4241715,40.3536644],[-4.4214718,40.3533682],[-4.4248563,40.35698],[-4.4244706,40.3589813],[-4.4294322,40.3588351],[-4.4288913,40.3561463],[-4.4306968,40.3556429],[-4.4293348,40.3620899],[-4.4351182,40.364527],[-4.4347625,40.3686496],[-4.4318817,40.367486],[-4.4324803,40.3687523],[-4.430163,40.3690369],[-4.4341893,40.370502],[-4.4355922,40.3725917],[-4.433786,40.3740967],[-4.4361902,40.3768627],[-4.4309993,40.3786928],[-4.4356084,40.3780095],[-4.4376411,40.3808306],[-4.4407983,40.3811872],[-4.4430592,40.3803216],[-4.4419533,40.3771863],[-4.4446775,40.377666],[-4.4458801,40.3755433],[-4.4409575,40.3752653],[-4.4414558,40.3726341],[-4.4446734,40.3743083],[-4.4420181,40.3695562],[-4.442198,40.3525231],[-4.4491305,40.35226],[-4.446853,40.3537176],[-4.4484353,40.3542486],[-4.4522776,40.350909],[-4.4559929,40.3503572],[-4.4571601,40.354426],[-4.4652511,40.35452],[-4.4650067,40.3519105],[-4.4698981,40.3560093],[-4.4736336,40.3492083],[-4.4738854,40.3583035],[-4.4788286,40.3557417],[-4.4807987,40.3526204],[-4.4782368,40.351175],[-4.4818013,40.3474088],[-4.4857631,40.3496632],[-4.4852545,40.3523161],[-4.488362,40.3501354]],[[-4.4439558,40.3959687],[-4.44664,40.3986286],[-4.4509638,40.3958661],[-4.4472197,40.3927984],[-4.43878,40.3938958],[-4.4421704,40.3952841],[-4.4419488,40.3972919],[-4.4439558,40.3959687]],[[-4.4642121,40.3789414],[-4.4501076,40.3771404],[-4.4555356,40.3848662],[-4.4605522,40.3849816],[-4.4626621,40.3885875],[-4.46527,40.3893472],[-4.4648413,40.3845118],[-4.4626769,40.3829692],[-4.4642121,40.3789414]],[[-4.7814304,40.3342442],[-4.7805932,40.3365038],[-4.7826825,40.3364404],[-4.7814304,40.3342442]]]},"properties":{"ha":43854.0,"date":"2026-07-22","day":21,"country":"ES","place":"Navaluenga, Ávila","rank":1}},{"type":"Feature","geometry":{"type":"Polygon","coordinates":[[[-0.9034939,44.866276],[-0.8737852,44.8684068],[-0.8632461,44.8668614],[-0.8572596,44.8600443],[-0.857474,44.8563837],[-0.8605503,44.8530859],[-0.8666726,44.8522813],[-0.892296,44.8557413],[-0.8967353,44.853709],[-0.9136304,44.8560957],[-0.9186684,44.8551927],[-0.9253209,44.8618107],[-0.9388059,44.8654524],[-0.9376736,44.8604505],[-0.9407355,44.8545352],[-0.9366113,44.8521926],[-0.929313,44.842996],[-0.9286515,44.8367266],[-0.9341358,44.8326027],[-0.9485116,44.8271357],[-0.9518115,44.8291652],[-0.9573721,44.8271519],[-0.9639316,44.8301339],[-0.9814773,44.8294835],[-0.9647659,44.8145253],[-0.9638571,44.8093865],[-0.9744401,44.8024505],[-0.9747098,44.7993226],[-0.9627446,44.7922219],[-0.9617224,44.7851957],[-0.9593058,44.7817995],[-0.9548074,44.779602],[-0.942472,44.7820423],[-0.9345275,44.7800654],[-0.9284143,44.77419],[-0.9275485,44.7697814],[-0.9237079,44.7677363],[-0.9135206,44.766803],[-0.8979763,44.7704381],[-0.8832408,44.7782158],[-0.8638688,44.7766807],[-0.8619618,44.7733182],[-0.8664182,44.7687554],[-0.8635943,44.7661319],[-0.8640364,44.7615252],[-0.8686392,44.7594855],[-0.8788747,44.7590822],[-0.8708582,44.7532426],[-0.870049,44.7490974],[-0.8664332,44.7465816],[-0.8562595,44.7440834],[-0.8508065,44.7497733],[-0.8460852,44.7495985],[-0.8457293,44.7429573],[-0.8430336,44.7403447],[-0.8380675,44.7373012],[-0.8279724,44.7367957],[-0.8224938,44.7391475],[-0.8216738,44.7445755],[-0.8037745,44.7473289],[-0.7904248,44.7429288],[-0.7864116,44.7351095],[-0.7967582,44.730473],[-0.8027245,44.7338595],[-0.8097288,44.7313528],[-0.8155573,44.7346026],[-0.8270096,44.7295482],[-0.8286162,44.7274501],[-0.824445,44.7226307],[-0.8243328,44.7180608],[-0.8546626,44.7200671],[-0.8721208,44.7293574],[-0.8853998,44.7291077],[-0.9055715,44.7405628],[-0.9229609,44.748],[-0.9355529,44.7497691],[-0.9505171,44.7579521],[-0.9586659,44.7580904],[-0.9690816,44.7554811],[-0.9844646,44.7558315],[-0.9921128,44.7570683],[-0.9956884,44.7610062],[-1.0054138,44.7636633],[-1.0089839,44.759544],[-1.0131734,44.7616313],[-1.0168282,44.7690372],[-1.0223412,44.7684525],[-1.0244495,44.7648887],[-1.0289605,44.7624059],[-1.0304125,44.7586889],[-1.0378187,44.75189],[-1.0380479,44.7482795],[-1.0418458,44.7459478],[-1.0457531,44.7506504],[-1.0445219,44.7551565],[-1.0527515,44.7544829],[-1.0580627,44.756989],[-1.0646562,44.7635464],[-1.0628406,44.7665429],[-1.0664886,44.765616],[-1.0762202,44.7699071],[-1.0804005,44.7681191],[-1.0821934,44.7692441],[-1.0826754,44.7736783],[-1.0861876,44.7741522],[-1.1110818,44.7721469],[-1.1165514,44.7778256],[-1.1253763,44.7787784],[-1.1246791,44.7811969],[-1.119295,44.7826456],[-1.1210178,44.7856334],[-1.1280448,44.7855275],[-1.1304345,44.7872155],[-1.1336316,44.7851061],[-1.1426737,44.7852671],[-1.1436943,44.7876136],[-1.1370878,44.7918664],[-1.1374185,44.7944406],[-1.1301588,44.7948673],[-1.1295786,44.7964511],[-1.1348251,44.7969611],[-1.1324255,44.7984946],[-1.1310328,44.8032224],[-1.1368339,44.8055134],[-1.1357587,44.808687],[-1.1399577,44.8107165],[-1.1462802,44.8088657],[-1.1410717,44.8062087],[-1.1410959,44.8002926],[-1.1474483,44.8010899],[-1.1502837,44.7975275],[-1.1595835,44.7982374],[-1.1582119,44.8007037],[-1.1613053,44.8009728],[-1.1621669,44.7984316],[-1.1682502,44.7958542],[-1.1690463,44.7975143],[-1.1724027,44.7968054],[-1.1702841,44.7886986],[-1.1729077,44.7839447],[-1.1779436,44.7819102],[-1.1754275,44.7794249],[-1.171614,44.7830407],[-1.1692501,44.7814293],[-1.1703193,44.7787072],[-1.1570115,44.777586],[-1.1487464,44.7667321],[-1.1582974,44.7731418],[-1.1702294,44.7729218],[-1.1764429,44.7707319],[-1.179367,44.7725118],[-1.1859893,44.771394],[-1.1946078,44.7759012],[-1.1981271,44.7744321],[-1.2080526,44.7759104],[-1.2149946,44.7746566],[-1.2304339,44.7821503],[-1.2345602,44.7880305],[-1.2307463,44.7933899],[-1.2316809,44.7968762],[-1.226321,44.8003723],[-1.2165446,44.8126036],[-1.1992014,44.8166065],[-1.1911133,44.8220737],[-1.1761087,44.8231929],[-1.1586686,44.8304964],[-1.1596645,44.8336702],[-1.1574931,44.8378062],[-1.1640663,44.8419529],[-1.1582914,44.8437197],[-1.1583518,44.8453572],[-1.1667771,44.846696],[-1.177725,44.8577193],[-1.1786967,44.8652535],[-1.1726476,44.8700469],[-1.1731961,44.8733577],[-1.1781977,44.8760803],[-1.1777078,44.8786745],[-1.1685818,44.8820835],[-1.1580583,44.8818221],[-1.1574797,44.8842667],[-1.1502786,44.8846223],[-1.1472946,44.8846865],[-1.1468122,44.8809462],[-1.1422106,44.8798603],[-1.1422046,44.8838509],[-1.1403767,44.8845059],[-1.1419726,44.888526],[-1.1354943,44.8884587],[-1.128248,44.9041754],[-1.1170024,44.9210061],[-1.1163337,44.9228843],[-1.1188382,44.9258728],[-1.1078467,44.9311349],[-1.1060528,44.9370316],[-1.096096,44.9368983],[-1.0934477,44.9394661],[-1.0813554,44.9435445],[-1.0695574,44.9435449],[-1.058613,44.9515234],[-1.0492576,44.95377],[-1.0511569,44.9562043],[-1.0460311,44.9611804],[-1.0356159,44.9608532],[-1.0301807,44.965759],[-1.01953,44.9669685],[-1.01205,44.9699642],[-1.0091094,44.9746919],[-0.9955274,44.9705773],[-0.9887693,44.9735308],[-0.9838504,44.9729489],[-0.970781,44.9604837],[-0.9706858,44.9573647],[-0.9739123,44.9569145],[-0.9774109,44.9518966],[-0.9684062,44.9468859],[-0.973033,44.9402216],[-0.9707777,44.9372684],[-0.9709334,44.9329417],[-0.9819048,44.9252341],[-0.9896514,44.9227557],[-0.9967488,44.9237521],[-0.9913038,44.9217654],[-0.9977232,44.9190338],[-0.9939619,44.9175943],[-0.9960133,44.9157132],[-0.9940145,44.914805],[-0.9867699,44.918009],[-0.9824604,44.9166556],[-0.9811547,44.9183281],[-0.9774432,44.917918],[-0.9885355,44.9132597],[-0.9800338,44.9113442],[-0.9806579,44.9085808],[-0.9776146,44.9074955],[-0.9785698,44.9055869],[-0.9843545,44.9046036],[-0.9795296,44.8963598],[-0.9750156,44.8978402],[-0.9709238,44.8961479],[-0.9649329,44.8996929],[-0.9635786,44.9038596],[-0.964813,44.9061114],[-0.9746733,44.9125948],[-0.9691958,44.9152333],[-0.9526433,44.9073206],[-0.9360909,44.9131659],[-0.9192516,44.908177],[-0.9145064,44.9018727],[-0.9141924,44.8949117],[-0.9236003,44.8898992],[-0.9277762,44.8852476],[-0.9271329,44.8793178],[-0.9212485,44.8801936],[-0.9182027,44.8844946],[-0.8911964,44.8874021],[-0.8742869,44.8973109],[-0.8671968,44.8986756],[-0.8624364,44.8966256],[-0.8621784,44.8946846],[-0.8673105,44.8895215],[-0.8788451,44.8899834],[-0.8823151,44.8885077],[-0.8841221,44.8786457],[-0.885882,44.8775027],[-0.9071791,44.8713637],[-0.9034939,44.866276]],[[-0.990246,44.8874517],[-0.9952276,44.8881309],[-1.0007771,44.8855643],[-1.0191787,44.8832446],[-1.0234946,44.8783391],[-1.0246426,44.8690303],[-1.028116,44.8650204],[-1.0354652,44.8644134],[-1.0429954,44.8576159],[-1.0352844,44.8533541],[-1.025868,44.8522861],[-1.0178918,44.8571396],[-1.0020293,44.8557149],[-0.9810759,44.8588306],[-0.9649766,44.8578225],[-0.9660091,44.8626465],[-0.9711135,44.8667123],[-0.9707326,44.8706846],[-0.9835131,44.874192],[-0.9846249,44.8753895],[-0.980484,44.879356],[-0.988539,44.8816914],[-0.990246,44.8874517]],[[-1.0767913,44.8814023],[-1.0788542,44.8802062],[-1.0792164,44.8787517],[-1.0772455,44.8793765],[-1.0767913,44.8814023]],[[-1.0847721,44.8840282],[-1.0879417,44.8841211],[-1.0859398,44.8770465],[-1.0939431,44.8776337],[-1.1003656,44.869491],[-1.099643,44.8682874],[-1.0912568,44.868584],[-1.0909215,44.8650893],[-1.084754,44.8649429],[-1.0846888,44.8676479],[-1.079237,44.872028],[-1.0791376,44.875374],[-1.0847721,44.8840282]],[[-1.1055412,44.8024575],[-1.1069108,44.801517],[-1.1074448,44.7997673],[-1.1052715,44.8010895],[-1.1055412,44.8024575]],[[-1.1269165,44.8095331],[-1.1308766,44.8086722],[-1.1314782,44.8079338],[-1.1271199,44.807482],[-1.1269165,44.8095331]]]},"properties":{"ha":38120.0,"date":"2026-07-22","day":21,"country":"FR","place":"Porge, Gironde","rank":2}},{"type":"Feature","geometry":{"type":"Polygon","coordinates":[[[-3.1544218,41.0646431],[-3.1396659,41.0689295],[-3.1417492,41.0737132],[-3.1408342,41.0799438],[-3.1286691,41.0807411],[-3.1285363,41.0845594],[-3.127057,41.0849728],[-3.1253379,41.0822503],[-3.1169325,41.0778087],[-3.1168991,41.0846525],[-3.1139543,41.0859857],[-3.1163467,41.0843646],[-3.1136358,41.0834291],[-3.1066469,41.0909456],[-3.1088703,41.0990779],[-3.1121742,41.1012824],[-3.1111467,41.1037169],[-3.1133222,41.1043883],[-3.1128627,41.1073215],[-3.1165796,41.1076055],[-3.1153102,41.1097139],[-3.112212,41.1092906],[-3.1117624,41.1112329],[-3.1093253,41.1114493],[-3.1090243,41.1136675],[-3.1126479,41.1184285],[-3.1114777,41.1247775],[-3.1086588,41.1275754],[-3.1094469,41.1321964],[-3.1116451,41.1316649],[-3.1119344,41.1346462],[-3.1158971,41.1387706],[-3.1145267,41.1399483],[-3.1205922,41.1452029],[-3.1248542,41.1482663],[-3.1320247,41.1487413],[-3.1344909,41.152718],[-3.1389114,41.1516941],[-3.1417076,41.156542],[-3.1416067,41.1606748],[-3.1379454,41.1642506],[-3.1378806,41.1684095],[-3.1358491,41.1665703],[-3.1319423,41.166742],[-3.1336192,41.1692724],[-3.1322132,41.1732919],[-3.1338555,41.1745547],[-3.127046,41.1870515],[-3.1262596,41.1852867],[-3.1243361,41.1861634],[-3.124748,41.1838202],[-3.1227069,41.1828974],[-3.1233296,41.1845676],[-3.1208438,41.1874196],[-3.1228184,41.1805864],[-3.120708,41.1793857],[-3.1232507,41.1774259],[-3.1240314,41.1724891],[-3.11901,41.172095],[-3.1178943,41.1734924],[-3.1200706,41.1744749],[-3.1159289,41.1761898],[-3.1155989,41.1787214],[-3.1122337,41.1811885],[-3.0997391,41.1868173],[-3.0888704,41.1875284],[-3.0898404,41.1907055],[-3.0857347,41.1937856],[-3.0942082,41.1954218],[-3.0862491,41.1993332],[-3.088471,41.2023581],[-3.0870589,41.2091077],[-3.0901462,41.2113817],[-3.0655674,41.2095379],[-3.0648166,41.2114059],[-3.0565611,41.2127786],[-3.0558314,41.2153262],[-3.048711,41.2205035],[-3.0423403,41.2221093],[-3.030548,41.2200747],[-3.0225439,41.222724],[-3.0214848,41.2278673],[-3.0165688,41.2295624],[-3.013383,41.2286409],[-3.0062535,41.2318783],[-3.0082119,41.2284929],[-3.0031812,41.2278714],[-3.0015236,41.2307621],[-2.9982391,41.2297281],[-2.9997872,41.2305816],[-2.9976626,41.2325445],[-2.9950267,41.2313795],[-2.9962052,41.2333278],[-2.9895717,41.2336558],[-2.991745,41.2365421],[-2.988868,41.2345217],[-2.9864288,41.2373444],[-2.9820541,41.2354187],[-2.9824841,41.2385914],[-2.9794629,41.236385],[-2.9852513,41.2339063],[-2.9784936,41.2345],[-2.9719526,41.2323472],[-2.9757729,41.2341415],[-2.9731427,41.2342828],[-2.977131,41.2360892],[-2.9757608,41.2377135],[-2.9681652,41.235051],[-2.9708695,41.2339791],[-2.9683996,41.231177],[-2.9625083,41.229393],[-2.9628651,41.2316543],[-2.9589396,41.2297141],[-2.9614551,41.2293154],[-2.9570747,41.2265707],[-2.9590907,41.2222353],[-2.9626406,41.2223259],[-2.9648495,41.2194773],[-2.9676404,41.2205999],[-2.965326,41.2171064],[-2.9692802,41.2174051],[-2.972395,41.2157902],[-2.969779,41.216066],[-2.9708517,41.2150267],[-2.9673706,41.2111295],[-2.9640986,41.2118554],[-2.9574162,41.2086472],[-2.9608864,41.2060238],[-2.9607913,41.2087084],[-2.9667591,41.2087994],[-2.9654741,41.2099007],[-2.967458,41.2106177],[-2.9674086,41.2063943],[-2.9618374,41.205262],[-2.9629003,41.2039625],[-2.959378,41.2007187],[-2.9575424,41.2008462],[-2.957951,41.2027142],[-2.9499539,41.1985457],[-2.950022,41.201152],[-2.9459596,41.2016172],[-2.9452491,41.2039504],[-2.9466638,41.2046061],[-2.9400972,41.2097319],[-2.9402573,41.2123487],[-2.9422596,41.2131548],[-2.9402873,41.2187007],[-2.9422941,41.2185283],[-2.942091,41.2214884],[-2.938589,41.2253362],[-2.9371319,41.223981],[-2.9286858,41.225778],[-2.9303597,41.2314976],[-2.9288461,41.2337312],[-2.929077,41.2299716],[-2.9234991,41.2288834],[-2.9251765,41.2255711],[-2.9283927,41.2255091],[-2.9282284,41.221795],[-2.9259389,41.2220685],[-2.924929,41.21932],[-2.927419,41.2192234],[-2.9283264,41.2143767],[-2.9317465,41.2147059],[-2.9350272,41.2108204],[-2.9264398,41.2066794],[-2.9227116,41.2075481],[-2.9230641,41.2045591],[-2.9209593,41.2055419],[-2.9198769,41.203501],[-2.9233097,41.2036167],[-2.9216347,41.2020335],[-2.9249771,41.2009415],[-2.9229714,41.1997286],[-2.9255661,41.1998781],[-2.9237793,41.1989069],[-2.9255106,41.1970362],[-2.9301325,41.1975349],[-2.9291134,41.1955741],[-2.9327351,41.1950903],[-2.9337251,41.193193],[-2.9317367,41.1941166],[-2.9325296,41.1922805],[-2.9312025,41.1932411],[-2.9300642,41.1895462],[-2.9274783,41.1906806],[-2.9142474,41.1880844],[-2.9121701,41.1817994],[-2.9171064,41.183636],[-2.9222417,41.18025],[-2.9282212,41.1807739],[-2.929977,41.1792445],[-2.9337215,41.185125],[-2.9360489,41.1807633],[-2.9393286,41.1793784],[-2.9391318,41.175445],[-2.9507745,41.172882],[-2.9513871,41.1712461],[-2.9478445,41.1710152],[-2.9508824,41.1682369],[-2.9486277,41.1668363],[-2.94125,41.1692259],[-2.9389385,41.171361],[-2.9400927,41.1728002],[-2.9357713,41.1740568],[-2.935241,41.1710333],[-2.9364398,41.1690201],[-2.939066,41.1696916],[-2.9395668,41.1671337],[-2.9338083,41.1649909],[-2.9314845,41.1668689],[-2.9327184,41.167467],[-2.9281602,41.1678052],[-2.9261615,41.1651121],[-2.9263699,41.1605671],[-2.9217423,41.1638075],[-2.9174878,41.1634903],[-2.9154332,41.1612586],[-2.9174823,41.1583477],[-2.9159962,41.1555997],[-2.9176977,41.1543692],[-2.9140457,41.1526386],[-2.913657,41.147502],[-2.9234187,41.1465581],[-2.9234371,41.1446998],[-2.9360773,41.1402484],[-2.9352192,41.1428267],[-2.9326951,41.1442367],[-2.9326751,41.1450961],[-2.9604102,41.1299227],[-2.9623832,41.1239314],[-2.9646036,41.1250091],[-2.9668564,41.120753],[-2.9719882,41.123754],[-2.9755875,41.1190287],[-2.9798301,41.1203523],[-2.9801642,41.111166],[-2.9931206,41.1000539],[-2.9982897,41.0913838],[-3.0027473,41.0925718],[-3.0070688,41.0853187],[-3.0113164,41.0855695],[-3.0131608,41.0818795],[-3.0175427,41.0814946],[-3.0157325,41.0804258],[-3.017973,41.0770711],[-3.0198381,41.0787868],[-3.0173287,41.0824687],[-3.0192461,41.0853707],[-3.0228077,41.0829196],[-3.0262135,41.0776339],[-3.0246673,41.0741171],[-3.0220356,41.07313],[-3.0243924,41.0682311],[-3.0209027,41.0638931],[-3.0209276,41.0615138],[-3.022519,41.0613952],[-3.0195064,41.0603653],[-3.0252631,41.055654],[-3.0224822,41.0547563],[-3.0212729,41.0514513],[-3.030408,41.0495348],[-3.0246589,41.0456906],[-3.0243924,41.03909],[-3.0288519,41.0390096],[-3.0250366,41.0356607],[-3.0248045,41.0299192],[-3.0297607,41.0321092],[-3.0318856,41.0325908],[-3.03328,41.0318463],[-3.0286233,41.029475],[-3.033093,41.0289717],[-3.0298798,41.0247978],[-3.030656,41.0207818],[-3.0344481,41.0185026],[-3.0382733,41.0207978],[-3.0389547,41.0184533],[-3.0403915,41.0195799],[-3.0430626,41.0173555],[-3.0454256,41.0184438],[-3.0448464,41.0207749],[-3.0472052,41.0189327],[-3.0473613,41.0222093],[-3.0532019,41.0220797],[-3.0559434,41.0251369],[-3.0542138,41.0275323],[-3.0570551,41.0283044],[-3.0551744,41.02767],[-3.0568128,41.0248978],[-3.0541519,41.0209547],[-3.0564394,41.0183349],[-3.0616168,41.0211835],[-3.0593188,41.0192344],[-3.0603586,41.0184245],[-3.0560608,41.0175895],[-3.0494877,41.0204244],[-3.0483967,41.0164143],[-3.039355,41.0154388],[-3.0381425,41.0138846],[-3.0405732,41.0117767],[-3.0463821,41.0115013],[-3.0453764,41.0095485],[-3.0526952,41.0036887],[-3.0534308,40.9992328],[-3.0615598,40.9971622],[-3.0640911,40.9981264],[-3.0619892,40.9995814],[-3.0669395,40.9992685],[-3.0701527,40.9971794],[-3.0831003,41.0091427],[-3.092281,41.0144541],[-3.0987679,41.0135284],[-3.1017925,41.0149998],[-3.1026654,41.0134601],[-3.1034354,41.015665],[-3.1050923,41.0136495],[-3.1134384,41.0166038],[-3.1121876,41.0156477],[-3.1146318,41.0102647],[-3.1135262,41.0056557],[-3.1169236,41.0071829],[-3.1215929,41.0061444],[-3.1260713,41.0037205],[-3.1274728,40.9993475],[-3.1335959,41.0011556],[-3.1414916,40.9953615],[-3.1481907,40.9930335],[-3.1547091,40.99347],[-3.1675389,40.9889937],[-3.170932,40.9897858],[-3.1762455,40.9821061],[-3.1816622,40.9813622],[-3.1867016,40.983162],[-3.1851304,40.9864941],[-3.1890964,40.9872972],[-3.1840184,40.9911617],[-3.1936609,40.9876308],[-3.1942534,40.985606],[-3.1966112,40.9874912],[-3.1996275,40.9866794],[-3.197445,40.9841429],[-3.1997455,40.9845591],[-3.2014535,40.9812171],[-3.1983983,40.9816274],[-3.1989312,40.9829795],[-3.1962541,40.9815616],[-3.1942074,40.9841355],[-3.1913679,40.9821733],[-3.1942518,40.9773031],[-3.2016938,40.9732884],[-3.2008784,40.9690297],[-3.207875,40.9586214],[-3.2049215,40.9573801],[-3.2061139,40.9544609],[-3.2081403,40.9532158],[-3.2126426,40.9547946],[-3.2079897,40.9519096],[-3.2053578,40.9442606],[-3.2129885,40.9446937],[-3.2111641,40.9396863],[-3.2140494,40.9366896],[-3.2131664,40.932714],[-3.2220444,40.9388326],[-3.234301,40.9439294],[-3.2330243,40.9473734],[-3.2428092,40.9433488],[-3.2448338,40.940467],[-3.2419572,40.9377862],[-3.2436639,40.9362473],[-3.2467212,40.9356935],[-3.2506248,40.9378996],[-3.2530835,40.9428652],[-3.2491938,40.9437171],[-3.2514383,40.9463769],[-3.2494545,40.9486873],[-3.2470672,40.9481338],[-3.2489231,40.9494665],[-3.2486249,40.9536189],[-3.2456181,40.9541908],[-3.2445367,40.9622215],[-3.2406729,40.9655071],[-3.2414907,40.967405],[-3.2395128,40.965999],[-3.2400912,40.9677927],[-3.2382007,40.9688951],[-3.2402701,40.9707485],[-3.2326133,40.9786188],[-3.2328675,40.9825725],[-3.2259652,40.9858054],[-3.2209462,40.9917199],[-3.2135614,40.9957505],[-3.2185293,41.0023469],[-3.2190428,41.0086718],[-3.2166181,41.0131333],[-3.2173158,41.0208099],[-3.2138442,41.0284723],[-3.2141531,41.031878],[-3.2088545,41.0320912],[-3.2116343,41.0349582],[-3.2055856,41.037585],[-3.2047331,41.0417393],[-3.2007136,41.0438248],[-3.2001684,41.0419754],[-3.1973909,41.0434288],[-3.1990902,41.0425069],[-3.196113,41.0411316],[-3.1956132,41.0426816],[-3.1933576,41.0423374],[-3.190615,41.0355325],[-3.1864436,41.0373716],[-3.1841499,41.0407051],[-3.1857081,41.04867],[-3.178845,41.0541628],[-3.1802339,41.0583507],[-3.1769819,41.0584566],[-3.1786771,41.0623304],[-3.1747289,41.0638545],[-3.1694592,41.0619265],[-3.1632627,41.0646496],[-3.1564063,41.0620289],[-3.1544218,41.0646431]],[[-2.9260428,41.2053562],[-2.9283008,41.2027258],[-2.9255533,41.2015298],[-2.9249307,41.2033582],[-2.9260428,41.2053562]],[[-2.9353511,41.1878745],[-2.9365533,41.1895033],[-2.9403282,41.1867609],[-2.9368444,41.1865988],[-2.9367967,41.1889156],[-2.9353511,41.1878745]],[[-2.9361905,41.1903211],[-2.9383344,41.1906432],[-2.9378143,41.1896157],[-2.9361905,41.1903211]],[[-2.9450591,41.193],[-2.9464358,41.1882299],[-2.9408345,41.1869247],[-2.9389096,41.1908853],[-2.9450591,41.193]],[[-3.0379009,41.1634366],[-3.045772,41.1562208],[-3.046552,41.15362],[-3.0448467,41.1545594],[-3.0447749,41.1531572],[-3.0501624,41.1516216],[-3.0505903,41.1494861],[-3.0527397,41.1502563],[-3.0525075,41.1477119],[-3.0487698,41.1494946],[-3.0517936,41.1398017],[-3.0541905,41.1385533],[-3.0542952,41.1336372],[-3.0559038,41.1331138],[-3.0565979,41.1218986],[-3.0498081,41.1246291],[-3.0490894,41.1279045],[-3.0444965,41.1298005],[-3.0410041,41.1345756],[-3.0379688,41.1319368],[-3.0345418,41.1326696],[-3.0327218,41.1306456],[-3.0241904,41.1296953],[-3.025777,41.1354578],[-3.0219516,41.1338229],[-3.0262609,41.139877],[-3.0165064,41.1442842],[-3.0200373,41.1447174],[-3.0214587,41.152022],[-3.0276151,41.1586696],[-3.0181328,41.1623427],[-3.016409,41.1697834],[-3.0134499,41.1702207],[-3.0110491,41.1677766],[-3.0117358,41.1717035],[-3.0048999,41.170853],[-3.0063542,41.1671709],[-3.0031298,41.1664485],[-3.0039833,41.1647692],[-3.0006985,41.1641478],[-2.9988878,41.1660464],[-2.9926243,41.164313],[-2.994159,41.1602328],[-2.9919075,41.1620808],[-2.9880637,41.1609433],[-2.9817036,41.1664191],[-2.9942842,41.1694611],[-2.998462,41.1796441],[-2.9950842,41.1770337],[-2.9925444,41.1799434],[-3.0010781,41.1836888],[-2.9988452,41.186403],[-2.9968945,41.1859932],[-2.9983548,41.1898026],[-3.0095921,41.1918879],[-3.0099816,41.189758],[-3.006386,41.189612],[-3.0087601,41.1890195],[-3.0092644,41.1866572],[-3.0072034,41.1832065],[-3.009622,41.1839886],[-3.006323,41.179817],[-3.0075287,41.1757335],[-3.0123909,41.1770306],[-3.0171642,41.1754851],[-3.0184988,41.1733699],[-3.0153841,41.1737502],[-3.0167314,41.1716954],[-3.0266098,41.1684356],[-3.0269173,41.1657269],[-3.030365,41.1643093],[-3.0302823,41.1610161],[-3.0351475,41.1631028],[-3.0287145,41.1682194],[-3.0360455,41.1660865],[-3.0356342,41.1689797],[-3.0392128,41.1665362],[-3.0379009,41.1634366]],[[-3.0114046,41.1904149],[-3.0138091,41.1935956],[-3.0171237,41.1898238],[-3.0114046,41.1904149]],[[-3.0163863,41.1103815],[-3.0238422,41.1091813],[-3.022922,41.1102798],[-3.024568,41.1104353],[-3.02762,41.1075777],[-3.0325646,41.1076302],[-3.0307697,41.105382],[-3.0308302,41.1003151],[-3.034524,41.1005965],[-3.031052,41.0989356],[-3.0326603,41.0953952],[-3.0305269,41.0949628],[-3.0316585,41.0900082],[-3.0298557,41.0914381],[-3.0291331,41.0894053],[-3.0275509,41.0916319],[-3.0286586,41.093852],[-3.0268643,41.0936367],[-3.0259794,41.0970338],[-3.0288542,41.0974555],[-3.0271512,41.0999045],[-3.0239692,41.1007066],[-3.0225332,41.0994115],[-3.0239231,41.0979093],[-3.0207285,41.0984033],[-3.0185025,41.1030894],[-3.0158846,41.1019504],[-3.0163863,41.1103815]],[[-3.0253304,41.1972449],[-3.0273488,41.1968708],[-3.02687,41.1961259],[-3.0253304,41.1972449]],[[-3.0257844,41.0599238],[-3.031149,41.0590567],[-3.0387945,41.0595559],[-3.0408912,41.057465],[-3.0366606,41.0549703],[-3.0340339,41.0565479],[-3.0334318,41.0537732],[-3.0287154,41.0530866],[-3.031481,41.0552235],[-3.0308314,41.0570034],[-3.0257844,41.0599238]],[[-3.0273345,41.1987772],[-3.0382766,41.1915493],[-3.0371311,41.1893499],[-3.0316419,41.1949019],[-3.0300127,41.190065],[-3.0273345,41.1987772]],[[-3.0493865,41.1557243],[-3.0513317,41.1575225],[-3.0513115,41.1534696],[-3.0475047,41.1550167],[-3.0476834,41.1571871],[-3.0493865,41.1557243]],[[-3.064627,41.1433634],[-3.0691746,41.1482864],[-3.0714041,41.1481163],[-3.069837,41.1463565],[-3.0708569,41.1437679],[-3.077888,41.141855],[-3.0769983,41.1402148],[-3.0789172,41.1372303],[-3.0821195,41.1358673],[-3.0816255,41.1332283],[-3.0804044,41.1357517],[-3.0778722,41.1350664],[-3.0809794,41.1332555],[-3.0789857,41.1330764],[-3.0791116,41.1308073],[-3.0736232,41.1316532],[-3.0731999,41.1339283],[-3.0705565,41.1349573],[-3.0706953,41.1374341],[-3.0651494,41.1391578],[-3.0662065,41.1417975],[-3.064627,41.1433634]],[[-3.0807098,41.0120302],[-3.0829933,41.0100187],[-3.0744869,41.0104749],[-3.0770559,41.0109753],[-3.0807098,41.0120302]],[[-3.0745207,41.00831],[-3.079753,41.0078286],[-3.0780947,41.005428],[-3.0745207,41.00831]],[[-3.0857354,41.1141358],[-3.0882474,41.1091398],[-3.0911168,41.1076543],[-3.0890481,41.105904],[-3.0913601,41.1033728],[-3.0898117,41.100767],[-3.087048,41.1003798],[-3.0814578,41.1048398],[-3.0774079,41.1051554],[-3.0780362,41.1068828],[-3.0853126,41.1056778],[-3.0841699,41.1087842],[-3.0857354,41.1141358]],[[-3.1042707,41.1670617],[-3.1076758,41.1558991],[-3.1116004,41.1562645],[-3.1087577,41.1534524],[-3.1048273,41.1539418],[-3.1023731,41.1565374],[-3.1014347,41.1543093],[-3.1036565,41.15218],[-3.1005932,41.1535754],[-3.0977498,41.1623437],[-3.0925073,41.1582257],[-3.0900578,41.1593383],[-3.0930241,41.1593042],[-3.0922126,41.1624013],[-3.0848167,41.1620356],[-3.0876937,41.1639729],[-3.0898649,41.1632658],[-3.0890248,41.1660736],[-3.0909864,41.1689028],[-3.0885879,41.1755599],[-3.0835492,41.1790591],[-3.0846242,41.1821902],[-3.0821963,41.1848653],[-3.0869143,41.1849507],[-3.0881754,41.1808981],[-3.090386,41.1817768],[-3.094367,41.1796989],[-3.0929663,41.1774819],[-3.095416,41.1690929],[-3.1008401,41.1658516],[-3.1042707,41.1670617]],[[-3.0881897,41.055948],[-3.1030106,41.0587293],[-3.0878137,41.0522728],[-3.0884313,41.0540016],[-3.0858017,41.0570281],[-3.0868677,41.0592175],[-3.0891081,41.0571205],[-3.0881897,41.055948]],[[-3.0910042,41.1437218],[-3.0909324,41.1407839],[-3.0881973,41.1413818],[-3.0910042,41.1437218]],[[-3.1151088,41.1508421],[-3.1164794,41.150996],[-3.1159869,41.1505651],[-3.1151088,41.1508421]],[[-3.1165229,41.1491151],[-3.1184871,41.148115],[-3.1162771,41.1464357],[-3.1158581,41.1474434],[-3.1165229,41.1491151]],[[-3.1253892,41.151225],[-3.1261803,41.1504138],[-3.1244186,41.1507881],[-3.1253892,41.151225]],[[-3.1318143,41.0659106],[-3.1394013,41.0638255],[-3.1395861,41.061251],[-3.1415281,41.0626518],[-3.1400348,41.0638998],[-3.1437616,41.0633067],[-3.1419462,41.0606816],[-3.1373761,41.0591313],[-3.1382173,41.0567869],[-3.1349251,41.0580923],[-3.1359592,41.0565562],[-3.1337101,41.0565149],[-3.1319693,41.0582723],[-3.1342712,41.0577744],[-3.1343528,41.0585023],[-3.1311672,41.0603096],[-3.1290226,41.0588403],[-3.1289635,41.061811],[-3.1264468,41.0614478],[-3.1267448,41.0639816],[-3.130477,41.0633646],[-3.1318143,41.0659106]],[[-3.1269437,41.065655],[-3.1282496,41.0665769],[-3.1273404,41.0651572],[-3.1269437,41.065655]]]},"properties":{"ha":33022.0,"date":"2026-07-16","day":15,"country":"ES","place":"La Mierla, Guadalajara","rank":3}},{"type":"Feature","geometry":{"type":"Polygon","coordinates":[[[-4.3398696,40.2729725],[-4.3263927,40.2672003],[-4.3258532,40.2694349],[-4.3285175,40.2711113],[-4.3250903,40.2734841],[-4.3261396,40.2803984],[-4.3238589,40.2832056],[-4.3242145,40.2860842],[-4.3272744,40.2873576],[-4.3245222,40.2913836],[-4.3269107,40.2920088],[-4.3297398,40.2978564],[-4.3371758,40.3035422],[-4.3341428,40.3084964],[-4.338689,40.3164226],[-4.3421693,40.3172314],[-4.3359564,40.321193],[-4.3374547,40.3221791],[-4.3350738,40.3235643],[-4.3379255,40.3278567],[-4.3365118,40.3284372],[-4.3400722,40.3291262],[-4.3398822,40.332038],[-4.3459368,40.3326149],[-4.3491614,40.331773],[-4.3505582,40.3270327],[-4.3594302,40.3291905],[-4.3608449,40.3184885],[-4.3691626,40.3166234],[-4.3734667,40.3182056],[-4.3747296,40.3216314],[-4.3803403,40.3252778],[-4.3808202,40.3280509],[-4.3810508,40.3263578],[-4.3843892,40.3276143],[-4.3864156,40.3309154],[-4.3910177,40.3302696],[-4.3907915,40.3277007],[-4.3815748,40.3218958],[-4.3817437,40.3185825],[-4.3853935,40.3192658],[-4.3891482,40.3238324],[-4.394424,40.3262441],[-4.393778,40.3301356],[-4.3957752,40.3287287],[-4.4019483,40.3406251],[-4.4012264,40.3429249],[-4.397756,40.3443641],[-4.4003417,40.3465174],[-4.4001939,40.3509544],[-4.396977,40.354612],[-4.3932119,40.3534092],[-4.3933311,40.3560917],[-4.389238,40.3596527],[-4.3890216,40.3644786],[-4.3857547,40.3665649],[-4.380291,40.3661307],[-4.3804806,40.3699045],[-4.3761837,40.3728796],[-4.3771015,40.3759905],[-4.3731719,40.3744939],[-4.358827,40.3853781],[-4.3544694,40.3806575],[-4.3507874,40.3826409],[-4.3493174,40.3799804],[-4.3289201,40.3802505],[-4.324221,40.3751727],[-4.3205408,40.374578],[-4.318523,40.3689734],[-4.3119623,40.3724892],[-4.3113192,40.3770419],[-4.3146594,40.3815568],[-4.3105319,40.3859901],[-4.3125001,40.3928163],[-4.3084592,40.4005068],[-4.3041797,40.401761],[-4.3074619,40.402644],[-4.3068397,40.4051243],[-4.3003316,40.4078256],[-4.2970533,40.4223177],[-4.289795,40.4241632],[-4.2897626,40.4264061],[-4.2869567,40.4272813],[-4.2893275,40.430792],[-4.2829709,40.4331991],[-4.2808639,40.4321461],[-4.2802035,40.4345806],[-4.2781211,40.4311636],[-4.2722866,40.4336524],[-4.2733561,40.4286206],[-4.2717101,40.4276492],[-4.2643846,40.4276912],[-4.265921,40.4345592],[-4.2688608,40.4368376],[-4.2652375,40.4389638],[-4.2671024,40.4401247],[-4.2647263,40.4503032],[-4.2566958,40.4593611],[-4.2576684,40.4641523],[-4.2476337,40.4656494],[-4.2491567,40.4695166],[-4.2460263,40.4747635],[-4.2478862,40.4760419],[-4.2457675,40.4766352],[-4.2445905,40.4749732],[-4.2415923,40.4780966],[-4.2408596,40.483387],[-4.2368055,40.4833238],[-4.229934,40.4894353],[-4.2228855,40.4901721],[-4.2205678,40.4976931],[-4.2183811,40.4968623],[-4.2154133,40.5001659],[-4.2086157,40.5018667],[-4.2120288,40.4968831],[-4.2107911,40.4953063],[-4.2057794,40.5020118],[-4.205303,40.5069391],[-4.1993147,40.5020587],[-4.1970792,40.5035179],[-4.1983042,40.5046947],[-4.1915086,40.5063346],[-4.1657752,40.5061389],[-4.1548935,40.4989819],[-4.1460978,40.4983457],[-4.1442846,40.496088],[-4.1463499,40.4945659],[-4.1474604,40.496869],[-4.1515177,40.4926312],[-4.1592972,40.4963742],[-4.1605331,40.500711],[-4.1673033,40.4973281],[-4.1651383,40.4948355],[-4.1690814,40.497963],[-4.173463,40.4941877],[-4.1779207,40.4953458],[-4.17677,40.4964917],[-4.1802483,40.4986709],[-4.1891642,40.4985036],[-4.187682,40.4955826],[-4.173998,40.4919263],[-4.172223,40.4896719],[-4.176149,40.4887729],[-4.1774816,40.4900977],[-4.1811883,40.4871814],[-4.1842279,40.4927054],[-4.1850388,40.4883933],[-4.1965986,40.4824686],[-4.2023797,40.4866999],[-4.2058514,40.4846651],[-4.2046498,40.4814661],[-4.1999551,40.4813246],[-4.2035261,40.4807074],[-4.203308,40.4786275],[-4.1997363,40.4779825],[-4.2002321,40.4766724],[-4.1965542,40.4741315],[-4.1995448,40.4746941],[-4.1987981,40.4720257],[-4.1921773,40.4715794],[-4.195545,40.4699922],[-4.1918113,40.4667298],[-4.1895704,40.4672662],[-4.1910017,40.4654599],[-4.1882397,40.4620754],[-4.1847947,40.4631452],[-4.1822484,40.4606904],[-4.1844369,40.458587],[-4.1764499,40.4594912],[-4.1721293,40.4563639],[-4.1748269,40.4537992],[-4.1795876,40.4544833],[-4.1824761,40.4574031],[-4.1904795,40.4560001],[-4.1853854,40.4521262],[-4.1758258,40.4533209],[-4.1748301,40.4503174],[-4.1795212,40.4477224],[-4.1838502,40.4486165],[-4.1862357,40.4460956],[-4.1849611,40.4440849],[-4.1871058,40.43882],[-4.1776053,40.4366927],[-4.1812726,40.433825],[-4.1811919,40.4318944],[-4.1830266,40.4334164],[-4.1960742,40.4337271],[-4.2027497,40.4395535],[-4.2072182,40.437081],[-4.2143056,40.4403841],[-4.2122129,40.4377041],[-4.2179451,40.4358527],[-4.2156328,40.4315755],[-4.2095893,40.4288295],[-4.2057547,40.4325901],[-4.2053398,40.4286341],[-4.1995143,40.4293973],[-4.1982956,40.4313802],[-4.1972675,40.4291967],[-4.1996054,40.4257733],[-4.2033745,40.424645],[-4.2002587,40.4227386],[-4.2090449,40.4206067],[-4.2128496,40.414945],[-4.2076725,40.4137738],[-4.2025882,40.4162397],[-4.2010569,40.411583],[-4.2259058,40.3978607],[-4.2321842,40.3998026],[-4.2319929,40.4019168],[-4.236161,40.4011566],[-4.2352567,40.3949089],[-4.2310324,40.3941591],[-4.2307695,40.3918091],[-4.2512369,40.3921687],[-4.2555011,40.3899419],[-4.2542502,40.3886347],[-4.2569817,40.3822455],[-4.2519326,40.3798008],[-4.2493802,40.3836673],[-4.2457636,40.3845391],[-4.2364274,40.3830583],[-4.2360051,40.3856976],[-4.2310672,40.3894263],[-4.231123,40.3875605],[-4.2286695,40.3894097],[-4.2270493,40.3871465],[-4.2213588,40.3888037],[-4.2251236,40.3846465],[-4.2238549,40.3824792],[-4.2265645,40.3808914],[-4.2187988,40.3773202],[-4.2193302,40.3791247],[-4.215211,40.3795241],[-4.2178518,40.377125],[-4.2137207,40.3752263],[-4.2175382,40.3743335],[-4.2180886,40.3718429],[-4.216485,40.3737245],[-4.2155165,40.3714215],[-4.2190174,40.3697522],[-4.2169563,40.3666862],[-4.2113846,40.3705329],[-4.209564,40.3688832],[-4.2123301,40.3667174],[-4.2096589,40.3621027],[-4.210908,40.3627291],[-4.2126816,40.3599633],[-4.2096657,40.3564208],[-4.2177741,40.3506093],[-4.220779,40.3509112],[-4.2193491,40.3486902],[-4.2228152,40.3467614],[-4.2276605,40.3476833],[-4.2281559,40.3493593],[-4.2252119,40.3510341],[-4.2298072,40.3518739],[-4.2322003,40.3486199],[-4.2309404,40.3473224],[-4.2321169,40.3397358],[-4.2330684,40.3413227],[-4.2367393,40.340536],[-4.2370163,40.3388831],[-4.2409992,40.3409121],[-4.2368063,40.3362568],[-4.2387453,40.3318855],[-4.2606877,40.3399661],[-4.2764335,40.3503687],[-4.2804231,40.3506117],[-4.2825323,40.3567533],[-4.2859662,40.3578683],[-4.2865218,40.359959],[-4.2943794,40.3600761],[-4.2986675,40.366239],[-4.3111133,40.3726842],[-4.3039719,40.3662425],[-4.2978534,40.3648505],[-4.296088,40.3604195],[-4.2835611,40.3564589],[-4.2811238,40.3498958],[-4.2765374,40.3495853],[-4.2635879,40.3405065],[-4.2685399,40.3399777],[-4.268512,40.3370125],[-4.272473,40.3361168],[-4.274448,40.3375818],[-4.2774729,40.3348886],[-4.2948803,40.341772],[-4.3067982,40.3419936],[-4.3099414,40.3400643],[-4.3071182,40.3380519],[-4.3081037,40.3355062],[-4.306614,40.3336979],[-4.3098227,40.3252553],[-4.3086143,40.3234933],[-4.3063431,40.3250341],[-4.306425,40.3211143],[-4.311028,40.3192881],[-4.30644,40.3201926],[-4.3045258,40.3186925],[-4.3016102,40.3223393],[-4.2979608,40.3227606],[-4.2986172,40.3194002],[-4.2965616,40.318254],[-4.2958638,40.3211148],[-4.2933068,40.3194217],[-4.2905953,40.3229806],[-4.2863367,40.3217095],[-4.28725,40.3172973],[-4.2819569,40.3166059],[-4.2796442,40.3176349],[-4.2837454,40.3201936],[-4.2758826,40.3215198],[-4.2751839,40.3243806],[-4.2765953,40.3226794],[-4.2788345,40.3266033],[-4.2725592,40.3270066],[-4.273952,40.3258829],[-4.2719223,40.3261806],[-4.2721461,40.324254],[-4.2669548,40.3254149],[-4.2659561,40.3272852],[-4.2585239,40.3268804],[-4.259312,40.3283739],[-4.256138,40.3292411],[-4.2542184,40.3270514],[-4.2657916,40.323919],[-4.2636073,40.3232049],[-4.2708517,40.317833],[-4.2702713,40.3152748],[-4.2692853,40.3172008],[-4.2629605,40.317381],[-4.2659889,40.3165349],[-4.265916,40.3139022],[-4.2601617,40.3116427],[-4.2642171,40.3107035],[-4.2702409,40.3055679],[-4.2743401,40.3054837],[-4.2697767,40.2998896],[-4.2714296,40.2943029],[-4.2760754,40.2906905],[-4.2817614,40.2910051],[-4.2820854,40.2894635],[-4.2852385,40.2891728],[-4.282837,40.2858477],[-4.2920299,40.2824859],[-4.2937412,40.2844182],[-4.2959103,40.2824329],[-4.3013077,40.2854323],[-4.3052818,40.2838134],[-4.3101716,40.2855652],[-4.311332,40.2830957],[-4.313543,40.2829428],[-4.3113368,40.2811411],[-4.3128155,40.2790844],[-4.3107771,40.27835],[-4.3161267,40.2765282],[-4.3072663,40.2729472],[-4.314151,40.2693192],[-4.309427,40.2689512],[-4.3076339,40.2716001],[-4.3015772,40.2703072],[-4.300956,40.2716916],[-4.2986197,40.2694778],[-4.2999593,40.2717519],[-4.2985504,40.2723039],[-4.2929686,40.2694753],[-4.2988362,40.2681242],[-4.2968788,40.2675787],[-4.2959274,40.2635521],[-4.2937124,40.263849],[-4.2949983,40.2630853],[-4.2938593,40.2615287],[-4.3011106,40.263968],[-4.3054248,40.2620403],[-4.3098647,40.2631645],[-4.308907,40.2615567],[-4.3053364,40.2616511],[-4.3144547,40.2548494],[-4.3312567,40.2522304],[-4.3402926,40.2565878],[-4.3542581,40.2589236],[-4.3601477,40.2621059],[-4.3778689,40.2644873],[-4.3693953,40.2750798],[-4.3610357,40.274533],[-4.3583744,40.2766502],[-4.3538078,40.2723816],[-4.354533,40.274085],[-4.3525025,40.2758503],[-4.346628,40.276516],[-4.3457926,40.2746564],[-4.3476004,40.2735563],[-4.3440791,40.2720642],[-4.3435385,40.2741268],[-4.3431721,40.2720256],[-4.3398696,40.2729725]],[[-4.2123858,40.4729369],[-4.2149909,40.4723805],[-4.2159928,40.4662867],[-4.2190167,40.4667291],[-4.2148455,40.4644518],[-4.2055199,40.4638677],[-4.199346,40.4670047],[-4.2123858,40.4729369]],[[-4.2242472,40.4668936],[-4.2326176,40.4662316],[-4.2290059,40.4654043],[-4.2288525,40.4560926],[-4.2301442,40.4539902],[-4.2351359,40.4556465],[-4.2377157,40.4531202],[-4.2354595,40.4523308],[-4.2351341,40.4493749],[-4.2343864,40.4525169],[-4.2319829,40.4512484],[-4.2311836,40.4467127],[-4.2290797,40.4476088],[-4.2268126,40.4449068],[-4.2252403,40.4458577],[-4.2228241,40.4417347],[-4.2196428,40.4412713],[-4.2183415,40.4419764],[-4.2226697,40.4497809],[-4.2214328,40.4524642],[-4.2184734,40.4522187],[-4.2191694,40.4557094],[-4.2175231,40.4567592],[-4.2180885,40.458149],[-4.2198395,40.4559502],[-4.2226234,40.4563539],[-4.2197931,40.4573556],[-4.219292,40.461757],[-4.222454,40.457895],[-4.2241235,40.4583875],[-4.2233095,40.4570046],[-4.2268842,40.4582644],[-4.2249676,40.4593096],[-4.2246944,40.4631037],[-4.2210544,40.4642677],[-4.2242472,40.4668936]],[[-4.2299957,40.4465622],[-4.2384013,40.444628],[-4.2415369,40.4384574],[-4.2452083,40.4371847],[-4.2435254,40.4365473],[-4.2471703,40.4324515],[-4.2470386,40.4289961],[-4.2530914,40.4228106],[-4.2461079,40.4257458],[-4.2467505,40.4280665],[-4.2446634,40.4280182],[-4.2443158,40.430042],[-4.2404262,40.4291676],[-4.2423435,40.4289757],[-4.2432478,40.4280485],[-4.2374703,40.4291872],[-4.2406804,40.43181],[-4.2379541,40.4318256],[-4.2304544,40.4368961],[-4.2312178,40.4416137],[-4.2262593,40.4434859],[-4.2299957,40.4465622]]]},"properties":{"ha":18984.0,"date":"2026-07-23","day":22,"country":"ES","place":"San Martín de Valdeiglesias, Madrid","rank":4}},{"type":"Feature","geometry":{"type":"Polygon","coordinates":[[[-1.1398027,42.4032646],[-1.1324435,42.3998179],[-1.1290679,42.4017788],[-1.1287569,42.3996515],[-1.1253657,42.4006534],[-1.1235422,42.3993058],[-1.1249108,42.3947105],[-1.1262849,42.3970821],[-1.1283417,42.3946605],[-1.1267501,42.3945813],[-1.1249128,42.3891535],[-1.1207409,42.3889167],[-1.1207686,42.3824757],[-1.1190007,42.3806489],[-1.1184335,42.386691],[-1.1129101,42.3888793],[-1.1064499,42.4001829],[-1.1046951,42.4012288],[-1.1037352,42.3984598],[-1.0996931,42.4003868],[-1.0984498,42.3977426],[-1.0914206,42.4010226],[-1.0896112,42.3962287],[-1.0920552,42.3938857],[-1.0927417,42.3899699],[-1.0889993,42.3947419],[-1.0810382,42.3948885],[-1.08214,42.3925923],[-1.0798435,42.3920354],[-1.0811761,42.3904553],[-1.0757989,42.3883589],[-1.0770449,42.3822917],[-1.0734708,42.3836252],[-1.0750141,42.3874096],[-1.0735963,42.3881168],[-1.0693398,42.3880764],[-1.064988,42.3842397],[-1.0648404,42.3859496],[-1.0623246,42.3855691],[-1.0610672,42.3826657],[-1.0630336,42.3816351],[-1.0629171,42.3826181],[-1.0637293,42.383359],[-1.0656877,42.3809727],[-1.0621063,42.3805123],[-1.0665013,42.3780219],[-1.0587871,42.3811081],[-1.0597782,42.3798891],[-1.0577435,42.3793568],[-1.0603737,42.3785656],[-1.0541391,42.3768598],[-1.057218,42.37449],[-1.0546276,42.3710757],[-1.0505769,42.3718998],[-1.0520821,42.3737566],[-1.0498875,42.3762426],[-1.0485446,42.374187],[-1.0445444,42.373731],[-1.051359,42.3691335],[-1.0450009,42.3728505],[-1.037301,42.3741001],[-1.0321535,42.3718049],[-1.0336037,42.3709138],[-1.0317391,42.3692032],[-1.0338914,42.3686773],[-1.0351243,42.3654273],[-1.0308267,42.3651543],[-1.0335682,42.3629364],[-1.0299613,42.3650248],[-1.025035,42.3630257],[-1.0260948,42.3614044],[-1.024533,42.3606063],[-1.0302127,42.3593247],[-1.0264355,42.3589915],[-1.028579,42.3578435],[-1.0273941,42.3554991],[-1.0298917,42.3511798],[-1.0325842,42.3504002],[-1.0316227,42.3487124],[-1.0336543,42.346231],[-1.0332833,42.3487581],[-1.0349187,42.3478435],[-1.0336379,42.3488948],[-1.0350968,42.3481487],[-1.0359349,42.3486156],[-1.0340549,42.3501054],[-1.0354209,42.3512596],[-1.0385867,42.3505281],[-1.0383195,42.3517554],[-1.0418364,42.3495531],[-1.03915,42.3488104],[-1.038598,42.3472952],[-1.0400385,42.3488138],[-1.0407412,42.3471578],[-1.0430733,42.3480327],[-1.0380976,42.3438896],[-1.0421603,42.3399075],[-1.0458312,42.3395195],[-1.0439195,42.3424239],[-1.0457855,42.3440904],[-1.0474385,42.3427985],[-1.0470643,42.3454532],[-1.0503517,42.342056],[-1.0566467,42.3409433],[-1.057223,42.3389464],[-1.0579135,42.3411573],[-1.0614573,42.3390015],[-1.0579224,42.3397511],[-1.0595811,42.3377228],[-1.051737,42.333945],[-1.047947,42.3356285],[-1.0520893,42.3346543],[-1.0521625,42.3376801],[-1.0481571,42.3377726],[-1.0474133,42.3360901],[-1.0440055,42.3375093],[-1.0431096,42.3332384],[-1.0361127,42.3345779],[-1.0382155,42.3370379],[-1.0364756,42.3384445],[-1.0322936,42.3359859],[-1.0320816,42.3334606],[-1.0303084,42.3316988],[-1.0320989,42.337446],[-1.0237858,42.3372662],[-1.022619,42.3363338],[-1.0270154,42.3311697],[-1.0247254,42.3328801],[-1.0265248,42.3294028],[-1.0238231,42.3301747],[-1.025571,42.3281127],[-1.0220116,42.3201824],[-1.0182952,42.3202871],[-1.0171618,42.323401],[-1.0102686,42.3256375],[-1.0010398,42.3192593],[-1.000535,42.3158039],[-1.0032855,42.3165793],[-1.0014673,42.3132436],[-1.0003403,42.314625],[-0.9954526,42.3112394],[-0.9985496,42.3090376],[-0.9959486,42.3061763],[-0.9985704,42.3030033],[-0.9968114,42.2994],[-0.9990198,42.2988537],[-1.0021735,42.2928762],[-1.0004677,42.2873825],[-1.0034768,42.2810613],[-1.0056918,42.2803555],[-1.0039338,42.2775805],[-1.0182682,42.2605112],[-1.0171143,42.2596342],[-1.0193453,42.2552353],[-1.0278866,42.2493336],[-1.0289955,42.2459521],[-1.030244,42.246678],[-1.032053,42.2387585],[-1.0345102,42.2401266],[-1.0454821,42.2319184],[-1.0497439,42.2328874],[-1.0498768,42.2367207],[-1.0463693,42.2402647],[-1.0485456,42.2472191],[-1.0504048,42.2487408],[-1.0563769,42.248041],[-1.0540234,42.2547715],[-1.0575219,42.2562602],[-1.0587311,42.2547373],[-1.063674,42.2553182],[-1.0598383,42.2475194],[-1.0614015,42.2470179],[-1.0613521,42.2423861],[-1.0622887,42.243812],[-1.0632072,42.2420908],[-1.0611565,42.2414456],[-1.0621202,42.2394317],[-1.0650144,42.2380104],[-1.065494,42.2396512],[-1.0618444,42.2411066],[-1.0638433,42.2416506],[-1.0646714,42.2400381],[-1.0673857,42.2423037],[-1.0672675,42.2406476],[-1.0693868,42.2432174],[-1.0701874,42.2476101],[-1.0680666,42.2495466],[-1.0708849,42.2530524],[-1.069491,42.2567721],[-1.0712603,42.2558043],[-1.0770403,42.2605514],[-1.0745311,42.2608944],[-1.0743159,42.2671342],[-1.0840682,42.2549726],[-1.0829692,42.2590573],[-1.0854151,42.2568217],[-1.0885667,42.2614394],[-1.0849223,42.2629279],[-1.0833658,42.2675236],[-1.0796319,42.2703209],[-1.080984,42.2721366],[-1.0824278,42.2694363],[-1.0815084,42.2741342],[-1.0835055,42.2725732],[-1.08356,42.2694673],[-1.0854912,42.2682671],[-1.0874304,42.2698533],[-1.0901661,42.2675116],[-1.0892171,42.2716291],[-1.0918817,42.2761673],[-1.083886,42.2870928],[-1.0912735,42.2931764],[-1.0955492,42.2923232],[-1.1009745,42.2944115],[-1.1018931,42.2983714],[-1.1003789,42.3004305],[-1.1034818,42.3015506],[-1.101827,42.3012075],[-1.1044198,42.304341],[-1.1066545,42.3021531],[-1.107476,42.3035421],[-1.1142075,42.302303],[-1.1169616,42.2997613],[-1.1186344,42.3041229],[-1.116286,42.3052219],[-1.1259451,42.3034437],[-1.1295454,42.3042037],[-1.1301174,42.3066234],[-1.1332378,42.3087248],[-1.1305186,42.3064638],[-1.1321382,42.3041215],[-1.1308915,42.3026482],[-1.1352681,42.3017019],[-1.1331962,42.3015536],[-1.130362,42.2952738],[-1.1308294,42.2937096],[-1.1335086,42.2942089],[-1.1349687,42.2932081],[-1.1323984,42.2921613],[-1.1287984,42.2935996],[-1.1315212,42.2899007],[-1.1362615,42.2908937],[-1.1356518,42.2926635],[-1.1381434,42.2901419],[-1.1298723,42.2880261],[-1.1320995,42.2825985],[-1.1300162,42.2823857],[-1.1276038,42.276363],[-1.1210209,42.2727368],[-1.1211987,42.270298],[-1.118033,42.2683183],[-1.1208844,42.2634423],[-1.1200765,42.2616489],[-1.1180598,42.2625634],[-1.1175903,42.2579531],[-1.1197224,42.2593858],[-1.1205652,42.2576806],[-1.1268956,42.2578168],[-1.1277881,42.2591732],[-1.1255152,42.2606096],[-1.1295771,42.2662436],[-1.1347812,42.2663153],[-1.1352911,42.2641289],[-1.1401249,42.2679089],[-1.141283,42.2726482],[-1.1426263,42.2697771],[-1.1454973,42.2707819],[-1.1491574,42.2687878],[-1.1520664,42.2718932],[-1.1514803,42.2765141],[-1.154516,42.2771549],[-1.1536944,42.2787923],[-1.1569207,42.2787951],[-1.1536319,42.2806494],[-1.1572404,42.2816952],[-1.158118,42.2866383],[-1.1528934,42.2888971],[-1.1520321,42.2907483],[-1.1536441,42.2919626],[-1.1479904,42.2924684],[-1.1460757,42.2943538],[-1.14836,42.2935621],[-1.149117,42.2950156],[-1.1457678,42.2964323],[-1.1483454,42.2965075],[-1.1496566,42.2944129],[-1.1560517,42.2953463],[-1.1518328,42.2955359],[-1.1523612,42.2970067],[-1.1499077,42.2957007],[-1.1499321,42.2983211],[-1.1414584,42.3023053],[-1.1440656,42.3057406],[-1.1430005,42.3093948],[-1.1453138,42.310955],[-1.1438726,42.3127104],[-1.1465441,42.3144117],[-1.138234,42.3202355],[-1.1445609,42.3168769],[-1.1484713,42.3219599],[-1.1539671,42.3224426],[-1.1518983,42.3290699],[-1.1503526,42.3303847],[-1.1479124,42.3292169],[-1.1501053,42.3280523],[-1.1471131,42.3289028],[-1.1445773,42.3319638],[-1.1463665,42.3342648],[-1.1507228,42.3340274],[-1.1482402,42.3352407],[-1.1507748,42.3390457],[-1.1481034,42.3405513],[-1.153262,42.3425353],[-1.1483158,42.3450666],[-1.1525558,42.3447353],[-1.15001,42.3484553],[-1.1532142,42.3468987],[-1.1483459,42.3507346],[-1.1406848,42.3524757],[-1.1401715,42.3544075],[-1.1370225,42.3525862],[-1.1365846,42.356228],[-1.1274278,42.358847],[-1.1264863,42.3626575],[-1.1226314,42.3634405],[-1.1213849,42.3649435],[-1.1293888,42.3639492],[-1.1304304,42.3664428],[-1.1284717,42.3684251],[-1.131888,42.3652508],[-1.1354974,42.3678563],[-1.1330286,42.3626084],[-1.1406481,42.3560731],[-1.1437722,42.3562772],[-1.1437971,42.3536843],[-1.1471599,42.3526201],[-1.1505319,42.3550412],[-1.1518777,42.3519506],[-1.1551889,42.35232],[-1.1563986,42.3490855],[-1.158555,42.3487882],[-1.1643053,42.3557054],[-1.1655431,42.3523279],[-1.1703893,42.351509],[-1.1709883,42.3492715],[-1.1690691,42.3482353],[-1.1713451,42.3459755],[-1.1737654,42.347326],[-1.1703911,42.3486802],[-1.1754625,42.3472932],[-1.1773526,42.3492371],[-1.1755471,42.3521189],[-1.1718546,42.3517735],[-1.1761624,42.3541061],[-1.1727211,42.3570549],[-1.1731997,42.3591395],[-1.1702373,42.363408],[-1.1723149,42.3628643],[-1.1702669,42.3661676],[-1.1725278,42.3661298],[-1.1681164,42.3735361],[-1.1610122,42.3664324],[-1.1605519,42.3689997],[-1.1569473,42.3703131],[-1.1562848,42.3745228],[-1.1515516,42.3773181],[-1.1522752,42.3807322],[-1.1583716,42.3729012],[-1.1641915,42.3742029],[-1.1564465,42.3908924],[-1.1519004,42.3923017],[-1.1498401,42.3978835],[-1.1471071,42.3968921],[-1.139524,42.3990236],[-1.1398027,42.4032646]],[[-1.040863,42.365795],[-1.03906,42.3669049],[-1.0455055,42.3669333],[-1.0445958,42.3649739],[-1.0509905,42.3624577],[-1.044045,42.3631058],[-1.0435421,42.3614432],[-1.0396287,42.3652769],[-1.040863,42.365795]],[[-1.0649784,42.2605817],[-1.0666744,42.2578808],[-1.0626348,42.2574803],[-1.0632899,42.260314],[-1.0649784,42.2605817]],[[-1.0671916,42.3789759],[-1.0705422,42.3810183],[-1.0781921,42.3789396],[-1.0671916,42.3789759]],[[-1.0816888,42.3809765],[-1.0828958,42.3791324],[-1.0791231,42.3792945],[-1.0800875,42.3795659],[-1.0816888,42.3809765]],[[-1.0855984,42.3337012],[-1.0860011,42.337162],[-1.088466,42.3304928],[-1.0855984,42.3337012]],[[-1.0968957,42.3702775],[-1.0977156,42.3689046],[-1.0925813,42.3629192],[-1.0919398,42.3660159],[-1.0968957,42.3702775]],[[-1.099813,42.382496],[-1.0990254,42.3846609],[-1.1008508,42.3824776],[-1.099813,42.382496]],[[-1.1220416,42.378356],[-1.1243766,42.3782426],[-1.1263288,42.3754472],[-1.1243773,42.3755981],[-1.1220416,42.378356]],[[-1.1342776,42.3388421],[-1.1357615,42.3362145],[-1.1413778,42.3362594],[-1.1372686,42.3328213],[-1.1329548,42.3325299],[-1.1311733,42.3343986],[-1.1332759,42.3347248],[-1.1342776,42.3388421]],[[-1.1354001,42.3860767],[-1.1363872,42.3865194],[-1.1355699,42.3854149],[-1.1354001,42.3860767]],[[-1.1399614,42.3467918],[-1.1403379,42.3449336],[-1.1384135,42.3456704],[-1.1383939,42.3462465],[-1.1399614,42.3467918]],[[-1.1529647,42.3849154],[-1.1541265,42.3848009],[-1.1527448,42.3844712],[-1.1529647,42.3849154]]]},"properties":{"ha":15045.0,"date":"2026-07-15","day":14,"country":"ES","place":"Luesia, Zaragoza","rank":5}},{"type":"Feature","geometry":{"type":"Polygon","coordinates":[[[-8.2336028,40.6730246],[-8.2326918,40.6702289],[-8.2343425,40.668525],[-8.2293708,40.6672182],[-8.2345609,40.6641947],[-8.2359667,40.665149],[-8.237105,40.6619428],[-8.2400857,40.6610968],[-8.2371601,40.661226],[-8.2368942,40.6556784],[-8.2272158,40.6533385],[-8.2252947,40.6573132],[-8.2226918,40.6541307],[-8.2205372,40.6545667],[-8.2211332,40.656361],[-8.2259662,40.6579298],[-8.2238373,40.6580074],[-8.2236523,40.661829],[-8.2111696,40.6621788],[-8.2102864,40.6693724],[-8.2078161,40.6703616],[-8.2082532,40.6761964],[-8.2005525,40.676011],[-8.1983378,40.6821556],[-8.1783467,40.6816996],[-8.1771552,40.6791213],[-8.1788186,40.6780357],[-8.1763219,40.6788065],[-8.176091,40.6798367],[-8.1685214,40.6777377],[-8.1655884,40.6797006],[-8.1616403,40.6767386],[-8.1604848,40.6793932],[-8.1555348,40.6799817],[-8.1538224,40.6738587],[-8.1597566,40.6727545],[-8.1521051,40.6682449],[-8.1511379,40.6696554],[-8.1547782,40.6714065],[-8.1475439,40.6743252],[-8.1494209,40.6765126],[-8.1460679,40.6784125],[-8.1472663,40.6805552],[-8.1437116,40.6833463],[-8.137919,40.683567],[-8.1323827,40.6786843],[-8.1307187,40.6746052],[-8.1314956,40.6718239],[-8.1392873,40.667249],[-8.1393792,40.6650122],[-8.1489017,40.6642072],[-8.1477545,40.6610907],[-8.1528813,40.6596624],[-8.1559773,40.6563503],[-8.1574616,40.6570812],[-8.1578648,40.651942],[-8.1605062,40.6512468],[-8.1606388,40.6484114],[-8.1628478,40.6505431],[-8.1626794,40.6447169],[-8.1657167,40.6423132],[-8.1648598,40.6403959],[-8.1682249,40.6346141],[-8.1775521,40.6265042],[-8.1838344,40.6278212],[-8.1890385,40.6324816],[-8.1920363,40.6297943],[-8.195383,40.634472],[-8.1991787,40.6351879],[-8.2010559,40.6345946],[-8.2003021,40.6315521],[-8.2029507,40.6325927],[-8.2020657,40.6306727],[-8.198566,40.6313505],[-8.1975996,40.6296434],[-8.203152,40.6258191],[-8.2104508,40.624109],[-8.2163915,40.6260963],[-8.2200398,40.6251476],[-8.2220606,40.6271207],[-8.2198635,40.6290701],[-8.2230307,40.6285147],[-8.2230141,40.6242881],[-8.2260971,40.6194252],[-8.2334138,40.6216917],[-8.2351804,40.6244209],[-8.2363621,40.6236159],[-8.2336031,40.6188285],[-8.237214,40.6154434],[-8.234214,40.6147951],[-8.2322318,40.6113742],[-8.2367034,40.6085586],[-8.2384038,40.6105573],[-8.2428863,40.6105246],[-8.2409013,40.6071583],[-8.2450127,40.604593],[-8.2430458,40.6015018],[-8.2401223,40.6012681],[-8.2409375,40.5996094],[-8.244502,40.5976563],[-8.2499226,40.5978691],[-8.2578041,40.5933748],[-8.2555595,40.5886993],[-8.2576358,40.5848532],[-8.2532492,40.5852433],[-8.2537359,40.5825998],[-8.2605598,40.579471],[-8.2595456,40.5781577],[-8.2635592,40.579725],[-8.2742198,40.5769539],[-8.275652,40.5797968],[-8.2815735,40.5801241],[-8.2796747,40.5779114],[-8.2835771,40.5752525],[-8.2883011,40.578351],[-8.2860551,40.5809295],[-8.2893057,40.5810669],[-8.2902288,40.5785763],[-8.2884096,40.5775528],[-8.2884622,40.5742007],[-8.2863943,40.5739528],[-8.2860591,40.570264],[-8.2895918,40.5696043],[-8.2911932,40.5660008],[-8.292782,40.5673184],[-8.2982245,40.5649239],[-8.2989372,40.5619376],[-8.2973605,40.5599382],[-8.3032535,40.557149],[-8.3137985,40.5612698],[-8.3173779,40.5602063],[-8.3165045,40.5615686],[-8.3200914,40.5641444],[-8.3259869,40.563686],[-8.3420854,40.567112],[-8.3456883,40.5708714],[-8.3417042,40.5712657],[-8.3499458,40.5740722],[-8.3531354,40.5717682],[-8.3571459,40.5725411],[-8.3563217,40.5687044],[-8.3602556,40.5704381],[-8.3609216,40.5725966],[-8.3547131,40.5771073],[-8.3615107,40.5795781],[-8.3578104,40.5884579],[-8.3602383,40.592566],[-8.3671077,40.5879545],[-8.3649674,40.5848444],[-8.3654745,40.5812219],[-8.3699628,40.5772156],[-8.3685354,40.5706124],[-8.3741944,40.569193],[-8.3731317,40.5663462],[-8.381692,40.5694295],[-8.3834655,40.5739342],[-8.3887513,40.5738237],[-8.389832,40.5690668],[-8.3972143,40.5677941],[-8.3980342,40.5721165],[-8.4056122,40.573694],[-8.4044699,40.577013],[-8.3979892,40.5751816],[-8.3941279,40.5789809],[-8.3961633,40.5804474],[-8.3947585,40.5812301],[-8.3957936,40.5851031],[-8.3985211,40.5831282],[-8.4033435,40.5836552],[-8.4044408,40.5855234],[-8.4022857,40.5878164],[-8.3950544,40.5896315],[-8.3961268,40.5909083],[-8.3935626,40.5920594],[-8.3947801,40.5961003],[-8.3967756,40.5941946],[-8.3977874,40.5972603],[-8.3938545,40.6018738],[-8.3891716,40.6000213],[-8.3885253,40.6017208],[-8.3837971,40.6019729],[-8.3847675,40.6059573],[-8.3796818,40.6062424],[-8.3854035,40.6112959],[-8.3836864,40.6120554],[-8.3843777,40.614501],[-8.3805518,40.6154308],[-8.3761597,40.6116714],[-8.3744027,40.6121053],[-8.3740062,40.6095605],[-8.3728332,40.6117825],[-8.3768255,40.6165247],[-8.3681215,40.6147844],[-8.3661894,40.6136995],[-8.3687785,40.6108189],[-8.3672549,40.6078787],[-8.368017,40.610466],[-8.35956,40.6185699],[-8.3560635,40.615602],[-8.3505292,40.6164995],[-8.3517209,40.6186771],[-8.3483605,40.6211548],[-8.3510282,40.6217563],[-8.3489626,40.6233627],[-8.3539268,40.6254],[-8.3455132,40.6258593],[-8.3430448,40.6220415],[-8.3373416,40.6224615],[-8.3341994,40.6246642],[-8.3358334,40.6295511],[-8.3323784,40.6339954],[-8.3296762,40.6349914],[-8.3279481,40.6336173],[-8.328492,40.6356575],[-8.3213248,40.6335865],[-8.3186736,40.6374047],[-8.3216479,40.6372195],[-8.3217648,40.6390593],[-8.3158927,40.6390899],[-8.3172034,40.6413114],[-8.3129576,40.6432343],[-8.3150764,40.6451912],[-8.3128275,40.6454806],[-8.3114243,40.6434011],[-8.30755,40.6456932],[-8.3035736,40.6442872],[-8.3045831,40.646121],[-8.3020101,40.6502363],[-8.299746,40.6495408],[-8.2994587,40.6515971],[-8.2952199,40.6543313],[-8.2943012,40.6529648],[-8.2960994,40.6506219],[-8.2942751,40.6479222],[-8.2863639,40.6453035],[-8.2840505,40.6410126],[-8.2822896,40.6407369],[-8.2849399,40.6447448],[-8.2795751,40.6507198],[-8.2810604,40.6558286],[-8.2758019,40.6599943],[-8.271239,40.6599272],[-8.2670228,40.6629778],[-8.263912,40.6581501],[-8.2674816,40.6691696],[-8.2630158,40.6706296],[-8.2601559,40.6758683],[-8.2535498,40.6751034],[-8.2521279,40.6778568],[-8.244049,40.678474],[-8.2402712,40.6807347],[-8.240386,40.6779152],[-8.2376651,40.6782421],[-8.2375857,40.6758802],[-8.2338886,40.6774876],[-8.2317957,40.6759802],[-8.2336028,40.6730246]],[[-8.1684293,40.667186],[-8.1703509,40.670024],[-8.1772816,40.6682027],[-8.1769014,40.665844],[-8.1684293,40.667186]],[[-8.1740131,40.6721627],[-8.1747662,40.673113],[-8.1771489,40.6737136],[-8.1758466,40.6721037],[-8.1740131,40.6721627]],[[-8.1795081,40.6731676],[-8.1801548,40.6746909],[-8.1807214,40.6730751],[-8.1795081,40.6731676]],[[-8.1876733,40.641104],[-8.185849,40.6367957],[-8.184319,40.6372322],[-8.1837555,40.6400076],[-8.1876733,40.641104]],[[-8.1840598,40.6460254],[-8.1887041,40.6501488],[-8.1895548,40.6465546],[-8.1877679,40.6438969],[-8.1858066,40.6442819],[-8.1861685,40.6425852],[-8.1840598,40.6460254]],[[-8.1913543,40.6348407],[-8.1896548,40.6330139],[-8.1866427,40.6346672],[-8.1895066,40.6359714],[-8.1913543,40.6348407]],[[-8.2013877,40.6471972],[-8.2087305,40.6506976],[-8.2066967,40.6491144],[-8.209276,40.6483207],[-8.2080963,40.6460949],[-8.2108045,40.6435882],[-8.2048693,40.6442356],[-8.2013877,40.6471972]],[[-8.2057138,40.6594015],[-8.2078334,40.6592172],[-8.2060461,40.6584695],[-8.2057138,40.6594015]],[[-8.2127597,40.6597492],[-8.214134,40.6615505],[-8.2165616,40.6580601],[-8.2127597,40.6597492]],[[-8.224776,40.6426558],[-8.2255827,40.6438285],[-8.2331876,40.6421392],[-8.2279578,40.640458],[-8.224776,40.6426558]],[[-8.2412762,40.6536071],[-8.2433033,40.6522417],[-8.2414034,40.6507523],[-8.2388465,40.651971],[-8.2412762,40.6536071]],[[-8.2610546,40.601049],[-8.2629921,40.5971114],[-8.2606881,40.5970236],[-8.2560479,40.5995533],[-8.2610546,40.601049]],[[-8.2772848,40.6090478],[-8.2809241,40.6089369],[-8.2803149,40.6072462],[-8.2772848,40.6090478]],[[-8.2993359,40.5912699],[-8.3021877,40.590691],[-8.3079025,40.5853865],[-8.3004646,40.5863381],[-8.3023645,40.5823687],[-8.2970174,40.5872753],[-8.2964738,40.5892654],[-8.2993359,40.5912699]],[[-8.2989036,40.6067391],[-8.301904,40.6075686],[-8.301011,40.6047415],[-8.2989036,40.6067391]],[[-8.3300231,40.5764294],[-8.3271245,40.5745763],[-8.3247526,40.5748602],[-8.3247355,40.5728936],[-8.3217287,40.5742207],[-8.3234827,40.5769467],[-8.3273354,40.5766499],[-8.326347,40.5755029],[-8.3300231,40.5764294]],[[-8.3266851,40.5890017],[-8.3279756,40.5896198],[-8.331011,40.5888412],[-8.3284869,40.587615],[-8.3266851,40.5890017]],[[-8.3295303,40.6003035],[-8.3312102,40.5983242],[-8.3312597,40.5979455],[-8.3270321,40.5992569],[-8.3295303,40.6003035]],[[-8.3711749,40.5967791],[-8.3708239,40.5948756],[-8.3695159,40.5948359],[-8.3696787,40.5966519],[-8.3711749,40.5967791]],[[-8.3972881,40.5878094],[-8.398994,40.5868292],[-8.397254,40.5867898],[-8.3972881,40.5878094]]]},"properties":{"ha":13197.0,"date":"2026-07-02","day":1,"country":"PT","place":"Cambra e Carvalhal de Vermilhas, Viseu Dão Lafões","rank":6}},{"type":"Feature","geometry":{"type":"Polygon","coordinates":[[[-0.3095599,39.8694422],[-0.2964651,39.8780907],[-0.2935487,39.8822056],[-0.2567641,39.8845864],[-0.2417426,39.8972994],[-0.2449287,39.9035103],[-0.2519222,39.9039516],[-0.2672257,39.8957756],[-0.2688371,39.8878049],[-0.2767078,39.8881283],[-0.2874114,39.8933495],[-0.2893974,39.8987706],[-0.2882714,39.8999038],[-0.3073993,39.9034548],[-0.3091478,39.9022023],[-0.3096171,39.8972517],[-0.3175794,39.8967354],[-0.3251758,39.9005259],[-0.3265272,39.9062928],[-0.3376127,39.910697],[-0.3275102,39.921506],[-0.3227814,39.922125],[-0.3173291,39.9198165],[-0.3137757,39.9263145],[-0.3082019,39.9306538],[-0.305253,39.9407381],[-0.3011817,39.9462114],[-0.2940501,39.9511314],[-0.2845553,39.9527932],[-0.2521848,39.9397634],[-0.2254527,39.9315247],[-0.213095,39.9174408],[-0.1970522,39.9086673],[-0.1959413,39.9071862],[-0.1984236,39.9010851],[-0.2170522,39.8913299],[-0.2176715,39.8887192],[-0.2144109,39.8845849],[-0.2048662,39.8807803],[-0.2060766,39.8760587],[-0.2041712,39.8726579],[-0.1853557,39.8616048],[-0.1873077,39.8592821],[-0.1866105,39.8537117],[-0.1977967,39.8425984],[-0.2076785,39.827145],[-0.2099489,39.8248623],[-0.2163896,39.8235397],[-0.2204072,39.824408],[-0.233962,39.8347076],[-0.2386651,39.8337817],[-0.2446619,39.8280215],[-0.2582292,39.830713],[-0.2580726,39.8362375],[-0.2619036,39.8408474],[-0.2634124,39.850299],[-0.2659898,39.8529519],[-0.2716001,39.8518366],[-0.2822313,39.8585474],[-0.2885194,39.8582998],[-0.2947715,39.8611896],[-0.2975648,39.865177],[-0.3095599,39.8694422]]]},"properties":{"ha":9489.0,"date":"2026-07-25","day":24,"country":"ES","place":"Nules, Castellón/Castelló","rank":7}},{"type":"Feature","geometry":{"type":"Polygon","coordinates":[[[13.5215404,37.6197677],[13.5317644,37.6144799],[13.5354836,37.6095595],[13.5413882,37.6065028],[13.5491093,37.6076174],[13.5508664,37.6055556],[13.5496939,37.600455],[13.5513044,37.599593],[13.5569849,37.6030549],[13.5609816,37.6019362],[13.5617146,37.6073058],[13.564148,37.6084983],[13.5731691,37.6046991],[13.5743209,37.6024796],[13.5845194,37.5997145],[13.5878254,37.596434],[13.5876608,37.5941267],[13.579606,37.5933104],[13.575739,37.5886485],[13.5759824,37.5864342],[13.5692353,37.5808467],[13.5703207,37.5720449],[13.566123,37.5675884],[13.5686785,37.5662813],[13.5663972,37.5656406],[13.5677386,37.5596867],[13.5726614,37.5565299],[13.5731183,37.5528538],[13.5711904,37.5510099],[13.5487202,37.5589081],[13.5411082,37.5592838],[13.5343043,37.5555401],[13.5349727,37.5536623],[13.5284355,37.5475233],[13.5251078,37.549353],[13.5255153,37.5389548],[13.5239397,37.5355288],[13.5159927,37.5360851],[13.5117756,37.5435133],[13.5007084,37.5495525],[13.4959671,37.5552062],[13.4954911,37.5595543],[13.4973994,37.558297],[13.5046801,37.5679461],[13.5006088,37.5738872],[13.5025091,37.5774259],[13.4955896,37.5837189],[13.4913264,37.5957691],[13.4880046,37.5974213],[13.4905435,37.5973502],[13.4897694,37.5989855],[13.4954508,37.6055122],[13.4936987,37.6073936],[13.5076028,37.6116244],[13.4999809,37.613123],[13.5059078,37.6147023],[13.4949683,37.6217855],[13.49374,37.6320185],[13.4919348,37.630274],[13.4877155,37.6357044],[13.4818619,37.6367508],[13.4804405,37.6344778],[13.4733038,37.6329685],[13.4758905,37.6366728],[13.473564,37.63774],[13.4704865,37.6339034],[13.4644365,37.6344736],[13.4657189,37.6315388],[13.4639613,37.6289518],[13.4619729,37.6308234],[13.4633184,37.6322123],[13.4620081,37.6358689],[13.4606019,37.6327257],[13.4579401,37.6337459],[13.4558603,37.6314544],[13.4510846,37.6349244],[13.4494614,37.6326696],[13.451147,37.6304252],[13.4469393,37.6294045],[13.443322,37.6250165],[13.4402536,37.6273966],[13.4375625,37.6239642],[13.4318192,37.6250076],[13.4316269,37.6223763],[13.434167,37.6215718],[13.43254,37.6211956],[13.4275986,37.6245791],[13.4314928,37.6168238],[13.4283273,37.6145823],[13.423256,37.617295],[13.4266558,37.6194673],[13.4265002,37.6219641],[13.4252021,37.6225501],[13.425777,37.620539],[13.4239246,37.6195542],[13.420729,37.6199777],[13.4206274,37.6235784],[13.4227669,37.6252093],[13.4206877,37.6261037],[13.4218382,37.6284286],[13.4177106,37.6268939],[13.4109082,37.6298465],[13.4089916,37.6402514],[13.4181998,37.642958],[13.4228329,37.6406129],[13.4345918,37.6497681],[13.4426192,37.6500933],[13.4443701,37.6515605],[13.4427733,37.6532372],[13.4524917,37.657992],[13.4456757,37.6579941],[13.4474689,37.6646661],[13.4587077,37.6666668],[13.4630632,37.6651136],[13.4642829,37.6587639],[13.4693579,37.6567029],[13.4688607,37.654745],[13.4722415,37.6513832],[13.4710925,37.6476839],[13.4764184,37.6461933],[13.4757049,37.6440284],[13.4784911,37.6416442],[13.4983227,37.6361341],[13.5026845,37.640149],[13.5026739,37.6435735],[13.5092334,37.6353842],[13.5129293,37.6393358],[13.5230842,37.6353887],[13.525067,37.6302693],[13.5202427,37.6312247],[13.5221125,37.630172],[13.5201653,37.6266946],[13.5260826,37.6227534],[13.5215404,37.6197677]]]},"properties":{"ha":6769.0,"date":"2026-07-20","day":19,"country":"IT","place":"Bivona, Agrigento","rank":8}},{"type":"Feature","geometry":{"type":"Polygon","coordinates":[[[-1.9987417,37.1436129],[-1.992754,37.1455838],[-2.000972,37.1374482],[-2.0061299,37.1360785],[-2.0073897,37.1372655],[-2.0118335,37.1343887],[-2.0114714,37.1407876],[-2.0138352,37.142485],[-2.0124409,37.144909],[-2.0154108,37.1463144],[-2.0145734,37.1488948],[-2.0318953,37.1523227],[-2.0376937,37.1499675],[-2.0342625,37.1542871],[-2.0362476,37.1543093],[-2.040568,37.1594069],[-2.038605,37.1635694],[-2.0398523,37.1649317],[-2.0447029,37.1669835],[-2.0487428,37.1651747],[-2.0487223,37.1623023],[-2.0521619,37.1622759],[-2.0521653,37.1645433],[-2.0548563,37.1645594],[-2.0538786,37.1691448],[-2.0571138,37.1703498],[-2.0562685,37.1722129],[-2.0621988,37.1735805],[-2.0610269,37.1761017],[-2.0623407,37.1766069],[-2.0575869,37.1781552],[-2.0607939,37.1817566],[-2.0562659,37.1832088],[-2.0570675,37.1838157],[-2.0590097,37.1833653],[-2.0592763,37.1838489],[-2.0569816,37.1846839],[-2.0539397,37.1836102],[-2.0516938,37.1860861],[-2.0525073,37.1844191],[-2.0513049,37.1826539],[-2.0495037,37.1835012],[-2.0499643,37.1809822],[-2.0469793,37.181468],[-2.0472768,37.1843138],[-2.0416433,37.1807554],[-2.0347548,37.1794334],[-2.0296236,37.1826535],[-2.030431,37.1842464],[-2.0261885,37.1868971],[-2.0268773,37.1886971],[-2.0253056,37.1883271],[-2.0199369,37.1955499],[-2.0252093,37.196147],[-2.0276204,37.199021],[-2.0304412,37.1985079],[-2.0322775,37.210821],[-2.0385146,37.2095306],[-2.0438716,37.210857],[-2.0445939,37.2087287],[-2.0462842,37.2105029],[-2.0476528,37.2088184],[-2.0487284,37.2087786],[-2.0487043,37.2120584],[-2.0510543,37.212547],[-2.0517566,37.214988],[-2.0375341,37.2184459],[-2.0385084,37.2202316],[-2.0446325,37.2205044],[-2.0393291,37.2227513],[-2.0388987,37.2253822],[-2.0324689,37.2266212],[-2.0315033,37.2241246],[-2.0263577,37.2246809],[-2.0275224,37.2227105],[-2.0244041,37.2217751],[-2.0230303,37.2172817],[-2.0202845,37.2171199],[-2.0208501,37.2134852],[-2.0186972,37.2106048],[-2.0157137,37.2123124],[-2.0177459,37.2132308],[-2.0149545,37.216677],[-2.009312,37.2145954],[-2.0088218,37.2126984],[-2.0125624,37.2118495],[-2.007407,37.2081521],[-2.0101152,37.2081004],[-2.0095197,37.2063598],[-2.0110406,37.2028798],[-2.0142651,37.2052573],[-2.0141628,37.2008287],[-2.0124017,37.2007684],[-2.0116281,37.2032734],[-2.0114748,37.1997888],[-2.0092849,37.2002787],[-2.0084869,37.1984524],[-2.0077417,37.2004225],[-2.0111039,37.2016791],[-2.0096379,37.2034833],[-2.0072089,37.2031065],[-2.0090201,37.2025981],[-2.0068845,37.2008909],[-2.0047289,37.2038343],[-2.0026368,37.2032357],[-2.004486,37.206249],[-2.0002996,37.2079625],[-1.9970694,37.2065987],[-1.9985364,37.2046168],[-1.9960102,37.2015827],[-1.9986771,37.2009139],[-1.9965665,37.1991905],[-1.9980497,37.1974297],[-1.993464,37.1994172],[-1.9880628,37.1985847],[-1.9901923,37.195918],[-1.989218,37.1946631],[-1.9940667,37.1951622],[-1.9892032,37.1935914],[-1.989181,37.1930341],[-2.000865,37.1943425],[-1.9987245,37.193018],[-1.9994295,37.1918164],[-1.9940012,37.1914453],[-1.9935335,37.1894986],[-1.9888688,37.1904403],[-1.9906719,37.1886142],[-1.9826962,37.1867153],[-1.9760511,37.1877284],[-1.9744598,37.1895517],[-1.9757008,37.190612],[-1.973754,37.1902577],[-1.9747575,37.1914443],[-1.9727603,37.19373],[-1.9750314,37.1948398],[-1.9751168,37.1970205],[-1.9797474,37.1989675],[-1.9805825,37.2049272],[-1.9747177,37.2044567],[-1.9734824,37.2059533],[-1.9715919,37.2044745],[-1.9711765,37.2064124],[-1.9611752,37.2076823],[-1.9584497,37.2105335],[-1.9546374,37.2100584],[-1.951785,37.2121005],[-1.9447611,37.2097402],[-1.946331,37.2069813],[-1.9482588,37.2074876],[-1.9461062,37.205003],[-1.9486254,37.2031917],[-1.9478299,37.2019449],[-1.9461222,37.2031486],[-1.9443093,37.2000092],[-1.9442303,37.1986579],[-1.9465746,37.1992524],[-1.9441813,37.1979277],[-1.9460532,37.1967165],[-1.9431899,37.1965049],[-1.9451377,37.1954448],[-1.9448173,37.1926021],[-1.9395996,37.1933327],[-1.9406094,37.1955655],[-1.9360003,37.1950267],[-1.9413028,37.1922948],[-1.9378105,37.1909981],[-1.9419443,37.1902894],[-1.9378687,37.1882679],[-1.9410154,37.1868635],[-1.9401368,37.1838552],[-1.9427057,37.1836445],[-1.9409329,37.1833835],[-1.9406793,37.1806791],[-1.9427795,37.1818675],[-1.9428448,37.1840018],[-1.9443965,37.1860808],[-1.9442082,37.1877697],[-1.9471858,37.1890914],[-1.945908,37.1873525],[-1.9475993,37.1867579],[-1.9428392,37.1824045],[-1.9455904,37.1806618],[-1.9442627,37.1785895],[-1.9499161,37.1764065],[-1.9489843,37.1745923],[-1.9567004,37.1745294],[-1.9572794,37.1763125],[-1.9583468,37.1745995],[-1.9564851,37.1726463],[-1.9585111,37.1740845],[-1.9646817,37.1736062],[-1.9648588,37.1719187],[-1.9656807,37.1735101],[-1.9690218,37.1728521],[-1.96793,37.1710406],[-1.9642122,37.1709253],[-1.9641289,37.1680211],[-1.9590885,37.1704355],[-1.9590067,37.1689104],[-1.9571268,37.1692719],[-1.9598739,37.1727105],[-1.9539827,37.1712895],[-1.9522105,37.1685886],[-1.9542777,37.1667977],[-1.9497801,37.1683402],[-1.9509185,37.1611147],[-1.9605487,37.1563091],[-1.9618451,37.1497584],[-1.959594,37.1487646],[-1.9610304,37.1467038],[-1.9643622,37.1454208],[-1.9857068,37.1481214],[-1.9915782,37.1450281],[-1.9955913,37.1528751],[-1.9980591,37.1514439],[-1.9953002,37.1506464],[-1.9975184,37.1493672],[-1.9959214,37.1481723],[-1.997299,37.1469405],[-2.0011399,37.1466983],[-2.0030896,37.1489466],[-2.0068222,37.1477138],[-2.0038899,37.1454281],[-1.9965021,37.145158],[-1.9987417,37.1436129]],[[-1.9832165,37.1843155],[-1.9848143,37.1843176],[-1.9833701,37.1838239],[-1.9832165,37.1843155]],[[-1.9880233,37.1764301],[-1.9893145,37.176012],[-1.9892535,37.1750028],[-1.9882318,37.1747106],[-1.9880233,37.1764301]],[[-2.0029937,37.1827718],[-1.9985444,37.1752426],[-1.9921832,37.1763816],[-1.9946137,37.1779722],[-1.9927348,37.1802635],[-1.9946836,37.1823491],[-1.9980597,37.1829647],[-1.9994388,37.1781623],[-1.9995351,37.1814673],[-2.0029937,37.1827718]],[[-2.0100491,37.1841267],[-2.0119997,37.1851045],[-2.0122521,37.1839457],[-2.0100491,37.1841267]],[[-2.015784,37.1725911],[-2.0156904,37.1703285],[-2.0153062,37.1701481],[-2.0146533,37.1720856],[-2.015784,37.1725911]],[[-2.0234518,37.2170949],[-2.0246627,37.2149015],[-2.0223993,37.2144059],[-2.0233601,37.215227],[-2.0234518,37.2170949]],[[-2.0252827,37.2143457],[-2.0266444,37.2138409],[-2.026995,37.2130493],[-2.0261391,37.213013],[-2.0252827,37.2143457]]]},"properties":{"ha":5400.0,"date":"2026-07-09","day":8,"country":"ES","place":"Los Gallardos, Almería","rank":9}},{"type":"Feature","geometry":{"type":"Polygon","coordinates":[[[5.3286193,44.7025849],[5.3239401,44.7057689],[5.3186199,44.7020163],[5.3221234,44.7015439],[5.3221982,44.6993953],[5.3279429,44.6995783],[5.3223866,44.6979958],[5.3216116,44.7013492],[5.315566,44.6977642],[5.3143335,44.6989222],[5.3168388,44.7014041],[5.3140693,44.7004613],[5.3148176,44.7026182],[5.3121208,44.703201],[5.3038395,44.7004305],[5.3007383,44.7015443],[5.3014782,44.7033175],[5.293233,44.7014577],[5.2998324,44.7032891],[5.3016489,44.7057747],[5.3032727,44.7053957],[5.3012923,44.7038185],[5.3070425,44.7049014],[5.3025186,44.7061859],[5.2988082,44.7057784],[5.2985836,44.7067412],[5.3036901,44.7074629],[5.3044915,44.7090047],[5.3028724,44.7092294],[5.304696,44.7101013],[5.3094686,44.7104419],[5.3105904,44.7123409],[5.307673,44.7115344],[5.3073214,44.7138132],[5.3165084,44.7140146],[5.3163101,44.715242],[5.3184978,44.7140524],[5.3210175,44.7165634],[5.323307,44.7162655],[5.3258283,44.717317],[5.3191381,44.7179901],[5.3148685,44.7151601],[5.3117669,44.7177107],[5.3115789,44.716031],[5.3104295,44.7175304],[5.3078897,44.7165119],[5.3064346,44.7178372],[5.3094136,44.7222235],[5.3071037,44.7213241],[5.3072629,44.7193224],[5.3043025,44.720271],[5.3049013,44.7237375],[5.3031111,44.7224608],[5.3009963,44.7244979],[5.2946082,44.7246017],[5.2942984,44.7269629],[5.2977143,44.7283245],[5.2983563,44.7307915],[5.2964883,44.7311136],[5.3009418,44.7333439],[5.306528,44.7327207],[5.3035371,44.7338348],[5.3059674,44.7370346],[5.3013527,44.7359285],[5.3100207,44.7427568],[5.3079015,44.7429191],[5.3088398,44.7460632],[5.2958503,44.7429376],[5.2882748,44.74429],[5.2884508,44.7475372],[5.2906217,44.747143],[5.2891721,44.7454293],[5.2937355,44.7451487],[5.2889269,44.7482569],[5.2908624,44.7486648],[5.2887742,44.7516038],[5.2902671,44.7500344],[5.29083,44.7504833],[5.2883497,44.7555165],[5.2961422,44.7557019],[5.2948095,44.7527802],[5.2994479,44.7532353],[5.3039779,44.7509668],[5.3024916,44.7499728],[5.2994938,44.7516349],[5.3000036,44.7485101],[5.2979475,44.7460997],[5.3014148,44.749827],[5.3035273,44.7482166],[5.3013277,44.7473278],[5.3035141,44.7461728],[5.3063573,44.7487286],[5.312643,44.7476934],[5.3116448,44.7509222],[5.3075293,44.7496728],[5.3098464,44.7536629],[5.3089576,44.7527988],[5.307013,44.7567119],[5.3177501,44.7618238],[5.3209533,44.7607713],[5.324995,44.7555155],[5.3274178,44.7563279],[5.3275531,44.7547029],[5.3286937,44.7556238],[5.3264704,44.7572241],[5.327039,44.7589238],[5.3250313,44.7587335],[5.3218652,44.7622258],[5.3256223,44.7640422],[5.3286728,44.7621299],[5.3272626,44.7612713],[5.3302242,44.7582369],[5.3299731,44.7549714],[5.3350306,44.7519297],[5.3362063,44.7488193],[5.3328243,44.748031],[5.3358141,44.7473177],[5.3338219,44.7470112],[5.3353392,44.7467699],[5.3350326,44.7445815],[5.3400286,44.7424582],[5.3373434,44.7473173],[5.3394405,44.749351],[5.3365104,44.7518527],[5.3392428,44.7522151],[5.3400234,44.7554491],[5.3416436,44.7538732],[5.3460809,44.7548265],[5.3521914,44.7518195],[5.3505579,44.7506594],[5.3590249,44.7503265],[5.3599769,44.748011],[5.3584675,44.7460267],[5.3632328,44.7457177],[5.3617523,44.741251],[5.3664944,44.7435051],[5.3673836,44.7389773],[5.3688993,44.7392464],[5.3676181,44.7373967],[5.3750618,44.7398385],[5.3789045,44.7383777],[5.3783949,44.7351103],[5.3811493,44.7329831],[5.3744108,44.7290792],[5.3783208,44.7262079],[5.3797965,44.7264621],[5.3783653,44.7279038],[5.3790742,44.7285304],[5.3836597,44.7253225],[5.3832711,44.7232336],[5.3738892,44.7204431],[5.3793037,44.7181477],[5.3860537,44.7214109],[5.3901872,44.7167749],[5.3898239,44.7152537],[5.3876289,44.7172341],[5.3853255,44.7159533],[5.3836414,44.7171665],[5.3842078,44.7159211],[5.3812742,44.7153964],[5.3832168,44.714933],[5.3824297,44.7144804],[5.3779918,44.7173628],[5.3772048,44.7160346],[5.3821259,44.7103864],[5.374959,44.7099717],[5.3800282,44.7085538],[5.3898357,44.7015478],[5.3833695,44.7019658],[5.3802715,44.700043],[5.3855629,44.6960994],[5.3864897,44.6912358],[5.3851297,44.687925],[5.3781264,44.6874031],[5.3847957,44.6863421],[5.3829356,44.6832803],[5.3849481,44.6811694],[5.3808437,44.6821667],[5.3801352,44.6804891],[5.3760549,44.6830247],[5.3809423,44.6835961],[5.3798878,44.6847512],[5.3756757,44.6836489],[5.3757643,44.6850035],[5.3712206,44.6813223],[5.367317,44.6829861],[5.3664957,44.680626],[5.3733791,44.6788026],[5.3679219,44.6737929],[5.3623313,44.6743915],[5.3631051,44.67616],[5.3607676,44.6774525],[5.3576928,44.6751752],[5.3601836,44.6738667],[5.3479202,44.6736841],[5.3419732,44.6758364],[5.3392807,44.6781256],[5.3417986,44.6771735],[5.3413601,44.6816009],[5.3364312,44.6814379],[5.3438089,44.6880124],[5.3408887,44.6973358],[5.3446213,44.7003697],[5.3409503,44.7000685],[5.3364717,44.7045843],[5.3365495,44.707312],[5.335083,44.7037725],[5.3286193,44.7025849]],[[5.3713628,44.7027704],[5.3660616,44.6964837],[5.367109,44.6938593],[5.3701708,44.6982938],[5.3724521,44.698395],[5.3738051,44.7005625],[5.3721921,44.7012005],[5.374288,44.7016064],[5.3722339,44.7019327],[5.3722875,44.7058893],[5.367597,44.7105952],[5.3663835,44.7081521],[5.3713628,44.7027704]],[[5.3631155,44.7106361],[5.3612811,44.7098869],[5.3634056,44.7094179],[5.3631155,44.7106361]],[[5.3411246,44.7156662],[5.3585116,44.7110992],[5.3592627,44.712249],[5.3549937,44.713071],[5.3604082,44.7158681],[5.3581135,44.7178632],[5.3530065,44.7176984],[5.357773,44.7209258],[5.3560722,44.7212049],[5.3512333,44.7192053],[5.3443752,44.7202768],[5.3411246,44.7156662]]]},"properties":{"ha":4192.0,"date":"2026-07-03","day":2,"country":"FR","place":"Solaure en Diois, Drôme","rank":10}},{"type":"Feature","geometry":{"type":"Polygon","coordinates":[[[-1.0782576,44.3671544],[-1.1033963,44.3688727],[-1.109586,44.365262],[-1.113865,44.3692362],[-1.129771,44.3754573],[-1.1299233,44.37935],[-1.1330743,44.376926],[-1.1337507,44.3729238],[-1.1395093,44.3709499],[-1.1454087,44.3661066],[-1.1583084,44.3639607],[-1.1642173,44.3658604],[-1.1743609,44.3762402],[-1.1729903,44.377726],[-1.1672555,44.3794219],[-1.1610143,44.3764693],[-1.1595079,44.3811593],[-1.1562931,44.3830447],[-1.137395,44.3810484],[-1.1382224,44.3856251],[-1.1416411,44.3846367],[-1.1491495,44.3870733],[-1.1494144,44.3948543],[-1.1471475,44.3966851],[-1.1505566,44.3970409],[-1.1479782,44.4007923],[-1.1499954,44.404559],[-1.1422699,44.4082074],[-1.1436921,44.4122747],[-1.1474804,44.4125182],[-1.1514814,44.4079318],[-1.1542844,44.4141731],[-1.1484092,44.4169171],[-1.1417501,44.4163513],[-1.137621,44.4182861],[-1.1322357,44.4244755],[-1.1357877,44.4265848],[-1.1366256,44.4218044],[-1.1411758,44.4194095],[-1.1466524,44.4220879],[-1.150452,44.4210565],[-1.1580436,44.422902],[-1.1589702,44.4253036],[-1.152599,44.4307028],[-1.1467162,44.4321009],[-1.1377374,44.4378971],[-1.1338505,44.4352114],[-1.1340788,44.4310744],[-1.1318406,44.4319854],[-1.1280411,44.4369805],[-1.1291355,44.438272],[-1.1312175,44.4361649],[-1.1346102,44.4399585],[-1.1322479,44.4447323],[-1.1025295,44.4507683],[-1.1025369,44.4473725],[-1.0994532,44.4433591],[-1.1135211,44.4325622],[-1.110558,44.4276656],[-1.1102132,44.4227084],[-1.1086113,44.4222064],[-1.1101978,44.4163389],[-1.09655,44.413834],[-1.1002189,44.4101134],[-1.1017852,44.3989432],[-1.1002996,44.3963322],[-1.1072821,44.3920151],[-1.1055885,44.3892619],[-1.098613,44.3857915],[-1.0949253,44.3874061],[-1.0906398,44.3866483],[-1.0859949,44.3894337],[-1.0859387,44.3856889],[-1.0837616,44.38479],[-1.0813966,44.3891647],[-1.0769791,44.3897588],[-1.0730462,44.3860045],[-1.0773046,44.3742267],[-1.0742222,44.3695878],[-1.0782576,44.3671544]],[[-1.1481346,44.3714429],[-1.1549377,44.3769686],[-1.1564522,44.3737432],[-1.1595728,44.3729003],[-1.1491604,44.3692614],[-1.1481346,44.3714429]]]},"properties":{"ha":3542.0,"date":"2026-07-23","day":22,"country":"FR","place":"Biscarrosse, Landes","rank":11}},{"type":"Feature","geometry":{"type":"Polygon","coordinates":[[[-4.0474262,41.0292355],[-4.0463708,41.041396],[-4.0442482,41.0437919],[-4.0489303,41.0474379],[-4.0442261,41.0474374],[-4.0377594,41.0505385],[-4.0387987,41.0522725],[-4.0347151,41.0529764],[-4.0334427,41.0580325],[-4.0288876,41.0618654],[-4.0214238,41.0632632],[-4.0274696,41.0605248],[-4.0259463,41.058299],[-4.0222856,41.0595994],[-4.0200519,41.058244],[-4.0158828,41.0608134],[-4.0170372,41.0619643],[-4.0161101,41.0647845],[-4.0129619,41.0630566],[-4.0130665,41.0611624],[-4.008406,41.0627964],[-4.0086534,41.0677902],[-4.0058219,41.0697309],[-4.0072388,41.0737382],[-4.0058442,41.0785482],[-4.0035552,41.0791289],[-4.0036456,41.0841545],[-4.0006314,41.0823412],[-3.9996371,41.0850183],[-4.0010568,41.0856474],[-3.9961495,41.0886156],[-3.9916851,41.0881347],[-3.9933892,41.0897873],[-3.9889128,41.0937445],[-3.9863034,41.0934406],[-3.9866555,41.0915578],[-3.9840976,41.0926367],[-3.9841558,41.0947735],[-3.9771957,41.0978751],[-3.9700787,41.0980996],[-3.9665642,41.1034525],[-3.9612798,41.100687],[-3.9595609,41.1011856],[-3.9620461,41.1036644],[-3.9588671,41.1035779],[-3.9591835,41.1015934],[-3.9557716,41.1014237],[-3.9571543,41.0992182],[-3.9539297,41.099667],[-3.9556267,41.0941249],[-3.9534955,41.095542],[-3.9529011,41.09327],[-3.9560053,41.0907061],[-3.9532487,41.0917127],[-3.9488071,41.0876028],[-3.95524,41.0855505],[-3.9457469,41.0828828],[-3.9481773,41.0824477],[-3.9485065,41.0801574],[-3.9349596,41.079504],[-3.932795,41.0825391],[-3.9298541,41.0808062],[-3.9327756,41.0770175],[-3.9488217,41.0746163],[-3.9535739,41.0765437],[-3.9550977,41.0751372],[-3.9562609,41.0769335],[-3.9573698,41.0756612],[-3.9586765,41.07794],[-3.963287,41.0792911],[-3.9594888,41.0772638],[-3.95783,41.0742843],[-3.9530482,41.073856],[-3.956941,41.0703503],[-3.9568752,41.0667503],[-3.9465703,41.0616432],[-3.9489757,41.0597128],[-3.954496,41.0623124],[-3.9541582,41.0594487],[-3.951707,41.0597372],[-3.9524638,41.0539211],[-3.9603526,41.0550517],[-3.9591731,41.0533797],[-3.96118,41.054097],[-3.9660621,41.0513832],[-3.9618101,41.0495362],[-3.9603775,41.0459293],[-3.9643954,41.0447599],[-3.9644569,41.0408757],[-3.9726979,41.0404153],[-3.9739478,41.0422731],[-3.9808166,41.0428193],[-3.9835066,41.044434],[-3.9818101,41.0438671],[-3.9821271,41.0461055],[-3.9856386,41.0469966],[-3.9884112,41.0426032],[-3.9962458,41.0423382],[-3.9953325,41.04067],[-3.9998874,41.0386988],[-3.9972483,41.0356028],[-4.0015726,41.0335919],[-3.9979774,41.0311416],[-3.9982147,41.0287362],[-4.0101999,41.0353322],[-4.0152192,41.0328494],[-4.0214601,41.0361584],[-4.0322015,41.0353704],[-4.0357154,41.0327237],[-4.0446591,41.0327156],[-4.043465,41.0301052],[-4.0474262,41.0292355]],[[-3.958175,41.0817608],[-3.9596425,41.084146],[-3.9635676,41.0829387],[-3.958175,41.0817608]],[[-3.9605318,41.0936609],[-3.9612384,41.0931016],[-3.9597031,41.0933411],[-3.9605318,41.0936609]],[[-3.9615437,41.0779743],[-3.9635654,41.0783402],[-3.9612645,41.0776751],[-3.9615437,41.0779743]],[[-3.9634179,41.0753055],[-3.9649747,41.075414],[-3.9632589,41.0743177],[-3.9634179,41.0753055]],[[-3.9667409,41.0805135],[-3.9690676,41.0814705],[-3.9696761,41.0793511],[-3.9667409,41.0805135]],[[-3.9784275,41.0659397],[-3.9789531,41.0640475],[-3.9768977,41.0639794],[-3.9761481,41.065888],[-3.9784275,41.0659397]],[[-3.9809765,41.0867117],[-3.9845598,41.0875605],[-3.9802186,41.0853254],[-3.9809765,41.0867117]],[[-3.9844427,41.0698095],[-3.984342,41.0660719],[-3.9813106,41.0653572],[-3.9812688,41.0688255],[-3.9844427,41.0698095]],[[-3.9852221,41.0598351],[-3.9874805,41.0565195],[-3.9833356,41.0587204],[-3.9852221,41.0598351]],[[-3.9894068,41.0660412],[-3.9942941,41.0667317],[-3.990453,41.0621126],[-3.9894068,41.0660412]],[[-4.0299159,41.0566074],[-4.0317268,41.0558868],[-4.0312078,41.0544821],[-4.0296264,41.0551577],[-4.0299159,41.0566074]]]},"properties":{"ha":3495.0,"date":"2026-07-20","day":19,"country":"ES","place":"Pelayos del Arroyo, Segovia","rank":12}},{"type":"Feature","geometry":{"type":"Polygon","coordinates":[[[-7.044863,40.547015],[-7.0465536,40.5341959],[-7.0546585,40.5175514],[-7.0585993,40.5133421],[-7.0632319,40.5140769],[-7.0706336,40.5227043],[-7.0666853,40.5409465],[-7.075725,40.5499605],[-7.0775072,40.5550605],[-7.0750673,40.5619561],[-7.0645647,40.5697733],[-7.0660949,40.5882972],[-7.0622823,40.5952413],[-7.0577302,40.5988181],[-7.0341853,40.6070667],[-7.0168253,40.6359265],[-7.0127184,40.6360614],[-7.0066853,40.6301949],[-7.0067697,40.6254149],[-7.0191481,40.6051935],[-7.023547,40.5829248],[-7.0214425,40.5737067],[-7.0221412,40.5675493],[-7.026395,40.5610566],[-7.044863,40.547015]]]},"properties":{"ha":3270.0,"date":"2026-07-27","day":26,"country":"PT","place":"Cerdeira, Beiras e Serra da Estrela","rank":13}},{"type":"Feature","geometry":{"type":"Polygon","coordinates":[[[2.5879293,42.664533],[2.5813552,42.664244],[2.5838723,42.6630427],[2.5749315,42.6604311],[2.5736181,42.6625992],[2.5618304,42.6625963],[2.5594529,42.6591039],[2.5515819,42.6567582],[2.5469316,42.657143],[2.5433604,42.6597614],[2.5340906,42.6578876],[2.5317131,42.6601287],[2.5329844,42.6617616],[2.5248006,42.666996],[2.525507,42.6691167],[2.5216173,42.669231],[2.5226001,42.6728251],[2.5268383,42.6713426],[2.5215407,42.6744342],[2.5218051,42.6771287],[2.5192393,42.6779062],[2.5135902,42.687147],[2.5144241,42.6888872],[2.51241,42.6899319],[2.5158821,42.6951768],[2.5137877,42.6997733],[2.5170435,42.7007824],[2.5198914,42.7045271],[2.5179424,42.7099973],[2.5153143,42.710843],[2.522629,42.7101664],[2.5246393,42.7081401],[2.5212483,42.7098516],[2.5202402,42.7084769],[2.5294447,42.7061538],[2.5335074,42.7024597],[2.5427761,42.703876],[2.5444868,42.7011772],[2.5457607,42.7030885],[2.5535933,42.6990467],[2.5524787,42.6952061],[2.5561354,42.6943385],[2.5598248,42.690558],[2.561696,42.6911026],[2.5619366,42.6891058],[2.5632223,42.6887749],[2.5625168,42.6898806],[2.565615,42.6920946],[2.5765722,42.6912941],[2.5786884,42.6888351],[2.583122,42.6905118],[2.5944529,42.6891866],[2.5924098,42.6920441],[2.5941619,42.6935737],[2.5909242,42.6945535],[2.5949241,42.6950123],[2.5925102,42.6965237],[2.5955924,42.6991269],[2.592617,42.7013674],[2.5936818,42.7031945],[2.6090743,42.6992498],[2.6135202,42.6964662],[2.6124882,42.6944998],[2.6142235,42.6932438],[2.6263251,42.689536],[2.6189724,42.6846052],[2.6212982,42.6823379],[2.6193543,42.6806266],[2.6224584,42.6805457],[2.6223259,42.6785269],[2.6249179,42.6775123],[2.622299,42.6756718],[2.6242149,42.6756391],[2.6240388,42.6739716],[2.6204607,42.6744407],[2.6163522,42.6714016],[2.6154854,42.672733],[2.6185769,42.6753224],[2.6099122,42.6772898],[2.5986016,42.6715462],[2.6017146,42.6711985],[2.5976706,42.6627807],[2.587394,42.6626854],[2.5879293,42.664533]]]},"properties":{"ha":3141.0,"date":"2026-07-04","day":3,"country":"FR","place":"Montalba-le-Château, Pyrénées-Orientales","rank":14}},{"type":"Feature","geometry":{"type":"Polygon","coordinates":[[[14.1016882,37.6614347],[14.0804555,37.6611806],[14.0717225,37.6659326],[14.069633,37.665289],[14.0665083,37.6718172],[14.0669219,37.6752028],[14.0602964,37.674274],[14.0641037,37.6712863],[14.0582128,37.6720675],[14.0568761,37.6736017],[14.062703,37.6795782],[14.067008,37.6780488],[14.0703838,37.6809452],[14.072339,37.6797251],[14.0703089,37.682417],[14.0649981,37.6823953],[14.0589916,37.6784628],[14.060082,37.6778199],[14.0581298,37.6781027],[14.0606902,37.6827998],[14.0575296,37.6822607],[14.0523921,37.686013],[14.0526994,37.6878417],[14.0537798,37.6858713],[14.0543961,37.6888922],[14.05163,37.6938643],[14.0528972,37.6952363],[14.0475399,37.7030015],[14.045715,37.7007134],[14.0437836,37.7027845],[14.0423403,37.7006143],[14.0489726,37.6950283],[14.0459293,37.6931324],[14.0512709,37.6900693],[14.0513772,37.6864764],[14.0487802,37.6871251],[14.0473172,37.6850498],[14.0501377,37.6827137],[14.0523147,37.6836512],[14.0514968,37.6808208],[14.0476235,37.6800216],[14.0442877,37.688871],[14.0414805,37.6900043],[14.043375,37.6955108],[14.0394376,37.697192],[14.0380567,37.7001108],[14.0357482,37.6985194],[14.0368517,37.6959892],[14.0360684,37.6930681],[14.0349719,37.6954731],[14.0320484,37.6918417],[14.0289996,37.6921313],[14.025341,37.6994386],[14.028125,37.6991924],[14.0313664,37.7016975],[14.0253717,37.7027984],[14.019395,37.7081324],[14.0177825,37.7128456],[14.0231959,37.7152518],[14.0174025,37.7160689],[14.0133997,37.7199892],[14.0143065,37.7231366],[14.0201082,37.7226841],[14.0087859,37.7285123],[14.0074125,37.7316405],[14.0122102,37.7333517],[14.0124705,37.7357168],[14.0086253,37.7371575],[14.0085607,37.7407137],[14.0062895,37.7412494],[14.0050383,37.7395138],[14.0020875,37.740895],[14.0023293,37.7477464],[14.0003609,37.7498888],[14.0043911,37.7538147],[14.0053017,37.7596651],[14.0030801,37.7625908],[14.0059405,37.7633369],[14.0094114,37.7583211],[14.0054799,37.7556878],[14.0107274,37.7556776],[14.0166229,37.7524388],[14.0143093,37.7488037],[14.0170638,37.7439971],[14.0147803,37.7416093],[14.0185374,37.7425099],[14.0225567,37.7387469],[14.0315044,37.7405724],[14.0376699,37.7348439],[14.0391476,37.7293558],[14.0431586,37.7250113],[14.0572427,37.7168264],[14.0514685,37.716544],[14.0529463,37.7125222],[14.0515338,37.7140957],[14.0478144,37.7132181],[14.055415,37.7102155],[14.0509619,37.7084597],[14.0581721,37.7080131],[14.0573381,37.705876],[14.0652266,37.7035545],[14.066646,37.7047335],[14.0700719,37.6987078],[14.0830444,37.6945043],[14.0860073,37.6879896],[14.0877392,37.6931478],[14.0858062,37.6953548],[14.0875551,37.6963236],[14.0997042,37.6954977],[14.1014751,37.6931542],[14.1006817,37.6956077],[14.1056844,37.6956991],[14.1071616,37.6928837],[14.1055464,37.6921728],[14.1069989,37.6908766],[14.1059279,37.6896956],[14.1136679,37.6858997],[14.1048379,37.6812296],[14.0996376,37.6810348],[14.1042488,37.6778532],[14.1052008,37.6797742],[14.1048835,37.6764176],[14.108089,37.6701521],[14.1042813,37.6699342],[14.1004354,37.6671018],[14.1034206,37.6661846],[14.1016882,37.6614347]],[[14.1016148,37.6726814],[14.0922424,37.6798303],[14.0895876,37.6769771],[14.0918756,37.6760692],[14.0934495,37.6719931],[14.1011846,37.6702719],[14.1016148,37.6726814]],[[14.0985628,37.6630114],[14.0972955,37.6636903],[14.0969569,37.663382],[14.0985628,37.6630114]],[[14.0983806,37.6666784],[14.0955638,37.6664341],[14.0967735,37.664337],[14.0985611,37.6647765],[14.0983806,37.6666784]],[[14.0880905,37.6686718],[14.0850595,37.6688669],[14.0851417,37.6680024],[14.0880905,37.6686718]],[[14.0856775,37.6711864],[14.0845799,37.6724821],[14.0856509,37.6711876],[14.0856775,37.6711864]],[[14.057461,37.6960869],[14.0577818,37.6926641],[14.0600959,37.6910778],[14.0580463,37.6913167],[14.0623509,37.6847799],[14.0684175,37.6853269],[14.0702545,37.6830802],[14.0711427,37.6859412],[14.0728014,37.6838533],[14.0786692,37.6852653],[14.0789427,37.6867157],[14.0742276,37.6889349],[14.074424,37.6922541],[14.0640349,37.6884136],[14.0628361,37.6924732],[14.0594876,37.6933266],[14.0601801,37.7021274],[14.0589997,37.7007152],[14.0553797,37.7022984],[14.0530812,37.6998114],[14.054274,37.6978557],[14.0517949,37.6973152],[14.057461,37.6960869]]]},"properties":{"ha":2999.0,"date":"2026-07-21","day":20,"country":"IT","place":"Resuttano, Caltanissetta","rank":15}},{"type":"Feature","geometry":{"type":"Polygon","coordinates":[[[-2.0608407,40.9674163],[-2.058784,40.967868],[-2.0579742,40.9707325],[-2.0514682,40.9731442],[-2.0524851,40.9658809],[-2.0499774,40.9651813],[-2.0490559,40.9706808],[-2.0413345,40.971943],[-2.0426144,40.9738685],[-2.038975,40.9736273],[-2.0373956,40.9787757],[-2.035078,40.9753362],[-2.0278977,40.9797277],[-2.0228373,40.9799831],[-2.0292348,40.9776031],[-2.0288144,40.9757457],[-2.0253117,40.9757881],[-2.0253811,40.9774759],[-2.0234714,40.9763594],[-2.0204078,40.9778253],[-2.0178856,40.9819966],[-2.0127795,40.9825938],[-2.0134169,40.9844639],[-2.0106331,40.9845814],[-2.0113914,40.9830377],[-2.0075436,40.9858277],[-2.0079901,40.9843156],[-2.0043162,40.9844873],[-2.0029931,40.9869645],[-1.9996263,40.9844466],[-1.9967834,40.9887902],[-1.9974695,40.9859383],[-1.9916932,40.9860931],[-2.0008443,40.9823011],[-1.999614,40.9800292],[-1.9975013,40.9815484],[-1.9985218,40.9806036],[-1.9961981,40.9792984],[-1.9903423,40.9828848],[-1.9866133,40.9793778],[-1.9905951,40.9792131],[-1.9906236,40.9773598],[-1.9847817,40.9760809],[-1.9847567,40.9746165],[-1.9768964,40.9753217],[-1.9752099,40.9712814],[-1.9784618,40.9718792],[-1.9797913,40.9662365],[-1.9831507,40.9677035],[-1.981634,40.9647212],[-1.9743524,40.969732],[-1.9732041,40.9678781],[-1.9710245,40.9700977],[-1.9656252,40.9707281],[-1.9674664,40.9679779],[-1.9635191,40.9664675],[-1.9626754,40.9702697],[-1.9514895,40.9718836],[-1.958147,40.9696892],[-1.9586845,40.9661694],[-1.9612475,40.9643279],[-1.9576644,40.9626591],[-1.9607585,40.9627766],[-1.9648965,40.9580804],[-1.9700014,40.9588028],[-1.9758292,40.9559236],[-1.9826848,40.9579259],[-1.9803098,40.9559926],[-1.9825606,40.9545681],[-1.9837042,40.9580664],[-1.9858923,40.9537145],[-1.9806759,40.9539053],[-1.9811452,40.952665],[-1.9917367,40.9525689],[-1.9949847,40.9509298],[-2.0002797,40.9527681],[-2.0012288,40.9519006],[-1.9978532,40.9489033],[-2.0024002,40.9462732],[-2.0098045,40.9451605],[-2.0151009,40.946184],[-2.015507,40.9477719],[-2.0172063,40.9463877],[-2.0280236,40.9468177],[-2.0312624,40.9421855],[-2.0340696,40.9416003],[-2.0475356,40.9432861],[-2.0479607,40.9415147],[-2.0460645,40.9410834],[-2.047945,40.9380027],[-2.0572671,40.9353798],[-2.0620851,40.9353088],[-2.0676715,40.9386834],[-2.0757403,40.9401971],[-2.0750708,40.9436233],[-2.0782453,40.9459859],[-2.0608407,40.9674163]]]},"properties":{"ha":2958.0,"date":"2026-07-21","day":20,"country":"ES","place":"Corduente, Guadalajara","rank":16}},{"type":"Feature","geometry":{"type":"Polygon","coordinates":[[[6.0680166,43.5219461],[6.0640498,43.5255659],[6.0679984,43.5248854],[6.0698208,43.5272329],[6.0658192,43.5306963],[6.0575273,43.531507],[6.0597689,43.5344214],[6.0527099,43.5372755],[6.0522441,43.546598],[6.0440179,43.5505979],[6.0522928,43.5528701],[6.049104,43.5562148],[6.0560632,43.5633603],[6.0641887,43.5564104],[6.071711,43.5569288],[6.0706106,43.5587095],[6.0753841,43.5561622],[6.0769811,43.5573029],[6.0623171,43.5643133],[6.064942,43.5654971],[6.0734461,43.5604302],[6.0789937,43.5626456],[6.0798573,43.5571797],[6.082832,43.5567492],[6.0822687,43.5548545],[6.0854668,43.5540469],[6.0855512,43.552468],[6.087928,43.5529899],[6.0849881,43.5512595],[6.0901767,43.5512737],[6.0934005,43.5485734],[6.0875382,43.5501457],[6.0881324,43.5487215],[6.0828389,43.5462778],[6.0862778,43.5462982],[6.0841013,43.5435693],[6.0915507,43.5477257],[6.0936776,43.5454402],[6.1007413,43.5456841],[6.1021281,43.5502873],[6.1011658,43.5455875],[6.1018446,43.5443711],[6.1033864,43.5443171],[6.1026983,43.5453349],[6.1065868,43.5460889],[6.1027629,43.547869],[6.104127,43.54876],[6.1027167,43.5506256],[6.1044492,43.5491543],[6.1093716,43.5515919],[6.1135953,43.5504881],[6.1149282,43.54767],[6.1133688,43.5450981],[6.1111418,43.5453751],[6.1106707,43.5423466],[6.1126287,43.5435346],[6.1104032,43.5405543],[6.1150257,43.5413329],[6.1159033,43.539901],[6.1127711,43.5393052],[6.115088,43.5385167],[6.1091421,43.5381724],[6.10923,43.5414929],[6.1071097,43.5396044],[6.0937576,43.5406777],[6.0898184,43.5389038],[6.0923781,43.5418845],[6.0877756,43.5417307],[6.0888232,43.5429436],[6.0868295,43.5439598],[6.086117,43.5415106],[6.0839376,43.542868],[6.0758073,43.5417617],[6.0747843,43.5383801],[6.095951,43.5337817],[6.1008578,43.5350003],[6.1052908,43.532425],[6.1074911,43.5333814],[6.107746,43.5318443],[6.1115815,43.533299],[6.1121433,43.5317053],[6.1162579,43.5341403],[6.1189606,43.5318145],[6.1207265,43.5338378],[6.127891,43.5334897],[6.1279284,43.5309868],[6.1244453,43.5305455],[6.1237436,43.5282391],[6.1274723,43.5277208],[6.1257992,43.5289851],[6.1305349,43.5298798],[6.1307,43.5318464],[6.1370415,43.5302993],[6.1367891,43.5281357],[6.1403827,43.5283269],[6.1465817,43.5235215],[6.1487616,43.5202256],[6.1455946,43.5202066],[6.1495605,43.517171],[6.1479049,43.5163019],[6.1522806,43.5157296],[6.1508236,43.5142636],[6.1515729,43.510332],[6.1482547,43.5079052],[6.147928,43.5054584],[6.1377728,43.5065007],[6.1338011,43.5034643],[6.1406171,43.4969772],[6.1355959,43.5003592],[6.1336464,43.499732],[6.1360242,43.4979907],[6.1347082,43.4967005],[6.1316041,43.5006677],[6.1252472,43.4977795],[6.1293511,43.4976663],[6.1282923,43.4946553],[6.1229161,43.4952568],[6.1212974,43.4934912],[6.1150714,43.4950904],[6.1180915,43.4956471],[6.1057515,43.4968488],[6.0960766,43.4943008],[6.0950326,43.4961388],[6.1005879,43.49855],[6.1008391,43.5011725],[6.0968824,43.5017317],[6.0982235,43.5035576],[6.0944306,43.5081602],[6.100401,43.5111543],[6.1028898,43.5074666],[6.1054195,43.5087804],[6.1061395,43.5121706],[6.1038797,43.516421],[6.0932294,43.5176662],[6.0938848,43.5187755],[6.0892247,43.5206642],[6.0879152,43.5196527],[6.0902659,43.5180306],[6.0879511,43.5170873],[6.0852886,43.5190865],[6.0794441,43.5174561],[6.0853769,43.5145101],[6.0821011,43.5130841],[6.0840103,43.5118772],[6.0827821,43.5090116],[6.0810209,43.5116721],[6.0802321,43.5100184],[6.0744754,43.5106762],[6.0750467,43.512903],[6.0720614,43.5150346],[6.0761799,43.5187884],[6.0708115,43.5177555],[6.0661794,43.522397],[6.0680166,43.5219461]]]},"properties":{"ha":2892.0,"date":"2026-07-21","day":20,"country":"FR","place":"Pontevès, Var","rank":17}},{"type":"Feature","geometry":{"type":"Polygon","coordinates":[[[-0.5723796,40.7387241],[-0.5742316,40.7415669],[-0.5715046,40.7465329],[-0.5644758,40.754687],[-0.5639914,40.7578541],[-0.5584061,40.7609852],[-0.5508278,40.7598521],[-0.5460761,40.7543268],[-0.5607884,40.7494373],[-0.5630642,40.7478299],[-0.562425,40.7444673],[-0.5567564,40.7438767],[-0.550146,40.7460929],[-0.5428768,40.7451037],[-0.5429884,40.7413992],[-0.5388033,40.7432549],[-0.5293241,40.7431425],[-0.5153513,40.7404594],[-0.5195365,40.7429427],[-0.5170992,40.7429166],[-0.5168787,40.7446019],[-0.523707,40.7446288],[-0.5227767,40.7480445],[-0.5266797,40.7496994],[-0.5256436,40.7513501],[-0.5236595,40.7523109],[-0.5132442,40.7484454],[-0.5071212,40.7495007],[-0.5057259,40.7475233],[-0.5087566,40.7455496],[-0.5076742,40.7453234],[-0.5002648,40.7497948],[-0.4992486,40.7515287],[-0.50099,40.7512283],[-0.5018442,40.7543263],[-0.4986576,40.7535646],[-0.494663,40.7578713],[-0.4883751,40.7584253],[-0.4982968,40.7529982],[-0.4890208,40.7540459],[-0.4657583,40.7629113],[-0.4454803,40.7818084],[-0.4364514,40.7872441],[-0.4322226,40.7863303],[-0.4270423,40.7812349],[-0.4263093,40.7768356],[-0.4293992,40.7739774],[-0.4492584,40.7601893],[-0.4651805,40.7411703],[-0.4740844,40.7380804],[-0.4875857,40.7350831],[-0.5079246,40.733843],[-0.5134826,40.7316363],[-0.5117645,40.731012],[-0.5257769,40.7322328],[-0.5250759,40.7343879],[-0.5302226,40.7342382],[-0.5313594,40.7334493],[-0.5270527,40.7257387],[-0.5302478,40.7289564],[-0.5359132,40.7307782],[-0.5383241,40.7289201],[-0.5373731,40.7265379],[-0.5419575,40.727825],[-0.5440457,40.7256355],[-0.5491289,40.7271127],[-0.5515089,40.726355],[-0.5523147,40.7225624],[-0.5592094,40.7203966],[-0.5615448,40.7209345],[-0.5592685,40.723159],[-0.5625241,40.7216064],[-0.5737919,40.7270342],[-0.5769262,40.7267638],[-0.5763886,40.7292653],[-0.5794198,40.7326977],[-0.5744254,40.7372523],[-0.5783112,40.738503],[-0.5761043,40.7412129],[-0.5723796,40.7387241]],[[-0.5681272,40.7327868],[-0.569261,40.7338723],[-0.5700714,40.7331156],[-0.5681272,40.7327868]]]},"properties":{"ha":2751.0,"date":"2026-07-21","day":20,"country":"ES","place":"Ejulve, Teruel","rank":18}},{"type":"Feature","geometry":{"type":"Polygon","coordinates":[[[33.8944796,46.9639488],[33.8886991,46.9598933],[33.8799436,46.9608534],[33.8740657,46.9590426],[33.8751434,46.9560107],[33.8666796,46.9499295],[33.870843,46.9478355],[33.8666611,46.9441641],[33.8674933,46.9430948],[33.8789441,46.9364655],[33.8742542,46.9325938],[33.8613397,46.9380276],[33.8621375,46.9400148],[33.8555973,46.9428],[33.8526681,46.9405028],[33.8547949,46.9384675],[33.8529576,46.9358137],[33.8637785,46.9323397],[33.8626037,46.930307],[33.8567565,46.9330042],[33.8505377,46.9304909],[33.8487922,46.933327],[33.8504177,46.9348866],[33.8466524,46.9365151],[33.8283055,46.927112],[33.8156329,46.9288113],[33.8139294,46.9324626],[33.8129256,46.9286624],[33.806768,46.9240496],[33.7923285,46.9202135],[33.7903552,46.9173357],[33.7833045,46.9155407],[33.7685997,46.925535],[33.7643744,46.9358366],[33.7748212,46.9320793],[33.7853708,46.9387298],[33.7837549,46.943294],[33.7855837,46.9514905],[33.7764381,46.9588885],[33.7805788,46.9617152],[33.7872304,46.9618119],[33.792871,46.9680329],[33.8230685,46.9492934],[33.8282333,46.9486755],[33.8446681,46.9624743],[33.8385504,46.965671],[33.8396593,46.9679505],[33.853851,46.968598],[33.8678592,46.9621227],[33.8829832,46.9700106],[33.8870582,46.9697],[33.881984,46.9646959],[33.8834273,46.9638731],[33.8892792,46.9667085],[33.8944796,46.9639488]]]},"properties":{"ha":2730.0,"date":"2026-07-20","day":19,"country":"UA","place":"N.A., N.A.","rank":19}},{"type":"Feature","geometry":{"type":"Polygon","coordinates":[[[37.8464796,47.296693],[37.8454597,47.2930705],[37.8469266,47.2898551],[37.8506822,47.2890393],[37.8567555,47.2941915],[37.869128,47.2940823],[37.8695267,47.2917272],[37.864348,47.288825],[37.8730032,47.2920729],[37.8746257,47.2906975],[37.8727745,47.2886516],[37.8764285,47.287109],[37.8764947,47.2842572],[37.883133,47.2839339],[37.8816627,47.278816],[37.875231,47.2731231],[37.8749558,47.2696202],[37.879953,47.2717962],[37.8813548,47.2709712],[37.8803945,47.268802],[37.8727773,47.2619993],[37.8672312,47.2516042],[37.863297,47.2479515],[37.8669055,47.2475712],[37.8679443,47.2508695],[37.8718544,47.2498332],[37.8679234,47.2420073],[37.8586942,47.2401591],[37.8584834,47.2360224],[37.8504579,47.2368526],[37.8440433,47.2406913],[37.8426535,47.2488843],[37.8403392,47.2490222],[37.8315299,47.2432534],[37.8354291,47.2369412],[37.8242742,47.2362327],[37.816319,47.2446213],[37.8190795,47.2561162],[37.8101077,47.2571117],[37.8120665,47.2606764],[37.8010607,47.2527948],[37.7989677,47.2536777],[37.8007681,47.2607973],[37.7965162,47.2540707],[37.7886358,47.2551286],[37.7870325,47.2602606],[37.7897765,47.2647345],[37.7866568,47.2659432],[37.78831,47.26983],[37.7959669,47.2681842],[37.7972495,47.2654687],[37.8184823,47.2664173],[37.8215575,47.2708026],[37.827187,47.2729894],[37.8265618,47.2763559],[37.8295484,47.2800331],[37.8283988,47.284052],[37.8190983,47.2860238],[37.8164875,47.289638],[37.8210854,47.2958546],[37.8263553,47.2977931],[37.8371959,47.2955351],[37.8464796,47.296693]]]},"properties":{"ha":2717.0,"date":"2026-07-20","day":19,"country":"UA","place":"N.A., N.A.","rank":20}},{"type":"Feature","geometry":{"type":"Polygon","coordinates":[[[-3.6171014,57.1430785],[-3.6263894,57.1471543],[-3.641919,57.1594044],[-3.6513621,57.1624517],[-3.6542191,57.1706424],[-3.6500447,57.1756904],[-3.651406,57.1774225],[-3.6501732,57.1793933],[-3.641921,57.1833238],[-3.6395771,57.1904915],[-3.6230467,57.2026802],[-3.6058337,57.2052878],[-3.5890805,57.2118496],[-3.5750717,57.2111615],[-3.5673898,57.2080923],[-3.5776967,57.198981],[-3.5739715,57.1928924],[-3.5623776,57.1887534],[-3.5637206,57.1826737],[-3.5853002,57.1619635],[-3.5890721,57.1563755],[-3.5907729,57.1482704],[-3.5986708,57.144313],[-3.6101118,57.1426429],[-3.6171014,57.1430785]]]},"properties":{"ha":2693.0,"date":"2026-07-15","day":14,"country":"UK","place":"Badenoch and Strathspey, Inverness & Nairn and Moray, Badeno","rank":21}},{"type":"Feature","geometry":{"type":"Polygon","coordinates":[[[13.4210716,37.5619294],[13.4222618,37.5587269],[13.4208434,37.5574873],[13.4260034,37.5533007],[13.4227599,37.5521185],[13.4214447,37.5527299],[13.4225015,37.5546249],[13.4177761,37.5543368],[13.4160315,37.5505746],[13.4206536,37.5483236],[13.425877,37.550828],[13.4285198,37.5462543],[13.4218643,37.5452376],[13.4215357,37.5429861],[13.4194362,37.5435045],[13.4170196,37.5400324],[13.4143084,37.5412808],[13.4135276,37.5373632],[13.4114615,37.5366959],[13.4146709,37.5350892],[13.4126978,37.5322527],[13.4143871,37.530331],[13.4115576,37.5292185],[13.4107888,37.5260028],[13.4035269,37.5255459],[13.4002868,37.5292515],[13.3987889,37.5245366],[13.4003732,37.5236465],[13.3943932,37.5249562],[13.3921437,37.5229286],[13.3888547,37.5282157],[13.3860212,37.5265453],[13.3852838,37.5328783],[13.3816642,37.5342141],[13.3790518,37.5328025],[13.3792591,37.5276523],[13.3750343,37.5274112],[13.3758558,37.5292315],[13.374266,37.529746],[13.3655436,37.5297291],[13.3718483,37.5345745],[13.3706276,37.5361967],[13.365416,37.5320619],[13.3640813,37.5281095],[13.3616193,37.5304069],[13.3583056,37.5296998],[13.3597919,37.5377003],[13.3666241,37.5432741],[13.3685159,37.5400384],[13.3677959,37.5443418],[13.3693406,37.5449713],[13.3665939,37.5462642],[13.3648111,37.5432058],[13.3619257,37.5427375],[13.3644113,37.5415762],[13.3624035,37.5411763],[13.3600525,37.5418407],[13.3656861,37.5461466],[13.3655007,37.5470283],[13.3588115,37.5431012],[13.3563282,37.5445313],[13.3584188,37.5475642],[13.3602383,37.5465908],[13.3592268,37.5496379],[13.3608076,37.5510654],[13.3630396,37.5507932],[13.3633295,37.548533],[13.3636533,37.5501272],[13.3663667,37.5495778],[13.3662815,37.551084],[13.3637889,37.5507095],[13.3651704,37.5545747],[13.3679412,37.553487],[13.3689268,37.5567418],[13.3727446,37.556404],[13.3699425,37.5624787],[13.3725614,37.564997],[13.3696929,37.5671809],[13.3721358,37.5666205],[13.3688186,37.5687108],[13.3777191,37.5677412],[13.3729953,37.5707556],[13.3688337,37.5707889],[13.3665562,37.5736276],[13.3688767,37.5743718],[13.3704256,37.5727946],[13.369232,37.5755294],[13.3712153,37.5751725],[13.3749321,37.5733914],[13.374291,37.5702185],[13.3755365,37.5722855],[13.381223,37.571653],[13.3802088,37.5733794],[13.3815512,37.5738226],[13.3840173,37.5726251],[13.3827157,37.5676433],[13.3839285,37.5653197],[13.3865503,37.5654169],[13.3869015,37.5689918],[13.3925373,37.5662519],[13.3908138,37.5736584],[13.3926548,37.5757546],[13.3878691,37.5778354],[13.3917906,37.5783102],[13.3887548,37.5808184],[13.3908639,37.5866],[13.4015965,37.5858416],[13.4027612,37.5805591],[13.4048599,37.5813477],[13.4073087,37.5793659],[13.4074395,37.5746935],[13.4043904,37.5694368],[13.4067663,37.5675009],[13.4088729,37.5724405],[13.4112615,37.5695921],[13.4148733,37.570827],[13.413527,37.5675327],[13.4170338,37.5635611],[13.4210451,37.5625415],[13.4197208,37.5615801],[13.4210716,37.5619294]],[[13.4126803,37.567182],[13.4092156,37.568614],[13.4104475,37.5639939],[13.4126803,37.567182]],[[13.4088834,37.5283446],[13.4082549,37.5300789],[13.4073243,37.5286793],[13.4088834,37.5283446]],[[13.4076881,37.5632643],[13.4027313,37.5652665],[13.4041407,37.5639865],[13.401506,37.5633077],[13.4008846,37.557659],[13.406419,37.5599191],[13.4076881,37.5632643]],[[13.4032332,37.534598],[13.4025349,37.5324139],[13.4065489,37.5319314],[13.4046878,37.5326352],[13.4032332,37.534598]],[[13.4011767,37.5660971],[13.4000161,37.5657688],[13.4010833,37.5657511],[13.4011767,37.5660971]],[[13.3987904,37.5298614],[13.3969511,37.5300069],[13.3953792,37.5275754],[13.396783,37.5275848],[13.3987904,37.5298614]],[[13.3980888,37.5559085],[13.3930687,37.555055],[13.3924521,37.5546499],[13.3949999,37.5534153],[13.3980888,37.5559085]],[[13.3967514,37.5329596],[13.3944363,37.532943],[13.3942301,37.5322538],[13.3971415,37.5308758],[13.3967514,37.5329596]],[[13.3962877,37.5688202],[13.3935002,37.5687658],[13.3934311,37.5676176],[13.3959511,37.5674042],[13.3962877,37.5688202]],[[13.3830672,37.5422133],[13.3817684,37.541146],[13.381991,37.5398829],[13.3832334,37.5402452],[13.3830672,37.5422133]],[[13.3807046,37.565508],[13.3747809,37.5633836],[13.3743017,37.5616214],[13.3790633,37.5625004],[13.3781222,37.5597379],[13.3822144,37.5614031],[13.3821487,37.5636772],[13.3793125,37.564382],[13.3807046,37.565508]],[[13.3807464,37.5493971],[13.3748605,37.5495863],[13.3702624,37.5467365],[13.372992,37.5474335],[13.3708271,37.544884],[13.3719063,37.5437665],[13.3733806,37.5455873],[13.3790839,37.5457914],[13.3823962,37.5475872],[13.3807464,37.5493971]],[[13.3813847,37.5444831],[13.3800776,37.5441408],[13.3813094,37.5420462],[13.381607,37.5423185],[13.3813847,37.5444831]],[[13.3806003,37.5391724],[13.3778643,37.5391284],[13.3778253,37.5387763],[13.3796362,37.5377925],[13.3806003,37.5391724]],[[13.3719055,37.5419252],[13.3744854,37.5358212],[13.3774146,37.5368662],[13.3755563,37.541413],[13.3795613,37.5397935],[13.3766613,37.5446748],[13.3719055,37.5419252]],[[13.3715036,37.5318416],[13.3711563,37.5330879],[13.3706336,37.5316648],[13.3715036,37.5318416]],[[13.3663062,37.538057],[13.3647022,37.537422],[13.3626814,37.5348757],[13.3630009,37.5328821],[13.3663062,37.538057]]]},"properties":{"ha":2265.0,"date":"2026-07-18","day":17,"country":"IT","place":"Bivona, Agrigento","rank":22}},{"type":"Feature","geometry":{"type":"Polygon","coordinates":[[[13.4795649,37.810702],[13.479504,37.819823],[13.4834207,37.8189346],[13.4797453,37.8228263],[13.482584,37.8259524],[13.4842538,37.8245978],[13.4892362,37.8260507],[13.4921961,37.8213869],[13.4935998,37.8243816],[13.4977723,37.825096],[13.5053636,37.8213381],[13.5024495,37.8186059],[13.5066817,37.8169931],[13.5067744,37.8151517],[13.5108879,37.814555],[13.5118587,37.8087848],[13.5143091,37.8092019],[13.5165977,37.8056853],[13.5131458,37.8023252],[13.5165503,37.8030747],[13.5184107,37.8018179],[13.5166642,37.8009437],[13.5196206,37.7996734],[13.5138942,37.7938326],[13.510459,37.7946688],[13.5116652,37.7920076],[13.4996574,37.7883334],[13.5029516,37.7861682],[13.5020241,37.7825974],[13.5042116,37.778922],[13.5102565,37.7815112],[13.5145009,37.7804343],[13.5187908,37.7831801],[13.5212157,37.7802327],[13.5196893,37.7750138],[13.5126518,37.7759182],[13.5146842,37.7724988],[13.5102087,37.7701223],[13.5063055,37.7704397],[13.50661,37.7744994],[13.5020806,37.7717572],[13.4993998,37.7746491],[13.4955827,37.7729012],[13.4958945,37.7699205],[13.4920127,37.7677258],[13.4893794,37.7700145],[13.4893921,37.7661612],[13.4913437,37.7644514],[13.4897926,37.7601662],[13.4872207,37.755888],[13.480184,37.7512821],[13.4753828,37.751665],[13.4700111,37.7553507],[13.4714416,37.7571049],[13.468868,37.7562212],[13.4609614,37.7595808],[13.4568531,37.764365],[13.4521951,37.7648485],[13.4514855,37.7664142],[13.4521841,37.7680482],[13.4594585,37.7679095],[13.465624,37.773383],[13.4680681,37.7728608],[13.466884,37.7743958],[13.4693807,37.7758262],[13.4728793,37.7759007],[13.4766236,37.7732581],[13.476075,37.785374],[13.471711,37.7890869],[13.4754134,37.7894558],[13.4763654,37.8068729],[13.483968,37.8061653],[13.4795649,37.810702]]]},"properties":{"ha":2265.0,"date":"2026-07-20","day":19,"country":"IT","place":"Campofelice di Fitalia, Palermo","rank":23}},{"type":"Feature","geometry":{"type":"Polygon","coordinates":[[[14.1887969,37.1820398],[14.1787913,37.1685792],[14.1744091,37.1675805],[14.1719109,37.1607275],[14.1760382,37.1543803],[14.1705736,37.1554912],[14.1702047,37.1538461],[14.1668602,37.1538411],[14.1640009,37.1472676],[14.1598571,37.1485234],[14.1604281,37.1508261],[14.1582994,37.1487339],[14.1554188,37.1508468],[14.1641075,37.1555671],[14.16216,37.1578254],[14.1587983,37.15747],[14.1596778,37.1614827],[14.1566819,37.1633422],[14.1554642,37.1669242],[14.1579684,37.1677788],[14.1577552,37.1649457],[14.1623334,37.163688],[14.1574923,37.170672],[14.1494017,37.1729519],[14.1510799,37.17521],[14.1473036,37.1818844],[14.1408258,37.182593],[14.141623,37.1799446],[14.1396675,37.1776662],[14.1413034,37.1747899],[14.136251,37.1754026],[14.1378211,37.1734122],[14.1354017,37.1728014],[14.1350806,37.1706811],[14.1318162,37.1734717],[14.1227354,37.1751925],[14.1251018,37.1765249],[14.1216699,37.1775501],[14.1287149,37.1802797],[14.1332274,37.1883248],[14.1205832,37.1890222],[14.1195173,37.1856087],[14.1214597,37.1836464],[14.1146594,37.1832278],[14.1145736,37.1719838],[14.103586,37.168621],[14.1008155,37.1643],[14.0954651,37.1665036],[14.0949961,37.1644562],[14.0882806,37.1626857],[14.0887667,37.1602826],[14.0855454,37.1633121],[14.0872492,37.1642021],[14.0860744,37.1687961],[14.082911,37.170481],[14.0851734,37.1710078],[14.0857764,37.1742071],[14.0755548,37.1786134],[14.0800573,37.1786442],[14.0755532,37.1821429],[14.0892062,37.1757554],[14.098103,37.1752485],[14.0957727,37.1736843],[14.0971831,37.1719915],[14.0951259,37.1700443],[14.1018715,37.1702632],[14.1010664,37.1762592],[14.0936206,37.1778319],[14.0981727,37.1811143],[14.0983105,37.1844858],[14.095663,37.1865685],[14.0925959,37.1841802],[14.0968451,37.1890905],[14.095411,37.1901481],[14.0976625,37.1930257],[14.0957906,37.1956782],[14.0938372,37.1938207],[14.0953638,37.2038724],[14.0905569,37.206295],[14.0922751,37.2115397],[14.0948513,37.2107498],[14.0959389,37.2128385],[14.0987301,37.2093432],[14.0973553,37.2086096],[14.1004678,37.208143],[14.1028251,37.2109334],[14.1027326,37.2056417],[14.1064073,37.2084652],[14.1079536,37.2071675],[14.1025376,37.2045468],[14.1039986,37.2022448],[14.1005795,37.2008022],[14.1022703,37.1967016],[14.1066912,37.1982523],[14.1090518,37.1960586],[14.1120587,37.1985096],[14.1119407,37.1954298],[14.1141313,37.1941913],[14.11973,37.1944912],[14.1209835,37.1965154],[14.1256113,37.1960205],[14.1230364,37.1974483],[14.1239828,37.2011783],[14.1253728,37.1968271],[14.1263828,37.1996543],[14.1309884,37.2005222],[14.1288926,37.1972948],[14.1275794,37.1991445],[14.1278669,37.1960566],[14.126256,37.1952777],[14.130709,37.1959959],[14.1336115,37.192011],[14.1362566,37.1937868],[14.1383178,37.1898171],[14.1353218,37.1881657],[14.1411099,37.1872566],[14.1420329,37.1895451],[14.138438,37.1911883],[14.1431716,37.1908587],[14.1431381,37.1927347],[14.1391542,37.1928839],[14.1404219,37.1932829],[14.1389938,37.1956018],[14.1432133,37.1960709],[14.1475923,37.1944494],[14.1487798,37.1917613],[14.1464715,37.1910541],[14.147748,37.1898894],[14.1499493,37.1915682],[14.1493956,37.1929395],[14.153586,37.1927774],[14.1528297,37.1882516],[14.1558874,37.1894575],[14.1555841,37.1863326],[14.1590292,37.1886034],[14.1554478,37.1899991],[14.1569381,37.1915309],[14.1610827,37.191454],[14.1666357,37.1974216],[14.1716533,37.1989199],[14.1767378,37.1913337],[14.1758664,37.1890576],[14.1777982,37.1892022],[14.1800775,37.1841558],[14.1836456,37.1866303],[14.1876572,37.183503],[14.1882379,37.1872101],[14.1904456,37.1844558],[14.1919807,37.1858439],[14.1963582,37.182666],[14.1943114,37.1830701],[14.1945677,37.1799405],[14.1903636,37.1779449],[14.1906368,37.1806476],[14.1887969,37.1820398]],[[14.1733321,37.1795884],[14.1721521,37.1804436],[14.1713423,37.1787163],[14.1718501,37.1784381],[14.1733321,37.1795884]],[[14.1721942,37.1748176],[14.1725647,37.1763561],[14.1716472,37.1757983],[14.1721942,37.1748176]],[[14.169072,37.1770126],[14.1634103,37.176353],[14.1629912,37.1711091],[14.1720227,37.171988],[14.169072,37.1770126]],[[14.1702469,37.186848],[14.1706739,37.1878186],[14.1698494,37.1887545],[14.1702469,37.186848]],[[14.1703818,37.1810288],[14.1665758,37.1788595],[14.1649857,37.1800602],[14.1649168,37.1790898],[14.1676951,37.1783749],[14.1703818,37.1810288]],[[14.1664211,37.1853636],[14.1621958,37.1906171],[14.1596753,37.1879484],[14.1622884,37.1888098],[14.1608937,37.1865455],[14.1664211,37.1853636]],[[14.1646275,37.1825704],[14.1611198,37.1831827],[14.1604686,37.1825385],[14.1623695,37.1810864],[14.1646275,37.1825704]],[[14.1453856,37.190904],[14.1439082,37.1907028],[14.1427821,37.1898188],[14.1450802,37.1893777],[14.1453856,37.190904]],[[14.1093998,37.184936],[14.1056042,37.1804801],[14.1086202,37.1794715],[14.1113726,37.1829889],[14.1085624,37.1820478],[14.1093998,37.184936]],[[14.1083193,37.1702274],[14.1081315,37.1739921],[14.1058389,37.170139],[14.1032941,37.169639],[14.1083193,37.1702274]],[[14.1059528,37.1864101],[14.1024091,37.1888029],[14.0999525,37.1825178],[14.1011099,37.1820581],[14.1059528,37.1864101]],[[14.1014675,37.1961915],[14.1005161,37.1967893],[14.0985584,37.1953374],[14.1014675,37.1961915]],[[14.0998603,37.1999701],[14.0977458,37.1995264],[14.0980517,37.1985565],[14.0998603,37.1999701]]]},"properties":{"ha":2205.0,"date":"2026-07-18","day":17,"country":"IT","place":"Butera, Caltanissetta","rank":24}},{"type":"Feature","geometry":{"type":"Polygon","coordinates":[[[3.0323131,41.9379472],[3.0256373,41.9286898],[3.0282502,41.9287377],[3.0302451,41.923633],[3.03881,41.9190563],[3.0406866,41.9150491],[3.0392992,41.9116969],[3.0448187,41.9090133],[3.0490234,41.910081],[3.0527968,41.9049012],[3.0501565,41.9023516],[3.0512434,41.8963927],[3.0491164,41.8978689],[3.05049,41.8946794],[3.0464101,41.8904712],[3.0493399,41.8894333],[3.0488634,41.8876725],[3.0451678,41.8864422],[3.044028,41.8818957],[3.0384442,41.8791588],[3.0423214,41.8780236],[3.0361717,41.8656412],[3.0374058,41.8618122],[3.0353438,41.8610313],[3.0384684,41.8593824],[3.0354887,41.860215],[3.0350836,41.8584507],[3.0304691,41.858135],[3.0302826,41.8541207],[3.0287204,41.8572329],[3.0285307,41.85434],[3.0237776,41.8569567],[3.0232925,41.855539],[3.0158963,41.8561293],[3.0128327,41.8583382],[3.0125851,41.8618711],[3.0108414,41.8617748],[3.0119649,41.8630686],[3.0065978,41.8656714],[3.0020359,41.8706903],[3.0034182,41.8723954],[3.0063745,41.8710089],[3.0071698,41.8726424],[3.0110993,41.8696457],[3.0134153,41.8725719],[3.0110237,41.8742159],[3.0141795,41.8785987],[3.0131726,41.8794189],[3.0172974,41.8813611],[3.0196972,41.8805252],[3.0196274,41.8827245],[3.0144279,41.8854679],[3.0173148,41.8878694],[3.0138734,41.8878258],[3.0144118,41.8894382],[3.012574,41.8867894],[3.0069494,41.8866852],[3.0096901,41.8918797],[3.0150336,41.8963588],[3.015199,41.8996475],[3.0126436,41.8998791],[3.0131559,41.9025935],[3.008554,41.9033516],[3.0096146,41.9014458],[3.0082008,41.9002826],[3.0068248,41.9008535],[3.0087881,41.9026316],[3.0024267,41.9020957],[3.002565,41.8986805],[2.9999658,41.9043217],[3.0011027,41.9097325],[3.0031356,41.9081842],[3.0030818,41.9109651],[3.0102103,41.9162386],[3.0132001,41.9163068],[3.0146966,41.9208852],[3.0193267,41.9247745],[3.0182346,41.9261517],[3.0200035,41.929095],[3.0274395,41.9348544],[3.0265264,41.9313609],[3.0297573,41.9374975],[3.0323131,41.9379472]],[[3.0211194,41.8997402],[3.027301,41.892559],[3.0279981,41.8987889],[3.0243116,41.9028591],[3.024165,41.8998288],[3.0223989,41.9006771],[3.0211194,41.8997402]],[[3.0255267,41.9265158],[3.0232248,41.9253429],[3.0221105,41.9224762],[3.0252796,41.9245445],[3.0255267,41.9265158]],[[3.0224591,41.9212925],[3.0215337,41.9202865],[3.0246221,41.9170731],[3.024768,41.9188953],[3.0224591,41.9212925]],[[3.0190046,41.9229526],[3.0174259,41.9224872],[3.0174898,41.9221364],[3.0190046,41.9229526]],[[3.0120766,41.9120432],[3.0121441,41.9137271],[3.0108177,41.9121373],[3.0120766,41.9120432]]]},"properties":{"ha":2030.0,"date":"2026-07-03","day":2,"country":"ES","place":"Cruïlles, Monells i Sant Sadurní de l'Heura, Girona","rank":25}},{"type":"Feature","geometry":{"type":"Polygon","coordinates":[[[-6.0534038,42.7566446],[-6.0475437,42.7527919],[-6.0454519,42.7540229],[-6.0498054,42.757635],[-6.0436676,42.7567079],[-6.0426815,42.7555676],[-6.0454836,42.7547228],[-6.0425401,42.7513278],[-6.0388043,42.751775],[-6.0347058,42.7483074],[-6.034651,42.7502787],[-6.0317833,42.7498456],[-6.0344681,42.7516192],[-6.032034,42.7535896],[-6.0333864,42.755103],[-6.0310644,42.7546648],[-6.0313893,42.7496667],[-6.0287144,42.7515024],[-6.0270765,42.7490606],[-6.0251463,42.7501808],[-6.0265756,42.7526116],[-6.0227114,42.7513792],[-6.0224124,42.7534548],[-6.0220497,42.7509253],[-6.0236311,42.750886],[-6.021275,42.749643],[-6.0188767,42.7539512],[-6.0208022,42.7554416],[-6.0193234,42.7557908],[-6.0126494,42.7508572],[-6.0093123,42.7504604],[-6.0140147,42.7534801],[-6.0121655,42.754707],[-6.0048576,42.7503752],[-6.005534,42.7486249],[-6.0136848,42.7462392],[-6.0109439,42.7435066],[-6.0088291,42.7447951],[-6.003261,42.7420756],[-6.0083413,42.7448978],[-6.0066048,42.7467812],[-5.9993761,42.7444161],[-5.9917742,42.7459853],[-5.9771989,42.7420641],[-5.9765039,42.7431808],[-5.9749843,42.7418531],[-5.9769685,42.7411749],[-5.9696516,42.7397384],[-5.9733794,42.739391],[-5.9687286,42.7331223],[-5.967813,42.7254991],[-5.9693318,42.7233862],[-5.9810241,42.7264912],[-5.9950664,42.7260383],[-6.0069712,42.7280548],[-6.0105597,42.7261122],[-6.0347695,42.7265488],[-6.0364338,42.7294935],[-6.036593,42.7273454],[-6.0407648,42.7280001],[-6.0510777,42.7241081],[-6.0602806,42.7304062],[-6.0625685,42.7375155],[-6.0649394,42.7383105],[-6.0697064,42.745397],[-6.0646403,42.7520418],[-6.0603979,42.7533018],[-6.0670847,42.754655],[-6.0654248,42.7562091],[-6.0633928,42.7545283],[-6.0565558,42.7610388],[-6.0549154,42.7610252],[-6.0562808,42.7585991],[-6.0523672,42.7592305],[-6.0499126,42.7570492],[-6.0535885,42.7576173],[-6.0568855,42.7557155],[-6.0534038,42.7566446]],[[-5.9813781,42.7302324],[-5.9810302,42.7280953],[-5.9769087,42.7261739],[-5.9782318,42.7279199],[-5.9770224,42.7291031],[-5.9813781,42.7302324]],[[-5.9978448,42.7345655],[-5.9984628,42.7368648],[-6.0015972,42.7354833],[-6.0009281,42.7344324],[-5.9978448,42.7345655]],[[-6.0134493,42.7396939],[-6.0166536,42.7406677],[-6.0119114,42.7355781],[-6.0134493,42.7396939]],[[-6.0165972,42.7467288],[-6.0182372,42.7434578],[-6.0204518,42.7434659],[-6.0197485,42.7424444],[-6.0171606,42.7427691],[-6.0165972,42.7467288]],[[-6.0235661,42.7462095],[-6.0230048,42.7446222],[-6.0230966,42.7434838],[-6.0225259,42.744808],[-6.0235661,42.7462095]],[[-6.0230158,42.7471171],[-6.0238253,42.746595],[-6.0227537,42.7470088],[-6.0230158,42.7471171]],[[-6.037317,42.7450489],[-6.0406585,42.7446919],[-6.0410267,42.7430891],[-6.037317,42.7450489]],[[-6.0431488,42.7445188],[-6.0450739,42.743507],[-6.0416439,42.7420203],[-6.0417323,42.7424433],[-6.0431488,42.7445188]],[[-6.0616728,42.7517996],[-6.0574697,42.749467],[-6.0543144,42.7432025],[-6.0558556,42.750156],[-6.0616728,42.7517996]],[[-6.0617719,42.7455055],[-6.0622629,42.7440469],[-6.0566424,42.7398716],[-6.057177,42.7424229],[-6.0617719,42.7455055]],[[-6.0574087,42.7364902],[-6.0583374,42.7360477],[-6.0567784,42.7350268],[-6.0574087,42.7364902]]]},"properties":{"ha":1966.0,"date":"2026-07-22","day":21,"country":"ES","place":"Valdesamario, León","rank":26}},{"type":"Feature","geometry":{"type":"Polygon","coordinates":[[[-6.9996238,37.5861093],[-6.996367,37.5832349],[-7.0021041,37.5824637],[-7.0027073,37.5870948],[-7.0110169,37.5883987],[-7.0146096,37.5936516],[-7.0168334,37.5943859],[-7.0200831,37.5920589],[-7.0206094,37.5966342],[-7.026966,37.5996022],[-7.0260362,37.6010457],[-7.0343978,37.6008151],[-7.0378658,37.6022449],[-7.0392181,37.6050859],[-7.0457327,37.6049058],[-7.0484242,37.6086866],[-7.0458806,37.6098109],[-7.0527256,37.6119294],[-7.0569049,37.6119442],[-7.0576608,37.6103176],[-7.0634215,37.6112133],[-7.0597033,37.6080312],[-7.0610103,37.6067278],[-7.0597665,37.6041606],[-7.0730584,37.609056],[-7.0724781,37.6101735],[-7.0787025,37.6142062],[-7.0809501,37.6130087],[-7.0772483,37.6122729],[-7.0768806,37.6099805],[-7.0822439,37.6105255],[-7.0813768,37.6137997],[-7.0910376,37.6208724],[-7.0903023,37.6240863],[-7.0855001,37.6228734],[-7.0831749,37.6258776],[-7.0910468,37.6311884],[-7.0896411,37.6347381],[-7.0926024,37.6358274],[-7.0928341,37.6376783],[-7.0802405,37.6382267],[-7.0796889,37.6318647],[-7.0819964,37.630662],[-7.0845412,37.632802],[-7.0860695,37.6326136],[-7.0836512,37.630034],[-7.0798175,37.6308907],[-7.0796936,37.6289952],[-7.0748763,37.6284265],[-7.0789599,37.627678],[-7.0771715,37.625384],[-7.0702786,37.6273396],[-7.0638131,37.6264799],[-7.0590335,37.632274],[-7.0554449,37.6329402],[-7.0518468,37.6302236],[-7.051705,37.6318789],[-7.0456325,37.634496],[-7.0433171,37.6333679],[-7.0448983,37.6320375],[-7.042625,37.6332699],[-7.0364819,37.630487],[-7.0334179,37.6311869],[-7.0342466,37.6280774],[-7.0326493,37.6269932],[-7.0387271,37.6267709],[-7.0389631,37.6239346],[-7.0361357,37.623374],[-7.0388621,37.6219385],[-7.0388494,37.6229749],[-7.0420689,37.6233792],[-7.0404614,37.6214124],[-7.0346484,37.6213863],[-7.034418,37.618084],[-7.039529,37.618057],[-7.0424284,37.6141106],[-7.0390451,37.613236],[-7.0383874,37.6112426],[-7.0358157,37.6120448],[-7.0270427,37.6092415],[-7.0213791,37.6115636],[-7.0187637,37.6104403],[-7.0154172,37.613371],[-7.0145162,37.6115559],[-7.0059076,37.6115376],[-7.006319,37.6100798],[-6.991811,37.6037823],[-6.9987386,37.5985314],[-7.0090628,37.6008263],[-7.0070316,37.5970019],[-7.0081313,37.5942081],[-7.0024489,37.5963769],[-7.0025187,37.5923005],[-7.0003568,37.5941242],[-6.9992197,37.5896516],[-7.0027585,37.5876903],[-6.9991415,37.588212],[-6.9996238,37.5861093]],[[-7.0680754,37.6110875],[-7.0697512,37.6106253],[-7.0694192,37.6100048],[-7.0680754,37.6110875]],[[-7.0752227,37.6140986],[-7.0756487,37.6138814],[-7.0745402,37.6138214],[-7.0752227,37.6140986]],[[-7.0822119,37.6157063],[-7.0845034,37.6169824],[-7.0848789,37.6166521],[-7.0822119,37.6157063]]]},"properties":{"ha":1721.0,"date":"2026-07-21","day":20,"country":"ES","place":"Villanueva de las Cruces, Huelva","rank":27}},{"type":"Feature","geometry":{"type":"Polygon","coordinates":[[[16.2292644,39.8652779],[16.2329254,39.8585595],[16.2358119,39.860325],[16.2420584,39.8591167],[16.2434496,39.8606445],[16.2475051,39.8583799],[16.2475204,39.8599281],[16.2511995,39.8605862],[16.249343,39.8639457],[16.2450214,39.8659075],[16.248134,39.8663003],[16.2482649,39.8693811],[16.2452518,39.867772],[16.2412045,39.8687097],[16.2427206,39.8670614],[16.2418413,39.8636133],[16.2395542,39.8678545],[16.2350626,39.8668409],[16.2341496,39.8713414],[16.2307182,39.8645457],[16.2296884,39.8674908],[16.2271122,39.8671746],[16.2234175,39.8700535],[16.2242354,39.873848],[16.2265976,39.8727914],[16.2270886,39.8749502],[16.2308406,39.8760588],[16.2312967,39.8719705],[16.2340216,39.8767023],[16.238372,39.8745407],[16.2380495,39.8720049],[16.2397844,39.8710103],[16.2404404,39.8732522],[16.2462535,39.8700061],[16.2506621,39.8722546],[16.2486553,39.8708557],[16.2550042,39.868589],[16.2526307,39.8682946],[16.2528186,39.8661415],[16.2559467,39.8648778],[16.2565338,39.861786],[16.2576092,39.8629297],[16.257099,39.8604073],[16.2621268,39.8616376],[16.2593542,39.8602939],[16.2609446,39.8584333],[16.2624519,39.8597961],[16.2614416,39.856552],[16.2648436,39.8616088],[16.265638,39.8592925],[16.2684372,39.8619754],[16.2679952,39.8592943],[16.2709407,39.8565819],[16.2700743,39.8543853],[16.2738931,39.8542188],[16.27433,39.8524651],[16.26443,39.8448802],[16.2396115,39.8508641],[16.2455444,39.8461288],[16.2419774,39.844059],[16.2489585,39.8402256],[16.2480002,39.8387759],[16.2499934,39.8371625],[16.2419961,39.8344407],[16.24348,39.8324101],[16.247856,39.8319768],[16.24324,39.8301503],[16.2403533,39.8326783],[16.2377651,39.83163],[16.2364166,39.8352968],[16.2264709,39.8326591],[16.2200791,39.8349871],[16.2180929,39.8345183],[16.2151345,39.8287608],[16.2118649,39.8366818],[16.209792,39.8359378],[16.2082529,39.8386042],[16.2042714,39.8376814],[16.1996455,39.8410001],[16.1995204,39.8524835],[16.2014663,39.853369],[16.2035686,39.8515153],[16.2046787,39.8475715],[16.2142831,39.8537463],[16.2029241,39.8591583],[16.204133,39.8653062],[16.2077418,39.8674123],[16.2107492,39.866354],[16.2098414,39.8710751],[16.2170424,39.8634567],[16.2250487,39.8630389],[16.2292644,39.8652779]],[[16.256603,39.853902],[16.2561032,39.8594255],[16.2535177,39.8578635],[16.253971,39.8546863],[16.256603,39.853902]],[[16.2305043,39.8577838],[16.2263777,39.8556711],[16.2268963,39.8537117],[16.2247066,39.8516753],[16.2288722,39.85286],[16.2305043,39.8577838]]]},"properties":{"ha":1617.0,"date":"2026-07-19","day":18,"country":"IT","place":"Castrovillari, Cosenza","rank":28}},{"type":"Feature","geometry":{"type":"Polygon","coordinates":[[[33.2428979,46.6603673],[33.2372726,46.6540817],[33.2378651,46.6395574],[33.2317707,46.6375144],[33.2265802,46.6429516],[33.2244027,46.652658],[33.2179218,46.6519618],[33.2200669,46.6359288],[33.2131489,46.635524],[33.207988,46.643805],[33.1945712,46.6446959],[33.1921217,46.6499471],[33.1924787,46.6678619],[33.1937401,46.6795338],[33.1974433,46.6910162],[33.2010747,46.6911573],[33.206631,46.6938927],[33.2083587,46.6976593],[33.2116513,46.6978025],[33.2181805,46.6787462],[33.2312751,46.6775613],[33.2328928,46.6739012],[33.2287417,46.672275],[33.2290056,46.670663],[33.2335622,46.6696667],[33.2358996,46.6642689],[33.2428277,46.6640449],[33.2428979,46.6603673]]]},"properties":{"ha":1598.0,"date":"2026-07-03","day":2,"country":"UA","place":"N.A., N.A.","rank":29}},{"type":"Feature","geometry":{"type":"Polygon","coordinates":[[[-4.6142257,40.4260986],[-4.6197079,40.426068],[-4.619178,40.4235511],[-4.6209976,40.4227278],[-4.6271131,40.4225797],[-4.6324524,40.4168927],[-4.6411791,40.4143927],[-4.6437011,40.4173143],[-4.6532875,40.4184909],[-4.6560239,40.4149543],[-4.6610381,40.4173463],[-4.6612237,40.4252624],[-4.6647763,40.426686],[-4.6652198,40.4291939],[-4.6586796,40.4339194],[-4.6532505,40.4344282],[-4.6511455,40.4324343],[-4.643618,40.4405638],[-4.6375507,40.4394513],[-4.6370031,40.4436264],[-4.6293445,40.4482534],[-4.6217445,40.4491963],[-4.6214077,40.4468924],[-4.6179996,40.4497802],[-4.6106303,40.4472771],[-4.6129812,40.4450322],[-4.6093108,40.4440865],[-4.6086828,40.4415183],[-4.603452,40.4450969],[-4.6078744,40.4479104],[-4.6040793,40.4463239],[-4.6003011,40.4478575],[-4.6005722,40.4458146],[-4.6026683,40.4460505],[-4.6032536,40.4448626],[-4.6029749,40.4445304],[-4.602715,40.4451414],[-4.6009849,40.4448726],[-4.6058736,40.4422916],[-4.6023225,40.4406236],[-4.596368,40.4457845],[-4.5903643,40.4464198],[-4.5884236,40.4441361],[-4.5908631,40.4431327],[-4.5882338,40.4419643],[-4.5907012,40.4403406],[-4.5882866,40.437996],[-4.5868781,40.4409572],[-4.5833933,40.4415449],[-4.5813095,40.4386445],[-4.5762926,40.4404294],[-4.5747899,40.438542],[-4.5669889,40.4367606],[-4.5661415,40.432993],[-4.5668483,40.4276289],[-4.576373,40.425214],[-4.5837934,40.4261054],[-4.5842551,40.4294466],[-4.5875645,40.4267508],[-4.594518,40.4283495],[-4.5951989,40.4301617],[-4.5982189,40.4295551],[-4.6027113,40.4315661],[-4.6004677,40.4329146],[-4.6032515,40.4351156],[-4.607278,40.4318605],[-4.6090244,40.433199],[-4.6198486,40.4319659],[-4.6132341,40.4286238],[-4.6142257,40.4260986]],[[-4.576981,40.43641],[-4.581293,40.4356107],[-4.5862133,40.4375473],[-4.5884172,40.4375694],[-4.5849261,40.436772],[-4.5863033,40.4354656],[-4.5829534,40.4319408],[-4.5806509,40.4353217],[-4.5772152,40.4343288],[-4.576981,40.43641]],[[-4.5898912,40.4374806],[-4.5910764,40.4376331],[-4.5910171,40.4367619],[-4.5898912,40.4374806]],[[-4.5917073,40.4338642],[-4.5920285,40.4342561],[-4.5922236,40.4334898],[-4.5917073,40.4338642]],[[-4.6149738,40.4370651],[-4.6150112,40.4390729],[-4.6153885,40.437487],[-4.6149738,40.4370651]],[[-4.6260176,40.4431199],[-4.628334,40.4404837],[-4.6281926,40.4418472],[-4.6311644,40.4414009],[-4.634131,40.4382267],[-4.6307917,40.4364839],[-4.6313895,40.4385505],[-4.6298517,40.4375053],[-4.6269003,40.4392687],[-4.6260176,40.4431199]],[[-4.6272535,40.4359811],[-4.6297971,40.4372714],[-4.6302817,40.4359004],[-4.6274444,40.4342141],[-4.6272535,40.4359811]],[[-4.6359654,40.4341444],[-4.6370014,40.4330425],[-4.6365012,40.4325015],[-4.641618,40.4304122],[-4.6353353,40.4312024],[-4.6359654,40.4341444]],[[-4.6441548,40.4300749],[-4.6455283,40.4298023],[-4.6464882,40.429482],[-4.6441548,40.4300749]],[[-4.6449207,40.426835],[-4.6458502,40.4272454],[-4.6451814,40.4265978],[-4.6449207,40.426835]],[[-4.6467854,40.4289092],[-4.6484099,40.4289729],[-4.6483599,40.4281442],[-4.6467854,40.4289092]]]},"properties":{"ha":1578.0,"date":"2026-07-10","day":9,"country":"ES","place":"El Barraco, Ávila","rank":30}},{"type":"Feature","geometry":{"type":"Polygon","coordinates":[[[14.9500717,37.2375542],[14.9628988,37.2454224],[14.9612456,37.2484571],[14.9656438,37.253035],[14.9766462,37.2564321],[14.9791514,37.2521089],[14.9752485,37.247989],[14.9880143,37.2474324],[14.9905636,37.2399202],[14.9971569,37.2428801],[14.9981681,37.2496327],[14.9944593,37.2506596],[15.000388,37.2540689],[15.0013343,37.2567292],[15.0032064,37.2551638],[15.004844,37.2573709],[15.0038151,37.258824],[15.0062433,37.2603404],[15.0052748,37.2625827],[15.0084146,37.2637611],[15.0082283,37.2587338],[15.0162538,37.2530892],[15.0137865,37.2511331],[15.0128687,37.2529179],[15.00954,37.2449372],[14.9958898,37.2413279],[14.9990338,37.2376319],[14.9856978,37.2366469],[14.987004,37.2334161],[14.9844783,37.2345258],[14.9830025,37.230971],[14.9801477,37.23542],[14.97737,37.235265],[14.9778844,37.2378937],[14.9760051,37.237875],[14.9745395,37.2313444],[14.9778276,37.2308806],[14.9804281,37.2221386],[14.975181,37.2176213],[14.9714066,37.2174622],[14.9695321,37.2144639],[14.9660739,37.213465],[14.9610118,37.2156358],[14.9587874,37.2124886],[14.9547742,37.2125618],[14.951852,37.2146838],[14.9521336,37.2164381],[14.9429422,37.215211],[14.9417349,37.2165845],[14.9435671,37.2207324],[14.9388817,37.2232484],[14.9357804,37.2225677],[14.9344308,37.2296107],[14.947625,37.2407974],[14.9515988,37.2394461],[14.9500717,37.2375542]]]},"properties":{"ha":1557.0,"date":"2026-07-21","day":20,"country":"IT","place":"Carlentini, Siracusa","rank":31}},{"type":"Feature","geometry":{"type":"Polygon","coordinates":[[[13.6047385,37.6749733],[13.6076964,37.6761445],[13.6059735,37.6835483],[13.6023397,37.6790222],[13.5991933,37.6788495],[13.601817,37.6760022],[13.6013708,37.6717301],[13.5972089,37.6715768],[13.5986253,37.6724562],[13.5975595,37.673917],[13.5964285,37.6728604],[13.5950425,37.677085],[13.5912475,37.6760118],[13.5894767,37.6788633],[13.5868457,37.67763],[13.5858396,37.6809908],[13.5889022,37.6865878],[13.5811131,37.6858569],[13.5843788,37.6816466],[13.5831439,37.6734422],[13.5812634,37.673408],[13.5810521,37.6766386],[13.5795658,37.6740091],[13.5792848,37.6802928],[13.5774137,37.6818579],[13.5754678,37.6772342],[13.5721006,37.6777649],[13.5729832,37.6802316],[13.5709798,37.6813706],[13.5692745,37.6779968],[13.5673922,37.6824839],[13.5639315,37.6804595],[13.5665218,37.6828711],[13.565449,37.6853823],[13.5574381,37.6890079],[13.5627002,37.6893157],[13.5611565,37.6917084],[13.5629888,37.6932881],[13.5582368,37.6926053],[13.5592188,37.6909825],[13.5566145,37.6919629],[13.5602202,37.6961093],[13.5550537,37.7032093],[13.5570922,37.7040241],[13.5544058,37.7075925],[13.5483896,37.7076796],[13.5502797,37.7031472],[13.5450974,37.7028184],[13.5468774,37.7041812],[13.5438998,37.706476],[13.5466093,37.7115548],[13.545798,37.7151979],[13.5484354,37.7169494],[13.5517852,37.716106],[13.5521244,37.7130796],[13.5583669,37.7133805],[13.5625834,37.7061689],[13.5677862,37.705026],[13.5666409,37.7067855],[13.568386,37.7065412],[13.5756816,37.7028831],[13.582243,37.7020076],[13.5935699,37.6943311],[13.5970592,37.6887111],[13.5978753,37.6938039],[13.6039584,37.6957155],[13.6062349,37.6983214],[13.6226112,37.6957933],[13.6221811,37.6902976],[13.6200152,37.6903017],[13.6207733,37.6888086],[13.6272215,37.6895297],[13.6274901,37.6872911],[13.6242706,37.6836049],[13.6256456,37.6818384],[13.6211433,37.6803683],[13.6215112,37.6778383],[13.6163425,37.6771217],[13.6162103,37.6738473],[13.611557,37.6743637],[13.6134728,37.6718834],[13.6090267,37.6717533],[13.6047385,37.6749733]]]},"properties":{"ha":1478.0,"date":"2026-07-20","day":19,"country":"IT","place":"Castronovo di Sicilia, Palermo","rank":32}},{"type":"Feature","geometry":{"type":"Polygon","coordinates":[[[8.9781133,40.2314835],[8.9824899,40.2304555],[8.9817793,40.2320207],[8.9847571,40.2337638],[8.9845586,40.2378043],[8.9862297,40.2371754],[8.9857405,40.2353213],[8.9897283,40.2382569],[8.989761,40.2361816],[8.9989477,40.2361266],[9.0011,40.2326555],[8.9989233,40.2310022],[8.9995682,40.2295631],[9.0034983,40.2293066],[9.000134,40.2247236],[9.0082235,40.2238019],[9.0081215,40.2217842],[9.004325,40.219607],[9.0071519,40.2164485],[9.0034576,40.2158374],[9.0007976,40.22017],[8.9937053,40.2165696],[8.9905102,40.2115739],[8.9779416,40.2098881],[8.9761313,40.2075208],[8.9612748,40.2067337],[8.9263024,40.2111939],[8.9185123,40.2156605],[8.9183936,40.2227009],[8.9230526,40.2242459],[8.9463274,40.2251031],[8.9521637,40.2294993],[8.9582161,40.2288415],[8.9562283,40.2266905],[8.9612033,40.2233018],[8.964486,40.2277521],[8.968099,40.225604],[8.9664062,40.2248286],[8.9675343,40.2242128],[8.9714509,40.2257691],[8.9718583,40.2317473],[8.9670087,40.2290774],[8.9655814,40.2309021],[8.9718622,40.2329933],[8.9707264,40.2365583],[8.9654033,40.2361492],[8.9734402,40.2463655],[8.9858787,40.2536085],[8.9856333,40.2489388],[8.9865728,40.2478504],[8.9900535,40.2475568],[8.9908134,40.2466037],[8.9871917,40.246841],[8.9835326,40.2494387],[8.9798253,40.248357],[8.9789645,40.2467283],[8.9808934,40.245385],[8.9775001,40.2409371],[8.9786044,40.2382205],[8.9768241,40.2381727],[8.9765921,40.2408397],[8.9747865,40.2399995],[8.9754243,40.2377678],[8.9731806,40.2356877],[8.9781133,40.2314835]],[[8.9968343,40.2270236],[8.9834134,40.2305301],[8.9833162,40.2287068],[8.9785317,40.2282666],[8.9779968,40.2249092],[8.9820411,40.2243004],[8.982475,40.2207904],[8.9961255,40.221289],[8.9968343,40.2270236]]]},"properties":{"ha":1476.0,"date":"2026-07-17","day":16,"country":"IT","place":"Noragugume, Nuoro","rank":33}},{"type":"Feature","geometry":{"type":"Polygon","coordinates":[[[13.6950776,37.5626631],[13.7016099,37.5617196],[13.7013459,37.5600887],[13.7037531,37.5624708],[13.7073378,37.557482],[13.7111128,37.5593999],[13.7196139,37.5579118],[13.7147582,37.5551507],[13.7236013,37.5569973],[13.7204445,37.557938],[13.7233586,37.5594756],[13.7282433,37.558513],[13.725983,37.5550322],[13.7296749,37.5542187],[13.7284785,37.5518398],[13.7338225,37.549671],[13.7340737,37.5461998],[13.7320195,37.5444634],[13.7338383,37.5403545],[13.7315772,37.5391439],[13.7372848,37.5399877],[13.7394441,37.5385804],[13.7373561,37.5368873],[13.7401752,37.5363383],[13.7378746,37.5341088],[13.7388252,37.5286813],[13.7369721,37.5268221],[13.7334706,37.5245086],[13.7325057,37.5287338],[13.7302698,37.5291296],[13.7273184,37.525103],[13.7288504,37.5225431],[13.7321794,37.523024],[13.7276563,37.5220098],[13.7282709,37.5207746],[13.734603,37.5203483],[13.7313825,37.5156922],[13.7297174,37.5165316],[13.7260307,37.5136224],[13.7180903,37.516483],[13.7148443,37.5148925],[13.7134153,37.5200246],[13.7112811,37.5177998],[13.7080876,37.5207863],[13.7051747,37.5213928],[13.7053997,37.5191006],[13.703881,37.5197221],[13.7028219,37.5218991],[13.7007891,37.5185576],[13.6989814,37.5192006],[13.6995462,37.5219719],[13.7057946,37.5247559],[13.7004328,37.5238469],[13.6992084,37.5260184],[13.7019014,37.5279543],[13.6984084,37.5277686],[13.7010326,37.5301128],[13.6973347,37.529507],[13.6959951,37.5326974],[13.6993446,37.5336919],[13.6952056,37.5350909],[13.6956411,37.5379123],[13.6981226,37.5380482],[13.6953198,37.5401005],[13.702468,37.5434504],[13.6999761,37.5434186],[13.6995929,37.5460382],[13.6950176,37.5427971],[13.6937051,37.5433915],[13.6975961,37.5451002],[13.6976548,37.5474171],[13.6956439,37.5482334],[13.6963461,37.5518796],[13.6925525,37.5538372],[13.7003903,37.5537642],[13.6913345,37.5567018],[13.6969028,37.5606978],[13.6950776,37.5626631]],[[13.7198204,37.533587],[13.7179683,37.5348335],[13.7109522,37.532635],[13.7205844,37.5285053],[13.7198204,37.533587]],[[13.7186884,37.5202194],[13.7166769,37.5204533],[13.7163258,37.5182795],[13.7199983,37.5172397],[13.7186884,37.5202194]]]},"properties":{"ha":1409.0,"date":"2026-07-20","day":19,"country":"IT","place":"Sutera, Caltanissetta","rank":34}},{"type":"Feature","geometry":{"type":"Polygon","coordinates":[[[-7.5553578,52.4203532],[-7.5537418,52.4139769],[-7.5677216,52.4076139],[-7.5950743,52.4150468],[-7.6050966,52.4118638],[-7.6164649,52.4114434],[-7.6200513,52.4138115],[-7.6174535,52.4184814],[-7.6232929,52.4227328],[-7.6103173,52.4315267],[-7.5996116,52.4329829],[-7.5876691,52.4417986],[-7.5665357,52.4447603],[-7.560837,52.4435404],[-7.5584106,52.4378774],[-7.5485967,52.4324109],[-7.5491172,52.4244069],[-7.5553578,52.4203532]]]},"properties":{"ha":1368.0,"date":"2026-07-20","day":19,"country":"IE","place":"Kilcash, Mid-West","rank":35}},{"type":"Feature","geometry":{"type":"Polygon","coordinates":[[[14.7940792,37.2279316],[14.8105775,37.2339274],[14.8176445,37.2338115],[14.8197461,37.2359039],[14.8246711,37.2352858],[14.8301519,37.2318283],[14.8267114,37.225115],[14.8279946,37.2217697],[14.8248368,37.2178314],[14.8227014,37.2059822],[14.8243696,37.2004725],[14.8206856,37.1972389],[14.810806,37.1957876],[14.7830954,37.201962],[14.78143,37.2062014],[14.783467,37.21177],[14.7817528,37.2146127],[14.7840806,37.217182],[14.7806752,37.2186476],[14.7940792,37.2279316]]]},"properties":{"ha":1363.0,"date":"2026-07-22","day":21,"country":"IT","place":"Francofonte, Siracusa","rank":36}},{"type":"Feature","geometry":{"type":"Polygon","coordinates":[[[32.0264488,46.3471515],[32.0102249,46.3462688],[32.0108651,46.3527377],[32.0069575,46.3506478],[31.9928585,46.3506218],[32.0028768,46.3535987],[32.0194931,46.3625941],[32.0346362,46.3641965],[32.064861,46.3765353],[32.074206,46.3789883],[32.0785695,46.3755098],[32.080662,46.3772621],[32.0855093,46.3555639],[32.0843528,46.3531334],[32.0586504,46.3512903],[32.0336851,46.3444399],[32.0293113,46.3447916],[32.0264488,46.3471515]]]},"properties":{"ha":1357.0,"date":"2026-07-03","day":2,"country":"UA","place":"N.A., N.A.","rank":37}},{"type":"Feature","geometry":{"type":"Polygon","coordinates":[[[13.2251441,38.0760155],[13.2293683,38.0847279],[13.2331355,38.087068],[13.2348086,38.0859879],[13.2381661,38.0904769],[13.2421617,38.0877957],[13.2405813,38.0846907],[13.2423125,38.0823824],[13.2350418,38.0767533],[13.2360181,38.0754734],[13.241733,38.0771488],[13.2436883,38.0759403],[13.2419812,38.0754788],[13.2429751,38.0732112],[13.2487138,38.0739511],[13.2529625,38.0719882],[13.2533179,38.0740021],[13.261832,38.07314],[13.2646465,38.0750699],[13.2668816,38.0716686],[13.2636367,38.0688704],[13.2689672,38.0678567],[13.2654062,38.066576],[13.2641226,38.0614248],[13.2600516,38.0595941],[13.2589978,38.0569439],[13.2393127,38.0493345],[13.2405109,38.0513719],[13.2344262,38.0501237],[13.2269397,38.054845],[13.2194999,38.0523429],[13.2216248,38.0520634],[13.2193932,38.04871],[13.2152316,38.0511361],[13.2112124,38.049713],[13.2127747,38.0498682],[13.2117189,38.0480854],[13.2074925,38.0477601],[13.2101018,38.0508932],[13.2148973,38.0522903],[13.2085566,38.0566078],[13.2145504,38.0741339],[13.2076349,38.0659378],[13.2072832,38.0694822],[13.2060576,38.0682246],[13.2052078,38.069448],[13.206851,38.0713149],[13.2095943,38.0703915],[13.2094607,38.074435],[13.2117688,38.0739028],[13.2093244,38.0763694],[13.2100132,38.07791],[13.2120951,38.0794504],[13.2140265,38.0764243],[13.2158827,38.0800501],[13.2207549,38.0816521],[13.2204049,38.0769885],[13.2251441,38.0760155]]]},"properties":{"ha":1347.0,"date":"2026-07-22","day":21,"country":"IT","place":"Monreale, Palermo","rank":38}},{"type":"Feature","geometry":{"type":"Polygon","coordinates":[[[16.6030702,40.9207746],[16.6120272,40.9208849],[16.6166412,40.9172725],[16.6159379,40.9199013],[16.6201712,40.9207699],[16.6179832,40.9260243],[16.6192433,40.9293545],[16.623126,40.9310237],[16.6244971,40.9295576],[16.6224307,40.9263371],[16.6240354,40.9233008],[16.6311997,40.9237087],[16.6290748,40.9098043],[16.6240334,40.9045859],[16.6173306,40.9021245],[16.6156421,40.9039029],[16.6088021,40.9037365],[16.6082833,40.905534],[16.6110407,40.9087779],[16.6080095,40.9068987],[16.6057923,40.908435],[16.6027919,40.9059844],[16.5987322,40.9064083],[16.5979923,40.9042092],[16.5996725,40.9032641],[16.5969613,40.8959638],[16.5947012,40.8965727],[16.5953944,40.8979839],[16.5919967,40.8971002],[16.5902616,40.899423],[16.5964558,40.9001338],[16.5942388,40.9035715],[16.5812937,40.910152],[16.5826635,40.9147395],[16.5803677,40.9169189],[16.5680725,40.914033],[16.5643949,40.914846],[16.5702709,40.9205749],[16.5665604,40.922267],[16.5758101,40.9264523],[16.5743227,40.9284498],[16.5816616,40.9266457],[16.5766322,40.9301312],[16.5890224,40.9336226],[16.5966451,40.9379997],[16.5991675,40.9356161],[16.6020162,40.9362811],[16.6019543,40.9386615],[16.6062616,40.9382228],[16.6032651,40.932828],[16.6050021,40.9321288],[16.608797,40.9343659],[16.6115956,40.9333875],[16.6120355,40.9311144],[16.6171448,40.9325347],[16.6170133,40.9292262],[16.6131415,40.9236974],[16.6087153,40.9243921],[16.6124042,40.9267431],[16.6108164,40.9280031],[16.6074629,40.9245719],[16.601976,40.9246409],[16.6000102,40.9228522],[16.6030702,40.9207746]]]},"properties":{"ha":1309.0,"date":"2026-07-21","day":20,"country":"IT","place":"Altamura, Bari","rank":39}},{"type":"Feature","geometry":{"type":"Polygon","coordinates":[[[2.5098049,48.3768936],[2.5036431,48.3781767],[2.5045759,48.3792831],[2.5177709,48.3870754],[2.5245008,48.3851586],[2.5278313,48.3871215],[2.5449643,48.3865296],[2.545975,48.3887205],[2.5505423,48.3884615],[2.5519511,48.3902762],[2.5545972,48.389855],[2.557244,48.3861365],[2.5611376,48.3865448],[2.5644978,48.3842966],[2.57577,48.3857424],[2.5871934,48.3830741],[2.5903167,48.3843465],[2.5961404,48.3805254],[2.5849833,48.3788746],[2.5810082,48.374294],[2.5816527,48.3679952],[2.5719186,48.3685073],[2.565565,48.3665526],[2.5619642,48.3696467],[2.5569553,48.3693699],[2.5561734,48.3673476],[2.5511349,48.3691386],[2.5466534,48.3653681],[2.5492159,48.3632185],[2.5567078,48.3631709],[2.5573778,48.3618162],[2.5483481,48.360093],[2.5436015,48.3545882],[2.540462,48.3536062],[2.5406911,48.3587305],[2.5372029,48.3585368],[2.5360691,48.3604081],[2.5318804,48.3595845],[2.5269265,48.364107],[2.5224753,48.3642307],[2.5208803,48.3680601],[2.5172301,48.3702077],[2.5210992,48.3685471],[2.5225846,48.3705317],[2.5194482,48.3722442],[2.512274,48.3712175],[2.5135917,48.3743676],[2.5087919,48.372307],[2.5098049,48.3768936]],[[2.5249685,48.3757842],[2.5244423,48.3762447],[2.5243096,48.3757309],[2.5249685,48.3757842]],[[2.5241243,48.3777636],[2.5210969,48.3768448],[2.5206703,48.376198],[2.522472,48.3760415],[2.5241243,48.3777636]]]},"properties":{"ha":1303.0,"date":"2026-07-12","day":11,"country":"FR","place":"Noisy-sur-École, Seine-et-Marne","rank":40}},{"type":"Feature","geometry":{"type":"Polygon","coordinates":[[[33.6004065,46.2115022],[33.5977578,46.2085374],[33.5947097,46.2088603],[33.5933229,46.205841],[33.5944244,46.2038996],[33.5976394,46.2044949],[33.6000658,46.2001822],[33.5937403,46.2018707],[33.5936516,46.1978625],[33.5891199,46.1996845],[33.5846547,46.1984041],[33.5788435,46.2025889],[33.5746397,46.2028941],[33.5694715,46.2091339],[33.5710481,46.2129627],[33.5661349,46.219983],[33.5662244,46.224279],[33.5742943,46.2274314],[33.5763183,46.2327143],[33.5801652,46.2322285],[33.5808439,46.2366721],[33.5780384,46.2415191],[33.582383,46.2443307],[33.5822003,46.2469957],[33.5924838,46.253369],[33.5924073,46.2553665],[33.5874258,46.2587432],[33.5919099,46.2615919],[33.6012336,46.2604263],[33.6060611,46.2550196],[33.6073045,46.258482],[33.61091,46.2506877],[33.6151273,46.2486093],[33.6124796,46.2472455],[33.6140836,46.2418183],[33.6114197,46.2410716],[33.6100527,46.2369229],[33.6068373,46.2352437],[33.6091849,46.2267374],[33.5987221,46.2199505],[33.6044538,46.214187],[33.6027166,46.2094787],[33.6004065,46.2115022]],[[33.5910018,46.2194174],[33.5884617,46.2188571],[33.5944999,46.2149285],[33.5970227,46.2186259],[33.5922269,46.2175109],[33.5910018,46.2194174]],[[33.5916507,46.2297985],[33.5856004,46.2302752],[33.5797583,46.2279801],[33.5872551,46.2290576],[33.5872015,46.225718],[33.5921728,46.2272613],[33.5929996,46.2233074],[33.5937482,46.2260031],[33.5916507,46.2297985]],[[33.5752843,46.215795],[33.5830805,46.2046743],[33.5848073,46.2063242],[33.5837142,46.2088255],[33.5898214,46.2089989],[33.5876127,46.2125172],[33.5933495,46.2144826],[33.583349,46.217026],[33.5773561,46.2164987],[33.579739,46.2190274],[33.5802418,46.2251115],[33.5719225,46.2241558],[33.5769295,46.2173747],[33.5752843,46.215795]],[[33.5929315,46.2080964],[33.5894032,46.2084428],[33.5886375,46.206337],[33.5902335,46.2055776],[33.5929315,46.2080964]],[[33.5913497,46.2243705],[33.582633,46.2240095],[33.5815635,46.2204215],[33.5884804,46.2201593],[33.5913497,46.2243705]]]},"properties":{"ha":1279.0,"date":"2026-07-03","day":2,"country":"UA","place":"N.A., N.A.","rank":41}},{"type":"Feature","geometry":{"type":"Polygon","coordinates":[[[14.2160878,37.2007145],[14.2226726,37.2004671],[14.2252454,37.1949609],[14.2282207,37.1965646],[14.2253814,37.2005714],[14.229096,37.2019991],[14.2414235,37.1965035],[14.2415519,37.1886275],[14.2384003,37.1806817],[14.239312,37.1768171],[14.241071,37.1779269],[14.2407297,37.1806518],[14.2438824,37.1803507],[14.2422726,37.1767801],[14.2442385,37.173561],[14.2378697,37.1725099],[14.2408059,37.1761738],[14.2322759,37.1783017],[14.2327603,37.1829222],[14.2263436,37.181368],[14.2240843,37.1750768],[14.2217865,37.1776838],[14.2198528,37.1765818],[14.223625,37.1816874],[14.2198602,37.1844434],[14.2199048,37.188604],[14.2165239,37.1851664],[14.2144057,37.185999],[14.2107261,37.1827775],[14.2092084,37.1851858],[14.2061434,37.1822527],[14.2051392,37.1794649],[14.207332,37.1790602],[14.2046745,37.1764257],[14.2105713,37.1750732],[14.2114626,37.1762509],[14.2124407,37.1721209],[14.2079693,37.1711715],[14.2029563,37.1667934],[14.2009783,37.1722349],[14.2034692,37.1732677],[14.2021104,37.1746945],[14.2037583,37.1761615],[14.2038272,37.1842676],[14.2011143,37.1815726],[14.2009034,37.1837553],[14.198201,37.1819703],[14.1957828,37.1838138],[14.198725,37.1844169],[14.1995355,37.1867933],[14.1931905,37.1852437],[14.1956567,37.1870743],[14.1926055,37.1910527],[14.1932697,37.1940388],[14.1995332,37.1970865],[14.2012491,37.1998742],[14.1955979,37.1977966],[14.1934557,37.1996283],[14.1998362,37.2115871],[14.1978081,37.2131217],[14.1965476,37.2190124],[14.1933909,37.2188123],[14.192927,37.2208251],[14.1988373,37.2267887],[14.2028066,37.2252925],[14.2030645,37.2237476],[14.199114,37.2240326],[14.1972043,37.2215877],[14.2027512,37.2161879],[14.2031719,37.2186169],[14.2082933,37.2187325],[14.2176107,37.2129021],[14.2153836,37.2087607],[14.2160878,37.2007145]]]},"properties":{"ha":1246.0,"date":"2026-07-21","day":20,"country":"IT","place":"Butera, Caltanissetta","rank":42}},{"type":"Feature","geometry":{"type":"Polygon","coordinates":[[[33.69052,46.6410701],[33.6953615,46.6290343],[33.7017304,46.62566],[33.7048931,46.6156859],[33.716279,46.6138854],[33.7191332,46.6028697],[33.7164269,46.6010784],[33.6919252,46.5977601],[33.688684,46.5980333],[33.686155,46.6041606],[33.6787947,46.60361],[33.6790647,46.5968852],[33.6705567,46.5951912],[33.6653093,46.613965],[33.6657456,46.6161643],[33.673665,46.6177615],[33.6713053,46.6232326],[33.6737267,46.6246115],[33.6719574,46.6305656],[33.6819147,46.6324717],[33.6818444,46.640447],[33.69052,46.6410701]]]},"properties":{"ha":1167.0,"date":"2026-07-19","day":18,"country":"UA","place":"N.A., N.A.","rank":43}},{"type":"Feature","geometry":{"type":"Polygon","coordinates":[[[-7.5489722,41.3552902],[-7.5432918,41.3643823],[-7.5409495,41.3633084],[-7.5363705,41.3665915],[-7.5313492,41.3657906],[-7.5291686,41.3676025],[-7.525586,41.3659829],[-7.5238746,41.3684582],[-7.5148993,41.3704118],[-7.5097293,41.3682117],[-7.5043645,41.3700818],[-7.4991306,41.366774],[-7.5083818,41.3611651],[-7.5089826,41.3583966],[-7.511144,41.3579847],[-7.5093805,41.3569272],[-7.5109132,41.3554388],[-7.5205246,41.3511014],[-7.519004,41.3511238],[-7.5272069,41.3452102],[-7.5303928,41.3403342],[-7.5350612,41.3399349],[-7.536937,41.3361405],[-7.5336194,41.3377889],[-7.5348646,41.3355822],[-7.5385057,41.3346692],[-7.538472,41.3408156],[-7.5433117,41.3366923],[-7.545541,41.338634],[-7.5483493,41.3370348],[-7.5507484,41.3395514],[-7.5508758,41.3357481],[-7.555795,41.33114],[-7.5588017,41.335049],[-7.5601025,41.3335378],[-7.5705271,41.3337321],[-7.5680245,41.338639],[-7.5640601,41.3406615],[-7.5600312,41.3401588],[-7.5613363,41.3413785],[-7.5592116,41.3463959],[-7.5628905,41.3440177],[-7.5664829,41.3463423],[-7.5641329,41.3510134],[-7.5489722,41.3552902]],[[-7.5126127,41.3591641],[-7.5144891,41.3592639],[-7.5131449,41.3585965],[-7.5126127,41.3591641]],[[-7.5230078,41.3633654],[-7.5271501,41.3617885],[-7.5264013,41.3593742],[-7.5230078,41.3633654]]]},"properties":{"ha":1144.0,"date":"2026-07-22","day":21,"country":"PT","place":"Vila Verde, Douro","rank":44}},{"type":"Feature","geometry":{"type":"Polygon","coordinates":[[[37.2152052,47.9037757],[37.2154108,47.9014412],[37.2171041,47.900596],[37.2198101,47.9030325],[37.2199739,47.9003518],[37.2236598,47.8990173],[37.2228103,47.893259],[37.2263182,47.8895995],[37.2324613,47.9043524],[37.2341777,47.9047755],[37.249389,47.9027806],[37.2506693,47.9004609],[37.2631018,47.8954981],[37.2620579,47.893155],[37.2652963,47.8918197],[37.2642532,47.8887625],[37.2560911,47.8903137],[37.2531786,47.8867332],[37.2603797,47.8808034],[37.257986,47.8690325],[37.2495163,47.8718106],[37.2477783,47.868347],[37.2452363,47.8682781],[37.2256376,47.871205],[37.2234436,47.8724986],[37.225276,47.8809086],[37.2161806,47.8821118],[37.213298,47.8790202],[37.2099783,47.8824649],[37.2109345,47.8849326],[37.2089249,47.88563],[37.2081755,47.8889206],[37.2131932,47.893207],[37.2137536,47.8971279],[37.2089086,47.9025339],[37.2095135,47.904417],[37.2152052,47.9037757]]]},"properties":{"ha":1123.0,"date":"2026-07-03","day":2,"country":"UA","place":"N.A., N.A.","rank":45}},{"type":"Feature","geometry":{"type":"Polygon","coordinates":[[[9.0694806,42.2572844],[9.0546703,42.2571701],[9.0527403,42.2557441],[9.0464454,42.2569271],[9.0393484,42.2613722],[9.0419545,42.2649054],[9.0442019,42.2644388],[9.0421245,42.2632569],[9.0435759,42.2606448],[9.0474456,42.2604052],[9.0495042,42.2615653],[9.0457088,42.2625662],[9.0465328,42.2647622],[9.0481329,42.2633604],[9.0552952,42.2684092],[9.0659518,42.2696329],[9.0654864,42.2715344],[9.07236,42.2759199],[9.0720347,42.2780656],[9.066859,42.2808899],[9.0619653,42.2800117],[9.0590365,42.2822681],[9.0597684,42.2897544],[9.0713688,42.29498],[9.0759855,42.2937304],[9.0882661,42.2951222],[9.098106,42.2926451],[9.0922551,42.2840077],[9.0996658,42.2753015],[9.0960479,42.2675644],[9.0745287,42.2629841],[9.0723827,42.265561],[9.0685444,42.2611015],[9.0694806,42.2572844]]]},"properties":{"ha":1095.0,"date":"2026-07-14","day":13,"country":"FR","place":"Corte, Haute-Corse","rank":46}},{"type":"Feature","geometry":{"type":"Polygon","coordinates":[[[2.5349746,42.6388649],[2.5387244,42.6419641],[2.5448434,42.6431258],[2.5427727,42.6440812],[2.5439204,42.653379],[2.5427009,42.6559233],[2.5444348,42.6571631],[2.5492259,42.655129],[2.5556119,42.6571574],[2.5568272,42.655287],[2.5571945,42.6566851],[2.5605272,42.6497694],[2.5601704,42.6533234],[2.5652772,42.6532499],[2.5626082,42.6600619],[2.5711396,42.6611765],[2.5746716,42.659717],[2.5823107,42.6619536],[2.5973102,42.6622194],[2.5914488,42.6612253],[2.5968511,42.659336],[2.5952507,42.6593843],[2.5961698,42.6578915],[2.5943624,42.6580665],[2.5952722,42.6569039],[2.5943884,42.6563191],[2.5926322,42.6583889],[2.5917989,42.6568859],[2.5936966,42.6559848],[2.591441,42.6561742],[2.5902774,42.6578381],[2.5888845,42.6559632],[2.5895354,42.6596017],[2.586918,42.6589675],[2.5895178,42.6602194],[2.5861412,42.6613587],[2.5812679,42.6590019],[2.581038,42.6565711],[2.5799628,42.6579852],[2.5800096,42.6560907],[2.5766917,42.6560617],[2.5754095,42.6579059],[2.578603,42.6571002],[2.5769855,42.6592144],[2.5736864,42.6590522],[2.5722722,42.6560053],[2.5749836,42.654197],[2.5713725,42.6546132],[2.570321,42.6533172],[2.5728133,42.6535654],[2.5718271,42.6509946],[2.5733362,42.6513886],[2.5684446,42.6493935],[2.5801272,42.6523544],[2.587276,42.6471515],[2.5889956,42.648936],[2.5905078,42.6461442],[2.5925563,42.6467703],[2.5913148,42.6476053],[2.5925991,42.6491952],[2.5976899,42.6500247],[2.5987717,42.6481046],[2.5988113,42.6494018],[2.6076239,42.6496025],[2.6061679,42.6468534],[2.6088715,42.6431721],[2.6059194,42.6426134],[2.5990438,42.6463196],[2.5986867,42.6410208],[2.5979924,42.6431289],[2.5930859,42.6452267],[2.5955814,42.6405374],[2.5879646,42.6445321],[2.5911397,42.6417816],[2.575832,42.6361763],[2.5747545,42.6330922],[2.5769175,42.6324612],[2.5761116,42.6304179],[2.5798465,42.6293954],[2.579859,42.6271194],[2.575062,42.6250843],[2.5667549,42.632975],[2.5657618,42.6297237],[2.5657102,42.6336841],[2.5616053,42.6348037],[2.5614571,42.6373539],[2.5583897,42.6363496],[2.5567209,42.6333402],[2.5550672,42.6348718],[2.5565927,42.6365297],[2.5532415,42.6374194],[2.553945,42.6390426],[2.5600185,42.6378437],[2.5547644,42.6414763],[2.5514463,42.6377003],[2.5514454,42.6396818],[2.5501524,42.6387508],[2.549571,42.6349397],[2.5510991,42.6332705],[2.552218,42.6354212],[2.5544239,42.6336628],[2.5482189,42.631123],[2.5471107,42.6318712],[2.5501718,42.633143],[2.5477937,42.6349216],[2.5447421,42.6308084],[2.5482707,42.6302296],[2.5485203,42.6290431],[2.5441161,42.6302777],[2.5455265,42.6279262],[2.5441913,42.626344],[2.5430919,42.6294479],[2.5399839,42.6281707],[2.5417805,42.6319321],[2.5388462,42.6297415],[2.5350938,42.6308834],[2.534512,42.6332311],[2.534088,42.6308806],[2.5349746,42.6388649]]]},"properties":{"ha":1091.0,"date":"2026-07-05","day":4,"country":"FR","place":"Rodès, Pyrénées-Orientales","rank":47}},{"type":"Feature","geometry":{"type":"Polygon","coordinates":[[[32.7217752,46.7065759],[32.7328967,46.708622],[32.7348457,46.7119647],[32.737471,46.7123078],[32.7414611,46.7097204],[32.7406854,46.7085447],[32.7355289,46.7083551],[32.7356664,46.7064674],[32.7316245,46.7059721],[32.7357979,46.7015135],[32.7386797,46.7003225],[32.7419686,46.7030666],[32.7481359,46.7031422],[32.7428704,46.7007054],[32.7413992,46.6948592],[32.734664,46.6936987],[32.731302,46.6910016],[32.7274206,46.6915033],[32.7238453,46.6865509],[32.7169997,46.685762],[32.7079467,46.6876117],[32.6992049,46.6833334],[32.6969533,46.6864111],[32.6719687,46.689656],[32.6698064,46.691785],[32.6730227,46.6917174],[32.6716518,46.6960136],[32.6773351,46.7029929],[32.6915745,46.7019319],[32.6923054,46.7031205],[32.6890356,46.704996],[32.6903068,46.7066512],[32.6983464,46.705524],[32.7031476,46.7091016],[32.7106702,46.7064656],[32.7179207,46.712184],[32.7204277,46.710942],[32.7217752,46.7065759]]]},"properties":{"ha":1057.0,"date":"2026-07-01","day":0,"country":"UA","place":"N.A., N.A.","rank":48}},{"type":"Feature","geometry":{"type":"Polygon","coordinates":[[[34.0842216,47.3948589],[34.089132,47.3973229],[34.0884719,47.4004791],[34.0955638,47.4036116],[34.0974136,47.4017056],[34.0914977,47.3988457],[34.0924902,47.3957062],[34.0896032,47.3966745],[34.0839027,47.3938675],[34.0903038,47.384929],[34.0845921,47.3902662],[34.0808452,47.3893059],[34.08085,47.3914758],[34.0751553,47.3885649],[34.0777801,47.3851845],[34.0844185,47.3823634],[34.085446,47.3802205],[34.0841627,47.379513],[34.0883027,47.3738045],[34.0798831,47.3702416],[34.0837748,47.3632881],[34.0824272,47.3606909],[34.0876288,47.3611253],[34.0930004,47.3519634],[34.1022542,47.352993],[34.0998916,47.3467029],[34.094702,47.3452468],[34.0924265,47.3505493],[34.0734962,47.3499441],[34.0686275,47.3571743],[34.0590678,47.3565592],[34.0546056,47.3646997],[34.045571,47.3641179],[34.0541675,47.3816095],[34.0733826,47.3943411],[34.0807151,47.3963179],[34.0842216,47.3948589]]]},"properties":{"ha":1047.0,"date":"2026-07-19","day":18,"country":"UA","place":"N.A., N.A.","rank":49}},{"type":"Feature","geometry":{"type":"Polygon","coordinates":[[[-4.0285424,39.5633403],[-4.0318421,39.5640541],[-4.0398334,39.5612735],[-4.0619981,39.5630238],[-4.0663797,39.5609434],[-4.0739224,39.5613806],[-4.0776363,39.5586505],[-4.0821837,39.5594906],[-4.0822872,39.5578058],[-4.0795915,39.5580905],[-4.078163,39.5556781],[-4.0813185,39.5556343],[-4.0810818,39.5530828],[-4.0867687,39.5525022],[-4.0869325,39.5501989],[-4.0882738,39.5523225],[-4.0926904,39.548679],[-4.1073417,39.5501036],[-4.1092428,39.5467552],[-4.1125427,39.5489013],[-4.1100666,39.5543932],[-4.1083186,39.5544445],[-4.1086002,39.5569115],[-4.1042865,39.5572656],[-4.1006592,39.5509582],[-4.098693,39.5568217],[-4.0943897,39.5568752],[-4.0938482,39.5544678],[-4.0925284,39.5556511],[-4.0938231,39.5583035],[-4.0914792,39.5611193],[-4.0865555,39.5598125],[-4.0782633,39.5642665],[-4.0760812,39.5681883],[-4.0807117,39.5689303],[-4.0811555,39.5712093],[-4.0723991,39.573139],[-4.0750308,39.5735783],[-4.0552286,39.5733402],[-4.0438977,39.5768048],[-4.0230634,39.5761538],[-4.0113947,39.5821062],[-4.0123424,39.5791137],[-4.0189551,39.5769256],[-4.0191519,39.573461],[-4.0224411,39.5752349],[-4.0293624,39.5740666],[-4.0174297,39.5712172],[-4.0131844,39.5724585],[-4.0177675,39.5724488],[-4.018094,39.5739458],[-4.0071016,39.5750266],[-4.0079449,39.5737472],[-4.0030937,39.5718742],[-4.0154146,39.5708697],[-4.0285424,39.5633403]]]},"properties":{"ha":1002.0,"date":"2026-07-23","day":22,"country":"ES","place":"Retuerta del Bullaque, Ciudad Real","rank":50}},{"type":"Feature","geometry":{"type":"Polygon","coordinates":[[[35.5682391,47.2634942],[35.557695,47.2685452],[35.5591482,47.2735912],[35.552119,47.2798886],[35.5468927,47.2817053],[35.5358021,47.279296],[35.5475881,47.290107],[35.5774333,47.2826707],[35.5934581,47.2765243],[35.5962741,47.281699],[35.5994988,47.2821251],[35.5949672,47.2734202],[35.5960977,47.2665025],[35.5936063,47.2643253],[35.5876794,47.2486698],[35.5668346,47.2529978],[35.56642,47.2552795],[35.5620022,47.25597],[35.5613219,47.2572494],[35.5682391,47.2634942]]]},"properties":{"ha":996.0,"date":"2026-07-01","day":0,"country":"UA","place":"N.A., N.A.","rank":51}},{"type":"Feature","geometry":{"type":"Polygon","coordinates":[[[-3.975073,52.8567979],[-3.9773777,52.8519776],[-3.9764787,52.8497896],[-3.9811492,52.8487325],[-3.9752152,52.8465234],[-3.9765134,52.8418684],[-3.9748944,52.8384703],[-3.983626,52.8350015],[-3.9826541,52.8340671],[-3.9919,52.8328102],[-3.9931502,52.8340354],[-3.9951515,52.8297509],[-4.0092417,52.8267029],[-4.0140948,52.8302545],[-4.0107845,52.834732],[-4.0144519,52.8337337],[-4.0137213,52.835571],[-4.0253294,52.8377283],[-4.0210348,52.8388749],[-4.0221911,52.8395614],[-4.0289135,52.8395418],[-4.0278994,52.8402982],[-4.0295693,52.8410818],[-4.0221983,52.8436409],[-4.0252186,52.8447802],[-4.0234,52.8452992],[-4.0247407,52.8498556],[-4.0340096,52.8556597],[-4.0322036,52.8585062],[-4.0343948,52.8583202],[-4.0293776,52.8608177],[-4.0239632,52.8594901],[-4.0174558,52.8614739],[-4.0127844,52.8573012],[-4.0134145,52.8548734],[-4.0016574,52.8529989],[-3.9924809,52.8544429],[-3.9844344,52.8602934],[-3.9860658,52.8624725],[-3.9789731,52.8645638],[-3.9715326,52.8602011],[-3.973325,52.8583085],[-3.971858,52.8572055],[-3.975073,52.8567979]]]},"properties":{"ha":979.0,"date":"2026-07-12","day":11,"country":"UK","place":"Gwynedd, Gwynedd","rank":52}},{"type":"Feature","geometry":{"type":"Polygon","coordinates":[[[13.5367375,37.45237],[13.5454869,37.4476974],[13.5430505,37.4448924],[13.5436731,37.4428715],[13.5455362,37.4418548],[13.5463524,37.443276],[13.5479636,37.440699],[13.5518963,37.4426855],[13.5460213,37.4387307],[13.5449319,37.4354313],[13.5374038,37.4356638],[13.5357336,37.4341666],[13.5350859,37.4372936],[13.5326678,37.436957],[13.5344903,37.4404566],[13.5314951,37.4417019],[13.5256852,37.4397616],[13.525837,37.4348582],[13.5217382,37.4339042],[13.5162109,37.4377637],[13.5193798,37.4382037],[13.5174005,37.4413369],[13.5203867,37.4451504],[13.5116474,37.4450725],[13.5112592,37.4508955],[13.5069213,37.4503981],[13.5068268,37.4483326],[13.4999593,37.4501263],[13.5036711,37.447332],[13.501106,37.4458272],[13.4963331,37.4497835],[13.4988429,37.450238],[13.4976608,37.4510796],[13.4949234,37.4497437],[13.4970316,37.4453989],[13.4904532,37.450707],[13.4911668,37.4490651],[13.4886195,37.4483788],[13.4769758,37.4494625],[13.4744088,37.4454812],[13.4677638,37.4456632],[13.4626779,37.4485277],[13.4633419,37.4517746],[13.458438,37.454068],[13.4618045,37.4538822],[13.4620982,37.4572458],[13.4642272,37.4560029],[13.4675495,37.4577109],[13.4683475,37.4558569],[13.4696715,37.4553941],[13.4682471,37.4567651],[13.479305,37.4617069],[13.4785668,37.4630782],[13.4823854,37.4645112],[13.4820217,37.4661406],[13.4858828,37.468974],[13.485229,37.467738],[13.4867332,37.4685241],[13.4874849,37.4668274],[13.4922543,37.4677487],[13.4884701,37.46612],[13.4911245,37.4652178],[13.4909914,37.4618726],[13.4891129,37.4595323],[13.4873295,37.4603786],[13.4862633,37.4551887],[13.488351,37.4560836],[13.4943085,37.4537115],[13.4925284,37.451373],[13.4975711,37.4518579],[13.4945935,37.4556173],[13.4970716,37.4556669],[13.4962807,37.4569933],[13.4986726,37.4593413],[13.4959467,37.4595134],[13.4993367,37.4608861],[13.4997269,37.4632926],[13.502151,37.4625904],[13.503271,37.4596015],[13.5030143,37.4619045],[13.5079265,37.4625912],[13.5017202,37.457917],[13.5034766,37.4572412],[13.5033524,37.454625],[13.5001458,37.4537686],[13.499703,37.4552843],[13.4980124,37.4533983],[13.4994309,37.4503661],[13.5033343,37.4530336],[13.5045629,37.4514992],[13.505105,37.4547871],[13.5072875,37.4518607],[13.5096487,37.4520009],[13.5095046,37.4542189],[13.5071296,37.4538902],[13.5110863,37.4562316],[13.5115152,37.4530548],[13.5156828,37.4546584],[13.5164881,37.4524264],[13.5149318,37.4517335],[13.5178538,37.4517673],[13.5185381,37.4483475],[13.5218631,37.4469311],[13.524126,37.4483949],[13.5240518,37.4550244],[13.5263356,37.4565673],[13.5294093,37.4542203],[13.5282553,37.4516586],[13.5367375,37.45237]]]},"properties":{"ha":966.0,"date":"2026-07-19","day":18,"country":"IT","place":"Sant'Angelo Muxaro, Agrigento","rank":53}},{"type":"Feature","geometry":{"type":"Polygon","coordinates":[[[13.8797907,37.6401402],[13.8828161,37.6394194],[13.8811369,37.6380765],[13.882305,37.6362023],[13.8780079,37.6366008],[13.876764,37.633834],[13.8705757,37.6301242],[13.8735187,37.6279177],[13.8706442,37.6230643],[13.8737662,37.6212939],[13.8723207,37.6191698],[13.8651868,37.6206995],[13.8583549,37.6276349],[13.8575908,37.6251642],[13.8566545,37.6274755],[13.8554012,37.624864],[13.8617234,37.6198592],[13.8585067,37.6168118],[13.8534297,37.6187022],[13.8525403,37.6162704],[13.849247,37.6183327],[13.8479972,37.6160399],[13.8445326,37.6170765],[13.8419637,37.6148811],[13.8369875,37.6160986],[13.8365242,37.6199746],[13.8318637,37.620022],[13.8342497,37.6250725],[13.8308533,37.6261076],[13.829493,37.6297208],[13.8336256,37.6326622],[13.8315883,37.6344028],[13.8357752,37.6392055],[13.8357059,37.6427091],[13.8336287,37.644362],[13.8347162,37.6459885],[13.8364608,37.6454615],[13.8364541,37.6427586],[13.8470286,37.6409863],[13.8480224,37.6440179],[13.8514491,37.6439238],[13.8546107,37.6482854],[13.8572896,37.6451574],[13.8634423,37.6495582],[13.8643884,37.6455121],[13.8706358,37.6473371],[13.8701448,37.6430164],[13.8735895,37.643709],[13.872729,37.6393558],[13.8756297,37.6382199],[13.8797907,37.6401402]],[[13.8587318,37.6400302],[13.855594,37.6389997],[13.8593703,37.6345532],[13.8596842,37.6314054],[13.8605436,37.6336299],[13.864364,37.6337287],[13.86685,37.6381182],[13.8704913,37.6381392],[13.8641637,37.6401481],[13.8620153,37.6374112],[13.8587318,37.6400302]],[[13.8448038,37.6323379],[13.8517002,37.6285004],[13.8509699,37.6342685],[13.8461124,37.6333637],[13.8460418,37.6351569],[13.8434162,37.6360208],[13.8444887,37.6328097],[13.8416703,37.634806],[13.8405479,37.6330381],[13.8424059,37.6280967],[13.8448038,37.6323379]]]},"properties":{"ha":965.0,"date":"2026-07-21","day":20,"country":"IT","place":"Villalba, Caltanissetta","rank":54}},{"type":"Feature","geometry":{"type":"Polygon","coordinates":[[[13.050115,37.6313177],[13.0532929,37.6329828],[13.0513301,37.6300527],[13.0555349,37.6263271],[13.0574406,37.6327568],[13.0600661,37.6321056],[13.0638089,37.6258922],[13.0626224,37.6202281],[13.0599363,37.6176269],[13.0560918,37.618031],[13.0467486,37.613881],[13.0431922,37.6047978],[13.0319732,37.6057822],[13.0349369,37.6120675],[13.0316211,37.6101255],[13.0266164,37.6104832],[13.0282431,37.6091377],[13.0259202,37.6075767],[13.0274881,37.6039158],[13.02171,37.6051811],[13.0191365,37.601462],[13.0232642,37.6041532],[13.0229685,37.6000428],[13.0182547,37.5972244],[13.0158037,37.6028203],[13.0132949,37.6037707],[13.0148574,37.6055653],[13.0181925,37.6046717],[13.0186305,37.6153343],[13.0209717,37.6163784],[13.0156384,37.6178327],[13.0132303,37.6238981],[13.0165663,37.6257464],[13.0198391,37.6229192],[13.0187012,37.6218915],[13.0240464,37.6225514],[13.0254211,37.6192753],[13.0299734,37.6218898],[13.0285002,37.6245004],[13.0317409,37.6299381],[13.0281581,37.6317275],[13.0271566,37.6301392],[13.0239069,37.6306228],[13.0296884,37.6353336],[13.0333187,37.6420403],[13.0406564,37.6360537],[13.0430929,37.6356929],[13.0463249,37.6382305],[13.0443266,37.6348582],[13.0472044,37.6350965],[13.0467846,37.6320714],[13.0496111,37.632723],[13.050115,37.6313177]],[[13.0464364,37.6218737],[13.0438576,37.6224766],[13.042333,37.6215755],[13.0428878,37.6201781],[13.0464364,37.6218737]],[[13.043591,37.6278681],[13.0381246,37.6309834],[13.0368837,37.6301637],[13.0382676,37.6259578],[13.0435433,37.6261507],[13.043591,37.6278681]],[[13.0293755,37.6138802],[13.0249086,37.6167845],[13.022211,37.6126194],[13.0245027,37.6121132],[13.0231064,37.610858],[13.0271843,37.6113237],[13.0293755,37.6138802]]]},"properties":{"ha":945.0,"date":"2026-07-20","day":19,"country":"IT","place":"Sambuca di Sicilia, Agrigento","rank":55}},{"type":"Feature","geometry":{"type":"Polygon","coordinates":[[[32.9523526,46.7097085],[32.9831081,46.7095859],[32.9813573,46.7071037],[32.9753622,46.7062805],[32.9712889,46.7085249],[32.9630751,46.7074364],[32.9654968,46.7049553],[32.9733712,46.7032558],[32.9778983,46.7052865],[32.9840964,46.7047854],[32.9850509,46.7022689],[32.9804413,46.701429],[32.9821993,46.699942],[32.9959765,46.7054411],[32.9964586,46.7100706],[32.9930294,46.7116695],[32.9981347,46.7140183],[33.0077523,46.7138324],[33.0077509,46.7104167],[33.000137,46.7021455],[33.0057041,46.6987382],[33.0059977,46.6956157],[33.0153638,46.6935058],[33.0170815,46.6909044],[33.0102687,46.6878702],[33.0104069,46.6854876],[33.0013458,46.6871825],[32.9980012,46.6918005],[32.9797464,46.6896146],[32.9655806,46.6909883],[32.9563719,46.6881796],[32.9504054,46.6904739],[32.9512198,46.6960165],[32.9405416,46.7020456],[32.9416848,46.7049903],[32.9451427,46.7059593],[32.9466128,46.7005506],[32.9508854,46.6998725],[32.9507599,46.7047634],[32.9486857,46.706737],[32.9589837,46.7078238],[32.9523526,46.7097085]],[[32.9754708,46.7019181],[32.9640304,46.7031555],[32.9576435,46.7008686],[32.9586161,46.6991868],[32.9634949,46.6985736],[32.965749,46.7000371],[32.97229,46.6991568],[32.9754708,46.7019181]]]},"properties":{"ha":888.0,"date":"2026-07-02","day":1,"country":"UA","place":"N.A., N.A.","rank":56}},{"type":"Feature","geometry":{"type":"Polygon","coordinates":[[[31.8684707,46.6457694],[31.866225,46.6403798],[31.8619537,46.6403059],[31.8652933,46.6393443],[31.863513,46.6364285],[31.8580548,46.6361625],[31.8568842,46.6344321],[31.8498874,46.6337902],[31.8472454,46.6419356],[31.844969,46.6426038],[31.8262233,46.6403097],[31.8277772,46.6339324],[31.8221303,46.6352046],[31.8222048,46.630904],[31.8171251,46.6268658],[31.8053645,46.6229331],[31.8048962,46.6262769],[31.8024053,46.6228866],[31.8044025,46.6220777],[31.803443,46.6210905],[31.7991512,46.6194781],[31.797045,46.6205036],[31.7950648,46.6303916],[31.7967097,46.6322748],[31.7975706,46.6303786],[31.7989003,46.6319565],[31.8015446,46.6308135],[31.8009217,46.6286494],[31.8042212,46.6290589],[31.8035994,46.6327312],[31.8065971,46.634025],[31.8133317,46.6318599],[31.8120507,46.6392127],[31.8136532,46.6406995],[31.8248508,46.6424611],[31.8252635,46.6440528],[31.8279673,46.6425772],[31.819691,46.6511917],[31.8183087,46.6544006],[31.8196738,46.6549782],[31.8433893,46.6572668],[31.8470316,46.6542943],[31.8625362,46.6537974],[31.8684707,46.6457694]]]},"properties":{"ha":876.0,"date":"2026-07-01","day":0,"country":"UA","place":"N.A., N.A.","rank":57}},{"type":"Feature","geometry":{"type":"Polygon","coordinates":[[[-3.6207185,40.9797003],[-3.6166329,40.9893883],[-3.6106084,40.9880351],[-3.6049112,40.9915646],[-3.5960914,40.9929892],[-3.5946305,40.9914323],[-3.5963392,40.9867733],[-3.5985556,40.9874842],[-3.6029956,40.9814326],[-3.6006981,40.9816976],[-3.6001195,40.9792802],[-3.6022372,40.9747944],[-3.6093019,40.9675178],[-3.605957,40.9664063],[-3.6062909,40.9650636],[-3.6021936,40.9666718],[-3.6004089,40.9657078],[-3.6016969,40.9640493],[-3.5986595,40.9642142],[-3.6059671,40.9620619],[-3.6147038,40.9634505],[-3.6169898,40.9594691],[-3.6218683,40.9596938],[-3.6192101,40.9576656],[-3.623572,40.9538622],[-3.6242847,40.9475154],[-3.6271322,40.9466326],[-3.6249171,40.9458772],[-3.6294154,40.9418618],[-3.6316501,40.9422872],[-3.6348652,40.9467293],[-3.6315845,40.9467884],[-3.6345872,40.9485913],[-3.6332466,40.9551013],[-3.6356196,40.9570034],[-3.6332216,40.9565307],[-3.6345934,40.9591434],[-3.62933,40.9610122],[-3.6334374,40.9614362],[-3.6348528,40.9655419],[-3.6298208,40.9761577],[-3.6273173,40.9776886],[-3.6262586,40.975714],[-3.6207185,40.9797003]]]},"properties":{"ha":862.0,"date":"2026-07-16","day":15,"country":"ES","place":"Puentes Viejas, Madrid","rank":58}},{"type":"Feature","geometry":{"type":"Polygon","coordinates":[[[-4.1490877,38.6196298],[-4.1489629,38.6163454],[-4.1542656,38.6127646],[-4.145583,38.6129126],[-4.1518438,38.6083639],[-4.1487264,38.6063216],[-4.1496019,38.6089284],[-4.1476117,38.6105752],[-4.1426725,38.6108926],[-4.1485198,38.6039877],[-4.1527463,38.6019554],[-4.1540025,38.5978277],[-4.1704633,38.5920364],[-4.1673185,38.5920475],[-4.1665266,38.584064],[-4.1850497,38.5782786],[-4.189389,38.581342],[-4.1887669,38.5848318],[-4.1908916,38.5866423],[-4.1892532,38.5901427],[-4.189908,38.5948342],[-4.1815349,38.5955308],[-4.1826166,38.6019917],[-4.1801271,38.6044299],[-4.1784301,38.6034501],[-4.1746053,38.6106036],[-4.1711167,38.6103469],[-4.1689109,38.6149415],[-4.1645213,38.6181747],[-4.1490877,38.6196298]],[[-4.1496241,38.6178977],[-4.1500621,38.6189336],[-4.1497443,38.6178129],[-4.1496241,38.6178977]],[[-4.155511,38.6145745],[-4.1560617,38.6148564],[-4.1560517,38.6144022],[-4.155511,38.6145745]],[[-4.1566766,38.6139322],[-4.1580645,38.6147119],[-4.1589334,38.6141233],[-4.1566766,38.6139322]],[[-4.1567728,38.6155242],[-4.1576161,38.6152917],[-4.1566606,38.6151369],[-4.1567728,38.6155242]],[[-4.1589282,38.6124239],[-4.1600106,38.6134309],[-4.1611813,38.6124164],[-4.1589282,38.6124239]],[[-4.160741,38.6104198],[-4.1598423,38.6087862],[-4.1592123,38.6098773],[-4.160741,38.6104198]],[[-4.1627376,38.6093188],[-4.1652138,38.6063352],[-4.1712279,38.6068805],[-4.1627098,38.6052505],[-4.1613895,38.6080794],[-4.1627376,38.6093188]],[[-4.1632915,38.5997015],[-4.1639304,38.5987315],[-4.1627796,38.5976983],[-4.1632915,38.5997015]],[[-4.1637293,38.6169754],[-4.1649171,38.6165499],[-4.1654419,38.616066],[-4.1648148,38.6154278],[-4.1637293,38.6169754]],[[-4.1681349,38.6032317],[-4.1717074,38.6020914],[-4.1722801,38.6002026],[-4.1681349,38.6032317]],[[-4.1850117,38.5922989],[-4.1851819,38.593476],[-4.1857677,38.5932547],[-4.1850117,38.5922989]]]},"properties":{"ha":852.0,"date":"2026-07-15","day":14,"country":"ES","place":"Hinojosas de Calatrava, Ciudad Real","rank":59}},{"type":"Feature","geometry":{"type":"Polygon","coordinates":[[[25.1697965,37.0422829],[25.1740518,37.0305911],[25.1663743,36.9976186],[25.160544,36.9888177],[25.1553435,36.9879226],[25.1541497,36.989917],[25.1594136,37.0065345],[25.1585628,37.0137129],[25.153705,37.0218242],[25.1513052,37.0346236],[25.15466,37.0431977],[25.1553145,37.0520805],[25.1604731,37.0526648],[25.1638171,37.0439587],[25.1697965,37.0422829]]]},"properties":{"ha":835.0,"date":"2026-07-28","day":27,"country":"EL","place":"Δημοτική Κοινότητα Αγκαιριάς, Άνδρος, Θήρα, Κέα, Μήλος, Μύκο","rank":60}},{"type":"Feature","geometry":{"type":"Polygon","coordinates":[[[2.815895,43.2762427],[2.8103752,43.2769099],[2.8062539,43.280951],[2.8008642,43.2823439],[2.7998529,43.2814313],[2.8018654,43.2808404],[2.7969007,43.2805768],[2.7871289,43.2844571],[2.7844288,43.287895],[2.7869921,43.2902942],[2.7844781,43.2905056],[2.7836453,43.2926307],[2.7881886,43.2995033],[2.7863466,43.3006612],[2.7847595,43.2989894],[2.7800868,43.2991966],[2.772434,43.3027746],[2.7750397,43.3057801],[2.7784262,43.3032833],[2.7865625,43.3043876],[2.7880418,43.3037124],[2.7925531,43.3072115],[2.7918223,43.3054151],[2.7980836,43.3051131],[2.7991638,43.304402],[2.8025381,43.3061315],[2.8002197,43.3056649],[2.800956,43.3067988],[2.8184465,43.3095386],[2.8206244,43.3040702],[2.8237903,43.302504],[2.8230989,43.2990548],[2.8275641,43.2978118],[2.8238428,43.2959673],[2.8271999,43.2950259],[2.8282079,43.2934751],[2.8267377,43.2927033],[2.8282921,43.2921656],[2.8232366,43.2933326],[2.8235723,43.2953802],[2.8219601,43.2955157],[2.8220605,43.2931087],[2.8279683,43.2905839],[2.8211943,43.2920689],[2.8209837,43.290207],[2.8207085,43.2926118],[2.8176917,43.293852],[2.8164185,43.2926642],[2.8203519,43.2889314],[2.8189867,43.28704],[2.8127427,43.288217],[2.811666,43.2901235],[2.8105714,43.2883271],[2.8134148,43.2870215],[2.807688,43.2870808],[2.8063937,43.2849566],[2.8078811,43.2842022],[2.8128242,43.2864837],[2.8155981,43.2850635],[2.8119384,43.2850962],[2.8130331,43.2830042],[2.8090134,43.283919],[2.809878,43.2827404],[2.8061482,43.2824044],[2.8055656,43.2814842],[2.808629,43.2813143],[2.8087339,43.2795332],[2.8124998,43.280233],[2.8191761,43.2764666],[2.8214027,43.2773241],[2.8205867,43.2729402],[2.8174063,43.2729409],[2.815895,43.2762427]],[[2.8225409,43.2982295],[2.8205753,43.2981849],[2.8181133,43.2969815],[2.8215825,43.2959279],[2.8225409,43.2982295]],[[2.8198828,43.300754],[2.818401,43.3020118],[2.8182082,43.2997744],[2.8198828,43.300754]],[[2.818395,43.2940099],[2.8169562,43.2957049],[2.8165583,43.2953096],[2.818395,43.2940099]],[[2.8143513,43.293586],[2.8129315,43.2962287],[2.8125169,43.2961862],[2.8143513,43.293586]],[[2.812962,43.2902511],[2.8114571,43.2917126],[2.8108421,43.2913972],[2.812962,43.2902511]],[[2.8073749,43.2841086],[2.8050808,43.2843378],[2.807311,43.2836992],[2.8073749,43.2841086]],[[2.8036683,43.3010571],[2.8029115,43.3013514],[2.8026878,43.3011685],[2.8036683,43.3010571]],[[2.8018788,43.3001086],[2.8005849,43.2999504],[2.8006209,43.2997323],[2.8018788,43.3001086]],[[2.7998411,43.2987373],[2.7991627,43.2991289],[2.7988824,43.2985345],[2.7998411,43.2987373]],[[2.7987181,43.3040914],[2.79751,43.3041867],[2.7976508,43.3037582],[2.7987181,43.3040914]],[[2.7976142,43.2974761],[2.7968291,43.2977361],[2.7969369,43.2974846],[2.7976142,43.2974761]],[[2.7966729,43.3040037],[2.7944009,43.3046349],[2.7939437,43.3041943],[2.7966729,43.3040037]],[[2.7961315,43.2965377],[2.7951955,43.2968998],[2.794896,43.2964618],[2.7961315,43.2965377]],[[2.793884,43.2951961],[2.7932111,43.2955429],[2.7927704,43.2952526],[2.793884,43.2951961]],[[2.790797,43.3009155],[2.7916624,43.303241],[2.7871657,43.3010895],[2.7914305,43.2996054],[2.7921751,43.3012182],[2.790797,43.3009155]],[[2.7916047,43.2945806],[2.7872774,43.2921857],[2.7873381,43.291865],[2.7901708,43.2923438],[2.7916047,43.2945806]],[[2.7898361,43.3026297],[2.7875114,43.302836],[2.7847763,43.3008073],[2.7898361,43.3026297]],[[2.7839083,43.3025725],[2.7815112,43.3034619],[2.7810793,43.3031578],[2.7839083,43.3025725]]]},"properties":{"ha":806.0,"date":"2026-07-01","day":0,"country":"FR","place":"Pouzols-Minervois, Aude","rank":61}},{"type":"Feature","geometry":{"type":"Polygon","coordinates":[[[-7.3469057,41.6427011],[-7.3421118,41.6482043],[-7.3284945,41.6546301],[-7.2913404,41.6580332],[-7.2789103,41.6544556],[-7.2724627,41.6473665],[-7.2711126,41.6410884],[-7.2735819,41.637171],[-7.2907668,41.6287787],[-7.2970078,41.6288197],[-7.3018127,41.6335444],[-7.3015378,41.636282],[-7.2880557,41.644519],[-7.2935528,41.6509408],[-7.3028783,41.6521829],[-7.3228563,41.6497426],[-7.3273619,41.6452742],[-7.3327249,41.6443323],[-7.3400858,41.63856],[-7.3469057,41.6427011]]]},"properties":{"ha":804.0,"date":"2026-07-28","day":27,"country":"PT","place":"Vilarandelo, Alto Tâmega","rank":62}},{"type":"Feature","geometry":{"type":"Polygon","coordinates":[[[31.7947638,46.3073381],[31.796071,46.2992177],[31.7939733,46.2946519],[31.7964446,46.2940758],[31.8016794,46.2969888],[31.8090492,46.3055917],[31.8445395,46.3223682],[31.8500402,46.3136562],[31.8538242,46.3148229],[31.838217,46.3017542],[31.8308861,46.299937],[31.8236644,46.2954025],[31.8166866,46.2950148],[31.8122192,46.290559],[31.7943456,46.2864031],[31.7931864,46.2851172],[31.7958267,46.2808328],[31.7924164,46.2826811],[31.7831788,46.2811698],[31.7821406,46.2837804],[31.7797467,46.2814701],[31.7779361,46.2834212],[31.7780448,46.2873935],[31.7818655,46.2897807],[31.782263,46.2958463],[31.784502,46.2960715],[31.7901231,46.3052197],[31.7947638,46.3073381]],[[31.8285089,46.3124749],[31.8219989,46.3079477],[31.8225563,46.3057736],[31.8257864,46.3051703],[31.8299054,46.308532],[31.8435468,46.3132942],[31.8285089,46.3124749]],[[31.7834956,46.2882279],[31.7877572,46.2855313],[31.7914356,46.2894244],[31.7943027,46.2890583],[31.7956897,46.2926388],[31.7916517,46.2949663],[31.788903,46.2944055],[31.7831099,46.290872],[31.7834956,46.2882279]]]},"properties":{"ha":802.0,"date":"2026-07-05","day":4,"country":"UA","place":"N.A., N.A.","rank":63}},{"type":"Feature","geometry":{"type":"Polygon","coordinates":[[[39.8330951,48.2724483],[39.8361227,48.2703235],[39.8444628,48.2707231],[39.846091,48.2685673],[39.8367581,48.2679456],[39.8342994,48.2646294],[39.8433198,48.262838],[39.8354448,48.2613743],[39.8366054,48.2594275],[39.8334338,48.2578169],[39.8580536,48.2569768],[39.8656005,48.251235],[39.8666101,48.2481603],[39.8753586,48.2398302],[39.8828339,48.2386544],[39.8816102,48.2363767],[39.8723238,48.2364407],[39.8534053,48.2418494],[39.8449405,48.2471187],[39.8220913,48.2551018],[39.8039931,48.264765],[39.8039884,48.2693033],[39.8110943,48.2700935],[39.8159957,48.2677326],[39.8171308,48.2729274],[39.8330951,48.2724483]]]},"properties":{"ha":799.0,"date":"2026-07-10","day":9,"country":"UA","place":"N.A., N.A.","rank":64}},{"type":"Feature","geometry":{"type":"Polygon","coordinates":[[[38.3511831,48.4494052],[38.3482423,48.4552748],[38.3430548,48.4576461],[38.3424176,48.462128],[38.3382873,48.4630085],[38.3371258,48.4590701],[38.3346849,48.4579823],[38.3292822,48.4610327],[38.3314396,48.4639265],[38.3273198,48.466526],[38.3236158,48.4736899],[38.3297636,48.4774471],[38.3315785,48.4819031],[38.3349801,48.4814219],[38.3370126,48.4778593],[38.3395789,48.479325],[38.3416007,48.476277],[38.366917,48.4613104],[38.3683807,48.45979],[38.3661801,48.4588955],[38.3682067,48.4575064],[38.3739816,48.4566541],[38.3846878,48.4473885],[38.3862148,48.4438398],[38.3822911,48.4394502],[38.3680251,48.4414002],[38.3626619,48.444375],[38.3651844,48.4488264],[38.3511831,48.4494052]]]},"properties":{"ha":797.0,"date":"2026-07-04","day":3,"country":"UA","place":"N.A., N.A.","rank":65}},{"type":"Feature","geometry":{"type":"Polygon","coordinates":[[[27.418419,37.3220052],[27.4201114,37.3252587],[27.4234339,37.3259699],[27.4209484,37.3269256],[27.4257036,37.3316762],[27.4348431,37.3322763],[27.4349016,37.334565],[27.4418096,37.3318307],[27.4429333,37.3282696],[27.4480375,37.3243006],[27.4562463,37.3224955],[27.4587402,37.3167486],[27.4548431,37.3129486],[27.4555424,37.3098101],[27.4487747,37.3105112],[27.449999,37.3117919],[27.446406,37.3136202],[27.4455224,37.3094704],[27.4431236,37.31099],[27.4440713,37.303395],[27.4388437,37.3033939],[27.438161,37.3057848],[27.432581,37.3026487],[27.4283095,37.3068479],[27.4215934,37.3075829],[27.4176049,37.3109058],[27.4180863,37.3154976],[27.4241636,37.3173352],[27.4253719,37.3196065],[27.4228272,37.321172],[27.4227458,37.3188197],[27.4207409,37.3184184],[27.418419,37.3220052]]]},"properties":{"ha":782.0,"date":"2026-07-14","day":13,"country":"TR","place":"N.A., Muğla","rank":66}},{"type":"Feature","geometry":{"type":"Polygon","coordinates":[[[-6.4076838,42.5660601],[-6.4054295,42.5641948],[-6.4057658,42.5597533],[-6.4033536,42.5599096],[-6.4116507,42.5565673],[-6.4110819,42.5507921],[-6.4172766,42.5515623],[-6.4192202,42.5503188],[-6.4181649,42.5491838],[-6.4205622,42.5507662],[-6.4219728,42.5494108],[-6.4281164,42.5502015],[-6.4304348,42.5526531],[-6.4449017,42.5561442],[-6.4503663,42.5620797],[-6.4555661,42.5634196],[-6.4553455,42.5621474],[-6.4592613,42.5620991],[-6.4625355,42.5675296],[-6.4605,42.5692411],[-6.4608992,42.5719352],[-6.4602801,42.5708018],[-6.457017,42.5741045],[-6.4538711,42.573916],[-6.4512314,42.5767614],[-6.4492423,42.5732414],[-6.4452795,42.5748632],[-6.4404844,42.5705814],[-6.439748,42.5730742],[-6.4343564,42.5740177],[-6.4333195,42.5697541],[-6.4371559,42.5669692],[-6.4375359,42.5648882],[-6.4322894,42.5704605],[-6.43015,42.5701617],[-6.4312739,42.5687399],[-6.4250648,42.5682453],[-6.4242897,42.5706108],[-6.4213433,42.5675869],[-6.4076838,42.5660601]]]},"properties":{"ha":775.0,"date":"2026-07-22","day":21,"country":"ES","place":"Castropodame, León","rank":67}},{"type":"Feature","geometry":{"type":"Polygon","coordinates":[[[37.53385,47.8686844],[37.5341257,47.8568382],[37.5226803,47.8589242],[37.5177685,47.8563857],[37.5119957,47.8562763],[37.5037961,47.8566757],[37.4876769,47.8613373],[37.4643123,47.8624665],[37.4497196,47.8679343],[37.4477759,47.8661541],[37.4424084,47.8680237],[37.4472395,47.8726749],[37.4585671,47.8738456],[37.464834,47.8724611],[37.4766996,47.8745654],[37.4914788,47.8719383],[37.4983051,47.8663526],[37.5059671,47.8686119],[37.5230758,47.8677945],[37.5259695,47.8657735],[37.53385,47.8686844]]]},"properties":{"ha":762.0,"date":"2026-07-20","day":19,"country":"UA","place":"N.A., N.A.","rank":68}},{"type":"Feature","geometry":{"type":"Polygon","coordinates":[[[14.5184877,37.5974128],[14.5199274,37.5947986],[14.5182653,37.5928381],[14.5090264,37.5947268],[14.5089577,37.597349],[14.5124034,37.5974805],[14.5105641,37.5984317],[14.5037257,37.596764],[14.5018417,37.5930426],[14.4999119,37.5933687],[14.5018055,37.5995866],[14.5007971,37.6020488],[14.4980154,37.6026922],[14.5038788,37.6061065],[14.501452,37.6068053],[14.5096928,37.6149014],[14.5083024,37.6151429],[14.5090904,37.6164202],[14.5047318,37.6158915],[14.504671,37.6185142],[14.5089868,37.6177124],[14.5005164,37.6244904],[14.5038138,37.6239553],[14.5035805,37.6269113],[14.5023118,37.625425],[14.5015556,37.6270531],[14.5033264,37.6300729],[14.5004668,37.6312711],[14.5057748,37.6350398],[14.5099101,37.6313723],[14.5113113,37.62295],[14.5145124,37.6226507],[14.5224982,37.6124231],[14.5275341,37.6183017],[14.5314819,37.6165997],[14.530792,37.6123929],[14.5323727,37.6115417],[14.5360376,37.613266],[14.5426143,37.6121069],[14.5393052,37.6110333],[14.5420586,37.6095677],[14.5417286,37.6084239],[14.5392428,37.6094426],[14.5346121,37.6061465],[14.5377429,37.603466],[14.5283964,37.6047159],[14.5349306,37.5984361],[14.5345234,37.5924676],[14.5265913,37.5947116],[14.5226444,37.6012919],[14.5196475,37.5993118],[14.5219378,37.5979008],[14.5184877,37.5974128]],[[14.5172188,37.5974048],[14.5165975,37.595619],[14.5186496,37.5955043],[14.5186806,37.5959778],[14.5172188,37.5974048]],[[14.5131501,37.5991424],[14.5132366,37.6014287],[14.510647,37.5994311],[14.5131501,37.5991424]],[[14.5101346,37.6227741],[14.5064874,37.6223581],[14.5127913,37.6187361],[14.513517,37.619855],[14.5101346,37.6227741]],[[14.5085309,37.630445],[14.5069845,37.629243],[14.5081502,37.6280761],[14.5089003,37.628496],[14.5085309,37.630445]],[[14.5067091,37.6268529],[14.5048962,37.6269135],[14.5045303,37.6234887],[14.5063714,37.6241025],[14.5067091,37.6268529]],[[14.5053815,37.6299386],[14.5038673,37.6306118],[14.5038777,37.6276595],[14.5053815,37.6299386]]]},"properties":{"ha":757.0,"date":"2026-07-18","day":17,"country":"IT","place":"Agira, Enna","rank":69}},{"type":"Feature","geometry":{"type":"Polygon","coordinates":[[[22.8338101,38.6265279],[22.8430625,38.6262243],[22.8465253,38.6237993],[22.8465219,38.6276802],[22.8516072,38.6262477],[22.8689847,38.6314597],[22.8740384,38.6294287],[22.8676621,38.625257],[22.8667505,38.618468],[22.8603624,38.6139865],[22.8608285,38.6122188],[22.8561237,38.6095796],[22.852799,38.6143361],[22.8464406,38.6070655],[22.8455803,38.6083949],[22.8448964,38.6072057],[22.8427562,38.6072591],[22.8445246,38.6081193],[22.8423239,38.6094978],[22.8385243,38.60681],[22.839363,38.6078113],[22.8360167,38.6073066],[22.832878,38.6118805],[22.8292231,38.6120704],[22.8298425,38.6139449],[22.8275017,38.6143902],[22.8276698,38.6160823],[22.8222605,38.6122727],[22.8162779,38.6115088],[22.8125365,38.6148044],[22.8179662,38.6160678],[22.8176277,38.618141],[22.8205142,38.6170403],[22.8195397,38.6193457],[22.8103124,38.6190618],[22.813727,38.622957],[22.8161965,38.6230201],[22.8160493,38.6260118],[22.8288347,38.6225682],[22.8320715,38.6229865],[22.829203,38.6234847],[22.8338101,38.6265279]],[[22.8576973,38.622256],[22.8538654,38.6218754],[22.8533923,38.6213328],[22.8551105,38.6205456],[22.8576973,38.622256]],[[22.8497242,38.6234436],[22.8502804,38.6250739],[22.8476031,38.6242976],[22.8497242,38.6234436]],[[22.8486139,38.6195265],[22.8480203,38.621686],[22.8468629,38.6198956],[22.8486139,38.6195265]],[[22.8413944,38.6210798],[22.8388615,38.620358],[22.8393754,38.6190315],[22.8413944,38.6210798]],[[22.8358827,38.6139066],[22.8338873,38.6135908],[22.8333936,38.6126086],[22.8357069,38.6119229],[22.8358827,38.6139066]]]},"properties":{"ha":755.0,"date":"2026-07-01","day":0,"country":"EL","place":"Τοπική Κοινότητα Σφάκας, Φθιώτιδα","rank":70}},{"type":"Feature","geometry":{"type":"Polygon","coordinates":[[[16.0854265,41.0697759],[16.0847131,41.0760472],[16.0876654,41.0770858],[16.0847871,41.077911],[16.084635,41.0830611],[16.0810655,41.0863612],[16.0809988,41.0891617],[16.084249,41.0910922],[16.0834495,41.0936217],[16.0894293,41.0900618],[16.0862689,41.0877859],[16.0878849,41.0858861],[16.0919214,41.0871145],[16.0899618,41.0886337],[16.0903354,41.0910246],[16.0939347,41.0937522],[16.1033615,41.0926739],[16.1002952,41.0961097],[16.1058985,41.0973201],[16.107828,41.0955216],[16.1131143,41.0958494],[16.1167106,41.0947925],[16.1167357,41.0930856],[16.1067981,41.0885749],[16.1075314,41.0851869],[16.1042863,41.0831711],[16.1049918,41.0811887],[16.1128783,41.0794928],[16.1136685,41.0764935],[16.1229984,41.0717502],[16.1232755,41.0679003],[16.1215307,41.0669971],[16.1245268,41.0668081],[16.1262594,41.0645097],[16.120573,41.0608372],[16.1112669,41.0641366],[16.1169216,41.0677962],[16.1136088,41.0686816],[16.1155094,41.0712147],[16.1132868,41.0761882],[16.1076037,41.0787025],[16.1058932,41.0760341],[16.1053411,41.0773286],[16.1031169,41.0761238],[16.1049477,41.074164],[16.0985272,41.068814],[16.0950783,41.0616028],[16.0922922,41.0626382],[16.0917631,41.0648721],[16.0958765,41.0662072],[16.0898559,41.070282],[16.081935,41.0630854],[16.0760242,41.062173],[16.0759663,41.0665792],[16.0731882,41.0691078],[16.0776878,41.0709121],[16.0807424,41.0761893],[16.0804228,41.0720531],[16.0854265,41.0697759]],[[16.1205698,41.0648046],[16.1207014,41.0668192],[16.1194822,41.0649723],[16.1205698,41.0648046]]]},"properties":{"ha":753.0,"date":"2026-07-15","day":14,"country":"IT","place":"Minervino Murge, Barletta-Andria-Trani","rank":71}},{"type":"Feature","geometry":{"type":"Polygon","coordinates":[[[13.4438028,37.3487386],[13.4415343,37.3557772],[13.4436138,37.3601195],[13.4492187,37.3646605],[13.4479751,37.3663276],[13.4542109,37.3619422],[13.4623791,37.3599036],[13.4641652,37.3548784],[13.4629141,37.3514752],[13.4611068,37.3513854],[13.4582218,37.3562065],[13.4574185,37.3544395],[13.4547328,37.3545256],[13.4542965,37.3519801],[13.4604786,37.3492178],[13.4626102,37.3503452],[13.4654787,37.345745],[13.461318,37.3442603],[13.457505,37.3455219],[13.4526264,37.3425579],[13.4555544,37.3422265],[13.4573719,37.3387934],[13.4638233,37.3425158],[13.462795,37.3441042],[13.468048,37.3414428],[13.4669525,37.336138],[13.4647644,37.3359031],[13.4642687,37.3282596],[13.4607692,37.327725],[13.4626765,37.3291048],[13.4608646,37.3343819],[13.4574018,37.3344582],[13.4601704,37.329376],[13.4540272,37.3276826],[13.4533958,37.3248871],[13.4474432,37.3251486],[13.4469016,37.3269216],[13.4448537,37.325354],[13.445748,37.3282717],[13.4429475,37.3294338],[13.4434893,37.3327429],[13.4347245,37.3308059],[13.435445,37.3333639],[13.4332119,37.3345344],[13.4364385,37.3379171],[13.4295895,37.3391846],[13.4317498,37.3435067],[13.4351169,37.342242],[13.4355321,37.3436496],[13.4312615,37.3449255],[13.4364144,37.3464413],[13.4418598,37.3427729],[13.4406646,37.340668],[13.4431163,37.3394256],[13.4461419,37.3411163],[13.4457723,37.3442733],[13.4478762,37.3448513],[13.4481331,37.3477085],[13.4465515,37.349916],[13.4438028,37.3487386]]]},"properties":{"ha":741.0,"date":"2026-07-22","day":21,"country":"IT","place":"Siculiana, Agrigento","rank":72}},{"type":"Feature","geometry":{"type":"Polygon","coordinates":[[[-7.002496,41.2678708],[-7.0015243,41.2690533],[-6.9959279,41.2675559],[-6.9912055,41.2631512],[-6.9851103,41.2623367],[-6.9851885,41.2592698],[-6.9821804,41.2599508],[-6.9810203,41.2565382],[-6.9858,41.2559341],[-6.9875314,41.2532072],[-6.9853981,41.2516972],[-6.988592,41.2470011],[-6.996198,41.2472794],[-6.9982257,41.2511965],[-6.9997884,41.2485726],[-6.9986541,41.2457866],[-7.0022598,41.2456344],[-7.002209,41.2430237],[-7.0058775,41.2437698],[-7.0090752,41.2464227],[-7.006677,41.2489551],[-7.0059142,41.2569166],[-7.0092425,41.2542185],[-7.0087049,41.2522976],[-7.0157129,41.2535173],[-7.0138638,41.2470374],[-7.0162666,41.2463023],[-7.019282,41.2485172],[-7.0270781,41.244853],[-7.0287024,41.2461536],[-7.0263579,41.2462128],[-7.0285968,41.2481151],[-7.0260755,41.2484883],[-7.0273652,41.2497635],[-7.0252917,41.25089],[-7.02814,41.2513596],[-7.0243693,41.2536924],[-7.0295481,41.2525183],[-7.0302995,41.255148],[-7.0281802,41.2537535],[-7.0287129,41.2552173],[-7.0211625,41.2555679],[-7.0191054,41.2538425],[-7.0176466,41.2560261],[-7.0196923,41.2556929],[-7.0204752,41.2592335],[-7.0221012,41.2575307],[-7.0209366,41.2594408],[-7.0269679,41.2612976],[-7.0214617,41.2606003],[-7.0211107,41.2618102],[-7.0237862,41.2621205],[-7.0221738,41.2643805],[-7.0231722,41.2656901],[-7.0178792,41.2658614],[-7.0220886,41.2673758],[-7.0232256,41.2731772],[-7.0254818,41.2747882],[-7.0162766,41.2732871],[-7.0149769,41.2709215],[-7.012684,41.2728059],[-7.00853,41.272045],[-7.0081715,41.2682908],[-7.0063345,41.2662826],[-7.0047589,41.2675152],[-7.0075426,41.2681238],[-7.00679,41.2693944],[-7.002496,41.2678708]],[[-7.0093585,41.2598155],[-7.0112678,41.2583977],[-7.0127342,41.2583678],[-7.0092532,41.2580383],[-7.0093585,41.2598155]],[[-7.0142442,41.2678673],[-7.0170849,41.2677853],[-7.0170526,41.2665224],[-7.0142442,41.2678673]],[[-7.0168542,41.2593542],[-7.0185732,41.2587135],[-7.0187579,41.2579727],[-7.0174994,41.2578485],[-7.0168542,41.2593542]],[[-7.0227394,41.2530976],[-7.0239212,41.2514521],[-7.0214002,41.2508405],[-7.0216879,41.2520901],[-7.0227394,41.2530976]]]},"properties":{"ha":735.0,"date":"2026-07-01","day":0,"country":"PT","place":"Adeganha e Cardanha, Douro","rank":73}},{"type":"Feature","geometry":{"type":"Polygon","coordinates":[[[32.0965591,46.8901394],[32.0788116,46.8876584],[32.0586408,46.8890572],[32.0457279,46.8953628],[32.0518605,46.9011353],[32.0550299,46.9017549],[32.0474285,46.9027395],[32.0470911,46.9052567],[32.0498827,46.9090137],[32.0507965,46.9063474],[32.0540842,46.9069852],[32.0544621,46.9088999],[32.0607524,46.9078495],[32.0582675,46.9108453],[32.0622142,46.9127343],[32.0727839,46.9125602],[32.0716909,46.9151847],[32.0810639,46.9083605],[32.0862973,46.9076185],[32.0839074,46.9054483],[32.0881859,46.8972601],[32.0941767,46.8942526],[32.0965591,46.8901394]]]},"properties":{"ha":730.0,"date":"2026-07-02","day":1,"country":"UA","place":"N.A., N.A.","rank":74}},{"type":"Feature","geometry":{"type":"Polygon","coordinates":[[[13.5942722,37.6471831],[13.5888928,37.6484374],[13.590905,37.6639493],[13.6019384,37.6712845],[13.6007139,37.6720926],[13.602747,37.6748577],[13.6064872,37.6732668],[13.6056209,37.6712377],[13.6111113,37.6705275],[13.6112679,37.6673635],[13.6125538,37.669488],[13.614705,37.6662406],[13.6238229,37.6647689],[13.6225619,37.6638809],[13.6256283,37.6588401],[13.6221944,37.661142],[13.6206204,37.6578937],[13.6244957,37.6576951],[13.6236355,37.6563215],[13.6267794,37.6552843],[13.6268281,37.6539708],[13.6236351,37.6549416],[13.6267857,37.6491856],[13.6312886,37.6488758],[13.6239642,37.6441093],[13.6237078,37.6455864],[13.6216713,37.642613],[13.6207187,37.645594],[13.6221198,37.6465986],[13.6193861,37.6526405],[13.6171364,37.6517182],[13.617358,37.6535194],[13.6156147,37.6536051],[13.6166102,37.6509186],[13.6143678,37.6498042],[13.6138115,37.6539248],[13.610152,37.6578357],[13.6089188,37.6575912],[13.6100125,37.655596],[13.6128911,37.6533207],[13.6110702,37.6502836],[13.6132556,37.6470128],[13.6057115,37.647153],[13.6095209,37.6488806],[13.607484,37.6501341],[13.6018163,37.6486826],[13.5981625,37.6505501],[13.5992688,37.6475338],[13.595274,37.6451542],[13.5942722,37.6471831]],[[13.6237581,37.6495553],[13.6212647,37.6506156],[13.6216148,37.6480629],[13.6237581,37.6495553]],[[13.6195433,37.6619008],[13.6178704,37.6636004],[13.6172466,37.6631729],[13.6195433,37.6619008]],[[13.6191264,37.6606193],[13.6180218,37.6616881],[13.6169852,37.6613891],[13.6191264,37.6606193]]]},"properties":{"ha":676.0,"date":"2026-07-19","day":18,"country":"IT","place":"Castronovo di Sicilia, Palermo","rank":75}},{"type":"Feature","geometry":{"type":"Polygon","coordinates":[[[13.5494059,37.7574144],[13.5400764,37.7582854],[13.5348372,37.7618622],[13.5341798,37.7700595],[13.5393838,37.779941],[13.5486877,37.783892],[13.5708462,37.7825928],[13.5753855,37.7756585],[13.5750755,37.7730633],[13.5701871,37.7693484],[13.5645289,37.7721441],[13.5587584,37.771092],[13.5491702,37.7729065],[13.5459652,37.7701374],[13.5477885,37.7647852],[13.5568712,37.7582926],[13.5600429,37.7542283],[13.559587,37.7521786],[13.5575404,37.75094],[13.5536461,37.7523069],[13.5494059,37.7574144]]]},"properties":{"ha":662.0,"date":"2026-07-27","day":26,"country":"IT","place":"Vicari, Palermo","rank":76}},{"type":"Feature","geometry":{"type":"Polygon","coordinates":[[[2.653042,48.404156],[2.6645764,48.4058266],[2.6716133,48.4030849],[2.6753355,48.4040948],[2.674931,48.3968226],[2.6672667,48.3927811],[2.6592751,48.3953801],[2.6482146,48.3931124],[2.6492606,48.3894139],[2.6552474,48.3892395],[2.659115,48.3863367],[2.6579175,48.3827492],[2.6461657,48.3749058],[2.6406207,48.3737249],[2.63535,48.3775281],[2.6365502,48.3815867],[2.6304496,48.3852707],[2.6328728,48.3903742],[2.6295229,48.3934521],[2.6324248,48.3957101],[2.6397388,48.3942479],[2.6364021,48.3971044],[2.6392468,48.3986464],[2.6396962,48.4031033],[2.638183,48.4043344],[2.6414094,48.4063407],[2.653042,48.404156]]]},"properties":{"ha":650.0,"date":"2026-07-13","day":12,"country":"FR","place":"Fontainebleau, Seine-et-Marne","rank":77}},{"type":"Feature","geometry":{"type":"Polygon","coordinates":[[[17.9259695,43.4380285],[17.9258647,43.4422318],[17.9312084,43.4440021],[17.9338905,43.4493201],[17.9444786,43.4491953],[17.9445057,43.4529228],[17.9540817,43.4593701],[17.9586691,43.4571734],[17.9599081,43.4587069],[17.9568678,43.4616844],[17.9624965,43.4580795],[17.9676821,43.4594864],[17.970525,43.4566069],[17.972893,43.4577503],[17.9695252,43.455502],[17.9723025,43.4543019],[17.9697837,43.4541759],[17.97391,43.451957],[17.9730418,43.4506903],[17.9706653,43.4520585],[17.9676358,43.4497364],[17.964896,43.4505446],[17.9671936,43.4486007],[17.970265,43.4509634],[17.9688301,43.4475505],[17.9714265,43.4474911],[17.9697966,43.4459867],[17.9716088,43.443368],[17.9685048,43.4410797],[17.9666928,43.4412568],[17.9675496,43.4439331],[17.9610406,43.4423424],[17.9702608,43.4377668],[17.9692215,43.4362186],[17.9610953,43.4346729],[17.9586028,43.4371019],[17.9594451,43.4395936],[17.9572989,43.4390263],[17.9551604,43.4404819],[17.9562865,43.4417096],[17.9541819,43.4418436],[17.9552451,43.4385131],[17.9534299,43.438443],[17.9527178,43.4427503],[17.9506158,43.4421367],[17.949485,43.4440936],[17.949771,43.4411189],[17.9468677,43.4395326],[17.9345518,43.4385187],[17.9278593,43.4337906],[17.917018,43.4327653],[17.9199817,43.439008],[17.9259695,43.4380285]]]},"properties":{"ha":646.0,"date":"2026-07-09","day":8,"country":"BA","place":"N.A., Mostar","rank":78}},{"type":"Feature","geometry":{"type":"Polygon","coordinates":[[[-1.9360584,53.4981747],[-1.966874,53.4897739],[-1.9610921,53.4918735],[-1.9649857,53.4912107],[-1.9595903,53.4947383],[-1.9701909,53.4938037],[-1.9709338,53.498158],[-1.9724428,53.4990659],[-1.9719792,53.4965644],[-1.9756043,53.4952429],[-1.9783944,53.4964947],[-1.9809641,53.4941936],[-1.9804609,53.4955482],[-1.9870481,53.4952682],[-1.991151,53.4933586],[-1.9804165,53.4984813],[-1.9833199,53.4999674],[-1.9738784,53.4999038],[-1.9712104,53.5051347],[-1.967593,53.5064361],[-1.9509059,53.5031466],[-1.9406329,53.5047424],[-1.9334254,53.501313],[-1.9297114,53.5015366],[-1.9311526,53.5035072],[-1.9264163,53.5036274],[-1.9284415,53.5038675],[-1.9248652,53.504901],[-1.9266644,53.5048205],[-1.9249466,53.5058574],[-1.926729,53.5069919],[-1.9240697,53.5083125],[-1.9262341,53.5085019],[-1.9214572,53.5101081],[-1.9161952,53.5084641],[-1.9140217,53.5049332],[-1.9021426,53.4960212],[-1.9064369,53.4937498],[-1.9040457,53.4902689],[-1.9104765,53.4881261],[-1.9133687,53.4899143],[-1.917001,53.4881737],[-1.9208539,53.4893554],[-1.9241098,53.4974239],[-1.9306009,53.4961136],[-1.9302728,53.4979607],[-1.9360584,53.4981747]]]},"properties":{"ha":606.0,"date":"2026-07-12","day":11,"country":"UK","place":"High Peak, South and West Derbyshire","rank":79}},{"type":"Feature","geometry":{"type":"Polygon","coordinates":[[[15.1646176,37.8562526],[15.1651277,37.8694489],[15.170521,37.8670262],[15.1799274,37.8689107],[15.1825117,37.8676244],[15.1815923,37.8599474],[15.1830162,37.8578981],[15.1852835,37.8567611],[15.1920282,37.8591639],[15.1968916,37.8547619],[15.1971405,37.852966],[15.1953688,37.8528141],[15.1994558,37.8528689],[15.2010507,37.8510584],[15.1975438,37.8461514],[15.164374,37.8462842],[15.1592569,37.8486917],[15.1575576,37.852511],[15.1646176,37.8562526]]]},"properties":{"ha":605.0,"date":"2026-07-18","day":17,"country":"IT","place":"Castiglione di Sicilia, Catania","rank":80}},{"type":"Feature","geometry":{"type":"Polygon","coordinates":[[[8.3729488,46.0287076],[8.3797076,46.0311153],[8.3809078,46.0280966],[8.3820116,46.0312569],[8.3837419,46.0311497],[8.3821232,46.0269103],[8.3833479,46.0241515],[8.3813167,46.0237403],[8.3830201,46.0231291],[8.3819004,46.0161339],[8.3760295,46.0105464],[8.3702735,46.0109801],[8.3698132,46.007094],[8.3668286,46.0095253],[8.3656334,46.008965],[8.3659502,46.0084547],[8.3677283,46.0081863],[8.3634325,46.0060375],[8.3648728,46.0042324],[8.3683311,46.004669],[8.3689797,46.0069284],[8.3694386,46.0043609],[8.3748622,46.005679],[8.373671,46.0038145],[8.3708795,46.0044154],[8.3707274,46.0026643],[8.367924,46.0042792],[8.3652674,46.00195],[8.3636092,46.0023146],[8.3653815,46.0027969],[8.3640555,46.0038688],[8.3639384,46.0028138],[8.3618949,46.0017616],[8.3630171,46.0037358],[8.360811,46.0036635],[8.3561004,46.001469],[8.3640822,46.0008265],[8.3580544,45.9998171],[8.357822,45.9979671],[8.3598134,45.9985829],[8.357747,45.9970623],[8.3536216,45.999001],[8.3542662,46.0001422],[8.3488696,46.0004163],[8.3517588,46.0036402],[8.3472024,46.0053183],[8.3487933,46.0013172],[8.3447616,46.0035902],[8.3450697,46.0023418],[8.3428095,46.0026041],[8.3393491,46.006191],[8.3425869,46.0050127],[8.3399755,46.0067079],[8.344829,46.0071735],[8.3402989,46.0076946],[8.3445964,46.0096079],[8.3426011,46.0106301],[8.3432784,46.0127329],[8.3399572,46.0121622],[8.3400325,46.0172995],[8.3426288,46.0164167],[8.3420453,46.018449],[8.3428356,46.0175706],[8.3476243,46.0183602],[8.3446095,46.0189245],[8.3474847,46.0192747],[8.3457629,46.021699],[8.3498636,46.0227767],[8.3517638,46.0181577],[8.3506494,46.0171523],[8.3560992,46.0154877],[8.358642,46.0172822],[8.3560702,46.0149086],[8.3601702,46.0141591],[8.361547,46.0169564],[8.3599219,46.0183616],[8.362243,46.0213359],[8.3610611,46.0234762],[8.3629291,46.021431],[8.3635437,46.0232738],[8.3653075,46.0222087],[8.3638363,46.0240649],[8.3664084,46.0236692],[8.365403,46.0259472],[8.3696297,46.0266122],[8.3722948,46.0222497],[8.3755554,46.0218225],[8.3733761,46.023834],[8.3729488,46.0287076]]]},"properties":{"ha":603.0,"date":"2026-07-04","day":3,"country":"IT","place":"Premosello-Chiovenda, Verbano-Cusio-Ossola","rank":81}},{"type":"Feature","geometry":{"type":"Polygon","coordinates":[[[38.4658114,48.4733074],[38.4832767,48.4720047],[38.4820442,48.4752504],[38.4834927,48.4763976],[38.4988121,48.4817537],[38.498217,48.4788583],[38.486327,48.4713549],[38.5096463,48.4630627],[38.4905088,48.4535071],[38.4748642,48.4595571],[38.4672065,48.4588135],[38.4658489,48.4638339],[38.4590448,48.4648184],[38.4541351,48.46921],[38.4553088,48.4718496],[38.4658114,48.4733074]]]},"properties":{"ha":569.0,"date":"2026-07-02","day":1,"country":"UA","place":"N.A., N.A.","rank":82}},{"type":"Feature","geometry":{"type":"Polygon","coordinates":[[[33.9711982,46.09585],[33.9747149,46.0979168],[34.0185863,46.0947282],[34.0236164,46.0903227],[34.0189351,46.0859929],[34.0155009,46.0860323],[34.0133933,46.0805365],[34.0131526,46.0868381],[34.0054365,46.0735402],[34.0003915,46.0702027],[33.9981455,46.0705344],[33.9982229,46.0723562],[34.0013429,46.08845],[33.9981723,46.0897699],[33.9875301,46.0872562],[33.9852148,46.084177],[33.9821216,46.0846732],[33.9757842,46.0805684],[33.9771097,46.0868219],[33.969381,46.0828024],[33.9711982,46.09585]]]},"properties":{"ha":553.0,"date":"2026-07-18","day":17,"country":"UA","place":"N.A., N.A.","rank":83}},{"type":"Feature","geometry":{"type":"Polygon","coordinates":[[[6.5372147,44.7748345],[6.545781,44.7754205],[6.5476154,44.7724886],[6.5655348,44.7629025],[6.5722993,44.75464],[6.572845,44.7459307],[6.5633248,44.7424847],[6.5526925,44.7531521],[6.54196,44.7561589],[6.5368354,44.7643909],[6.5380553,44.770122],[6.5353171,44.771625],[6.5372147,44.7748345]]]},"properties":{"ha":552.0,"date":"2026-07-20","day":19,"country":"FR","place":"Argentière-la-Bessée, Hautes-Alpes","rank":84}},{"type":"Feature","geometry":{"type":"Polygon","coordinates":[[[-6.6805833,38.3014557],[-6.6730643,38.2990941],[-6.6746961,38.2946986],[-6.6656337,38.2994411],[-6.6573804,38.2921418],[-6.6566962,38.294746],[-6.6521102,38.2944539],[-6.6465152,38.2866369],[-6.651444,38.2829467],[-6.6570892,38.2851059],[-6.6576075,38.2877824],[-6.6594043,38.2880485],[-6.6610427,38.2866989],[-6.6584433,38.2861715],[-6.6601358,38.2832077],[-6.6524308,38.2815722],[-6.6513343,38.2798438],[-6.6579984,38.2782979],[-6.67231,38.2872172],[-6.6722731,38.2910035],[-6.6752132,38.290849],[-6.683156,38.2857806],[-6.680681,38.2830321],[-6.6844591,38.2820162],[-6.6873336,38.2839435],[-6.6877744,38.2815372],[-6.6915224,38.2809369],[-6.6943131,38.2844471],[-6.6924578,38.2884115],[-6.6975193,38.2907556],[-6.6963796,38.2928873],[-6.6976189,38.294055],[-6.6922479,38.2941096],[-6.6917869,38.2955248],[-6.6845285,38.2941582],[-6.6805833,38.3014557]],[[-6.6881766,38.287832],[-6.6888648,38.2859798],[-6.6868072,38.2875646],[-6.6881766,38.287832]]]},"properties":{"ha":550.0,"date":"2026-07-06","day":5,"country":"ES","place":"Jerez de los Caballeros, Badajoz","rank":85}},{"type":"Feature","geometry":{"type":"Polygon","coordinates":[[[13.694226,37.6691195],[13.6988671,37.6748776],[13.6951854,37.6791583],[13.6961147,37.680615],[13.701935,37.677029],[13.7017361,37.674864],[13.7077783,37.6731988],[13.7154611,37.6761129],[13.7193804,37.6726301],[13.7208534,37.6750491],[13.7254611,37.6710636],[13.7212398,37.6640339],[13.7227984,37.6611602],[13.7176623,37.6550375],[13.713904,37.6539055],[13.7177065,37.6515294],[13.7162591,37.6509306],[13.7206416,37.6504811],[13.7190387,37.6475738],[13.7148002,37.6472534],[13.7128404,37.6498061],[13.7144235,37.6509179],[13.710592,37.6516062],[13.7117322,37.649814],[13.7091888,37.6489186],[13.7070561,37.6515111],[13.7124386,37.6532385],[13.7104359,37.6546188],[13.7054117,37.6524875],[13.7032819,37.6575162],[13.7010122,37.6564677],[13.6974136,37.6591749],[13.6944295,37.6580799],[13.6920547,37.6650467],[13.6951875,37.6639669],[13.6960998,37.6670379],[13.694226,37.6691195]],[[13.7195766,37.6708971],[13.7179311,37.6704306],[13.7164678,37.6653623],[13.7205726,37.6682442],[13.7195766,37.6708971]],[[13.702024,37.6604958],[13.6955274,37.6631329],[13.7002328,37.6607246],[13.6983197,37.6595276],[13.702024,37.6604958]]]},"properties":{"ha":546.0,"date":"2026-07-14","day":13,"country":"IT","place":"Cammarata, Agrigento","rank":86}},{"type":"Feature","geometry":{"type":"Polygon","coordinates":[[[32.9199319,46.6935771],[32.9248568,46.6854405],[32.9209204,46.6810112],[32.9217044,46.6769482],[32.9062057,46.6765048],[32.9009585,46.6731772],[32.8985108,46.6740855],[32.8998518,46.6765194],[32.9044026,46.6778994],[32.8972375,46.6806732],[32.899665,46.6844816],[32.8933446,46.690058],[32.8889211,46.690407],[32.8882169,46.695167],[32.9010724,46.7018892],[32.8995759,46.7045378],[32.9075704,46.7077469],[32.9098079,46.7048573],[32.9051854,46.6990895],[32.9199319,46.6935771]]]},"properties":{"ha":538.0,"date":"2026-07-01","day":0,"country":"UA","place":"N.A., N.A.","rank":87}},{"type":"Feature","geometry":{"type":"Polygon","coordinates":[[[31.9045017,38.9424854],[31.9006653,38.9423856],[31.9023449,38.9419803],[31.9009773,38.9406907],[31.8994588,38.943673],[31.8979423,38.9416369],[31.8944764,38.9418077],[31.8966805,38.9453428],[31.8989774,38.9448573],[31.8980924,38.9435836],[31.9012488,38.9439939],[31.8996948,38.9466365],[31.9018528,38.9481311],[31.904181,38.9456971],[31.9016814,38.9457943],[31.907297,38.9432081],[31.9097378,38.9436898],[31.9081727,38.9449596],[31.9182557,38.9466863],[31.9212102,38.9449322],[31.9222676,38.9468996],[31.9237555,38.9427614],[31.9290843,38.9426506],[31.9341215,38.9457134],[31.9380794,38.9444731],[31.9370898,38.9421826],[31.9388901,38.9419349],[31.9375414,38.9402149],[31.9395454,38.9376486],[31.9444179,38.9374387],[31.9411993,38.9347371],[31.9454497,38.9346694],[31.9456902,38.9333163],[31.9371806,38.9284935],[31.9341829,38.9300855],[31.9348965,38.9316411],[31.9298327,38.9325302],[31.9315031,38.9291438],[31.9366535,38.9280953],[31.9322776,38.925548],[31.924576,38.9300278],[31.9164251,38.9312626],[31.9126741,38.9246107],[31.9073131,38.9309267],[31.9091338,38.9390245],[31.9045017,38.9424854]]]},"properties":{"ha":532.0,"date":"2026-07-01","day":0,"country":"TR","place":"N.A., Konya","rank":88}},{"type":"Feature","geometry":{"type":"Polygon","coordinates":[[[36.4822488,47.3447402],[36.4776061,47.3394057],[36.4738313,47.3394246],[36.4716829,47.3373062],[36.4638968,47.3434332],[36.4594554,47.3504816],[36.4542207,47.3507228],[36.4514166,47.359353],[36.4463683,47.3591308],[36.443471,47.3617544],[36.4537616,47.3637406],[36.4504514,47.3758564],[36.4612599,47.3750086],[36.4662718,47.365633],[36.4727968,47.3614471],[36.4718794,47.3552225],[36.4822488,47.3447402]]]},"properties":{"ha":529.0,"date":"2026-07-20","day":19,"country":"UA","place":"N.A., N.A.","rank":89}},{"type":"Feature","geometry":{"type":"Polygon","coordinates":[[[32.3789094,46.4650027],[32.3839307,46.4644005],[32.3893578,46.4664827],[32.3930438,46.4637777],[32.3934777,46.4539184],[32.3898904,46.4526214],[32.3897756,46.4499248],[32.3863947,46.4494704],[32.3833683,46.443941],[32.3565576,46.4446552],[32.3511838,46.4464101],[32.3542186,46.4508496],[32.36536,46.454501],[32.3570706,46.4564267],[32.3586848,46.4583587],[32.3684556,46.4595824],[32.3612523,46.4599657],[32.3616482,46.4614128],[32.3789094,46.4650027]]]},"properties":{"ha":528.0,"date":"2026-07-02","day":1,"country":"UA","place":"N.A., N.A.","rank":90}},{"type":"Feature","geometry":{"type":"Polygon","coordinates":[[[-3.7830326,39.8066776],[-3.7820033,39.8108742],[-3.7866516,39.8154109],[-3.783769,39.8159842],[-3.7820604,39.8175037],[-3.7888539,39.818575],[-3.7872974,39.8209487],[-3.7889914,39.8230845],[-3.7914697,39.8175891],[-3.7941175,39.8196027],[-3.7888321,39.8258986],[-3.7805481,39.8263014],[-3.7782616,39.8281408],[-3.7723764,39.8253631],[-3.7768668,39.8241484],[-3.7760245,39.8224918],[-3.7714684,39.8222772],[-3.7716274,39.8206157],[-3.7704254,39.8217876],[-3.7666458,39.8218],[-3.767587,39.8229421],[-3.7658672,39.8238874],[-3.7650751,39.8234371],[-3.7667975,39.822504],[-3.7651245,39.8217162],[-3.7656024,39.819584],[-3.7696333,39.8213373],[-3.7667942,39.8192643],[-3.7696064,39.8182136],[-3.7656651,39.8195],[-3.7635896,39.818269],[-3.7677611,39.8180508],[-3.765928,39.8165949],[-3.7625964,39.81801],[-3.7623295,39.8157961],[-3.7634793,39.8170706],[-3.7655287,39.8163919],[-3.7633749,39.815172],[-3.7538029,39.8151696],[-3.7517995,39.8135779],[-3.7535359,39.8121773],[-3.7444144,39.8100487],[-3.745925,39.8090334],[-3.7457161,39.8079873],[-3.7446236,39.8094435],[-3.7427527,39.8079579],[-3.7456771,39.8067543],[-3.7518587,39.8089458],[-3.7529459,39.8062637],[-3.7570658,39.8064974],[-3.7562957,39.803686],[-3.7589968,39.8028765],[-3.7589138,39.8002988],[-3.7619937,39.8000397],[-3.7696235,39.8044271],[-3.769387,39.806219],[-3.7711561,39.8051258],[-3.7743544,39.8078515],[-3.7795878,39.8068935],[-3.7795959,39.804893],[-3.7830326,39.8066776]],[[-3.7683353,39.8123879],[-3.7678804,39.8113821],[-3.7669814,39.8114178],[-3.7675078,39.8124045],[-3.7683353,39.8123879]],[[-3.780629,39.813894],[-3.7818569,39.8122272],[-3.778356,39.8087673],[-3.778346,39.8130258],[-3.780629,39.813894]],[[-3.783459,39.8192966],[-3.7804248,39.8190628],[-3.7808024,39.8204963],[-3.783459,39.8192966]],[[-3.7851211,39.8231479],[-3.7842256,39.8225787],[-3.7838123,39.8230896],[-3.7851211,39.8231479]]]},"properties":{"ha":527.0,"date":"2026-07-08","day":7,"country":"ES","place":"La Guardia, Toledo","rank":91}},{"type":"Feature","geometry":{"type":"Polygon","coordinates":[[[32.9156995,46.6490189],[32.9099818,46.6447134],[32.9167987,46.6424262],[32.9072697,46.6352403],[32.9201597,46.6326468],[32.9239436,46.6287142],[32.9229399,46.6239581],[32.9288421,46.6200275],[32.9107724,46.616424],[32.9107693,46.6186551],[32.9081008,46.6197125],[32.9001322,46.619579],[32.8787001,46.6146888],[32.8801744,46.6179417],[32.8861393,46.6206301],[32.8992778,46.6219842],[32.8995181,46.6296892],[32.9022087,46.6343849],[32.8940607,46.6388716],[32.8961052,46.641818],[32.9050748,46.6447757],[32.9066776,46.6470188],[32.9156995,46.6490189]]]},"properties":{"ha":521.0,"date":"2026-07-03","day":2,"country":"UA","place":"N.A., N.A.","rank":92}},{"type":"Feature","geometry":{"type":"Polygon","coordinates":[[[36.793995,47.7018708],[36.8016842,47.7017755],[36.803406,47.70425],[36.7997799,47.7100461],[36.8158384,47.7106736],[36.8086206,47.7142752],[36.8052507,47.7233774],[36.8189481,47.7219542],[36.8213517,47.7126966],[36.8172007,47.7112677],[36.8183229,47.7095568],[36.8218022,47.7097956],[36.8201607,47.7058376],[36.8247438,47.7032058],[36.8206052,47.6993696],[36.814884,47.7016362],[36.8174429,47.6969763],[36.8117511,47.6961376],[36.8146571,47.6933167],[36.8079883,47.6920717],[36.8016542,47.6954035],[36.8000236,47.6895857],[36.7960355,47.6856662],[36.7872485,47.6929485],[36.7817491,47.6941899],[36.793995,47.7018708]]]},"properties":{"ha":516.0,"date":"2026-07-13","day":12,"country":"UA","place":"N.A., N.A.","rank":93}},{"type":"Feature","geometry":{"type":"Polygon","coordinates":[[[38.2470041,48.7797961],[38.2644592,48.7735536],[38.2598103,48.7663592],[38.2636567,48.766709],[38.2688849,48.7637157],[38.278961,48.7638125],[38.2802769,48.760394],[38.2773953,48.7609494],[38.2806684,48.7587586],[38.2799011,48.7573445],[38.2762817,48.7596274],[38.2735431,48.7589407],[38.2765595,48.7563921],[38.2719254,48.7580489],[38.2653114,48.7563349],[38.2616081,48.7573181],[38.2582525,48.7549117],[38.2561774,48.7582347],[38.2507206,48.7608373],[38.2529157,48.7624096],[38.2516653,48.7632353],[38.2457268,48.7624708],[38.2466788,48.7594894],[38.239838,48.758501],[38.2324594,48.7608281],[38.2300783,48.7662624],[38.2303484,48.7693949],[38.2354377,48.7680272],[38.2402004,48.7690795],[38.2409631,48.7702046],[38.2388465,48.7715438],[38.2342234,48.7691641],[38.2302585,48.7701596],[38.2470041,48.7797961]]]},"properties":{"ha":515.0,"date":"2026-07-07","day":6,"country":"UA","place":"N.A., N.A.","rank":94}},{"type":"Feature","geometry":{"type":"Polygon","coordinates":[[[-7.2560464,40.4249995],[-7.2395755,40.4209123],[-7.2409374,40.4187652],[-7.2456392,40.4176576],[-7.2437149,40.4169064],[-7.2428339,40.4126247],[-7.2457662,40.4082882],[-7.2469749,40.4072972],[-7.2477885,40.4093584],[-7.2509119,40.4099017],[-7.2523032,40.408622],[-7.2513617,40.406694],[-7.256001,40.4053131],[-7.2529055,40.4030364],[-7.2564582,40.3995255],[-7.2530034,40.3979427],[-7.2543181,40.3892332],[-7.2652111,40.3897216],[-7.2557791,40.3935014],[-7.2571991,40.395535],[-7.2606297,40.3922103],[-7.2643415,40.3949869],[-7.2668266,40.3942274],[-7.261633,40.4006168],[-7.2724999,40.404392],[-7.2656827,40.4102996],[-7.2638543,40.4196038],[-7.2603922,40.420294],[-7.2560464,40.4249995]],[[-7.2533792,40.4167902],[-7.2561091,40.4191882],[-7.2562607,40.415987],[-7.2533792,40.4167902]],[[-7.2629778,40.404559],[-7.2652287,40.4063226],[-7.265277,40.404612],[-7.2629778,40.404559]]]},"properties":{"ha":498.0,"date":"2026-07-07","day":6,"country":"PT","place":"Bendada, Beiras e Serra da Estrela","rank":95}},{"type":"Feature","geometry":{"type":"Polygon","coordinates":[[[-6.0871187,42.597341],[-6.0848458,42.5999171],[-6.0805238,42.6004769],[-6.0728749,42.5944916],[-6.0607361,42.5916367],[-6.0640698,42.5907031],[-6.0633648,42.5883489],[-6.0606756,42.5879245],[-6.0654885,42.5834401],[-6.0646957,42.577805],[-6.0664045,42.5736731],[-6.0685267,42.5731176],[-6.0658467,42.5713518],[-6.0665701,42.5690378],[-6.0698831,42.568354],[-6.0676197,42.5682284],[-6.0687436,42.5647339],[-6.0727203,42.5644513],[-6.0728573,42.5689351],[-6.0783295,42.5740788],[-6.0805775,42.5799628],[-6.0883081,42.5828111],[-6.0868999,42.5904133],[-6.0893129,42.590892],[-6.0878447,42.5914682],[-6.0871187,42.597341]]]},"properties":{"ha":497.0,"date":"2026-07-07","day":6,"country":"ES","place":"Magaz de Cepeda, León","rank":96}},{"type":"Feature","geometry":{"type":"Polygon","coordinates":[[[38.6672874,48.9356736],[38.675259,48.9319612],[38.6767399,48.9352919],[38.6934222,48.931919],[38.6951494,48.9344647],[38.6933816,48.9356546],[38.6956937,48.9363159],[38.6970553,48.9395808],[38.7020166,48.9392162],[38.7049117,48.9305437],[38.699883,48.9251576],[38.7003362,48.922445],[38.6941501,48.9186869],[38.6961277,48.9170997],[38.683178,48.915358],[38.6865957,48.9131407],[38.6868292,48.9156261],[38.689034,48.9155461],[38.6886286,48.9133216],[38.6927919,48.9109593],[38.684556,48.9098346],[38.6765108,48.9116483],[38.6672874,48.9356736]]]},"properties":{"ha":497.0,"date":"2026-07-01","day":0,"country":"UA","place":"N.A., N.A.","rank":97}},{"type":"Feature","geometry":{"type":"Polygon","coordinates":[[[1.6524687,41.5661094],[1.6636648,41.5629796],[1.6617762,41.5617145],[1.6649932,41.5606191],[1.6742362,41.5631085],[1.6716428,41.5571449],[1.6736411,41.5528823],[1.655753,41.5460385],[1.6582549,41.5435348],[1.649995,41.5387919],[1.6428043,41.544422],[1.6427293,41.5469453],[1.6388975,41.5502936],[1.6387003,41.5552424],[1.641141,41.5575919],[1.6515139,41.5602195],[1.6512161,41.5629284],[1.6543988,41.5649683],[1.6524687,41.5661094]]]},"properties":{"ha":495.0,"date":"2026-07-06","day":5,"country":"ES","place":"La Pobla de Claramunt, Barcelona","rank":98}},{"type":"Feature","geometry":{"type":"Polygon","coordinates":[[[32.5089297,46.4396352],[32.5075356,46.4380449],[32.506046,46.4390068],[32.5067994,46.4364072],[32.5051672,46.4351518],[32.4995885,46.435409],[32.4935802,46.4313569],[32.4890859,46.4306761],[32.4826693,46.436008],[32.47563,46.4358536],[32.472699,46.4408018],[32.4728842,46.4470855],[32.4700306,46.450105],[32.4644728,46.4503766],[32.4635401,46.452783],[32.4738602,46.4533775],[32.4758562,46.4512147],[32.4961128,46.4525785],[32.4983042,46.4473176],[32.5011492,46.4484167],[32.499607,46.4460968],[32.5029938,46.4453862],[32.5089297,46.4396352]]]},"properties":{"ha":492.0,"date":"2026-07-05","day":4,"country":"UA","place":"N.A., N.A.","rank":99}},{"type":"Feature","geometry":{"type":"Polygon","coordinates":[[[16.8223585,42.9411154],[16.8267521,42.9439325],[16.8272059,42.9465497],[16.8327721,42.9474148],[16.831475,42.9486313],[16.8418745,42.953864],[16.8467818,42.9510197],[16.851885,42.9532846],[16.8569018,42.9517339],[16.8663997,42.9526729],[16.870355,42.9475841],[16.873219,42.9471887],[16.8679234,42.9436143],[16.868086,42.941615],[16.8626514,42.9413769],[16.8543889,42.9343531],[16.8500946,42.9342033],[16.8496861,42.9359636],[16.8454519,42.9340492],[16.8373032,42.9391461],[16.8348925,42.9384421],[16.8368927,42.9403509],[16.833763,42.9406728],[16.8326807,42.9432226],[16.8365431,42.9429112],[16.837526,42.944007],[16.8354759,42.9456825],[16.8374992,42.9467526],[16.828147,42.9452769],[16.8322993,42.9407204],[16.8223585,42.9411154]],[[16.8524954,42.9482707],[16.8455896,42.9504222],[16.8443815,42.9468924],[16.8515202,42.9461071],[16.8524954,42.9482707]]]},"properties":{"ha":489.0,"date":"2026-07-11","day":10,"country":"HR","place":"Smokvica, Dubrovačko-neretvanska županija","rank":100}},{"type":"Feature","geometry":{"type":"Polygon","coordinates":[[[37.8638535,47.4485406],[37.8667025,47.4454344],[37.8686914,47.4380172],[37.860627,47.4239686],[37.8512366,47.4207631],[37.8518076,47.419325],[37.8469236,47.4140911],[37.8421569,47.4118657],[37.8374705,47.4140728],[37.839106,47.4214505],[37.8300868,47.4207471],[37.8430435,47.4242288],[37.8452175,47.4258317],[37.8432423,47.4270956],[37.8448535,47.4311115],[37.8491599,47.4317228],[37.8499094,47.4377058],[37.845673,47.4405328],[37.8488996,47.4412323],[37.8485594,47.4430716],[37.8444475,47.4445853],[37.8564866,47.4457687],[37.8585062,47.4440413],[37.8582632,47.4476834],[37.8638535,47.4485406]]]},"properties":{"ha":488.0,"date":"2026-07-05","day":4,"country":"UA","place":"N.A., N.A.","rank":101}},{"type":"Feature","geometry":{"type":"Polygon","coordinates":[[[6.0678417,43.5212235],[6.0662657,43.5206084],[6.0687422,43.5201668],[6.0685079,43.5181277],[6.0643119,43.5200875],[6.0603246,43.5186687],[6.0699442,43.5151402],[6.0726306,43.511145],[6.0659394,43.5140792],[6.0578569,43.5114953],[6.0491321,43.5184777],[6.0518576,43.5171137],[6.0557525,43.5190454],[6.0491326,43.521182],[6.0418618,43.5196227],[6.0473492,43.5139444],[6.0457937,43.512793],[6.0338616,43.5182274],[6.0354417,43.5195617],[6.0255103,43.5197322],[6.0222783,43.5243433],[6.0160498,43.5250714],[6.0149834,43.5292191],[6.0126371,43.5304628],[6.01494,43.5321415],[6.0093639,43.5320328],[6.012782,43.5360942],[6.0153909,43.5353374],[6.0165767,43.5323703],[6.0227684,43.5336531],[6.0357892,43.5260779],[6.0407236,43.5258177],[6.04124,43.5239082],[6.0454323,43.5278761],[6.0458375,43.5261579],[6.0511447,43.5258091],[6.056744,43.5263585],[6.0559505,43.5285595],[6.057432,43.5286593],[6.0577694,43.5262359],[6.0618963,43.5271443],[6.0639503,43.5229983],[6.0678417,43.5212235]]]},"properties":{"ha":486.0,"date":"2026-07-21","day":20,"country":"FR","place":"Pontevès, Var","rank":102}},{"type":"Feature","geometry":{"type":"Polygon","coordinates":[[[14.455793,42.0384709],[14.450252,42.0354071],[14.4530769,42.0245601],[14.4506287,42.024547],[14.4585143,42.0211388],[14.4586722,42.0155046],[14.4500269,42.0196739],[14.438098,42.0181091],[14.4372573,42.0153282],[14.4331852,42.0155065],[14.4334879,42.011932],[14.4287092,42.0090237],[14.4268488,42.0118022],[14.4285347,42.0128103],[14.4248946,42.0155535],[14.4280802,42.0179958],[14.4252095,42.0188862],[14.4281631,42.0207174],[14.4260856,42.0225415],[14.4279631,42.0237223],[14.4256098,42.0236257],[14.4302726,42.025428],[14.430755,42.0283211],[14.4285464,42.028532],[14.4281976,42.0313607],[14.4362549,42.036891],[14.4440028,42.0395395],[14.4556638,42.040592],[14.455793,42.0384709]],[[14.4419418,42.0275662],[14.4323853,42.0277513],[14.4443346,42.0255467],[14.4419418,42.0275662]],[[14.4361689,42.0225155],[14.435444,42.0248076],[14.4333274,42.0235957],[14.4361689,42.0225155]]]},"properties":{"ha":482.0,"date":"2026-07-06","day":5,"country":"IT","place":"Tornareccio, Chieti","rank":103}},{"type":"Feature","geometry":{"type":"Polygon","coordinates":[[[38.6365078,48.8658634],[38.6322992,48.8677174],[38.6327009,48.8759587],[38.637285,48.8802646],[38.6360674,48.8840751],[38.6448507,48.8922318],[38.6576702,48.8918901],[38.6596319,48.8878224],[38.6590278,48.8849869],[38.6560599,48.8836792],[38.6576711,48.8815916],[38.6644932,48.8788359],[38.670966,48.8788105],[38.6651142,48.8742254],[38.6604462,48.8739852],[38.658951,48.8764708],[38.6529623,48.8676485],[38.6473307,48.864754],[38.6453386,48.8651543],[38.6468934,48.8690267],[38.6453472,48.8706112],[38.6414976,48.8701729],[38.639864,48.8670922],[38.6365078,48.8658634]]]},"properties":{"ha":477.0,"date":"2026-07-08","day":7,"country":"UA","place":"N.A., N.A.","rank":104}},{"type":"Feature","geometry":{"type":"Polygon","coordinates":[[[2.2982339,43.5577968],[2.2941622,43.5613368],[2.2891931,43.5610265],[2.2859471,43.5630781],[2.2873911,43.5635951],[2.281947,43.5651431],[2.2819227,43.5686747],[2.2921123,43.5637521],[2.2929757,43.5647363],[2.2873946,43.5690232],[2.3012786,43.5628606],[2.3022787,43.5650087],[2.308375,43.5620555],[2.3061905,43.565391],[2.3078603,43.5653757],[2.3132856,43.5611582],[2.3170483,43.5638686],[2.3164753,43.5655256],[2.322844,43.5639005],[2.3280477,43.5601557],[2.3296225,43.5604938],[2.3283198,43.5623593],[2.3309218,43.5603942],[2.3303717,43.562872],[2.3334653,43.55905],[2.3359074,43.5594934],[2.3417346,43.5497512],[2.3396984,43.5475769],[2.33699,43.5482176],[2.3358298,43.545855],[2.3340731,43.548564],[2.3197868,43.550475],[2.2982339,43.5577968]]]},"properties":{"ha":472.0,"date":"2026-07-24","day":23,"country":"??","place":"N.A., N.A.","rank":105}},{"type":"Feature","geometry":{"type":"Polygon","coordinates":[[[32.2180287,46.614128],[32.2227059,46.5984499],[32.2261785,46.5981242],[32.2254763,46.5968036],[32.2228623,46.5963642],[32.2216481,46.5987729],[32.2149818,46.5977493],[32.2131796,46.6010238],[32.2092761,46.5977127],[32.2017385,46.5947308],[32.1996574,46.5962517],[32.1970339,46.5938343],[32.1950012,46.5967845],[32.1960593,46.5985911],[32.1911811,46.5982667],[32.1863318,46.6016647],[32.1858147,46.6039967],[32.1988447,46.61121],[32.2013207,46.6103768],[32.2002405,46.6120239],[32.2032279,46.6127403],[32.2031041,46.6145404],[32.1975568,46.6157975],[32.1960416,46.6225711],[32.1998485,46.6221115],[32.2085796,46.6166789],[32.2082727,46.6146873],[32.2055791,46.615644],[32.207381,46.6128882],[32.2144531,46.6158901],[32.2180287,46.614128]]]},"properties":{"ha":455.0,"date":"2026-07-02","day":1,"country":"UA","place":"N.A., N.A.","rank":106}},{"type":"Feature","geometry":{"type":"Polygon","coordinates":[[[19.0173317,42.8565783],[19.0152245,42.8574684],[19.0133088,42.8626794],[19.0147012,42.8642869],[19.0234984,42.8605792],[19.027954,42.8616754],[19.0267395,42.8605862],[19.0317067,42.8577648],[19.0352151,42.8583141],[19.0370132,42.8547939],[19.0406543,42.8546628],[19.0416992,42.851953],[19.0469718,42.8574462],[19.0507916,42.8558351],[19.0515169,42.8534231],[19.0490777,42.8517942],[19.0502492,42.8495731],[19.0451326,42.8467981],[19.0487269,42.8443991],[19.0445473,42.844012],[19.0477262,42.841949],[19.0469093,42.8376354],[19.0420297,42.8377635],[19.0403577,42.8363736],[19.0423743,42.8338848],[19.036718,42.8340435],[19.0364402,42.8325677],[19.0351283,42.8335313],[19.0362868,42.8353133],[19.0324836,42.8363453],[19.0379238,42.8412468],[19.0355792,42.8429567],[19.0378229,42.8446285],[19.0331488,42.8446058],[19.0340189,42.8437105],[19.029807,42.8419792],[19.0284343,42.8437433],[19.0313479,42.8440231],[19.033355,42.8472394],[19.0221189,42.8472839],[19.0177571,42.8522025],[19.0173317,42.8565783]]]},"properties":{"ha":454.0,"date":"2026-07-15","day":14,"country":"ME","place":"N.A., Црна Гора","rank":107}},{"type":"Feature","geometry":{"type":"Polygon","coordinates":[[[37.4718724,47.9472033],[37.4736495,47.9436476],[37.4653233,47.9404202],[37.4655554,47.9383296],[37.4610807,47.9390859],[37.4596404,47.9428896],[37.4542935,47.9441619],[37.454728,47.9405869],[37.4513162,47.9407498],[37.4498403,47.9373634],[37.4456584,47.9355087],[37.4301738,47.9374709],[37.4299537,47.9395849],[37.4428359,47.9415809],[37.4405817,47.9443458],[37.4268213,47.9479213],[37.4258234,47.9503587],[37.4320386,47.9541451],[37.4421115,47.9549037],[37.4487723,47.9531691],[37.4525066,47.9490035],[37.4522269,47.9529012],[37.4580883,47.9514346],[37.4536712,47.9558389],[37.4658147,47.9515521],[37.4664595,47.9491455],[37.4718724,47.9472033]]]},"properties":{"ha":450.0,"date":"2026-07-02","day":1,"country":"UA","place":"N.A., N.A.","rank":108}},{"type":"Feature","geometry":{"type":"Polygon","coordinates":[[[16.1250902,39.8226502],[16.1302043,39.8207946],[16.1295606,39.8270629],[16.1317719,39.8284971],[16.1317999,39.8311694],[16.1394237,39.8321016],[16.1360989,39.8346534],[16.1408932,39.8373102],[16.1407832,39.8337692],[16.1450661,39.8346397],[16.1463221,39.8314923],[16.1442311,39.8299872],[16.144118,39.8324038],[16.1407135,39.8319159],[16.1407808,39.830211],[16.1364181,39.8282259],[16.1449505,39.827534],[16.1463059,39.8288316],[16.1453814,39.8256938],[16.1421528,39.8262079],[16.1425316,39.8234699],[16.1463633,39.8235715],[16.1463809,39.8257398],[16.1651532,39.8187418],[16.1696073,39.8196814],[16.1720852,39.8171831],[16.1679668,39.8132366],[16.1609389,39.817863],[16.1589912,39.8164505],[16.1609941,39.8133327],[16.1603625,39.8099165],[16.1521096,39.8096703],[16.150807,39.8080701],[16.1493696,39.8091485],[16.1544864,39.810651],[16.1474318,39.8133238],[16.1449682,39.811262],[16.1462032,39.8145166],[16.1429939,39.8154902],[16.1438766,39.813738],[16.1402666,39.8119419],[16.1426043,39.8142847],[16.1392418,39.817949],[16.1368426,39.8169633],[16.1386776,39.8133936],[16.1346995,39.8115171],[16.1335788,39.8153397],[16.1308434,39.8129448],[16.1298297,39.816158],[16.1313266,39.8181799],[16.1250182,39.8207125],[16.1250902,39.8226502]],[[16.1562726,39.8114185],[16.1538053,39.8125908],[16.1532938,39.811958],[16.1562726,39.8114185]],[[16.140734,39.8243307],[16.136484,39.8229459],[16.1357229,39.8213163],[16.1377535,39.8228659],[16.1396997,39.8216747],[16.140734,39.8243307]]]},"properties":{"ha":450.0,"date":"2026-07-16","day":15,"country":"IT","place":"Morano Calabro, Cosenza","rank":109}},{"type":"Feature","geometry":{"type":"Polygon","coordinates":[[[35.8311326,47.3394815],[35.8299232,47.3341347],[35.8322083,47.328021],[35.8252621,47.3212784],[35.811681,47.3246353],[35.8025391,47.3245175],[35.7973987,47.32074],[35.7935815,47.3211773],[35.7947695,47.3345331],[35.8010796,47.334994],[35.7994194,47.3371276],[35.8019341,47.3366562],[35.8006498,47.342616],[35.8100208,47.3382579],[35.8094631,47.3359008],[35.8125089,47.3355793],[35.8311326,47.3394815]]]},"properties":{"ha":449.0,"date":"2026-07-01","day":0,"country":"UA","place":"N.A., N.A.","rank":110}},{"type":"Feature","geometry":{"type":"Polygon","coordinates":[[[4.4934447,43.9045867],[4.4943333,43.9135852],[4.4997857,43.9176134],[4.5014914,43.9167743],[4.4999334,43.9148724],[4.5023882,43.9157757],[4.5034,43.9114925],[4.5020967,43.9108065],[4.5065145,43.9069651],[4.5039357,43.9078281],[4.5032177,43.9048308],[4.5075584,43.899779],[4.5062337,43.8950003],[4.5080887,43.8939787],[4.4936655,43.8860715],[4.4903288,43.8894446],[4.4808812,43.88617],[4.4797755,43.8895385],[4.482089,43.8901194],[4.4796338,43.8903247],[4.4779243,43.8957226],[4.4812627,43.8956062],[4.4794711,43.8967124],[4.4858293,43.901065],[4.4849805,43.9020479],[4.4895672,43.9029743],[4.4900972,43.9046582],[4.4880727,43.9039604],[4.4873256,43.9061655],[4.492285,43.9093362],[4.4934447,43.9045867]],[[4.4973287,43.9057446],[4.4972803,43.9034061],[4.4989541,43.9037998],[4.4992319,43.9043328],[4.4973287,43.9057446]],[[4.498848,43.9007939],[4.4979873,43.9014359],[4.4970138,43.9009253],[4.498848,43.9007939]],[[4.4946451,43.9012035],[4.4938465,43.9023614],[4.4929447,43.9014903],[4.4946451,43.9012035]],[[4.4915938,43.9029835],[4.4897733,43.9023865],[4.4890398,43.8956835],[4.4901552,43.8964581],[4.4915938,43.9029835]],[[4.4851525,43.8942652],[4.483485,43.8929078],[4.4858951,43.8910737],[4.4868333,43.8919774],[4.4851525,43.8942652]],[[4.4856122,43.8975101],[4.4840648,43.897171],[4.4844095,43.8951255],[4.4850516,43.8952138],[4.4856122,43.8975101]],[[4.4827954,43.8911638],[4.4808488,43.8907913],[4.4829619,43.8904777],[4.4827954,43.8911638]]]},"properties":{"ha":445.0,"date":"2026-07-05","day":4,"country":"FR","place":"Lédenon, Gard","rank":111}},{"type":"Feature","geometry":{"type":"Polygon","coordinates":[[[32.0148609,46.3040196],[32.0118595,46.2992075],[32.0155746,46.2968731],[32.017307,46.2822944],[31.9994315,46.2779548],[31.9945448,46.2783718],[31.9941525,46.2912071],[32.0011195,46.3018561],[32.0059102,46.3043784],[32.0097258,46.3098543],[32.0148237,46.3076511],[32.0148609,46.3040196]]]},"properties":{"ha":444.0,"date":"2026-07-07","day":6,"country":"UA","place":"N.A., N.A.","rank":112}},{"type":"Feature","geometry":{"type":"Polygon","coordinates":[[[14.4614171,37.4524419],[14.4565321,37.4581697],[14.4586254,37.4645664],[14.457924,37.471139],[14.4537707,37.4716738],[14.4558468,37.4685403],[14.4551415,37.4647213],[14.4521147,37.4654921],[14.4520869,37.46917],[14.4471022,37.4704286],[14.4486188,37.4733372],[14.4420357,37.4765389],[14.4417352,37.4788053],[14.4448612,37.4808076],[14.4403378,37.4845458],[14.440561,37.4874575],[14.4452766,37.4825108],[14.4506941,37.4821239],[14.4549776,37.478257],[14.4636529,37.4761303],[14.4668066,37.4712561],[14.4622426,37.4673225],[14.4743168,37.4654382],[14.4773794,37.46258],[14.4777893,37.4592552],[14.4735212,37.4594835],[14.4683179,37.4544408],[14.4644561,37.4554429],[14.4614171,37.4524419]],[[14.4606953,37.4760074],[14.4575479,37.474964],[14.4600299,37.4727457],[14.4617188,37.4731861],[14.4606953,37.4760074]]]},"properties":{"ha":411.0,"date":"2026-07-22","day":21,"country":"IT","place":"Aidone, Enna","rank":113}},{"type":"Feature","geometry":{"type":"Polygon","coordinates":[[[33.300166,46.6179221],[33.290639,46.6121329],[33.2928894,46.5994329],[33.2967915,46.5977371],[33.2955257,46.595507],[33.2870793,46.5994298],[33.2836834,46.5990704],[33.2792075,46.5951284],[33.2765755,46.5965889],[33.2667553,46.5948449],[33.2560123,46.6043008],[33.2666983,46.6052767],[33.2654862,46.608156],[33.2674274,46.6090708],[33.2971838,46.6194793],[33.300166,46.6179221]]]},"properties":{"ha":407.0,"date":"2026-07-04","day":3,"country":"UA","place":"N.A., N.A.","rank":114}},{"type":"Feature","geometry":{"type":"Polygon","coordinates":[[[18.4574281,40.0465152],[18.4579887,40.0490846],[18.461427,40.0499685],[18.4590066,40.0499578],[18.4591479,40.0522845],[18.4602873,40.0516135],[18.4639398,40.0538115],[18.4600932,40.0535073],[18.4607327,40.0573691],[18.45851,40.0551782],[18.4596477,40.0539074],[18.4573063,40.0546455],[18.4587291,40.0613022],[18.4544552,40.060065],[18.4554789,40.0626536],[18.4527866,40.0638636],[18.4547906,40.0661984],[18.4582847,40.065895],[18.4572031,40.0691285],[18.4617687,40.0703592],[18.4632827,40.0674258],[18.4647556,40.069475],[18.4668603,40.0679514],[18.4656587,40.0678533],[18.467417,40.0630467],[18.4698843,40.0639546],[18.4687973,40.0629025],[18.470227,40.0616118],[18.4738979,40.061958],[18.475399,40.0582244],[18.4744365,40.0522745],[18.4769316,40.0510508],[18.4770197,40.048788],[18.4726734,40.0426923],[18.4684094,40.0410523],[18.4695541,40.0429736],[18.4671985,40.0430623],[18.4651386,40.0401918],[18.4681806,40.0428319],[18.468747,40.0420529],[18.4659777,40.0388107],[18.4627221,40.0432993],[18.4640082,40.0401992],[18.4614857,40.0411248],[18.4587034,40.0392351],[18.4603777,40.0434182],[18.4574281,40.0465152]]]},"properties":{"ha":399.0,"date":"2026-07-05","day":4,"country":"IT","place":"Santa Cesarea Terme, Lecce","rank":115}},{"type":"Feature","geometry":{"type":"Polygon","coordinates":[[[38.7563743,48.791372],[38.7809945,48.787909],[38.7876978,48.7800033],[38.7875396,48.7771375],[38.7743275,48.7796118],[38.7733816,48.7785621],[38.7755507,48.7760752],[38.7720904,48.7756122],[38.7522551,48.7797429],[38.7357853,48.7785433],[38.7378047,48.7814761],[38.7449172,48.7832982],[38.7375352,48.7836596],[38.741599,48.7877676],[38.751302,48.785043],[38.748832,48.787673],[38.7509307,48.7892868],[38.7545398,48.7877246],[38.7563743,48.791372]]]},"properties":{"ha":399.0,"date":"2026-07-13","day":12,"country":"UA","place":"N.A., N.A.","rank":116}},{"type":"Feature","geometry":{"type":"Polygon","coordinates":[[[33.7850475,47.1287883],[33.7818861,47.1233248],[33.7739575,47.1221521],[33.7753182,47.1250137],[33.7700711,47.125005],[33.7679741,47.1228502],[33.7662313,47.1252385],[33.7618531,47.1229365],[33.7560932,47.1244491],[33.7488819,47.1193917],[33.7385096,47.1221938],[33.734863,47.1187916],[33.7313788,47.1201558],[33.7276973,47.1162918],[33.7260205,47.1174114],[33.728591,47.1216497],[33.7237196,47.1253432],[33.7228323,47.1285084],[33.7326726,47.1248057],[33.7350265,47.1258806],[33.7327976,47.1270014],[33.7332878,47.1303501],[33.7364393,47.1330983],[33.7415096,47.1305948],[33.7444421,47.1332688],[33.7486272,47.1308411],[33.7482956,47.1278271],[33.7504643,47.1269667],[33.7645127,47.1317009],[33.7716778,47.1311757],[33.7717437,47.1285186],[33.7757706,47.131777],[33.7813072,47.1309437],[33.7827622,47.1339379],[33.7850475,47.1287883]]]},"properties":{"ha":398.0,"date":"2026-07-06","day":5,"country":"UA","place":"N.A., N.A.","rank":117}},{"type":"Feature","geometry":{"type":"Polygon","coordinates":[[[38.3953652,48.3678776],[38.3944553,48.3621341],[38.3833476,48.3630546],[38.3698855,48.369101],[38.3624174,48.3655934],[38.3491064,48.3740818],[38.3470905,48.3779778],[38.3530301,48.3784576],[38.3591207,48.3763381],[38.3585779,48.3795289],[38.3672516,48.3835219],[38.3672623,48.3812194],[38.3702406,48.379416],[38.3859887,48.3743727],[38.3872616,48.3690172],[38.3905754,48.3705621],[38.3953652,48.3678776]]]},"properties":{"ha":397.0,"date":"2026-07-05","day":4,"country":"UA","place":"N.A., N.A.","rank":118}},{"type":"Feature","geometry":{"type":"Polygon","coordinates":[[[-2.2869074,41.2887767],[-2.2878618,41.2866791],[-2.3010776,41.2863666],[-2.2930725,41.2856577],[-2.2991026,41.2823229],[-2.304067,41.2826831],[-2.2992983,41.2801426],[-2.3043314,41.2775617],[-2.3060514,41.2737626],[-2.3235213,41.2703351],[-2.3241695,41.2682475],[-2.3298382,41.2655471],[-2.3361503,41.2651818],[-2.3395965,41.2628771],[-2.3399345,41.2605573],[-2.3400494,41.2623672],[-2.3437533,41.2636402],[-2.3407975,41.2660579],[-2.3451404,41.2654902],[-2.3425192,41.2666637],[-2.3444355,41.2662915],[-2.3429148,41.2680516],[-2.3390117,41.2680445],[-2.3359645,41.272939],[-2.3186479,41.2794673],[-2.3191406,41.2807768],[-2.3156229,41.280143],[-2.316031,41.2819606],[-2.3072077,41.2843538],[-2.3011347,41.2890792],[-2.2869074,41.2887767]]]},"properties":{"ha":392.0,"date":"2026-07-16","day":15,"country":"ES","place":"Arcos de Jalón, Soria","rank":119}},{"type":"Feature","geometry":{"type":"Polygon","coordinates":[[[-1.8538567,51.2506889],[-1.8451286,51.247494],[-1.8420263,51.2424198],[-1.8454535,51.2408319],[-1.8478277,51.2413427],[-1.8472469,51.2428573],[-1.8476434,51.2431351],[-1.850161,51.2409983],[-1.8562295,51.2429629],[-1.8542598,51.2447717],[-1.85887,51.2461124],[-1.8619413,51.2450444],[-1.8613397,51.2420284],[-1.8702159,51.2412611],[-1.87428,51.2435836],[-1.8716436,51.2472027],[-1.8737753,51.2495749],[-1.8714842,51.2508413],[-1.8740317,51.252041],[-1.8795885,51.2485327],[-1.8815488,51.2491768],[-1.8800722,51.2522218],[-1.8841401,51.2536077],[-1.8815357,51.255458],[-1.8828624,51.2580521],[-1.8715488,51.2615623],[-1.8595363,51.2567151],[-1.8445225,51.2562196],[-1.8414757,51.2530586],[-1.8425454,51.2517719],[-1.8405357,51.2527691],[-1.8370022,51.2506469],[-1.8389965,51.2490045],[-1.8455973,51.2495662],[-1.8468448,51.2502601],[-1.8451923,51.2518575],[-1.8472708,51.2528741],[-1.8519294,51.2526439],[-1.8538567,51.2506889]],[[-1.8554304,51.2512915],[-1.8580618,51.2482462],[-1.8565114,51.2464364],[-1.8529695,51.2491521],[-1.8554304,51.2512915]],[[-1.8752739,51.2527362],[-1.8700344,51.2534004],[-1.875379,51.2541881],[-1.8752739,51.2527362]],[[-1.8787677,51.2575302],[-1.8760523,51.2565275],[-1.8740494,51.2570374],[-1.8767093,51.257504],[-1.8787677,51.2575302]]]},"properties":{"ha":391.0,"date":"2026-07-02","day":1,"country":"UK","place":"Wiltshire, Wiltshire CC","rank":120}},{"type":"Feature","geometry":{"type":"Polygon","coordinates":[[[1.2330594,46.7765157],[1.2305536,46.7759802],[1.2340043,46.7699346],[1.2436976,46.7661899],[1.2450497,46.7638263],[1.2431532,46.7641724],[1.2437821,46.7626284],[1.239976,46.7608705],[1.2420995,46.7585687],[1.2442509,46.7616002],[1.2429711,46.7580527],[1.2444509,46.7553173],[1.2401733,46.7537509],[1.2398201,46.7574588],[1.2374398,46.7561248],[1.2392716,46.7534851],[1.2361628,46.7521866],[1.2420073,46.7508106],[1.2370206,46.7477707],[1.2385938,46.7470982],[1.2359905,46.7450874],[1.2345876,46.7392675],[1.2305915,46.7422981],[1.236004,46.7465349],[1.2342746,46.7535975],[1.2317513,46.7544255],[1.2265707,46.7521313],[1.2251102,46.7536908],[1.2299756,46.7564048],[1.2265213,46.7600623],[1.2296488,46.7631739],[1.2259543,46.7625008],[1.2265237,46.7606886],[1.2217016,46.7582644],[1.2226886,46.7615949],[1.2211305,46.7617956],[1.2126385,46.7560277],[1.2100769,46.7568931],[1.2153915,46.760303],[1.2134986,46.761003],[1.214562,46.7626163],[1.2182479,46.7617024],[1.2185578,46.7633296],[1.2191535,46.7618887],[1.2234262,46.7636175],[1.2245408,46.7622687],[1.229013,46.7699092],[1.2182782,46.7764711],[1.2153323,46.7741923],[1.2165916,46.7730151],[1.211526,46.7716634],[1.2110166,46.7736578],[1.2150463,46.7757534],[1.2117813,46.7812546],[1.2161965,46.7793901],[1.2145239,46.7783531],[1.2144894,46.7778257],[1.2199962,46.7797029],[1.2218583,46.777515],[1.2253778,46.7800715],[1.2339812,46.7796364],[1.2330594,46.7765157]]]},"properties":{"ha":391.0,"date":"2026-07-08","day":7,"country":"FR","place":"Saint-Michel-en-Brenne, Indre","rank":121}},{"type":"Feature","geometry":{"type":"Polygon","coordinates":[[[34.1029594,46.4827183],[34.105836,46.4814573],[34.1080749,46.4706915],[34.0650419,46.4763161],[34.0511063,46.4821613],[34.1029594,46.4827183]]]},"properties":{"ha":391.0,"date":"2026-07-11","day":10,"country":"UA","place":"N.A., N.A.","rank":122}},{"type":"Feature","geometry":{"type":"Polygon","coordinates":[[[37.4840117,49.1256874],[37.4813999,49.1447333],[37.4860506,49.1474189],[37.4916833,49.1465934],[37.4960925,49.1525378],[37.4979732,49.152688],[37.4988304,49.1457543],[37.4973913,49.1446723],[37.5040296,49.1422707],[37.5030369,49.1397046],[37.5071282,49.1375436],[37.5056363,49.1274551],[37.5018467,49.1276698],[37.497878,49.1239774],[37.4871897,49.1269036],[37.4840117,49.1256874]],[[37.5014649,49.1373072],[37.4974739,49.1380608],[37.4960752,49.1363528],[37.4971212,49.1345287],[37.5029781,49.1336729],[37.5014649,49.1373072]]]},"properties":{"ha":389.0,"date":"2026-07-02","day":1,"country":"UA","place":"N.A., N.A.","rank":123}},{"type":"Feature","geometry":{"type":"Polygon","coordinates":[[[-4.0556629,39.6380478],[-4.0516906,39.6355412],[-4.0527902,39.6317729],[-4.0569951,39.6298445],[-4.0538504,39.6297073],[-4.0547552,39.6279147],[-4.0565334,39.6283094],[-4.0574273,39.6250272],[-4.063714,39.6233932],[-4.0690682,39.6245044],[-4.0683429,39.6263294],[-4.0768429,39.6243941],[-4.0776045,39.6182904],[-4.081802,39.6156969],[-4.0776401,39.6135501],[-4.0781965,39.6121001],[-4.0854268,39.6110168],[-4.0912871,39.6154803],[-4.0902703,39.6167584],[-4.0950558,39.6142008],[-4.0988895,39.6144251],[-4.0986171,39.6175253],[-4.0916912,39.6194109],[-4.0899698,39.6238466],[-4.0801444,39.6254257],[-4.080516,39.6284262],[-4.0790395,39.6293094],[-4.0779791,39.627678],[-4.077086,39.6305348],[-4.0708998,39.629409],[-4.0690984,39.6308875],[-4.0704552,39.6330376],[-4.0675905,39.6357811],[-4.0653236,39.6348429],[-4.0556629,39.6380478]],[[-4.0565215,39.6306669],[-4.0609843,39.633526],[-4.0628294,39.6313163],[-4.0565215,39.6306669]]]},"properties":{"ha":387.0,"date":"2026-07-22","day":21,"country":"ES","place":"Mazarambroz, Toledo","rank":124}},{"type":"Feature","geometry":{"type":"Polygon","coordinates":[[[32.9680978,45.5300284],[32.9698673,45.5352048],[32.9739704,45.5374309],[32.9758057,45.5433999],[32.9791033,45.5444301],[32.9861265,45.5519773],[32.9896273,45.5511299],[32.9934268,45.5540896],[32.9946521,45.5465044],[32.9989582,45.5464665],[32.9995237,45.5445588],[32.9952535,45.5445576],[32.993339,45.5376142],[32.9877851,45.5314119],[32.9806314,45.5286226],[32.9765169,45.52422],[32.9688564,45.5259311],[32.9680978,45.5300284]]]},"properties":{"ha":386.0,"date":"2026-07-02","day":1,"country":"UA","place":"N.A., N.A.","rank":125}},{"type":"Feature","geometry":{"type":"Polygon","coordinates":[[[8.9335433,42.3216386],[8.919324,42.3201371],[8.9146199,42.3215437],[8.9138751,42.3240289],[8.9106227,42.3237858],[8.9120994,42.3253018],[8.8975561,42.3280031],[8.9137003,42.3354436],[8.919697,42.3319073],[8.9271935,42.3319496],[8.9412638,42.3279736],[8.9445934,42.3249617],[8.9429392,42.3204341],[8.9470018,42.3198234],[8.9389907,42.3171542],[8.9335433,42.3216386]]]},"properties":{"ha":383.0,"date":"2026-07-13","day":12,"country":"FR","place":"Albertacce, Haute-Corse","rank":126}},{"type":"Feature","geometry":{"type":"Polygon","coordinates":[[[1.173422,41.6210283],[1.1645921,41.6272752],[1.1661439,41.6287283],[1.160962,41.6300965],[1.160305,41.6348814],[1.1620332,41.6320536],[1.1701015,41.6276784],[1.1757568,41.6194457],[1.1799841,41.6180905],[1.1786427,41.6137606],[1.1818757,41.6127401],[1.1813538,41.6115664],[1.1839588,41.6122327],[1.1837254,41.6096452],[1.1861386,41.6097948],[1.1832959,41.6061777],[1.1856649,41.6034063],[1.182931,41.5980904],[1.1844254,41.5971465],[1.1835152,41.5941873],[1.1868275,41.5914653],[1.1883728,41.5923709],[1.1863294,41.5954017],[1.1896191,41.5944117],[1.1903744,41.5898659],[1.1928682,41.5882672],[1.1929649,41.5903514],[1.1975698,41.587137],[1.1994371,41.5884809],[1.1975235,41.5856466],[1.2000708,41.5845394],[1.1984958,41.5802146],[1.1998615,41.5789004],[1.1978246,41.5800015],[1.1930461,41.5783616],[1.1922571,41.5804657],[1.1937644,41.5815557],[1.1837605,41.5855561],[1.185075,41.5876713],[1.1755036,41.5930589],[1.1778949,41.5937492],[1.177933,41.5955293],[1.1833914,41.5961495],[1.1736357,41.6030411],[1.1764055,41.6031499],[1.173661,41.6047517],[1.1771426,41.6044794],[1.1726068,41.6083355],[1.1762712,41.6123376],[1.1713574,41.6139008],[1.1717578,41.6164262],[1.167937,41.6176719],[1.169186,41.6194569],[1.1661817,41.6211252],[1.173422,41.6210283]]]},"properties":{"ha":380.0,"date":"2026-07-08","day":7,"country":"ES","place":"Montornès de Segarra, Lleida","rank":127}},{"type":"Feature","geometry":{"type":"Polygon","coordinates":[[[14.0296234,37.6663355],[14.0304929,37.6598841],[14.0293195,37.6577216],[14.0322703,37.652305],[14.0297107,37.6549474],[14.0249231,37.6545999],[14.0210975,37.656573],[14.0241969,37.6581451],[14.0201624,37.6626926],[14.0168166,37.6610817],[14.018241,37.6610749],[14.0182745,37.6579679],[14.0152663,37.6581625],[14.0178685,37.6564489],[14.0128686,37.6558586],[14.0127989,37.6574095],[14.0028449,37.6600367],[14.0040631,37.6625337],[14.001874,37.6632401],[14.0071018,37.6642415],[14.0097062,37.6671966],[14.0078671,37.6687496],[14.0096873,37.6713748],[14.0076382,37.6724095],[14.0161049,37.6743574],[14.0208156,37.6775475],[14.0295291,37.6739018],[14.0256322,37.6669582],[14.0296234,37.6663355]]]},"properties":{"ha":380.0,"date":"2026-07-17","day":16,"country":"IT","place":"Resuttano, Caltanissetta","rank":128}},{"type":"Feature","geometry":{"type":"Polygon","coordinates":[[[8.5872864,39.6864421],[8.6017843,39.6839911],[8.6026085,39.679384],[8.6056107,39.6814215],[8.6075662,39.6800492],[8.6055899,39.6782795],[8.6053605,39.6764964],[8.6063038,39.6778303],[8.6124964,39.6765515],[8.6171481,39.6717181],[8.6175489,39.6665987],[8.6137931,39.6624325],[8.6151443,39.6584847],[8.6071,39.6563892],[8.606656,39.6593788],[8.6104221,39.6640186],[8.6074934,39.6641776],[8.6104159,39.670255],[8.6026261,39.6756099],[8.6009297,39.6752499],[8.60175,39.6688518],[8.5948884,39.6742386],[8.5898589,39.6702512],[8.5899271,39.6727914],[8.5867442,39.6726352],[8.5880219,39.6689124],[8.5923045,39.6670486],[8.5931369,39.6708901],[8.5969186,39.6646558],[8.5953427,39.665739],[8.5929709,39.6640651],[8.5887291,39.6664934],[8.5861462,39.671152],[8.5862733,39.6789227],[8.5893118,39.6813766],[8.5861789,39.6842473],[8.5872864,39.6864421]]]},"properties":{"ha":373.0,"date":"2026-07-10","day":9,"country":"IT","place":"Guspini, Sud Sardegna","rank":129}},{"type":"Feature","geometry":{"type":"Polygon","coordinates":[[[38.2610559,48.6262548],[38.2811532,48.6324543],[38.2782879,48.6237029],[38.2800041,48.6199493],[38.2884292,48.6212796],[38.2879711,48.6130475],[38.2510381,48.6070469],[38.255819,48.6122835],[38.2641081,48.614693],[38.2607724,48.6177654],[38.2632877,48.6196288],[38.2625919,48.6209711],[38.2564044,48.6228503],[38.2610559,48.6262548]]]},"properties":{"ha":372.0,"date":"2026-07-07","day":6,"country":"UA","place":"N.A., N.A.","rank":130}},{"type":"Feature","geometry":{"type":"Polygon","coordinates":[[[0.498743,41.8923334],[0.5050588,41.8871538],[0.499166,41.8867978],[0.4977027,41.8837189],[0.4931421,41.8833287],[0.4960135,41.8801455],[0.4924388,41.879125],[0.4944567,41.8769203],[0.4926855,41.8756862],[0.4937022,41.8720987],[0.4896796,41.8726003],[0.4915926,41.8668912],[0.4890578,41.8656426],[0.4892414,41.8602972],[0.4878163,41.8623451],[0.4829829,41.8605533],[0.4832078,41.8586713],[0.4756253,41.8593116],[0.4768462,41.8607272],[0.4747602,41.8603648],[0.473685,41.8628313],[0.4778477,41.8643611],[0.4775755,41.8674122],[0.4748818,41.8691872],[0.47792,41.8707469],[0.4769773,41.8764112],[0.4829243,41.8748528],[0.4857877,41.878623],[0.4837736,41.8831838],[0.4880126,41.8838387],[0.4886863,41.888676],[0.4953883,41.8920902],[0.500475,41.8878798],[0.498743,41.8923334]]]},"properties":{"ha":362.0,"date":"2026-07-08","day":7,"country":"ES","place":"Albelda, Huesca","rank":131}},{"type":"Feature","geometry":{"type":"Polygon","coordinates":[[[13.4955197,37.6866069],[13.4924887,37.6851839],[13.4972066,37.6850994],[13.4948774,37.6791131],[13.5007004,37.6796471],[13.50409,37.675445],[13.4945013,37.6734256],[13.4911423,37.6773032],[13.4873462,37.6768492],[13.4859516,37.6785029],[13.4856674,37.6772974],[13.4850919,37.6791081],[13.481012,37.6764766],[13.4793657,37.6728069],[13.4771752,37.6743301],[13.4812206,37.678524],[13.4749872,37.6797889],[13.4757514,37.6833254],[13.471996,37.6885007],[13.4744292,37.689219],[13.4757839,37.6928938],[13.4918529,37.6948129],[13.4932498,37.693795],[13.4899811,37.6915524],[13.4955197,37.6866069]]]},"properties":{"ha":360.0,"date":"2026-07-20","day":19,"country":"IT","place":"Castronovo di Sicilia, Palermo","rank":132}},{"type":"Feature","geometry":{"type":"Polygon","coordinates":[[[37.8954574,47.4236972],[37.894789,47.4193571],[37.8851301,47.41606],[37.8836619,47.4171322],[37.8842447,47.4203653],[37.8817608,47.4197843],[37.8832983,47.4229192],[37.8812868,47.4230487],[37.8777698,47.4140624],[37.8723135,47.4141078],[37.8713023,47.4155074],[37.8736502,47.418405],[37.8666463,47.4174095],[37.861882,47.4221432],[37.8610853,47.4170535],[37.857125,47.4118461],[37.8497051,47.414161],[37.8600512,47.4232175],[37.8659248,47.4239506],[37.8826256,47.4313514],[37.8891839,47.4325281],[37.8908257,47.4294536],[37.8932189,47.4291907],[37.8954574,47.4236972]]]},"properties":{"ha":358.0,"date":"2026-07-17","day":16,"country":"UA","place":"N.A., N.A.","rank":133}},{"type":"Feature","geometry":{"type":"Polygon","coordinates":[[[3.2044667,43.6246613],[3.2067266,43.6274909],[3.2056734,43.630334],[3.2032306,43.6319239],[3.2035868,43.6305248],[3.2004847,43.6288732],[3.2006691,43.6300282],[3.1985807,43.6300997],[3.1966842,43.6339855],[3.1954865,43.6327399],[3.1956212,43.6370403],[3.1992087,43.6367418],[3.2000567,43.6398766],[3.2018757,43.638831],[3.2030574,43.6402154],[3.2036103,43.6376865],[3.1996006,43.6366745],[3.2114794,43.634989],[3.2158559,43.6325964],[3.2134043,43.6319445],[3.2157681,43.6308881],[3.2139683,43.6290431],[3.2147149,43.6270401],[3.2204612,43.6255915],[3.2218828,43.6231274],[3.2198542,43.6241381],[3.2213362,43.622137],[3.2199102,43.6220194],[3.2238416,43.6212919],[3.2228895,43.6181581],[3.2244344,43.6174867],[3.2228215,43.6168242],[3.2249491,43.6148681],[3.2231132,43.6146045],[3.2273208,43.6146419],[3.2272835,43.6134107],[3.2246929,43.6114903],[3.2236053,43.6125846],[3.2235206,43.6106546],[3.2228857,43.6123689],[3.2207892,43.6118415],[3.2223263,43.6099864],[3.2187405,43.6074118],[3.2171273,43.6101233],[3.218827,43.6113167],[3.2159996,43.612245],[3.2184965,43.6125034],[3.2180337,43.6153649],[3.2219305,43.6145963],[3.2202667,43.6154192],[3.221458,43.6161744],[3.2168134,43.616497],[3.2178203,43.6150009],[3.2175304,43.6145211],[3.213665,43.6189395],[3.2151349,43.6191443],[3.2116921,43.6197965],[3.2105698,43.6189992],[3.2132309,43.6178552],[3.212994,43.6143231],[3.2076718,43.6164283],[3.2110887,43.6123864],[3.2062208,43.6140699],[3.2093387,43.6109411],[3.2078899,43.6096557],[3.2024347,43.6158015],[3.2043823,43.6201987],[3.200789,43.6219197],[3.2024645,43.6226372],[3.2001366,43.6258414],[3.1996421,43.6300534],[3.2004091,43.6276087],[3.2044667,43.6246613]],[[3.2258965,43.6136076],[3.2246053,43.614282],[3.2232764,43.6135659],[3.2258965,43.6136076]],[[3.225732,43.6131292],[3.2242722,43.6130182],[3.2243763,43.6128132],[3.225732,43.6131292]],[[3.2068556,43.6250272],[3.2123983,43.6255108],[3.2120036,43.6275137],[3.2068556,43.6250272]]]},"properties":{"ha":354.0,"date":"2026-07-05","day":4,"country":"FR","place":"Carlencas-et-Levas, Hérault","rank":134}},{"type":"Feature","geometry":{"type":"Polygon","coordinates":[[[13.6653567,37.2119487],[13.6667895,37.2108399],[13.6685502,37.2132687],[13.6666094,37.2138123],[13.6687972,37.2143127],[13.6721796,37.2119571],[13.6706663,37.2101235],[13.6741012,37.2105947],[13.6750446,37.2088997],[13.6772633,37.2109009],[13.6779303,37.2094311],[13.6821428,37.2096182],[13.6818783,37.2072465],[13.6866525,37.2115664],[13.6912117,37.2106113],[13.6901569,37.2059663],[13.6939951,37.2007854],[13.687871,37.196674],[13.6913403,37.1946264],[13.6856773,37.1942722],[13.6839882,37.1899774],[13.6860975,37.1885489],[13.6832896,37.1881122],[13.6809536,37.1902519],[13.6834296,37.1903114],[13.6813743,37.1987539],[13.6831689,37.2009659],[13.6848184,37.1997978],[13.6846141,37.2013861],[13.6825468,37.2031641],[13.6799612,37.2014895],[13.6779775,37.2053127],[13.6767205,37.2046983],[13.6787069,37.2013823],[13.6728819,37.1992873],[13.6752142,37.1984357],[13.6642007,37.1961445],[13.6677351,37.2027846],[13.6660253,37.2008609],[13.6633166,37.2018635],[13.6656008,37.2064963],[13.663762,37.205319],[13.6653567,37.2119487]]]},"properties":{"ha":354.0,"date":"2026-07-06","day":5,"country":"IT","place":"Palma di Montechiaro, Agrigento","rank":135}},{"type":"Feature","geometry":{"type":"Polygon","coordinates":[[[33.6937206,47.1611146],[33.7013019,47.1578359],[33.7049525,47.1617281],[33.7098623,47.1597314],[33.712919,47.1628668],[33.7155057,47.161079],[33.71447,47.157593],[33.7104092,47.1543173],[33.7152232,47.151137],[33.7071964,47.1446169],[33.7026916,47.1463129],[33.6946003,47.1371877],[33.6895988,47.1391523],[33.6977316,47.1485302],[33.6936886,47.1505408],[33.6846,47.1409587],[33.6803484,47.1428586],[33.6937206,47.1611146]]]},"properties":{"ha":352.0,"date":"2026-07-01","day":0,"country":"UA","place":"N.A., N.A.","rank":136}},{"type":"Feature","geometry":{"type":"Polygon","coordinates":[[[33.672497,46.8506837],[33.6563925,46.8512168],[33.6590856,46.859311],[33.6647823,46.8584131],[33.6555828,46.8614998],[33.6612961,46.8627801],[33.6682876,46.8571106],[33.6638175,46.8630431],[33.6689242,46.8651773],[33.6823631,46.8604322],[33.6850498,46.8604142],[33.679785,46.8633002],[33.6903729,46.8628328],[33.6979077,46.865772],[33.7091287,46.862078],[33.6975407,46.861096],[33.6970708,46.8596221],[33.7003363,46.8578499],[33.6987716,46.857189],[33.6937031,46.8585788],[33.6834483,46.8569596],[33.672497,46.8506837]]]},"properties":{"ha":348.0,"date":"2026-07-01","day":0,"country":"UA","place":"N.A., N.A.","rank":137}},{"type":"Feature","geometry":{"type":"Polygon","coordinates":[[[6.0455315,43.4867333],[6.0496161,43.4822447],[6.0543514,43.481153],[6.055662,43.4782186],[6.0589986,43.4769989],[6.0570732,43.4750769],[6.0596172,43.4746601],[6.0588816,43.4734542],[6.0447942,43.4759607],[6.0416933,43.4795519],[6.0321432,43.4833268],[6.0258416,43.4837487],[6.0210247,43.4870934],[6.0191869,43.4923078],[6.013088,43.4944126],[6.0134324,43.4959314],[6.0161093,43.496651],[6.0196953,43.4941073],[6.025184,43.4966553],[6.0272628,43.4942067],[6.0291381,43.4956844],[6.0287318,43.4943975],[6.0348429,43.4903569],[6.0412116,43.488557],[6.0359647,43.4915585],[6.0400772,43.492105],[6.0419434,43.4896345],[6.0465335,43.4893443],[6.0455315,43.4867333]]]},"properties":{"ha":343.0,"date":"2026-07-24","day":23,"country":"FR","place":"Châteauvert, Var","rank":138}},{"type":"Feature","geometry":{"type":"Polygon","coordinates":[[[35.7995331,47.6557157],[35.810267,47.654084],[35.8087274,47.6501258],[35.8000455,47.6368815],[35.7889207,47.641253],[35.7891616,47.6429466],[35.7841914,47.6468691],[35.7815094,47.6450051],[35.7746724,47.6469466],[35.7757409,47.6519428],[35.7856193,47.6561122],[35.7968818,47.6542074],[35.7995331,47.6557157]]]},"properties":{"ha":337.0,"date":"2026-07-20","day":19,"country":"UA","place":"N.A., N.A.","rank":139}},{"type":"Feature","geometry":{"type":"Polygon","coordinates":[[[27.844301,39.4237262],[27.8519771,39.4305553],[27.8535774,39.4294089],[27.8563851,39.4316553],[27.8535949,39.4334445],[27.860968,39.4453044],[27.8591385,39.4460993],[27.8615769,39.4569058],[27.8638606,39.4585592],[27.8706118,39.4558953],[27.8735071,39.451613],[27.8725078,39.4467021],[27.8706057,39.4460792],[27.8706185,39.4436563],[27.8668348,39.4444227],[27.8655899,39.4408894],[27.8614908,39.4403942],[27.8625495,39.4355407],[27.8596325,39.4349653],[27.8595083,39.4304901],[27.856741,39.4278201],[27.860592,39.428311],[27.8589351,39.4258235],[27.8526131,39.4234213],[27.8525961,39.4179128],[27.8502873,39.4164986],[27.8471341,39.4183097],[27.8435182,39.4171643],[27.844301,39.4237262]]]},"properties":{"ha":333.0,"date":"2026-07-05","day":4,"country":"TR","place":"N.A., Balıkesir","rank":140}},{"type":"Feature","geometry":{"type":"Polygon","coordinates":[[[25.0788086,35.119329],[25.088185,35.1204327],[25.0897501,35.1224237],[25.0947254,35.1228367],[25.0972729,35.1265157],[25.1000444,35.1235188],[25.0964994,35.1233156],[25.09597,35.121779],[25.0978727,35.1203941],[25.0973785,35.1143289],[25.1007029,35.1099079],[25.0926228,35.107873],[25.0898693,35.1117281],[25.0895307,35.1076068],[25.0846825,35.1046532],[25.0819468,35.1083461],[25.0798919,35.1068364],[25.07734,35.1082044],[25.0749917,35.1103809],[25.0770558,35.1138566],[25.0733688,35.1139694],[25.0732258,35.1161359],[25.0747566,35.1162725],[25.0736408,35.1223287],[25.0788086,35.119329]]]},"properties":{"ha":333.0,"date":"2026-07-15","day":14,"country":"EL","place":"Τοπική Κοινότητα Δαμανίων, Ηράκλειο","rank":141}},{"type":"Feature","geometry":{"type":"Polygon","coordinates":[[[13.7083341,37.2211404],[13.7053747,37.2208455],[13.7028036,37.2172173],[13.6994668,37.2205494],[13.6976054,37.2191273],[13.6994616,37.2169926],[13.696955,37.2164418],[13.6970946,37.2147635],[13.6992262,37.2147724],[13.6945026,37.212214],[13.6933972,37.2132714],[13.6944349,37.2151157],[13.6945934,37.2136933],[13.6959474,37.2145157],[13.6956044,37.2181359],[13.6920921,37.2176359],[13.6886662,37.2211423],[13.6929384,37.2249693],[13.6949154,37.2227849],[13.6938864,37.2212051],[13.6970082,37.2228945],[13.6961039,37.2263953],[13.6989805,37.2281968],[13.6954095,37.2320352],[13.696526,37.2355459],[13.6982114,37.2326736],[13.699932,37.2336392],[13.7029056,37.2312556],[13.7053175,37.2328243],[13.7104217,37.2323451],[13.7076501,37.2363438],[13.7121136,37.2352563],[13.7082334,37.2402202],[13.7118397,37.2412971],[13.7109687,37.2440099],[13.7165543,37.2413278],[13.7180348,37.2386594],[13.7225746,37.2375267],[13.7210271,37.2349662],[13.7182067,37.2368766],[13.715449,37.2358672],[13.7136788,37.2323002],[13.7165072,37.2316863],[13.7147385,37.2308249],[13.7155519,37.2280613],[13.7130815,37.2275501],[13.7149704,37.2263852],[13.7143154,37.2210926],[13.7133099,37.2233888],[13.7098816,37.22392],[13.7074559,37.2227767],[13.7083341,37.2211404]],[[13.714571,37.2373871],[13.713913,37.2396701],[13.7128119,37.2380894],[13.714571,37.2373871]]]},"properties":{"ha":331.0,"date":"2026-07-20","day":19,"country":"IT","place":"Agrigento, Agrigento","rank":142}},{"type":"Feature","geometry":{"type":"Polygon","coordinates":[[[35.3871865,47.5104306],[35.3706175,47.5089085],[35.3682691,47.5182937],[35.3644158,47.51802],[35.3612304,47.5221718],[35.3676566,47.5309061],[35.3767187,47.525906],[35.3836276,47.525263],[35.3862057,47.5194805],[35.3906542,47.5222141],[35.3933,47.5169892],[35.387065,47.5158882],[35.3871865,47.5104306]]]},"properties":{"ha":329.0,"date":"2026-07-04","day":3,"country":"UA","place":"N.A., N.A.","rank":143}},{"type":"Feature","geometry":{"type":"Polygon","coordinates":[[[33.8338138,46.2979611],[33.8355756,46.2957665],[33.8331988,46.293658],[33.8329854,46.2871331],[33.8396882,46.2855552],[33.8398654,46.2798202],[33.8373981,46.2780258],[33.8318917,46.2772149],[33.8136475,46.2839023],[33.8129593,46.2943524],[33.8224095,46.294221],[33.8247124,46.2982602],[33.8338138,46.2979611]]]},"properties":{"ha":329.0,"date":"2026-07-19","day":18,"country":"UA","place":"N.A., N.A.","rank":144}},{"type":"Feature","geometry":{"type":"MultiPolygon","coordinates":[[[[32.8494486,46.4756288],[32.8467514,46.471157],[32.849108,46.4690051],[32.8341851,46.4597774],[32.8338205,46.4552244],[32.8260297,46.4526745],[32.815317,46.4550478],[32.8133317,46.4599941],[32.8189789,46.4620822],[32.8218234,46.4607947],[32.8248344,46.4624759],[32.8203013,46.461836],[32.8220542,46.4631313],[32.8201805,46.4646144],[32.8214417,46.4671808],[32.8296056,46.4715221],[32.8365598,46.4692454],[32.8423676,46.4733275],[32.844601,46.4774582],[32.8494486,46.4756288]]],[[[32.8342634,46.4733236],[32.8363021,46.475319],[32.8364964,46.4752944],[32.8367682,46.4727107],[32.8342634,46.4733236]]]]},"properties":{"ha":327.0,"date":"2026-07-01","day":0,"country":"UA","place":"N.A., N.A.","rank":145}},{"type":"Feature","geometry":{"type":"Polygon","coordinates":[[[32.8540761,46.3697289],[32.8810807,46.3683556],[32.8778641,46.3645944],[32.8738058,46.3647068],[32.8749557,46.3614182],[32.8730186,46.3566445],[32.8665578,46.3518415],[32.8601012,46.351851],[32.8504223,46.3565308],[32.8540761,46.3697289]]]},"properties":{"ha":325.0,"date":"2026-07-18","day":17,"country":"UA","place":"N.A., N.A.","rank":146}},{"type":"Feature","geometry":{"type":"Polygon","coordinates":[[[33.139133,46.9637388],[33.1424131,46.9566465],[33.1325945,46.9535498],[33.1317966,46.9497685],[33.1279395,46.9530404],[33.1229259,46.9520445],[33.1222598,46.9479617],[33.1134193,46.9472425],[33.1078734,46.9488967],[33.1064485,46.9452131],[33.1036357,46.9437222],[33.1007826,46.9459546],[33.1201201,46.9588698],[33.1312703,46.9689224],[33.139133,46.9637388]]]},"properties":{"ha":321.0,"date":"2026-07-18","day":17,"country":"UA","place":"N.A., N.A.","rank":147}},{"type":"Feature","geometry":{"type":"Polygon","coordinates":[[[13.9414159,37.5567866],[13.9445353,37.5638131],[13.9401175,37.5669451],[13.9409762,37.5688333],[13.9388169,37.5694718],[13.9393188,37.5709993],[13.9423498,37.5726008],[13.946362,37.569967],[13.9508947,37.5710609],[13.9525928,37.567489],[13.955503,37.5674774],[13.9545831,37.5604638],[13.9647004,37.5544835],[13.9621494,37.5483636],[13.9554269,37.5496829],[13.9537291,37.5452805],[13.9511693,37.5448348],[13.9495279,37.553729],[13.9465601,37.5542658],[13.9479905,37.5569415],[13.9459893,37.5560167],[13.9458387,37.5518714],[13.9414159,37.5567866]]]},"properties":{"ha":321.0,"date":"2026-07-16","day":15,"country":"IT","place":"Caltanissetta, Caltanissetta","rank":148}},{"type":"Feature","geometry":{"type":"Polygon","coordinates":[[[34.1657754,47.3980601],[34.1683055,47.3890812],[34.162423,47.3897952],[34.1659722,47.3889198],[34.1603297,47.3877885],[34.1625062,47.3859691],[34.1600072,47.3850739],[34.1653605,47.3799248],[34.1702633,47.3818478],[34.1735695,47.3764556],[34.1620063,47.3732928],[34.15985,47.3746896],[34.1577305,47.3729337],[34.1619342,47.3687062],[34.1624743,47.3724784],[34.1643782,47.3733986],[34.1700615,47.367306],[34.1605231,47.3644887],[34.1561926,47.3682116],[34.1513162,47.3769912],[34.1506531,47.3857441],[34.1584278,47.3932053],[34.1600763,47.397333],[34.1657754,47.3980601]]]},"properties":{"ha":317.0,"date":"2026-07-01","day":0,"country":"UA","place":"N.A., N.A.","rank":149}},{"type":"Feature","geometry":{"type":"Polygon","coordinates":[[[33.3150116,46.6999681],[33.304345,46.7003817],[33.2976499,46.6972742],[33.2902576,46.6971778],[33.2823007,46.6989918],[33.2823295,46.7050293],[33.2826975,46.7069195],[33.2867733,46.7063863],[33.2918806,46.7094827],[33.2952753,46.7073071],[33.2926359,46.7060502],[33.2935799,46.7039273],[33.3071814,46.7041043],[33.3265731,46.7117926],[33.3294654,46.7087784],[33.332267,46.7135421],[33.3412351,46.7130906],[33.3331574,46.7078123],[33.3329084,46.7056324],[33.3150116,46.6999681]]]},"properties":{"ha":317.0,"date":"2026-07-03","day":2,"country":"UA","place":"N.A., N.A.","rank":150}},{"type":"Feature","geometry":{"type":"Polygon","coordinates":[[[-8.2619969,41.1786254],[-8.2539918,41.1742054],[-8.2510674,41.1688368],[-8.2555201,41.1604694],[-8.2652323,41.1573039],[-8.2725981,41.1626214],[-8.2694347,41.1752645],[-8.2661329,41.1783299],[-8.2619969,41.1786254]]]},"properties":{"ha":316.0,"date":"2026-07-27","day":26,"country":"PT","place":"Luzim e Vila Cova, Tâmega e Sousa","rank":151}},{"type":"Feature","geometry":{"type":"Polygon","coordinates":[[[38.519486,48.2727642],[38.5076906,48.2583804],[38.5001661,48.2570962],[38.4912256,48.2600769],[38.4914041,48.2671864],[38.4972315,48.2727501],[38.5126039,48.2765338],[38.519486,48.2727642]]]},"properties":{"ha":315.0,"date":"2026-07-21","day":20,"country":"UA","place":"N.A., N.A.","rank":152}},{"type":"Feature","geometry":{"type":"Polygon","coordinates":[[[35.6270718,47.4289027],[35.6377684,47.4245516],[35.6381455,47.4208753],[35.6449191,47.4167582],[35.6527347,47.4163814],[35.6462876,47.409579],[35.6381504,47.4130209],[35.6408131,47.4146737],[35.6383422,47.4156748],[35.6299515,47.4159171],[35.6125095,47.4221855],[35.6070269,47.4216174],[35.6059736,47.423218],[35.6076892,47.4265332],[35.6111783,47.4249365],[35.6111437,47.4277324],[35.6270718,47.4289027]]]},"properties":{"ha":309.0,"date":"2026-07-13","day":12,"country":"UA","place":"N.A., N.A.","rank":153}},{"type":"Feature","geometry":{"type":"Polygon","coordinates":[[[13.6454034,37.8814162],[13.6462141,37.8739288],[13.6439492,37.8751853],[13.6402237,37.8728263],[13.6346584,37.880228],[13.6368748,37.8850182],[13.6323913,37.8841931],[13.6293016,37.886381],[13.6183365,37.8868199],[13.6212869,37.8875225],[13.6224041,37.8929081],[13.626677,37.890585],[13.6325507,37.89367],[13.631126,37.899736],[13.633713,37.9030951],[13.6369292,37.900351],[13.6354277,37.8964734],[13.6364309,37.8918608],[13.6494785,37.8879066],[13.6454026,37.8874801],[13.6452952,37.8850784],[13.6479435,37.8848632],[13.6454034,37.8814162]]]},"properties":{"ha":306.0,"date":"2026-07-21","day":20,"country":"IT","place":"Caccamo, Palermo","rank":154}},{"type":"Feature","geometry":{"type":"Polygon","coordinates":[[[32.8524879,46.3102273],[32.8501258,46.3163849],[32.8403352,46.3167403],[32.8364848,46.333015],[32.8334461,46.3345542],[32.8334439,46.3369298],[32.8371281,46.3392441],[32.8363557,46.3423234],[32.8448614,46.3394906],[32.8499253,46.3198659],[32.8551526,46.3171612],[32.8611886,46.3184156],[32.8641472,46.3151231],[32.8597348,46.3120023],[32.8612308,46.3088424],[32.8524879,46.3102273]]]},"properties":{"ha":304.0,"date":"2026-07-18","day":17,"country":"UA","place":"N.A., N.A.","rank":155}},{"type":"Feature","geometry":{"type":"Polygon","coordinates":[[[17.0434319,39.4024448],[17.0504898,39.405493],[17.0523135,39.3982469],[17.0510395,39.3941344],[17.0535011,39.393903],[17.0548779,39.386514],[17.0462423,39.3850935],[17.045066,39.3832717],[17.0428503,39.3857948],[17.0405677,39.3846597],[17.0412201,39.3886104],[17.0375137,39.3884894],[17.0307555,39.3976845],[17.032333,39.3998294],[17.0276561,39.401327],[17.0299117,39.4013817],[17.0325644,39.4067043],[17.0364553,39.4092663],[17.0379326,39.4074241],[17.0360137,39.4055056],[17.0372572,39.398105],[17.0393423,39.3975524],[17.0434319,39.4024448]],[[17.0480348,39.3983819],[17.0438133,39.3975678],[17.0469653,39.3940623],[17.0463874,39.3974055],[17.0480348,39.3983819]]]},"properties":{"ha":304.0,"date":"2026-07-26","day":25,"country":"IT","place":"Cirò, Crotone","rank":156}},{"type":"Feature","geometry":{"type":"Polygon","coordinates":[[[12.897372,37.6592502],[12.9025934,37.6609161],[12.9085014,37.6613037],[12.9121561,37.6585138],[12.9174116,37.6581551],[12.9120714,37.656508],[12.9107681,37.6545069],[12.9131936,37.6527642],[12.9099789,37.6533153],[12.9147984,37.6507879],[12.9131704,37.6480286],[12.909156,37.6501576],[12.9080651,37.648328],[12.9152202,37.6460977],[12.9153698,37.6441463],[12.9125999,37.6449312],[12.913815,37.6424689],[12.9111518,37.6443376],[12.9080448,37.6436301],[12.9088303,37.6401105],[12.9071393,37.6426135],[12.9050837,37.6419515],[12.8995612,37.6423321],[12.8985804,37.63861],[12.8957751,37.6393573],[12.8982767,37.637811],[12.8952586,37.6340147],[12.8934312,37.6357538],[12.8962095,37.6373891],[12.8931596,37.6415236],[12.8951489,37.6419742],[12.8891889,37.6446417],[12.8997002,37.6481919],[12.8936092,37.6495055],[12.8997268,37.6537841],[12.897014,37.657691],[12.9021689,37.6562188],[12.897372,37.6592502]],[[12.9119075,37.646392],[12.9084771,37.6478072],[12.90649,37.6473604],[12.9111235,37.6451224],[12.9119075,37.646392]],[[12.9059866,37.6455254],[12.9040831,37.6456164],[12.901767,37.6431326],[12.9056397,37.6425884],[12.9059866,37.6455254]],[[12.8995865,37.6477352],[12.8955019,37.6461404],[12.8953865,37.6453252],[12.8972501,37.645252],[12.8995865,37.6477352]]]},"properties":{"ha":304.0,"date":"2026-07-19","day":18,"country":"IT","place":"Menfi, Agrigento","rank":157}},{"type":"Feature","geometry":{"type":"Polygon","coordinates":[[[33.0182799,46.9091795],[33.0200916,46.9047513],[33.0329844,46.9054606],[33.0308624,46.9023288],[33.0329752,46.8993779],[33.0257108,46.8959917],[33.0302709,46.8907231],[33.0121224,46.887882],[33.0096824,46.8890879],[33.0064254,46.9009408],[33.00702,46.9025359],[33.0150348,46.9034432],[33.0147049,46.9084294],[33.0182799,46.9091795]]]},"properties":{"ha":302.0,"date":"2026-07-18","day":17,"country":"UA","place":"N.A., N.A.","rank":158}},{"type":"Feature","geometry":{"type":"Polygon","coordinates":[[[14.9237289,37.0980335],[14.9230971,37.0908301],[14.9190404,37.0885738],[14.9141402,37.0891013],[14.9016627,37.0858269],[14.8986993,37.0862701],[14.9016972,37.0872006],[14.8992269,37.0894893],[14.9047518,37.0897024],[14.9049921,37.0916776],[14.896919,37.0893967],[14.8937231,37.089894],[14.8924538,37.0925494],[14.8941909,37.0947626],[14.9039041,37.0945975],[14.9044456,37.0962468],[14.9023633,37.0967694],[14.9041374,37.0991148],[14.9086581,37.100618],[14.9109018,37.0993204],[14.920346,37.1058768],[14.9205242,37.1039172],[14.9266565,37.1041255],[14.9193568,37.1008718],[14.919715,37.0980518],[14.9237289,37.0980335]]]},"properties":{"ha":302.0,"date":"2026-07-21","day":20,"country":"IT","place":"Buscemi, Siracusa","rank":159}},{"type":"Feature","geometry":{"type":"Polygon","coordinates":[[[33.9630245,45.9170043],[33.9733267,45.9161241],[33.9721549,45.8921985],[33.9591516,45.8936219],[33.9574702,45.9021706],[33.9602555,45.9080303],[33.9604406,45.9152425],[33.9630245,45.9170043]]]},"properties":{"ha":299.0,"date":"2026-07-22","day":21,"country":"UA","place":"N.A., N.A.","rank":160}},{"type":"Feature","geometry":{"type":"Polygon","coordinates":[[[33.425578,46.7332851],[33.4279921,46.7169973],[33.4111375,46.7155311],[33.4093249,46.736022],[33.4114601,46.7362344],[33.4126132,46.7328003],[33.4169445,46.729658],[33.4177941,46.7322542],[33.4212594,46.7302099],[33.4178065,46.7371307],[33.4201801,46.7378871],[33.4148311,46.7415671],[33.4165053,46.7415695],[33.4182661,46.7468216],[33.4228853,46.7464268],[33.4240205,46.7413156],[33.4209118,46.7401774],[33.4243378,46.7386179],[33.4229007,46.7368243],[33.425578,46.7332851]]]},"properties":{"ha":292.0,"date":"2026-07-02","day":1,"country":"UA","place":"N.A., N.A.","rank":161}},{"type":"Feature","geometry":{"type":"Polygon","coordinates":[[[13.1868359,37.9709315],[13.2082252,37.9717935],[13.2060293,37.9705794],[13.2125293,37.9672471],[13.2124381,37.9639117],[13.1981539,37.9583715],[13.1799836,37.9624075],[13.1803519,37.9649091],[13.1868359,37.9709315]]]},"properties":{"ha":292.0,"date":"2026-07-18","day":17,"country":"IT","place":"San Cipirello, Palermo","rank":162}},{"type":"Feature","geometry":{"type":"Polygon","coordinates":[[[15.917792,38.6612605],[15.9205129,38.6624396],[15.9202501,38.66026],[15.9312528,38.6552922],[15.9416421,38.6555787],[15.9452122,38.6521712],[15.9493098,38.6529871],[15.9521788,38.6510783],[15.9477767,38.6499587],[15.9478576,38.6512344],[15.9454025,38.6501831],[15.9419417,38.6517124],[15.9433114,38.6491435],[15.9458339,38.6491249],[15.9439541,38.6473546],[15.9478457,38.6476373],[15.9477764,38.6417658],[15.9445725,38.641298],[15.9402981,38.6447946],[15.9405318,38.6425738],[15.9337278,38.6421051],[15.9297551,38.6437263],[15.9304459,38.645834],[15.9286086,38.6444613],[15.9276896,38.6465106],[15.922184,38.6456445],[15.9213363,38.6496405],[15.9230719,38.652475],[15.921238,38.6537763],[15.9233654,38.654556],[15.9220728,38.6581037],[15.917792,38.6612605]]]},"properties":{"ha":291.0,"date":"2026-07-20","day":19,"country":"IT","place":"Drapia, Vibo Valentia","rank":163}},{"type":"Feature","geometry":{"type":"Polygon","coordinates":[[[33.3137627,46.3173073],[33.3093256,46.3041463],[33.3033936,46.2985602],[33.2980269,46.2980841],[33.2945431,46.3012984],[33.2970818,46.3045186],[33.2929576,46.3047881],[33.2859208,46.309206],[33.287924,46.3109522],[33.2871075,46.3142463],[33.3137627,46.3173073]]]},"properties":{"ha":290.0,"date":"2026-07-19","day":18,"country":"UA","place":"N.A., N.A.","rank":164}},{"type":"Feature","geometry":{"type":"Polygon","coordinates":[[[14.426741,37.0474415],[14.4235006,37.0487183],[14.4237341,37.0545141],[14.4275691,37.0572755],[14.4291543,37.0563036],[14.4328866,37.0624981],[14.4396731,37.0659869],[14.4411174,37.0722753],[14.4474463,37.0714643],[14.4485807,37.0673492],[14.446898,37.065306],[14.4465466,37.056966],[14.4431216,37.0553786],[14.4441075,37.0573744],[14.4419104,37.0599942],[14.4367575,37.0567384],[14.4397747,37.0548953],[14.4363525,37.0525105],[14.4373645,37.0516648],[14.4451042,37.0525295],[14.4409736,37.0485352],[14.4341431,37.050682],[14.4308536,37.0473888],[14.4278838,37.0503029],[14.426741,37.0474415]]]},"properties":{"ha":284.0,"date":"2026-07-21","day":20,"country":"IT","place":"Gela, Caltanissetta","rank":165}},{"type":"Feature","geometry":{"type":"Polygon","coordinates":[[[38.0374582,49.0151592],[38.0372193,49.0229221],[38.0486255,49.0231193],[38.0621673,49.0203652],[38.0627446,49.0241971],[38.0580485,49.0239681],[38.0585209,49.0276284],[38.0614199,49.0293247],[38.0674753,49.0290644],[38.0666957,49.0242231],[38.0787043,49.024724],[38.0856084,49.0217831],[38.0711868,49.0176671],[38.0714702,49.0162649],[38.0612416,49.0144337],[38.0563838,49.014484],[38.0570426,49.0175992],[38.0488182,49.0187648],[38.0391241,49.0140688],[38.0374582,49.0151592]]]},"properties":{"ha":283.0,"date":"2026-07-16","day":15,"country":"UA","place":"N.A., N.A.","rank":166}},{"type":"Feature","geometry":{"type":"Polygon","coordinates":[[[16.4825798,39.5078901],[16.4835395,39.5046945],[16.4812768,39.5022286],[16.4829016,39.5010448],[16.4790524,39.4990076],[16.4761591,39.4991647],[16.4774011,39.5007809],[16.4759786,39.5025968],[16.471745,39.5028187],[16.4694158,39.5055103],[16.4669149,39.50396],[16.4602386,39.5057441],[16.4576316,39.502774],[16.4602685,39.5088888],[16.4671245,39.5094018],[16.463886,39.5104485],[16.466677,39.5113316],[16.4658948,39.5127317],[16.4623886,39.5137066],[16.4638585,39.5168514],[16.4644525,39.5153296],[16.4680531,39.5168437],[16.4671034,39.5195348],[16.4693211,39.5176977],[16.4709397,39.5189166],[16.4748185,39.5128909],[16.4756349,39.5151757],[16.4882826,39.5160692],[16.4847772,39.5080905],[16.4825798,39.5078901]]]},"properties":{"ha":280.0,"date":"2026-07-21","day":20,"country":"IT","place":"Acri, Cosenza","rank":167}},{"type":"Feature","geometry":{"type":"Polygon","coordinates":[[[16.5389814,40.9606244],[16.5410819,40.9646467],[16.5433851,40.9631388],[16.5463787,40.9661845],[16.5412896,40.9573317],[16.5414765,40.9530138],[16.5479959,40.9505826],[16.5475262,40.9525985],[16.5519736,40.9556335],[16.5516017,40.9611033],[16.5534034,40.9608814],[16.5532642,40.9560131],[16.5496508,40.9504113],[16.553269,40.9518176],[16.5548134,40.9489182],[16.5617012,40.9486562],[16.5556523,40.9389411],[16.5530065,40.9380575],[16.5524351,40.9412611],[16.5328141,40.9466655],[16.5330897,40.9494258],[16.5382828,40.9544329],[16.5353532,40.9603503],[16.5389814,40.9606244]]]},"properties":{"ha":279.0,"date":"2026-07-26","day":25,"country":"IT","place":"Toritto, Bari","rank":168}},{"type":"Feature","geometry":{"type":"Polygon","coordinates":[[[-8.2416126,41.0471671],[-8.2329096,41.0472276],[-8.2311402,41.0435307],[-8.226909,41.0449521],[-8.2276232,41.0428736],[-8.2258814,41.0440913],[-8.2250425,41.0413656],[-8.2226463,41.0419926],[-8.2223714,41.040644],[-8.2216386,41.0404764],[-8.2186859,41.047819],[-8.2175176,41.0465653],[-8.2085449,41.0484439],[-8.2046433,41.0456426],[-8.2021868,41.0483771],[-8.2033596,41.0484335],[-8.2035805,41.0490946],[-8.2012891,41.0486439],[-8.1998571,41.0464998],[-8.1940714,41.0465687],[-8.1917967,41.0424719],[-8.1954124,41.0444491],[-8.1976121,41.0433603],[-8.1962659,41.0448781],[-8.2007631,41.046053],[-8.1979899,41.0437551],[-8.2025956,41.0419572],[-8.2089901,41.0431993],[-8.2105714,41.0419885],[-8.2078044,41.0422558],[-8.2090418,41.0408809],[-8.2070528,41.0393728],[-8.2084269,41.034684],[-8.2153691,41.0339331],[-8.2170613,41.0322771],[-8.2159279,41.0315991],[-8.2185227,41.0309393],[-8.2198057,41.033107],[-8.2160263,41.0363373],[-8.2188421,41.0361058],[-8.2185555,41.0386231],[-8.2269335,41.0415539],[-8.2277186,41.039161],[-8.2312915,41.0415478],[-8.2339889,41.0387673],[-8.2326239,41.0411526],[-8.2345659,41.0418609],[-8.2339195,41.0449206],[-8.2378521,41.0440368],[-8.239874,41.0416272],[-8.2389754,41.0404461],[-8.2417844,41.0401377],[-8.2413695,41.0445897],[-8.2438137,41.0429643],[-8.247226,41.0449381],[-8.2416126,41.0471671]],[[-8.2093791,41.0407779],[-8.2104573,41.0402524],[-8.2092575,41.0402342],[-8.2093791,41.0407779]],[[-8.2114291,41.0395341],[-8.2122697,41.039332],[-8.2113999,41.0391015],[-8.2114291,41.0395341]],[[-8.2122946,41.0452336],[-8.2156203,41.0432538],[-8.2177888,41.0445484],[-8.2175651,41.04234],[-8.213827,41.0423012],[-8.2114437,41.0441],[-8.2122946,41.0452336]]]},"properties":{"ha":277.0,"date":"2026-07-03","day":2,"country":"PT","place":"Travanca, Tâmega e Sousa","rank":169}},{"type":"Feature","geometry":{"type":"Polygon","coordinates":[[[-7.0493955,37.5454702],[-7.0501099,37.5440383],[-7.0672211,37.5423621],[-7.0718868,37.5440081],[-7.0755973,37.5476235],[-7.0724567,37.5483102],[-7.0759685,37.550787],[-7.0764287,37.5557838],[-7.0785811,37.5566373],[-7.0806512,37.5546282],[-7.0849386,37.5586102],[-7.0819537,37.5613532],[-7.0681786,37.5584404],[-7.0673289,37.5548446],[-7.0659276,37.5568975],[-7.0621227,37.5552454],[-7.0643155,37.5523973],[-7.0583948,37.5475997],[-7.0493955,37.5454702]]]},"properties":{"ha":271.0,"date":"2026-07-23","day":22,"country":"ES","place":"Alosno, Huelva","rank":170}},{"type":"Feature","geometry":{"type":"Polygon","coordinates":[[[32.0081457,47.1050736],[32.0106377,47.1011699],[32.0104351,47.0872039],[32.0124717,47.082836],[32.0113972,47.0790715],[31.9896278,47.0618938],[31.9810367,47.0585171],[31.9825224,47.0613619],[31.9874694,47.0627031],[31.9870315,47.067837],[31.9974358,47.0777307],[31.9987586,47.082803],[32.0041874,47.0840283],[32.0071353,47.0874386],[32.0084374,47.0916814],[32.0054376,47.0988938],[32.0081457,47.1050736]]]},"properties":{"ha":268.0,"date":"2026-07-08","day":7,"country":"UA","place":"N.A., N.A.","rank":171}},{"type":"Feature","geometry":{"type":"Polygon","coordinates":[[[36.995123,47.7993963],[36.9906096,47.7984208],[36.9731391,47.8032034],[36.9675853,47.8028372],[36.9791032,47.7993901],[36.9806164,47.7967106],[36.9783144,47.7968995],[36.9376838,47.8059585],[36.9542506,47.8055639],[36.9561682,47.8104135],[36.9623484,47.8163935],[36.9665677,47.8119331],[36.9658607,47.8080021],[36.979309,47.8031505],[36.9809837,47.8048412],[36.9833661,47.8023145],[36.9844215,47.8044695],[36.9877068,47.8015012],[36.9896195,47.8029781],[36.9966123,47.8017201],[36.9929101,47.8017589],[36.995123,47.7993963]]]},"properties":{"ha":267.0,"date":"2026-07-12","day":11,"country":"UA","place":"N.A., N.A.","rank":172}},{"type":"Feature","geometry":{"type":"Polygon","coordinates":[[[14.0373366,37.2344991],[14.0246885,37.2320297],[14.0204083,37.233508],[14.0207578,37.2312615],[14.0175029,37.2307307],[14.0111662,37.2337008],[14.0134812,37.2367007],[14.0116103,37.2410228],[14.0146771,37.2454633],[14.0264677,37.2435431],[14.0292938,37.2414976],[14.0302328,37.2428184],[14.0277401,37.2434023],[14.0326139,37.2449216],[14.0342432,37.2421262],[14.0369488,37.2420607],[14.0379891,37.2476037],[14.0407139,37.2485283],[14.0404743,37.2424646],[14.0322774,37.2392751],[14.0373366,37.2344991]]]},"properties":{"ha":266.0,"date":"2026-07-20","day":19,"country":"IT","place":"Mazzarino, Caltanissetta","rank":173}},{"type":"Feature","geometry":{"type":"Polygon","coordinates":[[[8.6442475,39.3594334],[8.6572877,39.3521947],[8.6567978,39.3445061],[8.6600974,39.3402757],[8.6587728,39.3348403],[8.6547964,39.3353156],[8.6541088,39.3335908],[8.6572678,39.3337033],[8.6581954,39.3318281],[8.6509543,39.3315879],[8.6505997,39.3374683],[8.6416947,39.3491199],[8.6431241,39.3505804],[8.6418808,39.3531739],[8.6437126,39.3530825],[8.6428914,39.3579563],[8.6442475,39.3594334]]]},"properties":{"ha":264.0,"date":"2026-07-16","day":15,"country":"IT","place":"Domusnovas, Sud Sardegna","rank":174}},{"type":"Feature","geometry":{"type":"Polygon","coordinates":[[[35.3187132,47.3859577],[35.3155189,47.4021218],[35.3207146,47.4066874],[35.3284733,47.4030801],[35.3311384,47.3978944],[35.3265606,47.3958327],[35.3281391,47.3901351],[35.3269915,47.377909],[35.3161869,47.3774586],[35.3187132,47.3859577]]]},"properties":{"ha":262.0,"date":"2026-07-18","day":17,"country":"UA","place":"N.A., N.A.","rank":175}},{"type":"Feature","geometry":{"type":"Polygon","coordinates":[[[13.8885359,37.1713233],[13.8928163,37.170605],[13.8949378,37.1683633],[13.8878835,37.1637501],[13.8853036,37.1665372],[13.885399,37.1635821],[13.8818896,37.165879],[13.8812716,37.1646957],[13.8847513,37.1638618],[13.8873456,37.1600942],[13.8824347,37.1609698],[13.8812441,37.1636262],[13.8775548,37.1566635],[13.875716,37.1565383],[13.8749079,37.1589594],[13.8763058,37.1597064],[13.8738076,37.159468],[13.8763979,37.1624677],[13.8733277,37.1648947],[13.8727845,37.1597863],[13.8694368,37.1600315],[13.862744,37.1566276],[13.863626,37.1594234],[13.8683759,37.1602434],[13.8669013,37.1605585],[13.8687239,37.1632682],[13.8648371,37.1645693],[13.8656908,37.16709],[13.8690168,37.1682229],[13.8674467,37.1720947],[13.8707446,37.1712775],[13.8687017,37.1748104],[13.8737071,37.1742771],[13.87058,37.1758796],[13.8771228,37.1738481],[13.8788308,37.171524],[13.8772392,37.1700224],[13.8837217,37.1726633],[13.8845965,37.1705336],[13.8820781,37.1695105],[13.8827942,37.1681579],[13.8885359,37.1713233]]]},"properties":{"ha":260.0,"date":"2026-07-05","day":4,"country":"IT","place":"Licata, Agrigento","rank":176}},{"type":"Feature","geometry":{"type":"Polygon","coordinates":[[[34.634237,47.5441655],[34.6360149,47.5427651],[34.6292633,47.5304481],[34.6182562,47.5298353],[34.6113811,47.5308555],[34.6101156,47.5332208],[34.6067804,47.5327089],[34.6121252,47.5379468],[34.605992,47.5382357],[34.6174273,47.5441369],[34.634237,47.5441655]]]},"properties":{"ha":259.0,"date":"2026-07-01","day":0,"country":"UA","place":"N.A., N.A.","rank":177}},{"type":"Feature","geometry":{"type":"Polygon","coordinates":[[[-8.4655289,41.4345942],[-8.4453864,41.4338993],[-8.4427336,41.4307577],[-8.4478334,41.426863],[-8.447037,41.4253846],[-8.4545623,41.4277677],[-8.4580245,41.4267732],[-8.4564726,41.4252714],[-8.457966,41.4203973],[-8.4626692,41.4215988],[-8.4661812,41.4196513],[-8.4649712,41.4186592],[-8.4706632,41.4196033],[-8.472675,41.4215085],[-8.47067,41.4220105],[-8.4721873,41.4249129],[-8.4700067,41.4266722],[-8.4664706,41.4258428],[-8.4662406,41.4277329],[-8.4722298,41.431301],[-8.4652571,41.4327327],[-8.4655289,41.4345942]]]},"properties":{"ha":259.0,"date":"2026-07-02","day":1,"country":"PT","place":"Vermoim, Ave","rank":178}},{"type":"Feature","geometry":{"type":"Polygon","coordinates":[[[38.5196497,48.8212451],[38.5321663,48.8109419],[38.5261335,48.8075009],[38.5126562,48.8062292],[38.5081928,48.807796],[38.5050877,48.8236346],[38.5106651,48.8244391],[38.5196497,48.8212451]]]},"properties":{"ha":258.0,"date":"2026-07-08","day":7,"country":"UA","place":"N.A., N.A.","rank":179}},{"type":"Feature","geometry":{"type":"Polygon","coordinates":[[[34.0150993,46.4992067],[34.0137469,46.493037],[34.0172002,46.4845613],[34.0164039,46.4813884],[34.0087006,46.4810689],[34.0001122,46.4854751],[33.9931314,46.486489],[33.9957269,46.4878836],[33.9926991,46.487926],[33.9959822,46.4899557],[33.9964327,46.4937131],[34.0063567,46.4997352],[34.013905,46.5010904],[34.0150993,46.4992067]]]},"properties":{"ha":258.0,"date":"2026-07-02","day":1,"country":"UA","place":"N.A., N.A.","rank":180}},{"type":"Feature","geometry":{"type":"Polygon","coordinates":[[[13.1465065,38.1383465],[13.147325,38.1400426],[13.1434656,38.1470476],[13.1442224,38.1503259],[13.1394005,38.1554093],[13.1361698,38.1630832],[13.1428381,38.1616627],[13.1441815,38.1574996],[13.1506602,38.1573301],[13.14852,38.1544808],[13.1511738,38.1539078],[13.1502972,38.1501351],[13.152603,38.1524906],[13.1527385,38.1491179],[13.1557365,38.1487398],[13.1566924,38.1461057],[13.1591221,38.1467588],[13.1585421,38.1424107],[13.1628108,38.1417002],[13.1610982,38.1378464],[13.156727,38.1372512],[13.1549903,38.1350258],[13.1531701,38.1371972],[13.1465065,38.1383465]]]},"properties":{"ha":258.0,"date":"2026-07-22","day":21,"country":"IT","place":"Carini, Palermo","rank":181}},{"type":"Feature","geometry":{"type":"Polygon","coordinates":[[[32.9688503,46.3990225],[32.9675355,46.3941429],[32.9567603,46.3933782],[32.9537262,46.3957539],[32.9480717,46.4089659],[32.9486738,46.4116184],[32.9543382,46.4138093],[32.9621295,46.4112434],[32.9688503,46.3990225]]]},"properties":{"ha":252.0,"date":"2026-07-19","day":18,"country":"UA","place":"N.A., N.A.","rank":182}},{"type":"Feature","geometry":{"type":"Polygon","coordinates":[[[37.064864,48.0272581],[37.0676637,48.0252079],[37.0634177,48.0224425],[37.0532259,48.0234442],[37.0466217,48.0218139],[37.045957,48.0197676],[37.0502877,48.0176298],[37.0403219,48.0146023],[37.0315209,48.0143347],[37.0305748,48.0158266],[37.026048,48.0157766],[37.0257875,48.017735],[37.0210683,48.0173267],[37.021735,48.0194345],[37.0285505,48.0233389],[37.0388144,48.0267057],[37.0407003,48.024697],[37.0481395,48.0254579],[37.0487464,48.0281267],[37.0520451,48.0281452],[37.0633549,48.0244681],[37.064864,48.0272581]]]},"properties":{"ha":251.0,"date":"2026-07-06","day":5,"country":"UA","place":"N.A., N.A.","rank":183}},{"type":"Feature","geometry":{"type":"Polygon","coordinates":[[[38.1607268,48.4874546],[38.1610662,48.484425],[38.1564616,48.4798958],[38.1609559,48.4813629],[38.1624202,48.4736423],[38.1563868,48.4719339],[38.1613895,48.4698955],[38.156751,48.4692694],[38.1580847,48.4664404],[38.1496081,48.4675345],[38.1450625,48.4715455],[38.1364415,48.4744587],[38.1443443,48.4770233],[38.1485657,48.4752016],[38.1459259,48.4827268],[38.1503045,48.4885495],[38.1607268,48.4874546]]]},"properties":{"ha":249.0,"date":"2026-07-08","day":7,"country":"UA","place":"N.A., N.A.","rank":184}},{"type":"Feature","geometry":{"type":"Polygon","coordinates":[[[35.8858647,47.4705284],[35.8922618,47.4652796],[35.8912269,47.4637083],[35.896184,47.4622058],[35.902858,47.4632369],[35.9069335,47.4607],[35.903547,47.4594074],[35.8972615,47.4611976],[35.8998136,47.4588091],[35.899064,47.4549262],[35.8879419,47.4572658],[35.8877267,47.4538],[35.8830861,47.4541873],[35.877818,47.4593983],[35.8806085,47.4629523],[35.8722375,47.4692882],[35.8759874,47.4729406],[35.8858647,47.4705284]]]},"properties":{"ha":249.0,"date":"2026-07-13","day":12,"country":"UA","place":"N.A., N.A.","rank":185}},{"type":"Feature","geometry":{"type":"Polygon","coordinates":[[[33.4847756,34.9345305],[33.4958094,34.9167221],[33.4934403,34.9145469],[33.4871195,34.9152928],[33.4767438,34.9236421],[33.4746594,34.9284964],[33.476475,34.9343819],[33.479051,34.9358117],[33.4847756,34.9345305]]]},"properties":{"ha":249.0,"date":"2026-07-27","day":26,"country":"CY","place":"Αγία Άννα, Κύπρος","rank":186}},{"type":"Feature","geometry":{"type":"Polygon","coordinates":[[[16.3177225,39.8064885],[16.3221554,39.7996483],[16.3248463,39.7992281],[16.3305521,39.8026325],[16.3322356,39.8007556],[16.3300203,39.7975397],[16.3316419,39.795654],[16.3285944,39.7946569],[16.3286037,39.7904397],[16.3341456,39.788701],[16.3347088,39.7853716],[16.3317598,39.7839918],[16.3347186,39.7841327],[16.3345321,39.7819539],[16.329579,39.7813143],[16.3231162,39.7845107],[16.3222073,39.7907815],[16.3133732,39.7979551],[16.3138167,39.801588],[16.3183273,39.8028727],[16.3160716,39.8055816],[16.3117062,39.8054218],[16.3110127,39.8070633],[16.3138143,39.8092645],[16.3083088,39.811469],[16.3179036,39.8093519],[16.3177225,39.8064885]],[[16.3287957,39.7975654],[16.3247002,39.7976835],[16.3287999,39.7964078],[16.3287957,39.7975654]]]},"properties":{"ha":248.0,"date":"2026-07-21","day":20,"country":"IT","place":"Cassano all'Ionio, Cosenza","rank":187}},{"type":"Feature","geometry":{"type":"Polygon","coordinates":[[[14.2553869,37.3052126],[14.2513909,37.3062036],[14.2523351,37.308701],[14.2587602,37.3112024],[14.2592581,37.3137514],[14.2562183,37.3169406],[14.2590273,37.3188435],[14.2589872,37.3161945],[14.2614839,37.3193103],[14.2624483,37.3172904],[14.2640513,37.318705],[14.2668065,37.3172938],[14.2710407,37.3211944],[14.2739212,37.3206078],[14.2715719,37.3166991],[14.2684892,37.3154249],[14.277472,37.3134526],[14.2775139,37.3106612],[14.2743048,37.3075469],[14.2652886,37.3089961],[14.2650217,37.3059316],[14.2672258,37.3043748],[14.2616341,37.3025041],[14.2619932,37.3042999],[14.2590408,37.3055959],[14.2596443,37.2997781],[14.2533025,37.3016909],[14.2553869,37.3052126]],[[14.2717891,37.3104625],[14.2709022,37.3115672],[14.2709411,37.3109041],[14.2717891,37.3104625]]]},"properties":{"ha":246.0,"date":"2026-07-16","day":15,"country":"IT","place":"Mazzarino, Caltanissetta","rank":188}},{"type":"Feature","geometry":{"type":"Polygon","coordinates":[[[13.6132918,37.8358645],[13.6089752,37.8442586],[13.5992113,37.8477914],[13.6008119,37.8502581],[13.5978512,37.8506245],[13.597511,37.8531102],[13.600433,37.8547914],[13.6029453,37.8516064],[13.6125163,37.8533842],[13.6131119,37.8568856],[13.6176475,37.85754],[13.6188891,37.8546213],[13.6162468,37.8541649],[13.6164131,37.8511652],[13.6194894,37.8491862],[13.6218673,37.8505197],[13.6224258,37.8475839],[13.6237227,37.8502],[13.6292553,37.847637],[13.6286925,37.8460671],[13.6203918,37.8448704],[13.6195116,37.8415193],[13.6134926,37.839681],[13.6158605,37.8360054],[13.6132918,37.8358645]]]},"properties":{"ha":244.0,"date":"2026-07-22","day":21,"country":"IT","place":"Caccamo, Palermo","rank":189}},{"type":"Feature","geometry":{"type":"Polygon","coordinates":[[[-5.3431088,36.7701582],[-5.3399285,36.7723788],[-5.3362264,36.7718762],[-5.332954,36.7676586],[-5.3277906,36.7552192],[-5.3286622,36.7479962],[-5.3306589,36.7472456],[-5.3325856,36.7501197],[-5.3348523,36.7501928],[-5.3351604,36.7525139],[-5.3392585,36.7521116],[-5.3392681,36.7562814],[-5.3414475,36.7564055],[-5.3429716,36.7602167],[-5.3441121,36.7593899],[-5.3431076,36.7637221],[-5.3453736,36.7653785],[-5.3421848,36.7685473],[-5.3431088,36.7701582]]]},"properties":{"ha":243.0,"date":"2026-07-06","day":5,"country":"ES","place":"Grazalema, Cádiz","rank":190}},{"type":"Feature","geometry":{"type":"Polygon","coordinates":[[[-9.0192538,43.1587583],[-9.019447,43.1569585],[-9.0151416,43.1543759],[-9.0150642,43.1523617],[-9.023486,43.151116],[-9.0270708,43.1538917],[-9.0268741,43.1585801],[-9.0290563,43.1589804],[-9.0286324,43.1617877],[-9.0310495,43.1628182],[-9.0233547,43.1726287],[-9.0200019,43.1726097],[-9.0101825,43.1648877],[-9.0140794,43.1620961],[-9.0145237,43.1581304],[-9.0192538,43.1587583]]]},"properties":{"ha":243.0,"date":"2026-07-12","day":11,"country":"ES","place":"Laxe, A Coruña","rank":191}},{"type":"Feature","geometry":{"type":"Polygon","coordinates":[[[-7.883148,39.6781595],[-7.8726538,39.6764907],[-7.871953,39.6747988],[-7.8658386,39.6783765],[-7.858836,39.6772526],[-7.8565298,39.6751765],[-7.8544715,39.6776493],[-7.8530086,39.6758205],[-7.8467216,39.6765998],[-7.844675,39.6743715],[-7.8463587,39.6744135],[-7.8457058,39.6730821],[-7.8416726,39.6729197],[-7.8454597,39.669232],[-7.8522579,39.6721734],[-7.8528795,39.6694472],[-7.8591753,39.6703005],[-7.8613516,39.6678966],[-7.8697621,39.6692915],[-7.8687738,39.670404],[-7.8708485,39.6690128],[-7.885018,39.6754151],[-7.883148,39.6781595]],[[-7.857421,39.6748698],[-7.8605317,39.6748176],[-7.8592919,39.6741235],[-7.857421,39.6748698]],[[-7.8629479,39.675391],[-7.8628901,39.6758192],[-7.864026,39.6753728],[-7.8629479,39.675391]],[[-7.8625415,39.6742716],[-7.8631387,39.6747082],[-7.8633513,39.6743919],[-7.8625415,39.6742716]],[[-7.8629382,39.6733293],[-7.865057,39.6726553],[-7.86247,39.6726505],[-7.8629382,39.6733293]],[[-7.8632027,39.6759119],[-7.8636333,39.6760734],[-7.8639634,39.6757769],[-7.8632027,39.6759119]],[[-7.8640018,39.674388],[-7.8641362,39.6750366],[-7.8645557,39.6740813],[-7.8640018,39.674388]],[[-7.8647954,39.6750802],[-7.865166,39.6754228],[-7.8654956,39.6755357],[-7.8647954,39.6750802]],[[-7.8653403,39.6761863],[-7.8655599,39.6764676],[-7.8659182,39.676231],[-7.8653403,39.6761863]],[[-7.8691824,39.6716092],[-7.8703201,39.671705],[-7.86977,39.6714998],[-7.8691824,39.6716092]],[[-7.870493,39.6713997],[-7.8709271,39.6711526],[-7.8700838,39.6710109],[-7.870493,39.6713997]]]},"properties":{"ha":240.0,"date":"2026-07-16","day":15,"country":"PT","place":"São Pedro do Esteval, Beira Baixa","rank":192}},{"type":"Feature","geometry":{"type":"Polygon","coordinates":[[[35.3469735,47.6169378],[35.3750231,47.6177184],[35.3708689,47.6160845],[35.3730223,47.6150989],[35.3729251,47.6128876],[35.3669086,47.6142364],[35.3676351,47.6123179],[35.3717017,47.6113919],[35.3735058,47.6061884],[35.3701975,47.6039008],[35.3666124,47.6052654],[35.362803,47.6028846],[35.3503027,47.6069404],[35.3496633,47.6093458],[35.3521239,47.6133215],[35.3464931,47.6133177],[35.3469735,47.6169378]]]},"properties":{"ha":236.0,"date":"2026-07-18","day":17,"country":"UA","place":"N.A., N.A.","rank":193}},{"type":"Feature","geometry":{"type":"Polygon","coordinates":[[[5.1522096,43.5782458],[5.1581383,43.5755327],[5.1582718,43.5728377],[5.1548707,43.571726],[5.1628437,43.5692716],[5.1630447,43.5672034],[5.1649082,43.5676001],[5.1684103,43.5643299],[5.1660696,43.5646726],[5.1761536,43.5569597],[5.1766517,43.5543712],[5.1667563,43.5538108],[5.1652077,43.5574058],[5.1632071,43.5578649],[5.165447,43.5534393],[5.1597744,43.5531759],[5.1566946,43.5565457],[5.1567388,43.5530946],[5.154915,43.5538759],[5.1535234,43.5589032],[5.155879,43.5597005],[5.1557677,43.5635562],[5.1589796,43.5637312],[5.1533409,43.5692725],[5.1542674,43.5721774],[5.1515905,43.5737181],[5.1504464,43.5773959],[5.1522096,43.5782458]]]},"properties":{"ha":235.0,"date":"2026-07-01","day":0,"country":"FR","place":"Lançon-Provence, Bouches-du-Rhône","rank":194}},{"type":"Feature","geometry":{"type":"Polygon","coordinates":[[[37.4197315,48.2944844],[37.4095726,48.2919443],[37.4006418,48.2871441],[37.3964646,48.2890606],[37.3899557,48.2884331],[37.3861668,48.2921007],[37.3900666,48.2928154],[37.3866573,48.2975599],[37.4011413,48.3004678],[37.4168432,48.297094],[37.4197315,48.2944844]]]},"properties":{"ha":233.0,"date":"2026-07-17","day":16,"country":"UA","place":"N.A., N.A.","rank":195}},{"type":"Feature","geometry":{"type":"Polygon","coordinates":[[[-0.3415419,42.226441],[-0.3403132,42.2310774],[-0.3367294,42.2320927],[-0.3210955,42.2266476],[-0.3133912,42.226156],[-0.3170971,42.2236451],[-0.3219509,42.2239348],[-0.3233888,42.2198605],[-0.3281048,42.2211565],[-0.3372717,42.2183678],[-0.3418109,42.219757],[-0.3406158,42.218309],[-0.3499101,42.216717],[-0.3509681,42.217741],[-0.3436218,42.221991],[-0.3420152,42.2209214],[-0.3402659,42.2230868],[-0.3365967,42.2230084],[-0.3365842,42.2242925],[-0.3426104,42.2239581],[-0.3472122,42.2266029],[-0.3415419,42.226441]]]},"properties":{"ha":229.0,"date":"2026-07-04","day":3,"country":"ES","place":"Loporzano, Huesca","rank":196}},{"type":"Feature","geometry":{"type":"Polygon","coordinates":[[[35.853537,47.6138229],[35.8543572,47.6102166],[35.8514883,47.6009267],[35.8246877,47.6035681],[35.8425795,47.6147657],[35.853537,47.6138229]]]},"properties":{"ha":229.0,"date":"2026-07-01","day":0,"country":"UA","place":"N.A., N.A.","rank":197}},{"type":"Feature","geometry":{"type":"Polygon","coordinates":[[[15.6953757,37.9795838],[15.7073993,37.9802072],[15.7080811,37.978098],[15.7132607,37.9796128],[15.7070967,37.9729774],[15.7043751,37.9665106],[15.6960029,37.9665031],[15.6944811,37.9700358],[15.6918614,37.969374],[15.6907689,37.9711033],[15.684676,37.9692772],[15.6849105,37.9722756],[15.6881641,37.9717732],[15.6865085,37.9738713],[15.6875628,37.9750117],[15.6940799,37.9751054],[15.6926357,37.9763994],[15.6953757,37.9795838]]]},"properties":{"ha":229.0,"date":"2026-07-17","day":16,"country":"IT","place":"Motta San Giovanni, Reggio di Calabria","rank":198}},{"type":"Feature","geometry":{"type":"Polygon","coordinates":[[[32.229603,46.4500871],[32.226987,46.4458155],[32.2290254,46.4440207],[32.2227874,46.443188],[32.2246914,46.4407766],[32.2214341,46.4350329],[32.2101326,46.4397606],[32.2094276,46.4458638],[32.2127327,46.4468691],[32.2119296,46.450781],[32.2156661,46.4511659],[32.2165514,46.4535163],[32.2148478,46.4544222],[32.2150118,46.4572476],[32.2203972,46.4569487],[32.2203938,46.4531472],[32.2257559,46.4522017],[32.2294773,46.4544805],[32.229603,46.4500871]]]},"properties":{"ha":227.0,"date":"2026-07-02","day":1,"country":"UA","place":"N.A., N.A.","rank":199}},{"type":"Feature","geometry":{"type":"Polygon","coordinates":[[[13.4640738,37.4338534],[13.4547799,37.432211],[13.4544009,37.4355256],[13.4573358,37.436452],[13.4571967,37.4386565],[13.4603023,37.438582],[13.4606074,37.4420502],[13.4645178,37.4412538],[13.4651032,37.4432701],[13.4667479,37.4413094],[13.4754644,37.4431388],[13.4803631,37.4403178],[13.4802846,37.4382773],[13.4743094,37.4366522],[13.477437,37.4343806],[13.4810696,37.4362376],[13.4849912,37.4356883],[13.4858901,37.4375323],[13.488187,37.4356746],[13.4830532,37.4304486],[13.4811388,37.4321549],[13.4834778,37.4331313],[13.482561,37.4343701],[13.4783842,37.433845],[13.4790346,37.4301232],[13.477317,37.4325346],[13.474251,37.4312733],[13.4640738,37.4338534]]]},"properties":{"ha":227.0,"date":"2026-07-19","day":18,"country":"IT","place":"Cattolica Eraclea, Agrigento","rank":200}},{"type":"Feature","geometry":{"type":"Polygon","coordinates":[[[13.0267429,37.7481581],[13.0336936,37.7514286],[13.0343701,37.749302],[13.0360788,37.7496198],[13.0340502,37.7474347],[13.0359897,37.7433852],[13.027474,37.7457113],[13.0144205,37.7423535],[13.0186781,37.7497757],[13.0164556,37.7509069],[13.0179346,37.7541112],[13.0134779,37.7537718],[13.015881,37.7655165],[13.0201055,37.7641826],[13.0222267,37.7655641],[13.0198464,37.7669048],[13.0218872,37.767468],[13.0293173,37.7644548],[13.0262597,37.7573516],[13.0209149,37.7551835],[13.0235888,37.7577374],[13.0222612,37.7615119],[13.0186908,37.7568999],[13.020012,37.7535474],[13.0174939,37.752494],[13.0267429,37.7481581]]]},"properties":{"ha":225.0,"date":"2026-07-19","day":18,"country":"IT","place":"Salaparuta, Trapani","rank":201}},{"type":"Feature","geometry":{"type":"Polygon","coordinates":[[[13.3694152,37.9921446],[13.3698956,37.9977182],[13.3830126,38.00426],[13.3864922,38.0035946],[13.3902865,37.9992866],[13.3895907,37.9971177],[13.382877,37.9923446],[13.3799256,37.9924893],[13.3773682,37.9889883],[13.3630986,37.9866657],[13.3663239,37.9916759],[13.3694152,37.9921446]]]},"properties":{"ha":223.0,"date":"2026-07-12","day":11,"country":"IT","place":"Santa Cristina Gela, Palermo","rank":202}},{"type":"Feature","geometry":{"type":"Polygon","coordinates":[[[7.5349062,45.5068795],[7.5310917,45.5084258],[7.5339173,45.506264],[7.5299835,45.5084057],[7.5288022,45.5066706],[7.525671,45.5070549],[7.5240692,45.5089504],[7.5192645,45.5060861],[7.5178303,45.5062364],[7.5184424,45.5079265],[7.5149433,45.5071086],[7.5120706,45.5132638],[7.5171044,45.5182971],[7.5134394,45.5197179],[7.5160987,45.5221914],[7.5194043,45.5210874],[7.5206501,45.5201058],[7.5175991,45.5192814],[7.5178028,45.5169545],[7.5280777,45.5223493],[7.538462,45.5213869],[7.5360198,45.5203678],[7.5364061,45.5177012],[7.5341074,45.5181871],[7.5277375,45.5135441],[7.5260416,45.5140305],[7.5300187,45.5117192],[7.5330929,45.512877],[7.5340595,45.5107396],[7.5370094,45.5101937],[7.5349062,45.5068795]]]},"properties":{"ha":222.0,"date":"2026-07-04","day":3,"country":"IT","place":"Valprato Soana, Torino","rank":203}},{"type":"Feature","geometry":{"type":"Polygon","coordinates":[[[38.5367314,48.8279363],[38.5378621,48.8238034],[38.5343028,48.8281385],[38.5312687,48.828926],[38.5322368,48.8217181],[38.5362455,48.8168648],[38.5302451,48.814256],[38.5202274,48.8199802],[38.5193964,48.82198],[38.5229317,48.823517],[38.5136789,48.833967],[38.5204636,48.8373425],[38.5367314,48.8279363]]]},"properties":{"ha":215.0,"date":"2026-07-08","day":7,"country":"UA","place":"N.A., N.A.","rank":204}},{"type":"Feature","geometry":{"type":"Polygon","coordinates":[[[5.9984163,43.5360718],[5.9919486,43.5365419],[5.9913971,43.5391944],[5.9875205,43.5394773],[5.9855633,43.5438736],[5.9751575,43.5474941],[5.9756898,43.5489774],[5.9702223,43.5527869],[5.9737806,43.5557253],[5.9870239,43.5453516],[5.9918184,43.5438138],[5.9935958,43.5449754],[5.9951082,43.5425814],[6.0062869,43.5403107],[6.0102504,43.5352802],[6.0083113,43.5335341],[6.0097377,43.5301708],[6.0071604,43.5319957],[6.0008578,43.531634],[5.9984163,43.5360718]]]},"properties":{"ha":215.0,"date":"2026-07-26","day":25,"country":"FR","place":"Barjols, Var","rank":205}},{"type":"Feature","geometry":{"type":"Polygon","coordinates":[[[22.1943185,41.9471466],[22.1998975,41.9393143],[22.1973414,41.9297744],[22.1906579,41.935048],[22.1848168,41.9368625],[22.1829861,41.9432919],[22.1835614,41.9489982],[22.1863069,41.9521225],[22.1943185,41.9471466]]]},"properties":{"ha":214.0,"date":"2026-07-03","day":2,"country":"MK","place":"Probištip, Источен","rank":206}},{"type":"Feature","geometry":{"type":"Polygon","coordinates":[[[-5.9261046,42.7034375],[-5.931209,42.702334],[-5.9369731,42.7069898],[-5.9323222,42.7108934],[-5.9303553,42.7156923],[-5.9259229,42.7156884],[-5.9226928,42.7102208],[-5.9119695,42.7033604],[-5.9108855,42.7003215],[-5.911968,42.697694],[-5.915168,42.6971858],[-5.9261046,42.7034375]]]},"properties":{"ha":214.0,"date":"2026-07-28","day":27,"country":"ES","place":"Valdesamario, León","rank":207}},{"type":"Feature","geometry":{"type":"Polygon","coordinates":[[[35.6197821,47.2978448],[35.621353,47.2943268],[35.6233332,47.2946357],[35.6233585,47.2970696],[35.6268774,47.2921741],[35.6220221,47.2872006],[35.6286107,47.2850778],[35.6291797,47.2817266],[35.6226641,47.2831686],[35.6179516,47.2816726],[35.6146919,47.2845151],[35.6091655,47.2849323],[35.607203,47.2900271],[35.6106338,47.2919869],[35.6096975,47.2955154],[35.6045294,47.2955182],[35.6095395,47.3001645],[35.6120224,47.2995584],[35.6130215,47.2960611],[35.6133303,47.299353],[35.6197821,47.2978448]]]},"properties":{"ha":213.0,"date":"2026-07-20","day":19,"country":"UA","place":"N.A., N.A.","rank":208}},{"type":"Feature","geometry":{"type":"Polygon","coordinates":[[[37.3547226,47.7452669],[37.3514654,47.7456175],[37.3518465,47.7430892],[37.3452634,47.7475313],[37.3279826,47.7511277],[37.3197088,47.7516978],[37.3150655,47.7501381],[37.3124819,47.7531554],[37.3172759,47.755116],[37.3167274,47.7567056],[37.3227311,47.7575229],[37.32337,47.7590206],[37.3273369,47.7583336],[37.3278367,47.7565907],[37.3334015,47.7604478],[37.333962,47.7572802],[37.3367959,47.7551469],[37.335829,47.7534476],[37.344801,47.7525543],[37.3469715,47.7495286],[37.3529094,47.7512666],[37.3551942,47.7496836],[37.3547226,47.7452669]]]},"properties":{"ha":212.0,"date":"2026-07-04","day":3,"country":"UA","place":"N.A., N.A.","rank":209}},{"type":"Feature","geometry":{"type":"Polygon","coordinates":[[[36.2825753,45.4063581],[36.2834622,45.4047669],[36.2782367,45.4027618],[36.2784079,45.4003592],[36.2901435,45.4038971],[36.2942563,45.4083259],[36.2993002,45.4071976],[36.3051626,45.3943719],[36.3115891,45.3910092],[36.3129817,45.388158],[36.2999427,45.391666],[36.3002875,45.4001392],[36.2951446,45.4019394],[36.2859244,45.3980986],[36.2847083,45.3920887],[36.2829775,45.3963692],[36.269396,45.4004135],[36.2756562,45.4050315],[36.2780475,45.4042155],[36.2825753,45.4063581]]]},"properties":{"ha":212.0,"date":"2026-07-17","day":16,"country":"UA","place":"N.A., N.A.","rank":210}},{"type":"Feature","geometry":{"type":"Polygon","coordinates":[[[14.3278765,37.5735636],[14.3363035,37.5739041],[14.3341784,37.5671649],[14.3357963,37.5663575],[14.3250031,37.5629708],[14.3121469,37.5627714],[14.3118918,37.5582624],[14.3100691,37.5586015],[14.3122189,37.5562739],[14.3100278,37.55424],[14.3045682,37.5554552],[14.3039402,37.5538787],[14.3012681,37.5582026],[14.299842,37.5579165],[14.3013418,37.5547641],[14.2991242,37.554064],[14.2962456,37.5561722],[14.2974029,37.5592118],[14.2959866,37.5600249],[14.2991813,37.5596221],[14.3042633,37.5629925],[14.3111198,37.5624713],[14.3130032,37.5657241],[14.3193284,37.5669777],[14.3169476,37.5681918],[14.3206175,37.5673712],[14.3226411,37.5651994],[14.3263567,37.5661325],[14.3278765,37.5735636]],[[14.3297827,37.5711591],[14.3293359,37.5725491],[14.3290787,37.5709503],[14.3297827,37.5711591]]]},"properties":{"ha":211.0,"date":"2026-07-18","day":17,"country":"IT","place":"Enna, Enna","rank":211}},{"type":"Feature","geometry":{"type":"Polygon","coordinates":[[[37.2903002,47.7831616],[37.2892314,47.7788682],[37.2860765,47.776358],[37.286286,47.7733504],[37.2825405,47.7707065],[37.2847878,47.7681041],[37.277291,47.7683863],[37.2775071,47.7669384],[37.2813573,47.7673117],[37.2795194,47.7646059],[37.2820115,47.7627696],[37.2757976,47.7613454],[37.2693861,47.7659668],[37.2662388,47.7661049],[37.2675368,47.7740741],[37.270916,47.7744969],[37.2725026,47.7788541],[37.2809319,47.7777268],[37.2822584,47.7813081],[37.2903002,47.7831616]]]},"properties":{"ha":209.0,"date":"2026-07-20","day":19,"country":"UA","place":"N.A., N.A.","rank":212}},{"type":"Feature","geometry":{"type":"Polygon","coordinates":[[[-6.2930924,53.2052799],[-6.2988093,53.2016572],[-6.2986659,53.1994119],[-6.3123739,53.1944856],[-6.3187358,53.2030025],[-6.3153925,53.2087276],[-6.3137132,53.2088162],[-6.3158641,53.212295],[-6.3141072,53.2126911],[-6.3090744,53.2098769],[-6.3044318,53.2115069],[-6.295815,53.2083683],[-6.2930924,53.2052799]]]},"properties":{"ha":208.0,"date":"2026-07-15","day":14,"country":"IE","place":"Powerscourt, Mid-East","rank":213}},{"type":"Feature","geometry":{"type":"Polygon","coordinates":[[[33.2567276,46.7362638],[33.2618167,46.7304435],[33.261467,46.7269054],[33.2431815,46.7237696],[33.2396804,46.7255985],[33.2403185,46.7354887],[33.2467926,46.7362628],[33.2485897,46.7385162],[33.2567276,46.7362638]]]},"properties":{"ha":206.0,"date":"2026-07-05","day":4,"country":"UA","place":"N.A., N.A.","rank":214}},{"type":"Feature","geometry":{"type":"Polygon","coordinates":[[[35.9471153,47.5433552],[35.9461193,47.5382274],[35.9426016,47.5366459],[35.9382151,47.5392132],[35.9261414,47.5371644],[35.9163569,47.5428473],[35.9180215,47.5452541],[35.9165901,47.5468513],[35.9101896,47.548615],[35.9157442,47.5526399],[35.9135918,47.5539261],[35.9220108,47.5551176],[35.919886,47.550141],[35.9240417,47.5453366],[35.9312593,47.5435912],[35.9335254,47.5470876],[35.9382364,47.5438585],[35.9471153,47.5433552]]]},"properties":{"ha":206.0,"date":"2026-07-01","day":0,"country":"UA","place":"N.A., N.A.","rank":215}},{"type":"Feature","geometry":{"type":"Polygon","coordinates":[[[36.8120357,47.755833],[36.8209229,47.7643897],[36.8258325,47.7621973],[36.8246441,47.7570484],[36.8300771,47.7505808],[36.8262037,47.750264],[36.8249776,47.7425674],[36.8186991,47.7428698],[36.8185456,47.7448999],[36.8126716,47.7461548],[36.8133732,47.7542646],[36.8102567,47.753608],[36.8064753,47.7571154],[36.8095345,47.7583974],[36.8120357,47.755833]]]},"properties":{"ha":206.0,"date":"2026-07-02","day":1,"country":"UA","place":"N.A., N.A.","rank":216}},{"type":"Feature","geometry":{"type":"Polygon","coordinates":[[[0.9239476,46.3786635],[0.9280192,46.3806544],[0.9211546,46.3801294],[0.9239522,46.3827275],[0.9213994,46.3831089],[0.9223826,46.3855865],[0.927577,46.3874747],[0.931136,46.3860565],[0.9316273,46.38323],[0.9367631,46.3855544],[0.9401664,46.3829677],[0.9450159,46.3860631],[0.9482149,46.3825192],[0.9519444,46.3817881],[0.9527157,46.3787364],[0.9500108,46.3776841],[0.9482574,46.3720991],[0.9454085,46.3729546],[0.9478476,46.3740842],[0.9462087,46.3765137],[0.9415394,46.374297],[0.9393892,46.3785486],[0.9360658,46.3793433],[0.9307608,46.3772676],[0.9337356,46.3759418],[0.9329557,46.3735504],[0.928819,46.3761632],[0.9249933,46.3752557],[0.9239476,46.3786635]],[[0.9298181,46.3786496],[0.9296115,46.38116],[0.9284481,46.3807087],[0.9298181,46.3786496]]]},"properties":{"ha":206.0,"date":"2026-07-20","day":19,"country":"FR","place":"Saulgé, Vienne","rank":217}},{"type":"Feature","geometry":{"type":"Polygon","coordinates":[[[32.8957392,46.3999568],[32.9060042,46.3925624],[32.905151,46.3903269],[32.9001105,46.3865181],[32.8954919,46.386695],[32.8893628,46.3831655],[32.8857265,46.3849737],[32.8841506,46.3919826],[32.8885001,46.3962366],[32.887884,46.398502],[32.8957392,46.3999568]]]},"properties":{"ha":202.0,"date":"2026-07-01","day":0,"country":"UA","place":"N.A., N.A.","rank":218}},{"type":"Feature","geometry":{"type":"Polygon","coordinates":[[[14.3772826,41.0757523],[14.3792695,41.0775552],[14.3747807,41.0817515],[14.3762809,41.084048],[14.3747852,41.0856247],[14.3774079,41.0869953],[14.3779832,41.0854206],[14.3811986,41.0880916],[14.3809078,41.0862065],[14.3830313,41.0858899],[14.3812603,41.0813637],[14.3941281,41.0850189],[14.3852279,41.0789223],[14.3891958,41.0750768],[14.4007,41.0794084],[14.4017597,41.0785915],[14.3981077,41.0779305],[14.3969065,41.075834],[14.4001407,41.0745284],[14.393097,41.0701297],[14.3900472,41.070444],[14.3895996,41.0682268],[14.385907,41.0684242],[14.3865619,41.0709614],[14.3819371,41.0713248],[14.3772826,41.0757523]]]},"properties":{"ha":201.0,"date":"2026-07-05","day":4,"country":"IT","place":"Caserta, Caserta","rank":219}},{"type":"Feature","geometry":{"type":"Polygon","coordinates":[[[3.421852,44.2287867],[3.4190996,44.236515],[3.4203881,44.2451717],[3.4174351,44.2476749],[3.4187801,44.2525436],[3.422256,44.2534568],[3.4248872,44.2520295],[3.4323532,44.2374879],[3.4266312,44.2281044],[3.421852,44.2287867]]]},"properties":{"ha":201.0,"date":"2026-07-23","day":22,"country":"FR","place":"Hures-la-Parade, Lozère","rank":220}},{"type":"Feature","geometry":{"type":"Polygon","coordinates":[[[19.1695375,42.0557022],[19.1684675,42.0665008],[19.164491,42.0685548],[19.1569228,42.0674451],[19.1591757,42.0715452],[19.1622418,42.0727863],[19.1557389,42.0765063],[19.1654093,42.0809786],[19.1628652,42.0843008],[19.16669,42.0825458],[19.1686542,42.0836418],[19.170417,42.0806789],[19.1676945,42.0761696],[19.1707825,42.074206],[19.1691491,42.072502],[19.1726357,42.0675588],[19.1731722,42.0580178],[19.1763307,42.05596],[19.1753921,42.0543795],[19.1695375,42.0557022]]]},"properties":{"ha":200.0,"date":"2026-07-23","day":22,"country":"ME","place":"N.A., Црна Гора","rank":221}},{"type":"Feature","geometry":{"type":"Polygon","coordinates":[[[33.4470424,46.5714776],[33.4503305,46.5644207],[33.4676983,46.5674757],[33.4678957,46.564087],[33.4572807,46.5584405],[33.4527179,46.5614777],[33.4525499,46.5583194],[33.4438284,46.5618837],[33.4443528,46.5556947],[33.440783,46.5562748],[33.4380035,46.5620325],[33.4375328,46.569875],[33.4470424,46.5714776]]]},"properties":{"ha":199.0,"date":"2026-07-05","day":4,"country":"UA","place":"N.A., N.A.","rank":222}},{"type":"Feature","geometry":{"type":"Polygon","coordinates":[[[0.0293066,40.7705338],[0.0327448,40.768953],[0.0328966,40.7710781],[0.0271743,40.7744451],[0.025749,40.7762263],[0.027347,40.7769826],[0.0234118,40.7776843],[0.0207962,40.7805429],[0.0242048,40.7797369],[0.0243852,40.7775792],[0.0295499,40.7787857],[0.029827,40.7800725],[0.0266805,40.7803753],[0.0337068,40.7802516],[0.0272215,40.7830772],[0.0284358,40.7848926],[0.0259491,40.7859476],[0.0267201,40.7907982],[0.0319208,40.7878905],[0.0309979,40.7865255],[0.0353948,40.7827158],[0.0349621,40.7799252],[0.0419978,40.7801637],[0.0437853,40.7778527],[0.0385205,40.7749908],[0.0382713,40.7692224],[0.0412075,40.7626604],[0.028897,40.7688585],[0.0293066,40.7705338]]]},"properties":{"ha":198.0,"date":"2026-07-13","day":12,"country":"ES","place":"Monroyo, Teruel","rank":223}},{"type":"Feature","geometry":{"type":"Polygon","coordinates":[[[-3.4267777,38.4565774],[-3.4219381,38.452323],[-3.4198347,38.4428865],[-3.4223529,38.4406505],[-3.4306622,38.4404262],[-3.4338482,38.4463949],[-3.4352676,38.4558651],[-3.4318652,38.4576463],[-3.4267777,38.4565774]]]},"properties":{"ha":198.0,"date":"2026-07-27","day":26,"country":"ES","place":"Viso del Marqués, Ciudad Real","rank":224}},{"type":"Feature","geometry":{"type":"Polygon","coordinates":[[[-5.293205,37.1041769],[-5.3045644,37.1016146],[-5.3080479,37.1070857],[-5.3114531,37.1064295],[-5.3116112,37.1081674],[-5.316036,37.1086772],[-5.3156058,37.1101641],[-5.3172032,37.1103245],[-5.3158373,37.1115627],[-5.3178934,37.113246],[-5.313251,37.1133568],[-5.3162471,37.1152024],[-5.3155437,37.1188364],[-5.3113026,37.1188078],[-5.3090761,37.1137067],[-5.3068701,37.113507],[-5.3081617,37.1134701],[-5.306587,37.112791],[-5.3068118,37.1098831],[-5.3009239,37.105837],[-5.2987255,37.1078703],[-5.3011034,37.1083349],[-5.3009529,37.1129531],[-5.302547,37.114467],[-5.2976264,37.1137454],[-5.2965469,37.109896],[-5.2963264,37.113183],[-5.2894553,37.1085886],[-5.2937995,37.1077923],[-5.2955371,37.1058796],[-5.293205,37.1041769]]]},"properties":{"ha":197.0,"date":"2026-07-04","day":3,"country":"ES","place":"La Puebla de Cazalla, Sevilla","rank":225}},{"type":"Feature","geometry":{"type":"Polygon","coordinates":[[[27.5745286,38.9857023],[27.5817614,39.000017],[27.5799693,39.0014063],[27.5756869,38.9999586],[27.5759843,39.0044021],[27.5852231,39.0117178],[27.590972,39.0122919],[27.5906595,39.007727],[27.5861032,39.0046693],[27.5893587,39.0058802],[27.5859669,39.000039],[27.5874553,39.0008794],[27.5865804,38.9990556],[27.5893045,38.9980801],[27.5848089,38.9979624],[27.5847688,38.9940379],[27.581391,38.9918523],[27.5823961,38.9868827],[27.5745286,38.9857023]]]},"properties":{"ha":196.0,"date":"2026-07-15","day":14,"country":"TR","place":"N.A., Manisa","rank":226}},{"type":"Feature","geometry":{"type":"Polygon","coordinates":[[[34.7308299,47.5995998],[34.747893,47.6000917],[34.7456403,47.5964107],[34.75008,47.5916526],[34.7439081,47.5955255],[34.7250724,47.5944255],[34.7205445,47.5984282],[34.7148974,47.5959852],[34.7185047,47.5961637],[34.716698,47.5950373],[34.7215339,47.5939214],[34.7232981,47.5909474],[34.7160502,47.588399],[34.7142728,47.5901314],[34.7104401,47.5862416],[34.7079147,47.59119],[34.7098685,47.5936865],[34.7070385,47.5941986],[34.7069807,47.5968866],[34.7308299,47.5995998]]]},"properties":{"ha":196.0,"date":"2026-07-20","day":19,"country":"UA","place":"N.A., N.A.","rank":227}},{"type":"Feature","geometry":{"type":"Polygon","coordinates":[[[36.7603145,47.9688494],[36.7547038,47.9676298],[36.750932,47.96892],[36.7521429,47.9719511],[36.7572658,47.9707878],[36.7564962,47.9730157],[36.7584751,47.9722688],[36.7582167,47.973974],[36.7601058,47.9744786],[36.7571341,47.9763483],[36.7581375,47.974575],[36.7553297,47.9741199],[36.7542038,47.9784263],[36.7470755,47.9782204],[36.75105,47.9815661],[36.748381,47.9837833],[36.7507747,47.9845446],[36.7659536,47.9778364],[36.7636985,47.9748152],[36.7649273,47.9734941],[36.7591857,47.9716643],[36.759809,47.9705145],[36.7629172,47.9697539],[36.7705231,47.9733095],[36.7713082,47.975309],[36.7754811,47.9721915],[36.7728301,47.9698874],[36.7738721,47.9681353],[36.7789256,47.9677123],[36.7813411,47.9640836],[36.7793853,47.9636545],[36.7779917,47.9659337],[36.767013,47.9649404],[36.7603145,47.9688494]]]},"properties":{"ha":194.0,"date":"2026-07-02","day":1,"country":"UA","place":"N.A., N.A.","rank":228}},{"type":"Feature","geometry":{"type":"Polygon","coordinates":[[[15.1252251,37.923893],[15.1263417,37.9157562],[15.1224481,37.9144785],[15.1221878,37.9169088],[15.1179995,37.9176418],[15.1174133,37.9143321],[15.1148317,37.9145393],[15.1146511,37.9172467],[15.1189495,37.9201257],[15.1156546,37.9205209],[15.1099409,37.9177847],[15.1098209,37.9238896],[15.106717,37.9258584],[15.1071073,37.9244392],[15.1057317,37.9257475],[15.1039543,37.9238787],[15.1035221,37.9272206],[15.1088668,37.9257487],[15.1139398,37.9287273],[15.1171093,37.9268843],[15.1235165,37.9297927],[15.1263457,37.9273997],[15.1239166,37.9260348],[15.128347,37.9262478],[15.1252251,37.923893]]]},"properties":{"ha":194.0,"date":"2026-07-22","day":21,"country":"IT","place":"Francavilla di Sicilia, Messina","rank":229}},{"type":"Feature","geometry":{"type":"Polygon","coordinates":[[[1.4757814,47.287394],[1.4809157,47.2825983],[1.4822402,47.2843944],[1.4811069,47.2861639],[1.4836788,47.2874307],[1.4872152,47.2822859],[1.491374,47.2809938],[1.4918871,47.2757057],[1.4877748,47.2778723],[1.4866075,47.2757949],[1.4820356,47.2753906],[1.481634,47.277813],[1.4811428,47.2756783],[1.4776113,47.2749485],[1.4737551,47.2821307],[1.4731086,47.2804457],[1.468942,47.2797916],[1.4687183,47.2827058],[1.4640415,47.2846821],[1.4612111,47.2889717],[1.4635743,47.2909089],[1.4641057,47.2882981],[1.4657702,47.288304],[1.4654675,47.2907184],[1.4675194,47.2908639],[1.4680484,47.2889525],[1.4772127,47.288744],[1.4783127,47.2875892],[1.4757814,47.287394]]]},"properties":{"ha":192.0,"date":"2026-07-07","day":6,"country":"FR","place":"Châtillon-sur-Cher, Loir-et-Cher","rank":230}},{"type":"Feature","geometry":{"type":"Polygon","coordinates":[[[11.8301699,49.7118978],[11.8353763,49.715582],[11.8416738,49.7112817],[11.8436743,49.713156],[11.8430988,49.7117786],[11.8453052,49.7111322],[11.8459546,49.7123124],[11.8484918,49.7121127],[11.8458805,49.7106781],[11.8485376,49.7094851],[11.8456245,49.7096359],[11.8479711,49.7051798],[11.8437453,49.7046608],[11.849584,49.702888],[11.8429198,49.7031508],[11.8436508,49.7009617],[11.8381596,49.7023624],[11.839507,49.6990874],[11.8291004,49.6980699],[11.8295223,49.7003166],[11.8265745,49.7022409],[11.8305198,49.7027274],[11.8263602,49.7042567],[11.8263996,49.7062232],[11.8277116,49.7092695],[11.831475,49.7104598],[11.8301699,49.7118978]]]},"properties":{"ha":192.0,"date":"2026-07-25","day":24,"country":"DE","place":"Grafenwöhr, St, Neustadt a. d. Waldnaab","rank":231}},{"type":"Feature","geometry":{"type":"Polygon","coordinates":[[[38.1975843,48.9705998],[38.1902583,48.9727606],[38.1923691,48.9742225],[38.1917888,48.9776422],[38.1939753,48.9812588],[38.2004903,48.9810356],[38.202848,48.9774128],[38.2008474,48.9754081],[38.20963,48.969713],[38.2078597,48.9672439],[38.210642,48.9656926],[38.2103789,48.9638625],[38.201709,48.9618682],[38.1996032,48.9658346],[38.1983207,48.9624131],[38.1924618,48.9625461],[38.1918356,48.9657838],[38.1982947,48.9683111],[38.1975843,48.9705998]]]},"properties":{"ha":188.0,"date":"2026-07-03","day":2,"country":"UA","place":"N.A., N.A.","rank":232}},{"type":"Feature","geometry":{"type":"Polygon","coordinates":[[[38.8652057,38.2378519],[38.8686058,38.2344675],[38.8725642,38.2337926],[38.8739176,38.2290243],[38.8725959,38.2279817],[38.8710708,38.2295549],[38.8711268,38.2250525],[38.8683453,38.2267961],[38.8609138,38.226068],[38.8579809,38.2274945],[38.8572749,38.2262321],[38.864322,38.2233198],[38.8643394,38.2220056],[38.860046,38.2219257],[38.8564224,38.2240177],[38.8532624,38.2292592],[38.857202,38.2288943],[38.8558742,38.23438],[38.857087,38.2373265],[38.8622213,38.2363735],[38.8652057,38.2378519]]]},"properties":{"ha":187.0,"date":"2026-07-04","day":3,"country":"TR","place":"N.A., Malatya","rank":233}},{"type":"Feature","geometry":{"type":"Polygon","coordinates":[[[-4.7803683,37.9861989],[-4.7674596,37.9857398],[-4.7682747,37.9869311],[-4.7659286,37.9882746],[-4.7622323,37.9870921],[-4.7594997,37.9890909],[-4.761438,37.9898907],[-4.7595454,37.9917113],[-4.7543733,37.9919982],[-4.7544058,37.9899783],[-4.7569289,37.990587],[-4.7594175,37.9901547],[-4.7550747,37.9897647],[-4.7568652,37.9887694],[-4.7567756,37.9855033],[-4.7611613,37.9853377],[-4.7666025,37.9811501],[-4.7724474,37.9814019],[-4.7689258,37.9786146],[-4.7702653,37.9751879],[-4.7731647,37.9789158],[-4.7776897,37.9797264],[-4.7767454,37.9819949],[-4.7781644,37.9833682],[-4.7833544,37.9822985],[-4.788409,37.9861991],[-4.783668,37.9894764],[-4.7805869,37.9885952],[-4.7803683,37.9861989]]]},"properties":{"ha":186.0,"date":"2026-07-24","day":23,"country":"ES","place":"Córdoba, Córdoba","rank":234}},{"type":"Feature","geometry":{"type":"Polygon","coordinates":[[[2.118377,41.6473869],[2.1235988,41.6517368],[2.1250821,41.6504308],[2.1244707,41.6470328],[2.1264533,41.648739],[2.1300801,41.6445904],[2.1343079,41.6438774],[2.1315647,41.6424165],[2.1346959,41.6404026],[2.1330794,41.6374437],[2.1357133,41.6317372],[2.1331809,41.6309648],[2.1330312,41.6284069],[2.1347624,41.6234958],[2.1311019,41.628704],[2.1294632,41.6282711],[2.1283117,41.6344027],[2.1259763,41.6329273],[2.1263484,41.6368392],[2.1242207,41.6369143],[2.1200004,41.6425734],[2.1212452,41.6455985],[2.118377,41.6473869]]]},"properties":{"ha":186.0,"date":"2026-07-06","day":5,"country":"ES","place":"Sentmenat, Barcelona","rank":235}},{"type":"Feature","geometry":{"type":"Polygon","coordinates":[[[18.091333,43.5981312],[18.0846547,43.5949774],[18.0857437,43.5930331],[18.0821855,43.59588],[18.0826755,43.6006631],[18.0850399,43.6028871],[18.0820067,43.6022773],[18.0823106,43.6044535],[18.0808634,43.6042424],[18.0822607,43.6063514],[18.0852771,43.606495],[18.0824079,43.6098242],[18.085008,43.6112266],[18.0885166,43.609971],[18.089379,43.6120074],[18.0902136,43.6102771],[18.0912023,43.6119017],[18.0927088,43.6108453],[18.0934441,43.6129108],[18.0941691,43.610022],[18.0963315,43.6095259],[18.0957387,43.6122321],[18.0995798,43.6119093],[18.0963325,43.6145141],[18.1018605,43.611882],[18.099788,43.6148966],[18.1036076,43.6170435],[18.1049681,43.6140086],[18.1104934,43.6112755],[18.1062194,43.6118816],[18.1091863,43.6101928],[18.1091669,43.6079941],[18.1067856,43.6072156],[18.1070768,43.6101301],[18.1020836,43.6117879],[18.1064342,43.6061058],[18.1035686,43.6058925],[18.1038029,43.6079402],[18.1025527,43.6057624],[18.0950663,43.6064882],[18.0967814,43.6048604],[18.0917095,43.6049102],[18.091203,43.6081518],[18.0898555,43.6094061],[18.08891,43.6094043],[18.0910298,43.6074767],[18.0896282,43.6068413],[18.0880899,43.6090604],[18.0873677,43.6056763],[18.0895099,43.6061756],[18.0887147,43.6046359],[18.0903101,43.60407],[18.0876364,43.6036086],[18.0888975,43.6003427],[18.0870306,43.5995275],[18.091333,43.5981312]]]},"properties":{"ha":185.0,"date":"2026-07-03","day":2,"country":"BA","place":"N.A., Konjic","rank":236}},{"type":"Feature","geometry":{"type":"MultiPolygon","coordinates":[[[[-5.0672217,36.4921384],[-5.0672533,36.4898837],[-5.0647204,36.4895754],[-5.0678384,36.4934885],[-5.0651008,36.4972676],[-5.0627767,36.4960841],[-5.0643519,36.4937013],[-5.0632382,36.491969],[-5.0598402,36.4962221],[-5.0584829,36.4940155],[-5.0610302,36.4925284],[-5.0584203,36.4934722],[-5.0568691,36.495126],[-5.0569802,36.4934955],[-5.053865,36.4932704],[-5.0531145,36.4912983],[-5.053972,36.4923362],[-5.0564054,36.4897516],[-5.0559082,36.4863676],[-5.0535158,36.4858167],[-5.0584143,36.4839113],[-5.0507323,36.4830416],[-5.0525082,36.4797963],[-5.0590009,36.4828596],[-5.0603306,36.4875428],[-5.0627546,36.4844005],[-5.0675628,36.4849057],[-5.0726072,36.4900077],[-5.0719872,36.4863992],[-5.077909,36.4859906],[-5.0765962,36.4909075],[-5.0760942,36.4904125],[-5.071861,36.4905707],[-5.0725949,36.4936662],[-5.0672217,36.4921384]]],[[[-5.0542999,36.4842506],[-5.0543594,36.4844022],[-5.0541605,36.4842755],[-5.0542999,36.4842506]]]]},"properties":{"ha":185.0,"date":"2026-07-09","day":8,"country":"ES","place":"Benahavís, Málaga","rank":237}},{"type":"Feature","geometry":{"type":"Polygon","coordinates":[[[36.9093119,48.0209365],[36.9031729,48.019608],[36.8970473,48.0150877],[36.8922401,48.0185331],[36.8933493,48.0225775],[36.8826069,48.0255243],[36.8824966,48.0287127],[36.8987995,48.0273184],[36.9060957,48.0327349],[36.9063963,48.0283176],[36.9111234,48.0262238],[36.9103835,48.0239176],[36.9077698,48.0233166],[36.9093119,48.0209365]]]},"properties":{"ha":185.0,"date":"2026-07-02","day":1,"country":"UA","place":"N.A., N.A.","rank":238}},{"type":"Feature","geometry":{"type":"Polygon","coordinates":[[[-6.7504567,37.2165716],[-6.7599643,37.216774],[-6.7632392,37.2154188],[-6.7674847,37.2208979],[-6.767686,37.2275103],[-6.7694438,37.2291676],[-6.7677784,37.2310482],[-6.7691297,37.2319314],[-6.7679136,37.2367486],[-6.7714684,37.2420495],[-6.7666946,37.2372118],[-6.7651116,37.2365675],[-6.7636127,37.2386185],[-6.7627177,37.2359215],[-6.764641,37.2349468],[-6.7619829,37.2304039],[-6.7633724,37.2281533],[-6.7583506,37.2207763],[-6.7539071,37.2193816],[-6.7533188,37.2206349],[-6.7532364,37.217872],[-6.7514153,37.2181987],[-6.7509013,37.227847],[-6.7466441,37.2252677],[-6.7487241,37.223559],[-6.7504567,37.2165716]]]},"properties":{"ha":184.0,"date":"2026-07-10","day":9,"country":"ES","place":"Moguer, Huelva","rank":239}},{"type":"Feature","geometry":{"type":"Polygon","coordinates":[[[-6.291695,39.8302985],[-6.2816149,39.8271898],[-6.2975659,39.8235682],[-6.3122358,39.8253842],[-6.3156589,39.8234285],[-6.3138826,39.8252728],[-6.3191422,39.8285123],[-6.3144701,39.8320624],[-6.3074361,39.8324081],[-6.3046143,39.8306108],[-6.2952761,39.8315634],[-6.2975155,39.8292127],[-6.291695,39.8302985]]]},"properties":{"ha":184.0,"date":"2026-07-10","day":9,"country":"ES","place":"Casas de Millán, Cáceres","rank":240}},{"type":"Feature","geometry":{"type":"Polygon","coordinates":[[[38.1975375,48.5112199],[38.2301902,48.5184285],[38.2267866,48.5147944],[38.2316417,48.5123645],[38.2284002,48.5096676],[38.2228857,48.5092375],[38.2220041,48.5113961],[38.2183887,48.5095797],[38.2113296,48.510666],[38.2095172,48.5094078],[38.2113692,48.5064828],[38.1990993,48.5053323],[38.194211,48.5075597],[38.1975375,48.5112199]]]},"properties":{"ha":184.0,"date":"2026-07-20","day":19,"country":"UA","place":"N.A., N.A.","rank":241}},{"type":"Feature","geometry":{"type":"Polygon","coordinates":[[[9.4024893,42.6329749],[9.3990652,42.6269473],[9.4067535,42.6265934],[9.4095253,42.6242482],[9.4094796,42.620682],[9.4003076,42.6184028],[9.3874837,42.6256548],[9.3939991,42.6260897],[9.3973809,42.6299436],[9.3960733,42.6305345],[9.3978141,42.6334869],[9.3943465,42.6337326],[9.395947,42.6353349],[9.3947097,42.6363082],[9.4022655,42.6349742],[9.409768,42.636997],[9.4134194,42.6344515],[9.4059183,42.6314508],[9.405542,42.6330842],[9.4024893,42.6329749]]]},"properties":{"ha":183.0,"date":"2026-07-26","day":25,"country":"FR","place":"Biguglia, Haute-Corse","rank":242}},{"type":"Feature","geometry":{"type":"Polygon","coordinates":[[[39.4653481,38.2412163],[39.4625554,38.239113],[39.4655987,38.2389264],[39.465241,38.2375712],[39.4626582,38.2365882],[39.4610794,38.2404294],[39.4595576,38.2392265],[39.4614606,38.2365793],[39.4590997,38.235908],[39.4571143,38.2371864],[39.4583643,38.23798],[39.4522451,38.2400145],[39.4544734,38.2427887],[39.4523851,38.2432109],[39.454275,38.2484197],[39.4526678,38.2473576],[39.4487881,38.2489081],[39.449708,38.2454892],[39.446616,38.2439031],[39.439191,38.2501407],[39.4415124,38.2523695],[39.4443877,38.2507289],[39.4443101,38.2530215],[39.4488937,38.2527935],[39.4485473,38.2506009],[39.4511227,38.2493253],[39.4558808,38.252026],[39.4575434,38.2479505],[39.4590164,38.2499187],[39.4612728,38.24868],[39.4597015,38.2470581],[39.4653481,38.2412163]]]},"properties":{"ha":182.0,"date":"2026-07-05","day":4,"country":"TR","place":"N.A., Diyarbakır","rank":243}},{"type":"Feature","geometry":{"type":"Polygon","coordinates":[[[16.100626,39.8280373],[16.1118191,39.8301261],[16.1091658,39.8332533],[16.117381,39.830241],[16.1157581,39.8375482],[16.1207651,39.8398236],[16.1225273,39.8385343],[16.1208636,39.8360635],[16.1239773,39.8369646],[16.1236855,39.8348336],[16.1280274,39.8333298],[16.1271479,39.8297982],[16.1249624,39.8307493],[16.125634,39.8295544],[16.122604,39.8288066],[16.1239497,39.8281287],[16.1213627,39.8262578],[16.1263961,39.8252713],[16.1268215,39.8231658],[16.1244959,39.8223624],[16.1138561,39.825969],[16.111101,39.8228426],[16.1084607,39.825094],[16.1105298,39.8271231],[16.1063981,39.8267799],[16.1069715,39.8249806],[16.1051002,39.8275689],[16.101142,39.8264369],[16.100626,39.8280373]]]},"properties":{"ha":181.0,"date":"2026-07-18","day":17,"country":"IT","place":"Morano Calabro, Cosenza","rank":244}},{"type":"Feature","geometry":{"type":"Polygon","coordinates":[[[33.2432324,46.7388647],[33.2328746,46.7371711],[33.231686,46.7392408],[33.2327021,46.7447684],[33.2353754,46.7463135],[33.2325809,46.7460164],[33.2322989,46.7475782],[33.236974,46.7484153],[33.2370087,46.7501677],[33.2254513,46.7492064],[33.224359,46.7520027],[33.2236663,46.7486249],[33.2188588,46.750726],[33.2189983,46.7483647],[33.2174226,46.7536787],[33.2231631,46.7551087],[33.2227496,46.7572241],[33.2263861,46.7554887],[33.2265071,46.7576691],[33.2318772,46.7588541],[33.2294516,46.756927],[33.2336209,46.7531984],[33.2401845,46.7517073],[33.2409139,46.7481886],[33.2377516,46.7477468],[33.2380686,46.7460769],[33.2388595,46.7434561],[33.2423814,46.7428376],[33.2432324,46.7388647]]]},"properties":{"ha":180.0,"date":"2026-07-05","day":4,"country":"UA","place":"N.A., N.A.","rank":245}},{"type":"Feature","geometry":{"type":"Polygon","coordinates":[[[36.1713152,47.998251],[36.1578809,47.9984228],[36.1453223,48.0029456],[36.1656977,48.0114916],[36.17126,48.0093049],[36.1669992,48.0064745],[36.1728798,48.0035617],[36.1660029,48.0017269],[36.1713152,47.998251]]]},"properties":{"ha":180.0,"date":"2026-07-02","day":1,"country":"UA","place":"N.A., N.A.","rank":246}},{"type":"Feature","geometry":{"type":"Polygon","coordinates":[[[35.5885352,47.586549],[35.5891428,47.5838875],[35.5935421,47.5853561],[35.5990503,47.5908087],[35.6050641,47.5932719],[35.6108527,47.5891026],[35.6094844,47.5888226],[35.6099848,47.5860424],[35.5963263,47.5830039],[35.5996397,47.5819909],[35.597415,47.5814911],[35.5758622,47.5846846],[35.5703994,47.5877496],[35.5775298,47.5925435],[35.5885352,47.586549]]]},"properties":{"ha":180.0,"date":"2026-07-17","day":16,"country":"UA","place":"N.A., N.A.","rank":247}},{"type":"Feature","geometry":{"type":"Polygon","coordinates":[[[-3.0503095,51.7488917],[-3.0527045,51.7531736],[-3.0579513,51.7566405],[-3.0575518,51.759413],[-3.05162,51.7604889],[-3.0449943,51.7570815],[-3.0370483,51.7519153],[-3.0351358,51.7462638],[-3.0369696,51.7436828],[-3.0433848,51.7423187],[-3.0504324,51.7445788],[-3.0503095,51.7488917]]]},"properties":{"ha":179.0,"date":"2026-07-20","day":19,"country":"UK","place":"Torfaen, Gwent Valleys","rank":248}},{"type":"Feature","geometry":{"type":"Polygon","coordinates":[[[38.2082585,48.88928],[38.2151326,48.8885115],[38.212184,48.8881374],[38.208174,48.8843173],[38.207516,48.8782197],[38.2052167,48.8774292],[38.2040838,48.8792249],[38.2009321,48.8756674],[38.1967935,48.8763347],[38.1920287,48.873518],[38.1813252,48.8748496],[38.1821438,48.8778841],[38.1863304,48.8800571],[38.1849463,48.8853443],[38.1890302,48.8853702],[38.1889352,48.8823821],[38.1927933,48.881985],[38.2062791,48.884937],[38.2082585,48.88928]]]},"properties":{"ha":179.0,"date":"2026-07-20","day":19,"country":"UA","place":"N.A., N.A.","rank":249}},{"type":"Feature","geometry":{"type":"Polygon","coordinates":[[[-7.2538733,42.4468841],[-7.2605262,42.4360334],[-7.2587788,42.4330971],[-7.2610706,42.4323517],[-7.2647725,42.4324965],[-7.2666429,42.4369819],[-7.2698115,42.4381654],[-7.2609382,42.4478623],[-7.2629443,42.4509869],[-7.2646327,42.4479238],[-7.2664201,42.4501923],[-7.2647226,42.4528031],[-7.2631177,42.4520694],[-7.2643145,42.454393],[-7.2630104,42.4552478],[-7.2515856,42.4548105],[-7.2554792,42.450838],[-7.2538733,42.4468841]],[[-7.2563511,42.4493482],[-7.2560173,42.4490237],[-7.2553066,42.4495281],[-7.2563511,42.4493482]],[[-7.2563221,42.445487],[-7.2588591,42.4460734],[-7.2609422,42.4455884],[-7.2563221,42.445487]],[[-7.2621228,42.439716],[-7.259801,42.4410275],[-7.2566767,42.443408],[-7.2615898,42.4417852],[-7.2621228,42.439716]],[[-7.2583961,42.4510538],[-7.2591214,42.4496927],[-7.25778,42.4482089],[-7.2575143,42.4493792],[-7.2583961,42.4510538]]]},"properties":{"ha":178.0,"date":"2026-07-11","day":10,"country":"ES","place":"Ribas de Sil, Lugo","rank":250}},{"type":"Feature","geometry":{"type":"Polygon","coordinates":[[[-8.4295345,40.5773789],[-8.4300776,40.5847854],[-8.4275656,40.5855349],[-8.4286081,40.5839352],[-8.4266738,40.5830037],[-8.4227016,40.584526],[-8.4227118,40.5869412],[-8.4191736,40.5857099],[-8.420908,40.5879542],[-8.4187153,40.5902846],[-8.4110007,40.5895699],[-8.409705,40.5918498],[-8.4079859,40.5901313],[-8.4069552,40.5929109],[-8.4023813,40.5940067],[-8.4033393,40.5906896],[-8.4005303,40.5898277],[-8.4037059,40.589672],[-8.4084025,40.5840305],[-8.4295345,40.5773789]]]},"properties":{"ha":178.0,"date":"2026-07-02","day":1,"country":"PT","place":"Águeda e Borralha, Região de Aveiro","rank":251}},{"type":"Feature","geometry":{"type":"Polygon","coordinates":[[[35.7387801,47.4496638],[35.74598,47.452554],[35.7478971,47.4549692],[35.7613752,47.4411175],[35.7603387,47.4360863],[35.7553771,47.4394824],[35.7576777,47.4340874],[35.7518413,47.4342031],[35.7493648,47.4366697],[35.7525654,47.4411273],[35.7516347,47.4431545],[35.7398024,47.4451017],[35.7408779,47.4466374],[35.7387801,47.4496638]]]},"properties":{"ha":177.0,"date":"2026-07-18","day":17,"country":"UA","place":"N.A., N.A.","rank":252}},{"type":"Feature","geometry":{"type":"Polygon","coordinates":[[[14.3731656,37.1132082],[14.3746282,37.1104797],[14.3766576,37.1125628],[14.3772414,37.1104688],[14.3708789,37.1067451],[14.3746171,37.1057046],[14.374089,37.1045221],[14.3696426,37.1044539],[14.3674996,37.0998007],[14.365706,37.1011841],[14.3661087,37.0987678],[14.361965,37.0966179],[14.3639718,37.0943757],[14.3586922,37.0959202],[14.3510951,37.0947034],[14.3510037,37.0968575],[14.3554795,37.0978041],[14.3576203,37.0963692],[14.3574996,37.0981291],[14.3592251,37.0981202],[14.3584066,37.1047342],[14.3610531,37.1061658],[14.3653147,37.1052971],[14.367345,37.1124853],[14.3713581,37.1127729],[14.3717866,37.1151232],[14.3695286,37.1175002],[14.374431,37.1172228],[14.376205,37.1132985],[14.3731656,37.1132082]]]},"properties":{"ha":175.0,"date":"2026-07-20","day":19,"country":"IT","place":"Gela, Caltanissetta","rank":253}},{"type":"Feature","geometry":{"type":"Polygon","coordinates":[[[36.6328896,47.6017191],[36.6462918,47.595427],[36.6509171,47.5890169],[36.656561,47.5867262],[36.6621698,47.5811688],[36.6553147,47.5835853],[36.6512925,47.581399],[36.6502927,47.582426],[36.6527581,47.5853144],[36.6463596,47.5864828],[36.6476759,47.5877353],[36.6423052,47.5903825],[36.6400524,47.5943539],[36.6308373,47.595155],[36.6244993,47.5995642],[36.6180683,47.6008638],[36.6197411,47.6044084],[36.6328896,47.6017191]]]},"properties":{"ha":174.0,"date":"2026-07-03","day":2,"country":"UA","place":"N.A., N.A.","rank":254}},{"type":"Feature","geometry":{"type":"Polygon","coordinates":[[[35.3001881,47.5064879],[35.3132203,47.5061166],[35.3237193,47.5131117],[35.3317001,47.5155517],[35.3335487,47.5157814],[35.3349331,47.512885],[35.3342295,47.5053975],[35.3278077,47.5048192],[35.3273588,47.5022838],[35.3239301,47.5046302],[35.3037899,47.5028941],[35.3057365,47.5036984],[35.3001881,47.5064879]]]},"properties":{"ha":171.0,"date":"2026-07-02","day":1,"country":"UA","place":"N.A., N.A.","rank":255}},{"type":"Feature","geometry":{"type":"Polygon","coordinates":[[[-0.3447742,39.8193971],[-0.3502096,39.818888],[-0.3611408,39.8258644],[-0.3628694,39.8309634],[-0.3649803,39.8313821],[-0.3641383,39.8360529],[-0.3553034,39.8313204],[-0.3513266,39.8319723],[-0.3511082,39.8291612],[-0.3537596,39.829951],[-0.3523748,39.8279968],[-0.3482121,39.8274188],[-0.3429701,39.8229959],[-0.3432299,39.8156515],[-0.3458659,39.8149395],[-0.3437718,39.8181268],[-0.3480664,39.8172234],[-0.3447742,39.8193971]]]},"properties":{"ha":170.0,"date":"2026-07-05","day":4,"country":"ES","place":"Azuébar, Castellón/Castelló","rank":256}},{"type":"Feature","geometry":{"type":"Polygon","coordinates":[[[31.80401,46.6529572],[31.7906597,46.640287],[31.7842304,46.6378228],[31.7834597,46.6528845],[31.7825043,46.655131],[31.7798524,46.6552764],[31.7851717,46.6566139],[31.7873837,46.6509001],[31.80401,46.6529572]]]},"properties":{"ha":170.0,"date":"2026-07-01","day":0,"country":"UA","place":"N.A., N.A.","rank":257}},{"type":"Feature","geometry":{"type":"Polygon","coordinates":[[[14.5751114,37.2954451],[14.5735769,37.2982652],[14.5773363,37.3019935],[14.5752587,37.3050363],[14.578274,37.3054845],[14.5791271,37.3086906],[14.581077,37.3059211],[14.5801801,37.3103893],[14.5827217,37.3111497],[14.581798,37.309441],[14.5836313,37.3084566],[14.5847021,37.3108786],[14.5876279,37.3114009],[14.5901531,37.3065182],[14.5857927,37.304777],[14.5834032,37.2989967],[14.5887455,37.2984465],[14.5825959,37.2958567],[14.5835271,37.291805],[14.5797416,37.2904642],[14.5755346,37.294551],[14.5732757,37.2937674],[14.5751114,37.2954451]]]},"properties":{"ha":170.0,"date":"2026-07-19","day":18,"country":"IT","place":"Mineo, Catania","rank":258}},{"type":"Feature","geometry":{"type":"Polygon","coordinates":[[[36.3343041,45.4466417],[36.3399379,45.443863],[36.3272575,45.44018],[36.3258441,45.4360001],[36.3204614,45.4351344],[36.3207841,45.4321739],[36.3178297,45.4289819],[36.3108703,45.4259213],[36.3152454,45.4307427],[36.314457,45.4339571],[36.3165774,45.4373048],[36.3135934,45.4419471],[36.3214956,45.4429062],[36.3223073,45.4464725],[36.3343041,45.4466417]]]},"properties":{"ha":169.0,"date":"2026-07-06","day":5,"country":"UA","place":"N.A., N.A.","rank":259}},{"type":"Feature","geometry":{"type":"Polygon","coordinates":[[[17.9575563,43.0386589],[17.9679366,43.0323798],[17.9618925,43.0306601],[17.9448854,43.0325052],[17.9411184,43.0311129],[17.936616,43.0348381],[17.9427531,43.0387817],[17.9575563,43.0386589]]]},"properties":{"ha":168.0,"date":"2026-07-10","day":9,"country":"BA","place":"N.A., Stolac","rank":260}},{"type":"Feature","geometry":{"type":"Polygon","coordinates":[[[35.9886235,47.5047513],[35.9965935,47.5008125],[35.9980274,47.5019628],[36.0041686,47.4990139],[36.0065556,47.5004782],[36.0063195,47.4978277],[36.0111868,47.4959922],[36.0040826,47.4969225],[36.0022681,47.4952877],[36.0197912,47.4904991],[36.0186911,47.4865574],[36.0210501,47.4828358],[36.0169785,47.4839367],[36.0182092,47.4869951],[36.0131281,47.4900474],[36.0073652,47.4909065],[36.0137184,47.4872618],[36.0073585,47.4876552],[36.0066572,47.4904624],[35.9848747,47.5008625],[35.9886235,47.5047513]]]},"properties":{"ha":167.0,"date":"2026-07-16","day":15,"country":"UA","place":"N.A., N.A.","rank":261}},{"type":"Feature","geometry":{"type":"Polygon","coordinates":[[[37.6262274,47.737122],[37.6168592,47.7378106],[37.6156376,47.7438271],[37.613314,47.7451698],[37.6180647,47.74763],[37.6163804,47.749118],[37.6074197,47.7488621],[37.6062092,47.7466202],[37.6094784,47.7462308],[37.6088423,47.7449873],[37.601873,47.7440507],[37.5994156,47.7389497],[37.596182,47.7376054],[37.5951704,47.7428868],[37.5978436,47.7461548],[37.5946116,47.747161],[37.5940284,47.7498743],[37.5991998,47.7519634],[37.6028646,47.7511568],[37.603966,47.7504493],[37.5976763,47.7491768],[37.5988967,47.7461915],[37.6030477,47.746093],[37.6021384,47.7472725],[37.605259,47.7482807],[37.6042266,47.7489701],[37.6091759,47.7497065],[37.6121672,47.7524205],[37.6158935,47.7518586],[37.6164964,47.7498712],[37.6215484,47.7503711],[37.624177,47.7479029],[37.6262274,47.737122]],[[37.623908,47.7442638],[37.6216347,47.74528],[37.6152081,47.7459778],[37.6164703,47.7429288],[37.623908,47.7442638]]]},"properties":{"ha":167.0,"date":"2026-07-18","day":17,"country":"UA","place":"N.A., N.A.","rank":262}},{"type":"Feature","geometry":{"type":"Polygon","coordinates":[[[35.3363419,47.6165808],[35.3384268,47.6125885],[35.3324725,47.608344],[35.3378034,47.6090064],[35.3398789,47.6113318],[35.3412241,47.605995],[35.3356468,47.6066604],[35.3314994,47.6017818],[35.3111039,47.602906],[35.3227942,47.6044126],[35.3232094,47.6063557],[35.3252185,47.6064808],[35.3229659,47.6089308],[35.3311345,47.6156148],[35.3296126,47.6180363],[35.3363419,47.6165808]]]},"properties":{"ha":165.0,"date":"2026-07-02","day":1,"country":"UA","place":"N.A., N.A.","rank":263}},{"type":"Feature","geometry":{"type":"Polygon","coordinates":[[[1.0528272,42.8450722],[1.0548419,42.8477777],[1.0587142,42.8462548],[1.0596466,42.8435652],[1.0572788,42.8427862],[1.0568679,42.837713],[1.042319,42.8360126],[1.0442745,42.8376692],[1.0426072,42.8386724],[1.0382707,42.8364723],[1.0331135,42.8361921],[1.0391637,42.8428259],[1.0353135,42.8432126],[1.0415293,42.8461053],[1.0394817,42.8484507],[1.0428186,42.8497349],[1.0408794,42.8523664],[1.0452203,42.8521996],[1.0437872,42.8499733],[1.0471851,42.8479277],[1.0461716,42.846333],[1.0460619,42.8476266],[1.0445057,42.8477441],[1.0465929,42.8428261],[1.0512105,42.8406687],[1.0552622,42.8432736],[1.0528272,42.8450722]]]},"properties":{"ha":165.0,"date":"2026-07-12","day":11,"country":"FR","place":"Bordes-Uchentein, Ariège","rank":264}},{"type":"Feature","geometry":{"type":"Polygon","coordinates":[[[14.8012054,37.2610053],[14.7975599,37.2637794],[14.8087444,37.2622977],[14.8121231,37.2645978],[14.8197931,37.2643125],[14.8226765,37.2603651],[14.804726,37.2575593],[14.7975283,37.2521206],[14.7912015,37.2538719],[14.7942173,37.2577555],[14.7971803,37.2577222],[14.8012054,37.2610053]]]},"properties":{"ha":164.0,"date":"2026-07-22","day":21,"country":"IT","place":"Militello in Val di Catania, Catania","rank":265}},{"type":"Feature","geometry":{"type":"Polygon","coordinates":[[[14.4651129,37.6452647],[14.4626869,37.6499729],[14.4585158,37.6504897],[14.4519911,37.6551892],[14.4530548,37.6620915],[14.4550153,37.6605403],[14.4587525,37.66178],[14.4589118,37.6583294],[14.4619327,37.6583859],[14.462442,37.6567969],[14.4593296,37.6557484],[14.4634776,37.6549804],[14.465032,37.6522987],[14.466771,37.6563674],[14.4733274,37.6520122],[14.4734496,37.6466246],[14.47023,37.6445595],[14.4651129,37.6452647]]]},"properties":{"ha":164.0,"date":"2026-07-20","day":19,"country":"IT","place":"Assoro, Enna","rank":266}},{"type":"Feature","geometry":{"type":"Polygon","coordinates":[[[37.2905973,48.3030008],[37.3153254,48.3057006],[37.3174937,48.302315],[37.3032289,48.2998182],[37.3002315,48.2964296],[37.2946444,48.2945339],[37.2846444,48.2942019],[37.2905973,48.3030008]]]},"properties":{"ha":164.0,"date":"2026-07-19","day":18,"country":"UA","place":"N.A., N.A.","rank":267}},{"type":"Feature","geometry":{"type":"Polygon","coordinates":[[[35.6833902,47.4930327],[35.6804899,47.4903422],[35.6837794,47.4893142],[35.67989,47.4863031],[35.6772675,47.4866667],[35.6795013,47.4889578],[35.6785951,47.4900092],[35.671986,47.4893567],[35.6685565,47.4925716],[35.6707026,47.4960344],[35.6760247,47.4968889],[35.6727437,47.4998169],[35.677264,47.5024409],[35.6756898,47.5048486],[35.6913749,47.5071166],[35.6931726,47.5057782],[35.6896403,47.5038214],[35.6902478,47.5023759],[35.678402,47.4988078],[35.6833902,47.4930327]]]},"properties":{"ha":163.0,"date":"2026-07-02","day":1,"country":"UA","place":"N.A., N.A.","rank":268}},{"type":"Feature","geometry":{"type":"Polygon","coordinates":[[[32.4859327,46.4882905],[32.4825955,46.485164],[32.4768959,46.4836488],[32.4775058,46.4806499],[32.4755369,46.4780693],[32.4670391,46.4744352],[32.4623746,46.4768144],[32.4667026,46.4841292],[32.4653824,46.4875854],[32.478737,46.4901121],[32.4859327,46.4882905]]]},"properties":{"ha":162.0,"date":"2026-07-05","day":4,"country":"UA","place":"N.A., N.A.","rank":269}},{"type":"Feature","geometry":{"type":"Polygon","coordinates":[[[1.4650824,41.3929477],[1.4763299,41.3903524],[1.4710086,41.3923241],[1.4726647,41.3939986],[1.4808908,41.3901426],[1.4776567,41.3905753],[1.4801324,41.3871964],[1.4893675,41.3866618],[1.4834485,41.3858942],[1.4854172,41.3803683],[1.4842853,41.3777671],[1.4776584,41.3787495],[1.4734784,41.3817819],[1.471861,41.3808625],[1.4714446,41.3860306],[1.4688342,41.3872405],[1.4707008,41.3898017],[1.4704378,41.390625],[1.466551,41.3901306],[1.4638761,41.3922956],[1.4658065,41.3919098],[1.4650824,41.3929477]]]},"properties":{"ha":162.0,"date":"2026-07-12","day":11,"country":"ES","place":"Querol, Tarragona","rank":270}},{"type":"Feature","geometry":{"type":"Polygon","coordinates":[[[34.2105192,47.3112528],[34.2097671,47.3089315],[34.2149937,47.3059117],[34.2187094,47.2997961],[34.2109098,47.3006171],[34.2053205,47.2991113],[34.1954682,47.3051933],[34.1986016,47.3118015],[34.2105192,47.3112528]]]},"properties":{"ha":162.0,"date":"2026-07-16","day":15,"country":"UA","place":"N.A., N.A.","rank":271}},{"type":"Feature","geometry":{"type":"Polygon","coordinates":[[[31.7128583,37.0347754],[31.7164625,37.0332653],[31.7150167,37.0310944],[31.7121526,37.0304831],[31.7114343,37.0328904],[31.7099737,37.0310665],[31.705071,37.0320871],[31.7031491,37.0280994],[31.7015717,37.0311064],[31.6973946,37.0329814],[31.6970903,37.0381587],[31.7001586,37.0370475],[31.6990443,37.0402686],[31.7007809,37.041564],[31.6999945,37.0440603],[31.7016627,37.0438807],[31.7005606,37.0457169],[31.7026301,37.0454562],[31.7016759,37.0463],[31.706236,37.0501131],[31.7083422,37.0477705],[31.7050542,37.0415479],[31.7065187,37.0404002],[31.7027331,37.0381159],[31.7055928,37.0366047],[31.7070494,37.0389779],[31.7105756,37.0329945],[31.7127493,37.0365662],[31.7148788,37.0361934],[31.7128583,37.0347754]]]},"properties":{"ha":162.0,"date":"2026-07-19","day":18,"country":"TR","place":"N.A., Antalya","rank":272}},{"type":"Feature","geometry":{"type":"Polygon","coordinates":[[[-8.0342066,41.7693718],[-8.0368242,41.7698118],[-8.0384069,41.7673711],[-8.0421749,41.7721443],[-8.0393933,41.7766638],[-8.0349342,41.7723555],[-8.030023,41.7742859],[-8.0352619,41.7802927],[-8.0300018,41.7852219],[-8.0290311,41.7789742],[-8.0266039,41.7785565],[-8.0267161,41.7822623],[-8.0244399,41.7805722],[-8.0228377,41.7682585],[-8.0258105,41.7673011],[-8.0273672,41.7701811],[-8.0314706,41.7654878],[-8.0342066,41.7693718]]]},"properties":{"ha":161.0,"date":"2026-07-06","day":5,"country":"PT","place":"Cabril, Alto Tâmega","rank":273}},{"type":"Feature","geometry":{"type":"Polygon","coordinates":[[[33.4524184,46.7777175],[33.4663894,46.7883448],[33.4696803,46.7773309],[33.4788688,46.7753848],[33.4654737,46.7734183],[33.4610577,46.7767242],[33.4577523,46.7723496],[33.4509135,46.7718482],[33.4524184,46.7777175]]]},"properties":{"ha":161.0,"date":"2026-07-03","day":2,"country":"UA","place":"N.A., N.A.","rank":274}},{"type":"Feature","geometry":{"type":"Polygon","coordinates":[[[38.0570426,49.0175992],[38.0563493,49.0143092],[38.0511412,49.0134846],[38.0572276,49.0133488],[38.0557683,49.0086878],[38.0573788,49.0061272],[38.0523164,49.0032532],[38.0447932,49.0058516],[38.036454,49.0129839],[38.0478654,49.0186122],[38.0570426,49.0175992]]]},"properties":{"ha":161.0,"date":"2026-07-03","day":2,"country":"UA","place":"N.A., N.A.","rank":275}},{"type":"Feature","geometry":{"type":"Polygon","coordinates":[[[33.7499977,47.0053165],[33.7511769,47.0004288],[33.7627634,46.9939327],[33.7608545,46.9913069],[33.7554543,46.9919673],[33.745233,46.9983206],[33.7399741,46.9949637],[33.7354748,46.9984522],[33.7352554,47.0021711],[33.7398456,47.0052409],[33.7499977,47.0053165]]]},"properties":{"ha":161.0,"date":"2026-07-01","day":0,"country":"UA","place":"N.A., N.A.","rank":276}},{"type":"Feature","geometry":{"type":"Polygon","coordinates":[[[33.0353833,46.9666304],[33.037622,46.9587573],[33.0186191,46.9561223],[33.0144841,46.9654365],[33.0227803,46.9652013],[33.028261,46.9696065],[33.0353833,46.9666304]]]},"properties":{"ha":160.0,"date":"2026-07-02","day":1,"country":"UA","place":"N.A., N.A.","rank":277}},{"type":"Feature","geometry":{"type":"Polygon","coordinates":[[[16.7893365,40.7196041],[16.7849694,40.7258936],[16.7857177,40.7275668],[16.7912366,40.7262698],[16.7948029,40.7226032],[16.7931617,40.7209687],[16.7945404,40.7138372],[16.7970506,40.7117064],[16.7956499,40.709913],[16.8024472,40.6934594],[16.797203,40.6947775],[16.7937032,40.69809],[16.7911654,40.70649],[16.7923198,40.7143946],[16.7890138,40.7166705],[16.7893365,40.7196041]]]},"properties":{"ha":159.0,"date":"2026-07-03","day":2,"country":"IT","place":"Laterza, Taranto","rank":278}},{"type":"Feature","geometry":{"type":"Polygon","coordinates":[[[15.7493721,39.9462758],[15.739855,39.9507322],[15.7434629,39.9554274],[15.7421875,39.959538],[15.7432362,39.9581765],[15.745612,39.9610742],[15.7494584,39.9610825],[15.744991,39.9650557],[15.7503785,39.9709061],[15.7508127,39.9674213],[15.7562801,39.965729],[15.7529657,39.9650412],[15.7565653,39.9612389],[15.7489209,39.958822],[15.7493721,39.9462758]]]},"properties":{"ha":159.0,"date":"2026-07-22","day":21,"country":"IT","place":"Maratea, Potenza","rank":279}},{"type":"Feature","geometry":{"type":"Polygon","coordinates":[[[-4.5389135,41.3814264],[-4.5390919,41.3838383],[-4.5370475,41.3832479],[-4.5385351,41.384308],[-4.5367902,41.3882093],[-4.5327768,41.389072],[-4.5368324,41.3842876],[-4.5337255,41.3857146],[-4.531365,41.3850932],[-4.531974,41.383763],[-4.5309457,41.3848448],[-4.5319889,41.3881414],[-4.527077,41.3904155],[-4.5302629,41.3867287],[-4.5306332,41.383534],[-4.5288145,41.3830266],[-4.5317584,41.3753048],[-4.5351498,41.3720525],[-4.5327735,41.3724415],[-4.5352959,41.36986],[-4.5333229,41.3665455],[-4.536608,41.3624171],[-4.5429422,41.369353],[-4.538477,41.372415],[-4.539507,41.3739301],[-4.5416969,41.3723279],[-4.5401713,41.3754217],[-4.5352597,41.3731606],[-4.5374179,41.3756693],[-4.5359386,41.3775188],[-4.5419703,41.3782191],[-4.5379945,41.3788052],[-4.536639,41.380672],[-4.5389135,41.3814264]]]},"properties":{"ha":158.0,"date":"2026-07-05","day":4,"country":"ES","place":"Íscar, Valladolid","rank":280}},{"type":"Feature","geometry":{"type":"Polygon","coordinates":[[[32.4463002,46.4883886],[32.4576658,46.4843601],[32.4533083,46.4813999],[32.4570352,46.4772376],[32.4510376,46.4742309],[32.4427197,46.4746529],[32.4436889,46.4801269],[32.4386113,46.4824464],[32.4425522,46.4873767],[32.4463002,46.4883886]]]},"properties":{"ha":158.0,"date":"2026-07-12","day":11,"country":"UA","place":"N.A., N.A.","rank":281}},{"type":"Feature","geometry":{"type":"Polygon","coordinates":[[[35.6788746,47.6081338],[35.6921203,47.5973377],[35.6894005,47.5957412],[35.695391,47.5926559],[35.6941183,47.5906465],[35.6812451,47.5913586],[35.680028,47.5932596],[35.684476,47.5938867],[35.6847422,47.5974318],[35.6772672,47.5987188],[35.6708616,47.6040229],[35.6788746,47.6081338]]]},"properties":{"ha":157.0,"date":"2026-07-01","day":0,"country":"UA","place":"N.A., N.A.","rank":282}},{"type":"Feature","geometry":{"type":"Polygon","coordinates":[[[33.4088955,46.6833212],[33.4272203,46.6858431],[33.4293401,46.6838122],[33.4193525,46.6793029],[33.4186459,46.6756105],[33.4050394,46.6724097],[33.4031615,46.6783394],[33.4088955,46.6833212]]]},"properties":{"ha":156.0,"date":"2026-07-12","day":11,"country":"UA","place":"N.A., N.A.","rank":283}},{"type":"Feature","geometry":{"type":"Polygon","coordinates":[[[-5.9054602,42.8998251],[-5.9100379,42.8981221],[-5.9134814,42.8995099],[-5.9113526,42.9006215],[-5.9126518,42.9027719],[-5.9086919,42.9050782],[-5.892309,42.9071626],[-5.8891283,42.9053283],[-5.8892211,42.8982075],[-5.8911426,42.8972462],[-5.9054602,42.8998251]]]},"properties":{"ha":154.0,"date":"2026-07-02","day":1,"country":"ES","place":"Sena de Luna, León","rank":284}},{"type":"Feature","geometry":{"type":"Polygon","coordinates":[[[36.4721524,47.6738793],[36.4749856,47.6707973],[36.4815311,47.6716341],[36.4825572,47.6692924],[36.4752724,47.6679303],[36.4746631,47.66513],[36.4780823,47.66507],[36.4785926,47.662998],[36.4830466,47.6609814],[36.4855882,47.6568416],[36.4836856,47.6552625],[36.4781881,47.6574973],[36.4769357,47.6608487],[36.4711612,47.6617172],[36.4720739,47.6657052],[36.4555144,47.665525],[36.4597437,47.6668943],[36.4593761,47.669756],[36.4623079,47.6714769],[36.4638554,47.6704209],[36.4721524,47.6738793]]]},"properties":{"ha":153.0,"date":"2026-07-17","day":16,"country":"UA","place":"N.A., N.A.","rank":285}},{"type":"Feature","geometry":{"type":"Polygon","coordinates":[[[13.3982961,37.429531],[13.4011066,37.4296054],[13.3973563,37.4262172],[13.3941738,37.4283327],[13.395978,37.4310075],[13.3933813,37.4308151],[13.39183,37.4328803],[13.3873138,37.4286535],[13.3897264,37.42761],[13.391528,37.4294876],[13.3919145,37.4280025],[13.3874053,37.4263752],[13.387561,37.4240915],[13.3851349,37.4254496],[13.3867643,37.4203392],[13.3923207,37.4214642],[13.3946656,37.4189038],[13.3934044,37.417813],[13.3898561,37.4201979],[13.3846617,37.4180038],[13.3787101,37.420198],[13.3794721,37.4227344],[13.3771504,37.4242728],[13.3787058,37.4256724],[13.3767291,37.4267587],[13.3794684,37.4279052],[13.3747891,37.4282961],[13.3768645,37.4304856],[13.3784605,37.4289498],[13.3837646,37.4294525],[13.3873478,37.4336257],[13.3905321,37.4319508],[13.3901813,37.4356325],[13.3918239,37.436191],[13.3932925,37.4356864],[13.3919994,37.4346678],[13.3973193,37.4331874],[13.3961178,37.4321182],[13.3982961,37.429531]]]},"properties":{"ha":153.0,"date":"2026-07-19","day":18,"country":"IT","place":"Cattolica Eraclea, Agrigento","rank":286}},{"type":"Feature","geometry":{"type":"Polygon","coordinates":[[[38.023411,48.7818246],[38.0280584,48.7768864],[38.0207882,48.7748304],[38.0183011,48.7772445],[38.0117045,48.7763381],[38.0099707,48.7745446],[38.0124402,48.7736442],[38.0078112,48.7707537],[37.9976682,48.7702896],[37.9990633,48.7758319],[38.0058187,48.7770745],[38.0081029,48.7823275],[38.023411,48.7818246]]]},"properties":{"ha":153.0,"date":"2026-07-21","day":20,"country":"UA","place":"N.A., N.A.","rank":287}},{"type":"Feature","geometry":{"type":"Polygon","coordinates":[[[-5.40581,38.4150628],[-5.4003688,38.4131659],[-5.3965188,38.4043399],[-5.3991616,38.4046826],[-5.4039238,38.4016088],[-5.4075052,38.403579],[-5.4081924,38.400087],[-5.4111575,38.4000045],[-5.4146585,38.4070011],[-5.4088144,38.4050234],[-5.4127426,38.4081515],[-5.4131539,38.410651],[-5.4112328,38.412081],[-5.4074878,38.4108551],[-5.4096678,38.4128863],[-5.40581,38.4150628]]]},"properties":{"ha":152.0,"date":"2026-07-04","day":3,"country":"ES","place":"Los Blázquez, Córdoba","rank":288}},{"type":"Feature","geometry":{"type":"Polygon","coordinates":[[[38.6214682,48.9614632],[38.6153086,48.9558465],[38.6079631,48.9559502],[38.6064249,48.9584622],[38.6021323,48.9596254],[38.599197,48.9562624],[38.5901992,48.9578636],[38.5971608,48.9628979],[38.6083709,48.961096],[38.6113138,48.9644078],[38.6173433,48.9659096],[38.6209147,48.964264],[38.6214682,48.9614632]]]},"properties":{"ha":151.0,"date":"2026-07-07","day":6,"country":"UA","place":"N.A., N.A.","rank":289}},{"type":"Feature","geometry":{"type":"Polygon","coordinates":[[[33.1855136,46.74885],[33.1852849,46.7413535],[33.1888025,46.7362549],[33.1862808,46.733046],[33.1817745,46.7332128],[33.1776404,46.7366944],[33.1779309,46.7431942],[33.1703474,46.7444177],[33.170347,46.7473115],[33.1742273,46.749122],[33.1855136,46.74885]]]},"properties":{"ha":150.0,"date":"2026-07-02","day":1,"country":"UA","place":"N.A., N.A.","rank":290}},{"type":"Feature","geometry":{"type":"Polygon","coordinates":[[[37.839659,48.5237569],[37.8388613,48.5206005],[37.8328551,48.5193238],[37.8392356,48.5182757],[37.8396604,48.5133227],[37.838139,48.5127347],[37.8338096,48.5148226],[37.8232257,48.5135728],[37.8175516,48.520187],[37.8219811,48.5245933],[37.839659,48.5237569]]]},"properties":{"ha":150.0,"date":"2026-07-02","day":1,"country":"UA","place":"N.A., N.A.","rank":291}},{"type":"Feature","geometry":{"type":"Polygon","coordinates":[[[35.8833199,47.5393149],[35.8772155,47.5411016],[35.8777875,47.5437614],[35.8633058,47.540321],[35.8551709,47.5417754],[35.8660246,47.5468627],[35.8803134,47.5460864],[35.8832643,47.5481675],[35.8948336,47.5386423],[35.8930478,47.53611],[35.8896333,47.540783],[35.8833199,47.5393149]]]},"properties":{"ha":149.0,"date":"2026-07-16","day":15,"country":"UA","place":"N.A., N.A.","rank":292}},{"type":"Feature","geometry":{"type":"Polygon","coordinates":[[[-6.4261231,41.7540705],[-6.4238467,41.75215],[-6.4251179,41.7510331],[-6.4228706,41.7506567],[-6.427657,41.7511635],[-6.4249075,41.7492207],[-6.4270359,41.7483377],[-6.4307906,41.7497225],[-6.4311273,41.748471],[-6.44447,41.7488651],[-6.4458344,41.750787],[-6.4519896,41.7476108],[-6.458712,41.7476164],[-6.4568284,41.7502636],[-6.4534444,41.7498334],[-6.4551073,41.750393],[-6.4510198,41.7531906],[-6.4462736,41.7530935],[-6.4476121,41.7544976],[-6.4446128,41.755288],[-6.4418009,41.7527474],[-6.4407524,41.7549509],[-6.4295655,41.7548136],[-6.4295127,41.7527457],[-6.4261231,41.7540705]]]},"properties":{"ha":148.0,"date":"2026-07-22","day":21,"country":"ES","place":"Rábano de Aliste, Zamora","rank":293}},{"type":"Feature","geometry":{"type":"Polygon","coordinates":[[[-3.568648,36.9248248],[-3.5674136,36.92313],[-3.5586708,36.9240241],[-3.5558323,36.919651],[-3.551608,36.9181736],[-3.5492399,36.9193474],[-3.5476342,36.9191498],[-3.5458975,36.9180882],[-3.5487492,36.9183816],[-3.5490728,36.9162684],[-3.5524825,36.9171227],[-3.5534784,36.9152984],[-3.5559492,36.9176768],[-3.5547531,36.9181565],[-3.5551669,36.9189698],[-3.5643211,36.9197669],[-3.5624911,36.9187487],[-3.5627946,36.916625],[-3.5610909,36.9172607],[-3.5634289,36.9159943],[-3.561438,36.913313],[-3.5640138,36.9148934],[-3.5651832,36.9127807],[-3.569034,36.9126922],[-3.5666786,36.9139469],[-3.5707915,36.914884],[-3.5680175,36.9171064],[-3.5724361,36.9147733],[-3.5748596,36.9162187],[-3.5726331,36.9180604],[-3.5727399,36.923733],[-3.5701573,36.9249021],[-3.5732159,36.9236084],[-3.5734408,36.9249628],[-3.5716799,36.9257046],[-3.568648,36.9248248]],[[-3.5680346,36.921988],[-3.5681945,36.9223709],[-3.5684187,36.9217194],[-3.5680346,36.921988]],[[-3.5686059,36.9172281],[-3.5703725,36.9178157],[-3.5698762,36.9171368],[-3.5686059,36.9172281]],[[-3.5713691,36.9184736],[-3.5715898,36.919523],[-3.5720754,36.9185609],[-3.5713691,36.9184736]],[[-3.5716121,36.9170703],[-3.5724346,36.9181619],[-3.5724892,36.9167759],[-3.5716121,36.9170703]]]},"properties":{"ha":146.0,"date":"2026-07-25","day":24,"country":"ES","place":"El Valle, Granada","rank":294}},{"type":"Feature","geometry":{"type":"Polygon","coordinates":[[[1.5102255,44.3832148],[1.5038982,44.3886606],[1.500878,44.3862292],[1.4905102,44.3919455],[1.4841045,44.3915126],[1.4994904,44.3970447],[1.4996958,44.3940642],[1.5036433,44.3947684],[1.5077143,44.3903577],[1.515221,44.3888929],[1.5130224,44.3838942],[1.5102255,44.3832148]]]},"properties":{"ha":146.0,"date":"2026-07-11","day":10,"country":"FR","place":"Cieurac, Lot","rank":295}},{"type":"Feature","geometry":{"type":"Polygon","coordinates":[[[38.7650186,48.8076807],[38.7777796,48.8047058],[38.7743245,48.8019346],[38.777292,48.7998885],[38.7731091,48.7955785],[38.763587,48.7990065],[38.7625287,48.8019118],[38.7551021,48.8020122],[38.7537933,48.8048287],[38.7650186,48.8076807]]]},"properties":{"ha":144.0,"date":"2026-07-13","day":12,"country":"UA","place":"N.A., N.A.","rank":296}},{"type":"Feature","geometry":{"type":"Polygon","coordinates":[[[32.0021608,46.7915368],[31.9904825,46.7873315],[31.9900486,46.7894519],[31.9859488,46.7911404],[31.984965,46.7959748],[31.9811929,46.7949484],[31.9864371,46.7987711],[31.9935429,46.8008169],[31.9951008,46.7976134],[32.002334,46.7996748],[32.0050564,46.7967069],[32.001701,46.7939753],[32.0021608,46.7915368]]]},"properties":{"ha":143.0,"date":"2026-07-01","day":0,"country":"UA","place":"N.A., N.A.","rank":297}},{"type":"Feature","geometry":{"type":"Polygon","coordinates":[[[33.5605068,45.8353514],[33.5756981,45.8351199],[33.5746234,45.8288404],[33.5785143,45.8290857],[33.5779013,45.8260809],[33.5742781,45.8258215],[33.5771215,45.8238534],[33.5732359,45.8215402],[33.5701832,45.8226709],[33.5714376,45.8250395],[33.5684328,45.8246339],[33.5665693,45.8220844],[33.5626414,45.8223885],[33.5620507,45.827297],[33.5555042,45.8313625],[33.5597925,45.8315036],[33.5616158,45.8338742],[33.5593198,45.8346527],[33.5605068,45.8353514]],[[33.5740781,45.8334846],[33.5640449,45.8352119],[33.5635488,45.8338187],[33.5664253,45.8338207],[33.5619828,45.8309751],[33.5730079,45.831281],[33.5740781,45.8334846]]]},"properties":{"ha":143.0,"date":"2026-07-05","day":4,"country":"UA","place":"N.A., N.A.","rank":298}},{"type":"Feature","geometry":{"type":"Polygon","coordinates":[[[38.7827879,48.7351952],[38.7743951,48.7409583],[38.7793188,48.7463154],[38.7769182,48.7481304],[38.794216,48.7476162],[38.7902492,48.7407878],[38.7827879,48.7351952]]]},"properties":{"ha":142.0,"date":"2026-07-08","day":7,"country":"UA","place":"N.A., N.A.","rank":299}},{"type":"Feature","geometry":{"type":"Polygon","coordinates":[[[-8.8530129,38.5372913],[-8.8454732,38.5374711],[-8.8403489,38.5348904],[-8.8382069,38.5364903],[-8.8367333,38.5339313],[-8.8342973,38.5352796],[-8.8354669,38.5333438],[-8.8320082,38.5342758],[-8.8328829,38.5324907],[-8.8290685,38.5308771],[-8.8371578,38.5320997],[-8.8410864,38.528459],[-8.8381385,38.5268436],[-8.8421391,38.5260968],[-8.8431623,38.5290064],[-8.8472646,38.5301683],[-8.8464283,38.531303],[-8.8488265,38.5284345],[-8.8576485,38.5336252],[-8.8530129,38.5372913]]]},"properties":{"ha":142.0,"date":"2026-07-02","day":1,"country":"PT","place":"Setúbal (São Sebastião), Área Metropolitana de Lisboa","rank":300}},{"type":"Feature","geometry":{"type":"Polygon","coordinates":[[[19.1460246,42.276865],[19.1465092,42.2724747],[19.1392242,42.2717639],[19.1352012,42.2672306],[19.1238193,42.2716257],[19.1278244,42.2780179],[19.1349963,42.2770091],[19.13755,42.2802769],[19.1460246,42.276865]],[[19.1436485,42.2731945],[19.1432006,42.2733624],[19.1433859,42.2729192],[19.1436485,42.2731945]],[[19.1411508,42.2764236],[19.1383965,42.2767281],[19.1371388,42.275266],[19.1406333,42.2739984],[19.1430596,42.2748739],[19.1409502,42.2749866],[19.1411508,42.2764236]],[[19.1366382,42.275681],[19.1360431,42.2768464],[19.1343166,42.2762451],[19.1366382,42.275681]],[[19.1361028,42.2734937],[19.1346238,42.2738466],[19.1327845,42.2728591],[19.1354036,42.2707693],[19.1361028,42.2734937]],[[19.1314688,42.2759222],[19.1302594,42.2745126],[19.1312182,42.2731391],[19.1337851,42.2745316],[19.1314688,42.2759222]],[[19.1267964,42.272503],[19.1259176,42.2725021],[19.125799,42.2722497],[19.1267964,42.272503]]]},"properties":{"ha":142.0,"date":"2026-07-09","day":8,"country":"ME","place":"N.A., Црна Гора","rank":301}},{"type":"Feature","geometry":{"type":"Polygon","coordinates":[[[32.2436087,46.4720337],[32.2466347,46.4668798],[32.2442452,46.4543088],[32.2414146,46.4526744],[32.2349952,46.4538987],[32.2365621,46.4609038],[32.2334114,46.4651724],[32.2436087,46.4720337]]]},"properties":{"ha":141.0,"date":"2026-07-01","day":0,"country":"UA","place":"N.A., N.A.","rank":302}},{"type":"Feature","geometry":{"type":"Polygon","coordinates":[[[38.3097848,48.5921848],[38.312345,48.5900513],[38.3148446,48.5810101],[38.3311523,48.5814628],[38.3375084,48.5790535],[38.3270903,48.5768391],[38.3119532,48.5793924],[38.3135151,48.5768996],[38.3076666,48.5792153],[38.3057566,48.5809147],[38.3074334,48.5841161],[38.3025226,48.5891261],[38.3097848,48.5921848]]]},"properties":{"ha":141.0,"date":"2026-07-07","day":6,"country":"UA","place":"N.A., N.A.","rank":303}},{"type":"Feature","geometry":{"type":"Polygon","coordinates":[[[13.7441581,37.229782],[13.7434726,37.2242612],[13.7455199,37.2260427],[13.7440134,37.2222691],[13.7367203,37.2258476],[13.734929,37.2249958],[13.7375149,37.2232543],[13.7366999,37.2215356],[13.7339868,37.2234695],[13.7353541,37.2208659],[13.7326351,37.2229104],[13.7325364,37.2292912],[13.7297572,37.2290102],[13.7286105,37.2324456],[13.7412062,37.2364039],[13.7428114,37.235451],[13.7419494,37.232901],[13.7435748,37.2330946],[13.7419283,37.2315204],[13.7441581,37.229782]]]},"properties":{"ha":141.0,"date":"2026-07-16","day":15,"country":"IT","place":"Naro, Agrigento","rank":304}},{"type":"Feature","geometry":{"type":"Polygon","coordinates":[[[34.437707,47.5838734],[34.4220538,47.5825906],[34.41744,47.584007],[34.4117565,47.589136],[34.4276822,47.5939371],[34.424551,47.5926747],[34.430575,47.5917178],[34.4298521,47.5887456],[34.437707,47.5838734]]]},"properties":{"ha":141.0,"date":"2026-07-20","day":19,"country":"UA","place":"N.A., N.A.","rank":305}},{"type":"Feature","geometry":{"type":"Polygon","coordinates":[[[-8.0778622,41.0285434],[-8.083003,41.0233774],[-8.0874906,41.0264996],[-8.080733,41.0378227],[-8.0757396,41.0411353],[-8.0744491,41.0384009],[-8.07626,41.0351342],[-8.0731939,41.0352191],[-8.071158,41.0321498],[-8.0715159,41.0282292],[-8.0760241,41.0260705],[-8.0778622,41.0285434]]]},"properties":{"ha":140.0,"date":"2026-07-07","day":6,"country":"PT","place":"Tendais, Tâmega e Sousa","rank":306}},{"type":"Feature","geometry":{"type":"Polygon","coordinates":[[[33.6245466,46.7911882],[33.6183896,46.7864535],[33.6139015,46.7994568],[33.6021325,46.7973977],[33.5975722,46.7990022],[33.5973702,46.8011808],[33.6032212,46.8043944],[33.6116146,46.8014263],[33.6164834,46.8033041],[33.6245466,46.7911882]]]},"properties":{"ha":140.0,"date":"2026-07-15","day":14,"country":"UA","place":"N.A., N.A.","rank":307}},{"type":"Feature","geometry":{"type":"Polygon","coordinates":[[[3.6454288,43.4858608],[3.6353449,43.4945744],[3.6369683,43.498063],[3.6315708,43.5016421],[3.6340872,43.5060088],[3.6372754,43.5004127],[3.6423336,43.4987391],[3.6478185,43.4934331],[3.649128,43.484418],[3.6438762,43.4816931],[3.6410271,43.4835113],[3.6454288,43.4858608]]]},"properties":{"ha":140.0,"date":"2026-07-24","day":23,"country":"FR","place":"Poussan, Hérault","rank":308}},{"type":"Feature","geometry":{"type":"Polygon","coordinates":[[[38.3438279,48.4034404],[38.3491256,48.3928212],[38.346078,48.3903186],[38.3467817,48.3867054],[38.3440416,48.3861453],[38.338144,48.39306],[38.3368415,48.3928806],[38.3384306,48.38999],[38.3371702,48.3877041],[38.3336867,48.3885842],[38.3308346,48.3980015],[38.334547,48.3973421],[38.3382624,48.3994461],[38.3414409,48.3971863],[38.3410898,48.4016294],[38.3438279,48.4034404]]]},"properties":{"ha":139.0,"date":"2026-07-03","day":2,"country":"UA","place":"N.A., N.A.","rank":309}},{"type":"Feature","geometry":{"type":"Polygon","coordinates":[[[16.5597288,40.5118836],[16.5728738,40.5018351],[16.570697,40.5001076],[16.5759785,40.4985299],[16.5778037,40.493629],[16.5739796,40.4935059],[16.57319,40.4954735],[16.5722127,40.4942602],[16.5687622,40.4976296],[16.5681094,40.4960769],[16.5636396,40.4978342],[16.5642103,40.5000028],[16.5582396,40.5030373],[16.5634554,40.5024425],[16.5607815,40.5044339],[16.5606954,40.5068932],[16.5556732,40.5104634],[16.5597288,40.5118836]]]},"properties":{"ha":139.0,"date":"2026-07-18","day":17,"country":"IT","place":"Pomarico, Matera","rank":310}},{"type":"Feature","geometry":{"type":"Polygon","coordinates":[[[-8.4327556,41.2798714],[-8.432264,41.2759579],[-8.42615,41.2763419],[-8.4271818,41.2748007],[-8.4257297,41.2743316],[-8.4335859,41.2745629],[-8.4395725,41.270522],[-8.4447914,41.270672],[-8.4465467,41.2724861],[-8.4438443,41.2751389],[-8.4459503,41.2750801],[-8.4465818,41.2775599],[-8.4424156,41.2818714],[-8.4298049,41.2829343],[-8.4327556,41.2798714]]]},"properties":{"ha":138.0,"date":"2026-07-04","day":3,"country":"PT","place":"Reguenga, Área Metropolitana do Porto","rank":311}},{"type":"Feature","geometry":{"type":"Polygon","coordinates":[[[36.0765947,47.4717959],[36.0777005,47.4701434],[36.0645952,47.4666165],[36.065942,47.4641575],[36.0710593,47.4632695],[36.0705419,47.4602773],[36.0769588,47.4590141],[36.0831421,47.461132],[36.0805443,47.4582801],[36.0720507,47.4551841],[36.0723522,47.4530713],[36.0586827,47.4661962],[36.0611449,47.4674901],[36.0602095,47.4686948],[36.0669425,47.471841],[36.0765947,47.4717959]]]},"properties":{"ha":138.0,"date":"2026-07-18","day":17,"country":"UA","place":"N.A., N.A.","rank":312}},{"type":"Feature","geometry":{"type":"Polygon","coordinates":[[[36.7858687,47.7879453],[36.788204,47.7816308],[36.7845342,47.7810022],[36.7780671,47.7815775],[36.7646532,47.7869445],[36.7618039,47.7900841],[36.7656649,47.7907344],[36.7654312,47.7940287],[36.7682681,47.7939743],[36.7754058,47.7909455],[36.7776323,47.7879568],[36.7858687,47.7879453]]]},"properties":{"ha":138.0,"date":"2026-07-20","day":19,"country":"UA","place":"N.A., N.A.","rank":313}},{"type":"Feature","geometry":{"type":"Polygon","coordinates":[[[17.6428832,43.0866616],[17.65168,43.0880815],[17.6616893,43.0852512],[17.6652538,43.0815188],[17.663627,43.0793878],[17.6585819,43.0811958],[17.6502815,43.081648],[17.659226,43.0804319],[17.6578264,43.076163],[17.6567731,43.0787278],[17.6517108,43.079253],[17.6504791,43.0751919],[17.6428832,43.0866616]]]},"properties":{"ha":137.0,"date":"2026-07-07","day":6,"country":"HR","place":"N.A., N.A.","rank":314}},{"type":"Feature","geometry":{"type":"Polygon","coordinates":[[[13.5402754,37.4318837],[13.5459245,37.4352413],[13.5483251,37.4333784],[13.5422232,37.4323821],[13.5408728,37.4300469],[13.5432358,37.4298941],[13.5417667,37.4281109],[13.5391817,37.4291673],[13.5396492,37.4306115],[13.5363046,37.4293614],[13.5378669,37.4265515],[13.5427059,37.4255724],[13.5398616,37.4238924],[13.5331765,37.4264349],[13.5319037,37.4254998],[13.5332883,37.4236822],[13.529025,37.4253247],[13.5243485,37.4228002],[13.5249094,37.4247181],[13.520731,37.4259682],[13.5228626,37.4264643],[13.5233962,37.4289349],[13.5244975,37.4257219],[13.5266243,37.4259083],[13.5260469,37.4279986],[13.529395,37.4350046],[13.5317917,37.4332915],[13.5290577,37.4363856],[13.530368,37.4375689],[13.5340747,37.4366034],[13.5353758,37.4307772],[13.5402754,37.4318837]],[[13.5330584,37.4321256],[13.5331971,37.430186],[13.5294503,37.4287408],[13.5340283,37.430214],[13.5330584,37.4321256]],[[13.5296116,37.4296365],[13.5279749,37.4292288],[13.5271377,37.4284103],[13.5275978,37.4278203],[13.5296116,37.4296365]]]},"properties":{"ha":137.0,"date":"2026-07-17","day":16,"country":"IT","place":"Santa Elisabetta, Agrigento","rank":315}},{"type":"Feature","geometry":{"type":"Polygon","coordinates":[[[13.947368,37.1795813],[13.9442562,37.1800056],[13.9445738,37.1822767],[13.9402458,37.1821053],[13.9401978,37.1855109],[13.9359367,37.1903351],[13.938821,37.195235],[13.9373866,37.1963063],[13.9424692,37.1989816],[13.9451613,37.1979485],[13.9427453,37.1965236],[13.9444585,37.1953973],[13.9428199,37.1942641],[13.946052,37.1925297],[13.9431551,37.1910619],[13.9428174,37.189366],[13.9445852,37.19095],[13.946932,37.1890373],[13.9449354,37.1878704],[13.9479081,37.1858355],[13.9461168,37.1847329],[13.9443976,37.186524],[13.943726,37.1841723],[13.9479652,37.1822415],[13.9502875,37.1831297],[13.9555706,37.1800068],[13.9523452,37.1798137],[13.9540015,37.1785337],[13.9525559,37.1772338],[13.952561,37.1789859],[13.9472242,37.1776385],[13.947368,37.1795813]],[[13.9504977,37.1803741],[13.9499098,37.1812498],[13.9490791,37.1813216],[13.9504977,37.1803741]],[[13.9417263,37.1845646],[13.9435683,37.1851709],[13.9431489,37.1859857],[13.9420605,37.1858676],[13.9417263,37.1845646]]]},"properties":{"ha":137.0,"date":"2026-07-17","day":16,"country":"IT","place":"Campobello di Licata, Agrigento","rank":316}},{"type":"Feature","geometry":{"type":"Polygon","coordinates":[[[-3.566886,38.3422761],[-3.5590486,38.3397398],[-3.5545327,38.3400672],[-3.5664389,38.3345961],[-3.573804,38.3356055],[-3.5827297,38.3276549],[-3.5842066,38.3322026],[-3.5826965,38.3347304],[-3.5736031,38.340095],[-3.5676703,38.3401066],[-3.566886,38.3422761]]]},"properties":{"ha":136.0,"date":"2026-07-01","day":0,"country":"ES","place":"Santa Elena, Jaén","rank":317}},{"type":"Feature","geometry":{"type":"Polygon","coordinates":[[[13.5723264,37.3308423],[13.5671165,37.3329953],[13.5708017,37.334838],[13.5691801,37.3385535],[13.5717,37.3414491],[13.5752549,37.3430383],[13.5820153,37.340122],[13.5758176,37.3394243],[13.5738834,37.3373514],[13.5823642,37.33406],[13.5764902,37.3309242],[13.5793877,37.3266024],[13.5776242,37.3273839],[13.5771021,37.3248039],[13.5725574,37.324753],[13.5713175,37.327752],[13.569211,37.3263255],[13.5674208,37.3273904],[13.5723264,37.3308423]]]},"properties":{"ha":135.0,"date":"2026-07-24","day":23,"country":"IT","place":"Agrigento, Agrigento","rank":318}},{"type":"Feature","geometry":{"type":"Polygon","coordinates":[[[31.7849983,46.3135011],[31.7809576,46.298922],[31.7741342,46.299454],[31.7719323,46.3022768],[31.765712,46.3027751],[31.7635231,46.3053932],[31.7679658,46.3064102],[31.7712091,46.3110015],[31.7809071,46.3093595],[31.7849983,46.3135011]]]},"properties":{"ha":134.0,"date":"2026-07-06","day":5,"country":"UA","place":"N.A., N.A.","rank":319}},{"type":"Feature","geometry":{"type":"Polygon","coordinates":[[[31.9000979,38.9491792],[31.8973735,38.9477455],[31.8989483,38.9460334],[31.8938111,38.9449791],[31.8939159,38.9409912],[31.8903729,38.9382492],[31.8806578,38.943749],[31.8847101,38.9454942],[31.8844707,38.9471762],[31.8875188,38.9430496],[31.8868006,38.9415284],[31.8909313,38.9396001],[31.8883908,38.9444997],[31.8906291,38.9465767],[31.8899487,38.9438734],[31.8920099,38.9432172],[31.8905543,38.9448485],[31.892841,38.9453873],[31.8932708,38.9477275],[31.891505,38.9473011],[31.8920934,38.9456409],[31.8907189,38.9469593],[31.8865018,38.9457492],[31.8834281,38.9481218],[31.8869108,38.9485973],[31.8808941,38.951115],[31.8813829,38.9525591],[31.8880746,38.9516836],[31.8898796,38.9538305],[31.8907622,38.9522855],[31.8921034,38.9526754],[31.8910745,38.9543315],[31.8925939,38.9544133],[31.8949704,38.9528578],[31.8943671,38.9506221],[31.8982436,38.9520571],[31.9000979,38.9491792]]]},"properties":{"ha":133.0,"date":"2026-07-01","day":0,"country":"TR","place":"N.A., Konya","rank":320}},{"type":"Feature","geometry":{"type":"Polygon","coordinates":[[[35.2347362,46.7824876],[35.2399871,46.7829656],[35.241175,46.7847058],[35.2495451,46.7832777],[35.2513085,46.7874939],[35.2540154,46.7854226],[35.2539554,46.7818485],[35.2513642,46.7787238],[35.2383971,46.776711],[35.2261664,46.7701659],[35.2347362,46.7824876]]]},"properties":{"ha":133.0,"date":"2026-07-18","day":17,"country":"UA","place":"N.A., N.A.","rank":321}},{"type":"Feature","geometry":{"type":"Polygon","coordinates":[[[13.6810533,37.3042959],[13.6781282,37.3089235],[13.6810862,37.3090656],[13.6833867,37.3055534],[13.6850189,37.3102962],[13.6886734,37.3118534],[13.6863732,37.3056051],[13.6886473,37.3025197],[13.6855463,37.2994244],[13.6897047,37.2987922],[13.6887463,37.2969035],[13.6912379,37.2972256],[13.6922061,37.2952291],[13.6943913,37.2962107],[13.6967893,37.2937306],[13.6951302,37.2952859],[13.692857,37.2941572],[13.6935459,37.2922897],[13.6848436,37.2913662],[13.6854625,37.2957714],[13.6817271,37.2968274],[13.6810177,37.3002598],[13.6761216,37.3038534],[13.6772421,37.3048289],[13.6736976,37.3055302],[13.6757948,37.3075915],[13.6783048,37.3071497],[13.6795114,37.303455],[13.683226,37.3031021],[13.6836848,37.3047367],[13.6810533,37.3042959]]]},"properties":{"ha":132.0,"date":"2026-07-19","day":18,"country":"IT","place":"Favara, Agrigento","rank":322}},{"type":"Feature","geometry":{"type":"Polygon","coordinates":[[[33.9477442,46.2352987],[33.9546463,46.2255081],[33.9457013,46.2282982],[33.9443602,46.2255361],[33.9350207,46.2286992],[33.9356079,46.2342203],[33.939956,46.2390179],[33.9477442,46.2352987]]]},"properties":{"ha":131.0,"date":"2026-07-04","day":3,"country":"UA","place":"N.A., N.A.","rank":323}},{"type":"Feature","geometry":{"type":"Polygon","coordinates":[[[17.6423078,43.0867953],[17.648976,43.0753595],[17.6467144,43.0723648],[17.6428704,43.0738187],[17.6443886,43.0747225],[17.6371865,43.0762618],[17.6332458,43.0804312],[17.6384471,43.0813894],[17.6317269,43.0828666],[17.6369014,43.0888542],[17.6387766,43.0863948],[17.6423078,43.0867953]]]},"properties":{"ha":131.0,"date":"2026-07-07","day":6,"country":"HR","place":"Metković, Dubrovačko-neretvanska županija","rank":324}},{"type":"Feature","geometry":{"type":"Polygon","coordinates":[[[6.4673815,43.463647],[6.4728901,43.4603974],[6.4694619,43.456507],[6.4706963,43.4559077],[6.4696649,43.4527069],[6.4648693,43.4539777],[6.4631237,43.4522952],[6.4639048,43.4536549],[6.4600729,43.4529346],[6.4579249,43.4545802],[6.4565007,43.453453],[6.4526286,43.4569204],[6.4599773,43.461092],[6.4565236,43.462707],[6.4574242,43.4637112],[6.4673815,43.463647]]]},"properties":{"ha":131.0,"date":"2026-07-19","day":18,"country":"FR","place":"Arcs, Var","rank":325}},{"type":"Feature","geometry":{"type":"Polygon","coordinates":[[[33.9139481,46.4750875],[33.9098112,46.4703286],[33.8916285,46.4640937],[33.8871996,46.4632634],[33.8846477,46.4690544],[33.9139481,46.4750875]]]},"properties":{"ha":131.0,"date":"2026-07-01","day":0,"country":"UA","place":"N.A., N.A.","rank":326}},{"type":"Feature","geometry":{"type":"Polygon","coordinates":[[[16.6486905,43.1351967],[16.6453239,43.131614],[16.6401589,43.1311493],[16.6384943,43.1293069],[16.6254831,43.1298278],[16.6340363,43.1383513],[16.6399608,43.1388734],[16.6486905,43.1351967]]]},"properties":{"ha":130.0,"date":"2026-07-05","day":4,"country":"HR","place":"Jelsa, Splitsko-dalmatinska županija","rank":327}},{"type":"Feature","geometry":{"type":"Polygon","coordinates":[[[37.8847044,48.4815256],[37.8712237,48.4868382],[37.8824843,48.4854244],[37.8890314,48.4891625],[37.8973154,48.4893476],[37.9101607,48.4856328],[37.9111266,48.4828645],[37.8966848,48.4848816],[37.8847044,48.4815256]]]},"properties":{"ha":130.0,"date":"2026-07-02","day":1,"country":"UA","place":"N.A., N.A.","rank":328}},{"type":"Feature","geometry":{"type":"Polygon","coordinates":[[[32.217042,46.5808941],[32.2013879,46.578412],[32.2017487,46.5827816],[32.2073483,46.5844861],[32.2064823,46.5864357],[32.2080299,46.5880656],[32.2187099,46.5894298],[32.2234227,46.5918472],[32.217042,46.5808941]]]},"properties":{"ha":130.0,"date":"2026-07-04","day":3,"country":"UA","place":"N.A., N.A.","rank":329}},{"type":"Feature","geometry":{"type":"Polygon","coordinates":[[[37.81009,48.3865572],[37.8097794,48.3831031],[37.8151579,48.3819545],[37.8158611,48.3763154],[37.8176846,48.376182],[37.8168323,48.3789565],[37.823598,48.3773765],[37.8238392,48.3748252],[37.8265817,48.3729081],[37.8200105,48.3738055],[37.8262619,48.3705826],[37.8205917,48.3701957],[37.820368,48.3728483],[37.8153184,48.3725611],[37.8147245,48.3749459],[37.8105255,48.3749532],[37.8110529,48.3790802],[37.8101255,48.3795747],[37.8082736,48.3786088],[37.8105129,48.3772795],[37.8041586,48.3777579],[37.80256,48.3805277],[37.8044645,48.3816133],[37.8030531,48.3873438],[37.81009,48.3865572]]]},"properties":{"ha":130.0,"date":"2026-07-16","day":15,"country":"UA","place":"N.A., N.A.","rank":330}},{"type":"Feature","geometry":{"type":"Polygon","coordinates":[[[33.8203189,47.009882],[33.8283841,47.0167798],[33.8390566,47.0100728],[33.8411947,47.0065154],[33.8321291,47.0042139],[33.8203189,47.009882]]]},"properties":{"ha":130.0,"date":"2026-07-22","day":21,"country":"UA","place":"N.A., N.A.","rank":331}},{"type":"Feature","geometry":{"type":"Polygon","coordinates":[[[14.9544105,37.5946073],[14.952526,37.5878708],[14.9461066,37.5882059],[14.9426936,37.6031342],[14.9486041,37.6039316],[14.9544105,37.5946073]]]},"properties":{"ha":130.0,"date":"2026-07-22","day":21,"country":"IT","place":"Belpasso, Catania","rank":332}},{"type":"Feature","geometry":{"type":"Polygon","coordinates":[[[36.8543218,48.0387433],[36.8555449,48.0359111],[36.8607184,48.0351758],[36.857582,48.0342593],[36.8612663,48.0314704],[36.8511126,48.0373381],[36.8332392,48.0432234],[36.8266335,48.0435802],[36.8253704,48.0462395],[36.8110788,48.0513708],[36.8194812,48.0543687],[36.8298462,48.045969],[36.8543218,48.0387433]]]},"properties":{"ha":129.0,"date":"2026-07-22","day":21,"country":"UA","place":"N.A., N.A.","rank":333}},{"type":"Feature","geometry":{"type":"Polygon","coordinates":[[[-5.5183077,43.028195],[-5.5179813,43.0251806],[-5.5245479,43.0230273],[-5.5253554,43.0197626],[-5.530732,43.0164407],[-5.5377443,43.0147385],[-5.5372053,43.0177616],[-5.5406455,43.0181334],[-5.5337782,43.0212039],[-5.532213,43.0238867],[-5.5336672,43.0269031],[-5.5358407,43.0269797],[-5.53477,43.0287101],[-5.5284109,43.0265355],[-5.5228497,43.0287879],[-5.5183077,43.028195]]]},"properties":{"ha":128.0,"date":"2026-07-06","day":5,"country":"ES","place":"Cármenes, León","rank":334}},{"type":"Feature","geometry":{"type":"Polygon","coordinates":[[[27.4524266,37.5975007],[27.4457651,37.6019894],[27.4464265,37.6056987],[27.4436036,37.6064137],[27.4449745,37.6088505],[27.450169,37.60925],[27.4558751,37.606632],[27.4600939,37.6005305],[27.4595344,37.597191],[27.4540628,37.5946935],[27.4503216,37.5964502],[27.4524266,37.5975007]]]},"properties":{"ha":128.0,"date":"2026-07-17","day":16,"country":"TR","place":"N.A., Aydın","rank":335}},{"type":"Feature","geometry":{"type":"Polygon","coordinates":[[[25.1729865,43.6021004],[25.1814629,43.6053714],[25.1899726,43.6053882],[25.1980382,43.5995638],[25.1948368,43.5967269],[25.1886146,43.5965298],[25.1729865,43.6021004]]]},"properties":{"ha":128.0,"date":"2026-07-28","day":27,"country":"BG","place":"Белене, Велико Търново","rank":336}},{"type":"Feature","geometry":{"type":"Polygon","coordinates":[[[13.5153757,41.5043441],[13.517052,41.5028217],[13.5173364,41.4953004],[13.5155533,41.4928763],[13.5172881,41.4889677],[13.513578,41.4885532],[13.5037831,41.4942169],[13.507567,41.4939197],[13.5114221,41.4959122],[13.510586,41.4974856],[13.506328,41.4979721],[13.5064542,41.4965071],[13.5002985,41.4946759],[13.4977616,41.4957886],[13.5054347,41.5019705],[13.5094151,41.4987231],[13.512389,41.4994863],[13.513781,41.5014904],[13.5118862,41.5036908],[13.5153757,41.5043441]]]},"properties":{"ha":128.0,"date":"2026-07-24","day":23,"country":"IT","place":"Pastena, Frosinone","rank":337}},{"type":"Feature","geometry":{"type":"Polygon","coordinates":[[[37.7106624,49.0077067],[37.7094898,49.0106591],[37.7016428,49.0146387],[37.7011155,49.0167649],[37.7117948,49.0168733],[37.7120719,49.0193305],[37.7202021,49.0163242],[37.7246209,49.0110033],[37.7208696,49.011423],[37.7220098,49.007268],[37.7106624,49.0077067]]]},"properties":{"ha":126.0,"date":"2026-07-03","day":2,"country":"UA","place":"N.A., N.A.","rank":338}},{"type":"Feature","geometry":{"type":"Polygon","coordinates":[[[38.5798175,47.9339693],[38.5806135,47.9296244],[38.5739443,47.9279117],[38.5744485,47.9298258],[38.5700569,47.9302422],[38.5718467,47.9318034],[38.5700647,47.9345141],[38.5728615,47.9355454],[38.576381,47.9340854],[38.5762728,47.9359075],[38.5628916,47.9356774],[38.5599887,47.9388128],[38.5620393,47.9403641],[38.5629181,47.9380116],[38.5677933,47.9370744],[38.5698646,47.9386797],[38.5657033,47.9385303],[38.5835417,47.9408021],[38.5871946,47.9385224],[38.5824205,47.9368357],[38.5798175,47.9339693]]]},"properties":{"ha":126.0,"date":"2026-07-03","day":2,"country":"UA","place":"N.A., N.A.","rank":339}},{"type":"Feature","geometry":{"type":"Polygon","coordinates":[[[37.5743501,49.3994433],[37.58251,49.3919474],[37.577861,49.3881579],[37.5724768,49.3887972],[37.5745445,49.3924672],[37.5698494,49.3908434],[37.5678548,49.3926012],[37.5623412,49.3918776],[37.5623553,49.3950314],[37.5652605,49.3973619],[37.5625041,49.3983531],[37.5654297,49.4015595],[37.5674141,49.400441],[37.56677,49.3987634],[37.5743501,49.3994433]]]},"properties":{"ha":126.0,"date":"2026-07-01","day":0,"country":"UA","place":"N.A., N.A.","rank":340}},{"type":"Feature","geometry":{"type":"Polygon","coordinates":[[[15.8100924,40.7851626],[15.8113323,40.7889589],[15.8164512,40.7853208],[15.8215253,40.7864253],[15.8269775,40.7847989],[15.8283641,40.782531],[15.8302329,40.7835765],[15.8325926,40.781166],[15.829663,40.779392],[15.8339608,40.7732418],[15.8308726,40.771348],[15.8315898,40.7743042],[15.8289896,40.7749623],[15.8273379,40.7740881],[15.828695,40.7722786],[15.8248823,40.7728631],[15.8240018,40.7763065],[15.8260794,40.7750174],[15.8311827,40.7755957],[15.8255577,40.7762448],[15.8279262,40.7795973],[15.8250411,40.7767036],[15.8227759,40.7786127],[15.8245134,40.7814379],[15.8217429,40.782582],[15.8210718,40.7809453],[15.8131717,40.7814801],[15.81247,40.7846898],[15.8100924,40.7851626]]]},"properties":{"ha":126.0,"date":"2026-07-20","day":19,"country":"IT","place":"Pietragalla, Potenza","rank":341}},{"type":"Feature","geometry":{"type":"Polygon","coordinates":[[[34.3026895,47.2866997],[34.324998,47.2888849],[34.325436,47.2866224],[34.3182241,47.28109],[34.3072784,47.2799649],[34.3021713,47.2825011],[34.3053431,47.2851167],[34.3016472,47.284037],[34.3026895,47.2866997]]]},"properties":{"ha":125.0,"date":"2026-07-19","day":18,"country":"UA","place":"N.A., N.A.","rank":342}},{"type":"Feature","geometry":{"type":"Polygon","coordinates":[[[38.9759798,48.7310978],[38.9786267,48.7304525],[38.9741951,48.7297469],[38.972471,48.7270325],[38.9793139,48.7225829],[38.9577212,48.7310918],[38.9619279,48.7382361],[38.965356,48.7386969],[38.9764966,48.733798],[38.9759798,48.7310978]]]},"properties":{"ha":125.0,"date":"2026-07-20","day":19,"country":"UA","place":"N.A., N.A.","rank":343}},{"type":"Feature","geometry":{"type":"Polygon","coordinates":[[[36.4794961,47.4278733],[36.4694699,47.436472],[36.4694778,47.4411592],[36.4732157,47.4484558],[36.4761481,47.4440607],[36.4828943,47.4397629],[36.480272,47.4373317],[36.4819471,47.4352814],[36.4780944,47.4330363],[36.4845966,47.4288829],[36.4794961,47.4278733]]]},"properties":{"ha":125.0,"date":"2026-07-21","day":20,"country":"UA","place":"N.A., N.A.","rank":344}},{"type":"Feature","geometry":{"type":"Polygon","coordinates":[[[8.7231828,39.5513911],[8.7270239,39.5512897],[8.7263352,39.5488214],[8.7296733,39.5486525],[8.7299971,39.5459546],[8.7333909,39.5449059],[8.7346173,39.5396389],[8.7329259,39.5368844],[8.7232151,39.53782],[8.7215735,39.5444476],[8.7239426,39.5462397],[8.7203387,39.5481051],[8.7220468,39.5480061],[8.7231828,39.5513911]]]},"properties":{"ha":124.0,"date":"2026-07-11","day":10,"country":"IT","place":"San Gavino Monreale, Sud Sardegna","rank":345}},{"type":"Feature","geometry":{"type":"Polygon","coordinates":[[[23.3964026,38.1667985],[23.4092778,38.1585306],[23.4076873,38.1543469],[23.4013998,38.1551916],[23.4006467,38.1516551],[23.3999753,38.1536325],[23.395615,38.1542638],[23.3957037,38.161878],[23.3938586,38.1654853],[23.3964026,38.1667985]]]},"properties":{"ha":124.0,"date":"2026-07-05","day":4,"country":"EL","place":"Δημοτική Κοινότητα Μάνδρας, Δυτική Αττική","rank":346}},{"type":"Feature","geometry":{"type":"Polygon","coordinates":[[[-4.7414173,39.9193916],[-4.7380482,39.9223529],[-4.7436698,39.920517],[-4.7367723,39.9247734],[-4.7399271,39.9263848],[-4.7400534,39.923679],[-4.7420554,39.9239666],[-4.7428154,39.9267235],[-4.7369146,39.9313463],[-4.7337469,39.9299728],[-4.735092,39.9261489],[-4.7332529,39.9242452],[-4.7356427,39.9233174],[-4.7321565,39.9216032],[-4.7250822,39.9227222],[-4.7254802,39.9241464],[-4.7230509,39.9251213],[-4.7182608,39.9230924],[-4.7211281,39.9211089],[-4.7234008,39.9218383],[-4.7232874,39.9204919],[-4.7297796,39.9203934],[-4.7260088,39.9162449],[-4.7294816,39.9147125],[-4.7371307,39.9186002],[-4.7372066,39.9202065],[-4.7414173,39.9193916]]]},"properties":{"ha":124.0,"date":"2026-07-23","day":22,"country":"ES","place":"La Pueblanueva, Toledo","rank":347}},{"type":"Feature","geometry":{"type":"Polygon","coordinates":[[[19.3002413,42.2741485],[19.3026728,42.2724155],[19.3019525,42.2712454],[19.3029413,42.2694228],[19.3027354,42.2712204],[19.3050983,42.2707449],[19.3052192,42.2741807],[19.3084167,42.2765739],[19.3122826,42.2761585],[19.3127555,42.2742995],[19.3185337,42.2751049],[19.3190493,42.2650728],[19.3136417,42.2657225],[19.309844,42.2692407],[19.3055869,42.2652012],[19.304845,42.2673471],[19.3027373,42.2667658],[19.2988437,42.2703739],[19.3002413,42.2741485]],[[19.3141281,42.2707143],[19.3126586,42.2716312],[19.3137263,42.2702492],[19.3141281,42.2707143]],[[19.3056338,42.2680425],[19.3044872,42.2687515],[19.3040781,42.2684147],[19.3056338,42.2680425]]]},"properties":{"ha":124.0,"date":"2026-07-21","day":20,"country":"ME","place":"N.A., Црна Гора","rank":348}},{"type":"Feature","geometry":{"type":"Polygon","coordinates":[[[14.7573384,37.3285273],[14.7597032,37.3270068],[14.7631945,37.3283201],[14.7588971,37.3261321],[14.7623839,37.3228261],[14.7579416,37.3219765],[14.7567272,37.3243609],[14.754967,37.3220146],[14.7584601,37.3176693],[14.7579734,37.3132233],[14.7530289,37.3152404],[14.7517296,37.3141144],[14.7500862,37.3162557],[14.7467322,37.3156751],[14.749324,37.3176769],[14.744362,37.3197594],[14.7440984,37.3217684],[14.7476446,37.3216585],[14.7466487,37.3204147],[14.7496676,37.3200587],[14.7500003,37.3181196],[14.7534965,37.3186499],[14.7518412,37.322414],[14.7558557,37.3248583],[14.7502814,37.3272519],[14.7504368,37.3288961],[14.7539147,37.3291052],[14.7571274,37.3335223],[14.7589084,37.3322933],[14.7573384,37.3285273]]]},"properties":{"ha":124.0,"date":"2026-07-18","day":17,"country":"IT","place":"Palagonia, Catania","rank":349}},{"type":"Feature","geometry":{"type":"Polygon","coordinates":[[[35.6013953,47.2681437],[35.6006224,47.2571476],[35.6031913,47.2540748],[35.5891811,47.250722],[35.5936549,47.2643942],[35.5961301,47.2666523],[35.5959499,47.270396],[35.6013953,47.2681437]]]},"properties":{"ha":123.0,"date":"2026-07-02","day":1,"country":"UA","place":"N.A., N.A.","rank":350}},{"type":"Feature","geometry":{"type":"Polygon","coordinates":[[[8.2252027,45.8584898],[8.2167242,45.858703],[8.2161756,45.8568487],[8.2175721,45.8533382],[8.2143849,45.8531014],[8.214775,45.8510301],[8.2172482,45.8506575],[8.2101901,45.8488835],[8.208065,45.8500144],[8.2127439,45.8551246],[8.2095502,45.8534605],[8.2113721,45.8557727],[8.2055518,45.8578798],[8.206191,45.8605353],[8.2043548,45.8608598],[8.2075308,45.8620393],[8.2090624,45.8607033],[8.2107194,45.8624831],[8.2124716,45.8619819],[8.2100811,45.8609421],[8.2150685,45.8603954],[8.216213,45.8635616],[8.2129677,45.8619179],[8.2134566,45.8643338],[8.216657,45.8647052],[8.2156114,45.8641675],[8.2171852,45.8627036],[8.2171548,45.8616403],[8.2181174,45.8613188],[8.2169854,45.8650348],[8.223218,45.8648159],[8.2241026,45.8612815],[8.2215779,45.8619571],[8.2201102,45.8604049],[8.2252027,45.8584898]]]},"properties":{"ha":123.0,"date":"2026-07-04","day":3,"country":"IT","place":"Cravagliana, Vercelli","rank":351}},{"type":"Feature","geometry":{"type":"Polygon","coordinates":[[[3.7531887,44.8097594],[3.7562566,44.8162144],[3.7592093,44.8154226],[3.7616209,44.8091028],[3.7575152,44.8062725],[3.754342,44.8072825],[3.7568497,44.8059438],[3.7564572,44.800246],[3.7524229,44.8038882],[3.7529964,44.8011406],[3.7485224,44.801454],[3.7452685,44.7991878],[3.7458685,44.8005831],[3.7427577,44.8019069],[3.7451595,44.8065988],[3.7531887,44.8097594]],[[3.7561514,44.8099469],[3.7584127,44.8100934],[3.7586017,44.8118337],[3.7561514,44.8099469]]]},"properties":{"ha":123.0,"date":"2026-07-05","day":4,"country":"FR","place":"Saint Bonnet-Laval, Lozère","rank":352}},{"type":"Feature","geometry":{"type":"Polygon","coordinates":[[[13.3890809,42.2657032],[13.3768136,42.2688797],[13.3694725,42.273876],[13.3684927,42.2774156],[13.3718137,42.2798623],[13.3704139,42.2814675],[13.3793234,42.2762816],[13.3791822,42.273279],[13.3943144,42.2669175],[13.3890809,42.2657032]]]},"properties":{"ha":123.0,"date":"2026-07-21","day":20,"country":"IT","place":"Lucoli, L’Aquila","rank":353}},{"type":"Feature","geometry":{"type":"Polygon","coordinates":[[[13.4838361,37.9907357],[13.488648,37.9961354],[13.4897334,37.9992837],[13.4926736,37.9979975],[13.4950981,37.9906613],[13.4972607,37.9893496],[13.4950183,37.9882131],[13.498298,37.9879119],[13.4919639,37.9854065],[13.490255,37.977689],[13.489159,37.9813082],[13.4846797,37.982473],[13.4865315,37.983288],[13.484534,37.9863445],[13.4892632,37.9847958],[13.4904686,37.9868071],[13.4846191,37.9898143],[13.4838361,37.9907357]],[[13.4911691,37.9895375],[13.4898552,37.9883559],[13.4925884,37.9876348],[13.4925287,37.9882829],[13.4911691,37.9895375]],[[13.4886738,37.990374],[13.4855838,37.9910832],[13.485247,37.990549],[13.4882747,37.988923],[13.4886738,37.990374]],[[13.4879641,37.9819765],[13.4883993,37.9830353],[13.4871724,37.9830844],[13.4879641,37.9819765]]]},"properties":{"ha":123.0,"date":"2026-07-20","day":19,"country":"IT","place":"Bolognetta, Palermo","rank":354}},{"type":"Feature","geometry":{"type":"Polygon","coordinates":[[[16.087931,41.0948986],[16.0854154,41.0933392],[16.0906561,41.0919395],[16.0905428,41.0895441],[16.0863134,41.0910789],[16.0808094,41.0973784],[16.0891216,41.1029481],[16.1022146,41.1020918],[16.0993348,41.1010323],[16.1004251,41.0988881],[16.0957245,41.0978525],[16.099985,41.09608],[16.0991291,41.0947657],[16.087931,41.0948986]]]},"properties":{"ha":123.0,"date":"2026-07-20","day":19,"country":"IT","place":"Minervino Murge, Barletta-Andria-Trani","rank":355}},{"type":"Feature","geometry":{"type":"Polygon","coordinates":[[[32.5279299,46.6492135],[32.5390004,46.6539061],[32.5446127,46.6482998],[32.5446067,46.6450553],[32.5410766,46.6440166],[32.5417789,46.6386522],[32.5447297,46.6400301],[32.5441142,46.6371599],[32.5392329,46.6387571],[32.5369282,46.6484841],[32.5317579,46.6483385],[32.5331252,46.6397372],[32.5290524,46.6408195],[32.5265674,46.6437533],[32.5279299,46.6492135]]]},"properties":{"ha":122.0,"date":"2026-07-01","day":0,"country":"UA","place":"N.A., N.A.","rank":356}},{"type":"Feature","geometry":{"type":"Polygon","coordinates":[[[33.2535472,46.9507495],[33.2565558,46.9423577],[33.2462426,46.9387642],[33.2452267,46.9427861],[33.2421668,46.9433322],[33.2401615,46.94933],[33.2479829,46.9558593],[33.2452698,46.9496131],[33.2535472,46.9507495]]]},"properties":{"ha":122.0,"date":"2026-07-18","day":17,"country":"UA","place":"N.A., N.A.","rank":357}},{"type":"Feature","geometry":{"type":"Polygon","coordinates":[[[36.8018936,47.7691317],[36.7905219,47.7716077],[36.787429,47.7783862],[36.7925877,47.7797263],[36.7947027,47.7825022],[36.8009633,47.7809983],[36.8034003,47.7722296],[36.8018936,47.7691317]]]},"properties":{"ha":122.0,"date":"2026-07-13","day":12,"country":"UA","place":"N.A., N.A.","rank":358}},{"type":"Feature","geometry":{"type":"Polygon","coordinates":[[[13.8325048,37.2013717],[13.8350042,37.2044938],[13.8392531,37.2057111],[13.8421851,37.2042984],[13.8365039,37.1970204],[13.8340898,37.1965449],[13.8328001,37.199357],[13.8309034,37.1994461],[13.828506,37.1949155],[13.8268007,37.1963688],[13.8243318,37.1938625],[13.823255,37.1954326],[13.82762,37.1967699],[13.8288338,37.1992095],[13.8177329,37.1994856],[13.8197306,37.2002898],[13.8194695,37.2034204],[13.8282633,37.2050851],[13.8300978,37.2042398],[13.828859,37.2026387],[13.8325048,37.2013717]]]},"properties":{"ha":122.0,"date":"2026-07-21","day":20,"country":"IT","place":"Licata, Agrigento","rank":359}},{"type":"Feature","geometry":{"type":"Polygon","coordinates":[[[35.8318246,47.5703335],[35.8413863,47.5687961],[35.8395663,47.5673834],[35.8438143,47.5639191],[35.8485029,47.5673499],[35.8522001,47.5660807],[35.8533284,47.5678439],[35.8556876,47.5673247],[35.8573412,47.5653063],[35.8518221,47.5637721],[35.8555706,47.5588177],[35.8369272,47.5621448],[35.8302209,47.5684528],[35.8318246,47.5703335]]]},"properties":{"ha":121.0,"date":"2026-07-01","day":0,"country":"UA","place":"N.A., N.A.","rank":360}},{"type":"Feature","geometry":{"type":"Polygon","coordinates":[[[38.3394477,48.606552],[38.3411374,48.6029184],[38.3377903,48.601262],[38.3454974,48.6020378],[38.3411028,48.5990934],[38.3407833,48.5960244],[38.3369351,48.5955123],[38.3375223,48.5909076],[38.3346928,48.5915402],[38.3352151,48.5931667],[38.3265861,48.6002856],[38.3285664,48.6055082],[38.3337745,48.6043641],[38.3394477,48.606552]]]},"properties":{"ha":121.0,"date":"2026-07-02","day":1,"country":"UA","place":"N.A., N.A.","rank":361}},{"type":"Feature","geometry":{"type":"Polygon","coordinates":[[[1.2928031,41.8410735],[1.3003221,41.8402302],[1.3041582,41.8374746],[1.304278,41.8353846],[1.3026796,41.8360844],[1.3014054,41.8330145],[1.2925134,41.8310905],[1.2837915,41.8314093],[1.2928031,41.8410735]]]},"properties":{"ha":120.0,"date":"2026-07-07","day":6,"country":"ES","place":"Torrefeta i Florejacs, Lleida","rank":362}},{"type":"Feature","geometry":{"type":"Polygon","coordinates":[[[32.8947786,46.4799357],[32.890449,46.4852791],[32.8991489,46.4929216],[32.9027681,46.493279],[32.9105268,46.486635],[32.903832,46.4855773],[32.8947786,46.4799357]]]},"properties":{"ha":120.0,"date":"2026-07-06","day":5,"country":"UA","place":"N.A., N.A.","rank":363}},{"type":"Feature","geometry":{"type":"Polygon","coordinates":[[[28.4047183,37.7042661],[28.4029333,37.7023446],[28.4055952,37.7021681],[28.4028417,37.7015791],[28.3979962,37.702428],[28.3952255,37.7051695],[28.3975161,37.7010541],[28.3961501,37.7008311],[28.3935053,37.7034806],[28.3960563,37.7065949],[28.3925333,37.7073713],[28.3992146,37.7113217],[28.4026506,37.7110462],[28.4040421,37.7145687],[28.4085491,37.7146127],[28.4060385,37.7036954],[28.4039042,37.7054054],[28.4020771,37.704206],[28.4047183,37.7042661]]]},"properties":{"ha":120.0,"date":"2026-07-07","day":6,"country":"TR","place":"N.A., Aydın","rank":364}},{"type":"Feature","geometry":{"type":"Polygon","coordinates":[[[13.3832978,37.3802467],[13.3769759,37.3853722],[13.377442,37.3875722],[13.3806698,37.388133],[13.3758858,37.3903274],[13.3772783,37.3935806],[13.3685413,37.3957468],[13.3682025,37.3988338],[13.3821708,37.3955155],[13.3796586,37.3954877],[13.3819323,37.3935997],[13.3795437,37.3908969],[13.3835796,37.3900788],[13.3834467,37.3874578],[13.3894897,37.3836151],[13.3832978,37.3802467]],[[13.3819796,37.386782],[13.380938,37.3869688],[13.3812297,37.3865442],[13.3819796,37.386782]],[[13.3803543,37.3848958],[13.3785226,37.3854789],[13.3801425,37.3846273],[13.3803543,37.3848958]]]},"properties":{"ha":120.0,"date":"2026-07-20","day":19,"country":"IT","place":"Montallegro, Agrigento","rank":365}},{"type":"Feature","geometry":{"type":"Polygon","coordinates":[[[-2.468801,42.4372953],[-2.471335,42.4440241],[-2.4792673,42.442944],[-2.4782843,42.4474977],[-2.4818321,42.4511236],[-2.4712012,42.449658],[-2.469265,42.4465804],[-2.4641421,42.448085],[-2.4622939,42.4455117],[-2.4641955,42.4438221],[-2.4605817,42.4430405],[-2.4654452,42.4367327],[-2.468801,42.4372953]]]},"properties":{"ha":119.0,"date":"2026-07-04","day":3,"country":"ES","place":"Logroño, La Rioja","rank":366}},{"type":"Feature","geometry":{"type":"Polygon","coordinates":[[[-3.0613096,42.244052],[-3.062591,42.2476657],[-3.0599663,42.2525382],[-3.0573993,42.2515337],[-3.053063,42.2533686],[-3.0503693,42.251011],[-3.0457027,42.2510359],[-3.0483876,42.2471615],[-3.0524487,42.2481428],[-3.0517695,42.2448746],[-3.0543502,42.244653],[-3.0527491,42.2430253],[-3.0535286,42.2405338],[-3.0574696,42.2384959],[-3.0606692,42.2415577],[-3.0571085,42.2430802],[-3.0588829,42.2428277],[-3.0583812,42.2446338],[-3.062841,42.2435115],[-3.0613096,42.244052]]]},"properties":{"ha":119.0,"date":"2026-07-10","day":9,"country":"ES","place":"Ezcaray, La Rioja","rank":367}},{"type":"Feature","geometry":{"type":"Polygon","coordinates":[[[35.2793823,46.7778362],[35.2876104,46.7752265],[35.2862413,46.7735304],[35.2908427,46.7719539],[35.2912901,46.7692426],[35.2880406,46.7654007],[35.2806992,46.7686375],[35.2791615,46.766944],[35.2709972,46.7727142],[35.2793823,46.7778362]]]},"properties":{"ha":119.0,"date":"2026-07-21","day":20,"country":"UA","place":"N.A., N.A.","rank":368}},{"type":"Feature","geometry":{"type":"Polygon","coordinates":[[[33.7453902,47.0096302],[33.7526973,47.0126952],[33.7506233,47.0155908],[33.7521199,47.0165328],[33.7509153,47.019544],[33.7466742,47.0227127],[33.7543872,47.0264205],[33.7555831,47.0248418],[33.7542015,47.0227643],[33.7605357,47.0224861],[33.7615443,47.0184458],[33.7568505,47.0126898],[33.7562812,47.0076907],[33.7533846,47.0095601],[33.7453902,47.0096302]]]},"properties":{"ha":118.0,"date":"2026-07-05","day":4,"country":"UA","place":"N.A., N.A.","rank":369}},{"type":"Feature","geometry":{"type":"Polygon","coordinates":[[[38.5593888,47.9093141],[38.5625518,47.9089859],[38.563582,47.9125208],[38.5739224,47.910896],[38.5602138,47.9144982],[38.5620729,47.9173955],[38.5747717,47.9166858],[38.5804391,47.9135703],[38.5769309,47.9128545],[38.5783524,47.9112845],[38.5768292,47.9095474],[38.5580643,47.9051442],[38.5593888,47.9093141]]]},"properties":{"ha":118.0,"date":"2026-07-03","day":2,"country":"UA","place":"N.A., N.A.","rank":370}},{"type":"Feature","geometry":{"type":"Polygon","coordinates":[[[22.9475837,40.7069872],[22.9482954,40.712779],[22.9420998,40.7143848],[22.9421961,40.708045],[22.9442601,40.7048173],[22.9410892,40.7060869],[22.9396708,40.7166033],[22.9424323,40.7233226],[22.9469963,40.7232847],[22.951128,40.7195569],[22.9507876,40.7168423],[22.9500657,40.7194914],[22.9488984,40.7174892],[22.9493566,40.7158452],[22.9519209,40.7163993],[22.9512183,40.7111742],[22.9475837,40.7069872]]]},"properties":{"ha":118.0,"date":"2026-07-05","day":4,"country":"EL","place":"Δημοτική Κοινότητα Μελισσοχωρίου, Θεσσαλονίκη","rank":371}},{"type":"Feature","geometry":{"type":"Polygon","coordinates":[[[13.1616504,38.1388262],[13.1607038,38.1397371],[13.1623591,38.1392521],[13.1632089,38.1346903],[13.1573905,38.132698],[13.1530802,38.1285895],[13.1508476,38.1280824],[13.1492296,38.1302275],[13.1485943,38.1275771],[13.1468674,38.1313454],[13.1424015,38.1321293],[13.146684,38.1382243],[13.1531701,38.1371972],[13.1549903,38.1350258],[13.1616504,38.1388262]]]},"properties":{"ha":118.0,"date":"2026-07-15","day":14,"country":"IT","place":"Carini, Palermo","rank":372}},{"type":"Feature","geometry":{"type":"Polygon","coordinates":[[[38.1003191,48.2252413],[38.1051884,48.2209022],[38.1061621,48.2163425],[38.1017803,48.2181791],[38.0970415,48.2138824],[38.0921599,48.2155006],[38.0904142,48.2188877],[38.0846859,48.2195574],[38.0854302,48.2222926],[38.1003191,48.2252413]]]},"properties":{"ha":118.0,"date":"2026-07-19","day":18,"country":"UA","place":"N.A., N.A.","rank":373}},{"type":"Feature","geometry":{"type":"Polygon","coordinates":[[[-8.5825237,41.4468506],[-8.5846491,41.4463989],[-8.5842449,41.4449571],[-8.5860037,41.4457212],[-8.5911747,41.454104],[-8.5804508,41.4517666],[-8.5759613,41.453516],[-8.5717598,41.452342],[-8.5722982,41.448258],[-8.570891,41.4476656],[-8.5728061,41.4461437],[-8.5811956,41.4436692],[-8.5825237,41.4468506]]]},"properties":{"ha":117.0,"date":"2026-07-02","day":1,"country":"PT","place":"Viatodos, Grimancelos, Minhotães e Monte de Fralães, Cávado","rank":374}},{"type":"Feature","geometry":{"type":"Polygon","coordinates":[[[1.5477174,44.4545172],[1.554043,44.4525165],[1.5518631,44.4512671],[1.5536664,44.4505494],[1.5513045,44.4483481],[1.5517469,44.4461165],[1.5549815,44.4450908],[1.5557448,44.4472706],[1.5584847,44.444439],[1.552546,44.4411646],[1.537873,44.4487489],[1.5440875,44.4522538],[1.5464136,44.4517083],[1.5477174,44.4545172]]]},"properties":{"ha":117.0,"date":"2026-07-07","day":6,"country":"FR","place":"Arcambal, Lot","rank":375}},{"type":"Feature","geometry":{"type":"Polygon","coordinates":[[[35.3903963,47.6592782],[35.3911877,47.6560996],[35.3962657,47.6560685],[35.3941314,47.6545329],[35.3917074,47.655709],[35.3922468,47.6488629],[35.3777347,47.6490711],[35.3720937,47.647278],[35.3708723,47.6514749],[35.367179,47.6506836],[35.3719721,47.6531172],[35.3821112,47.6525862],[35.3903963,47.6592782]]]},"properties":{"ha":116.0,"date":"2026-07-16","day":15,"country":"UA","place":"N.A., N.A.","rank":376}},{"type":"Feature","geometry":{"type":"Polygon","coordinates":[[[36.7113027,47.6996578],[36.7097903,47.7052746],[36.715759,47.7069616],[36.71623,47.7105848],[36.7296686,47.7119159],[36.7301577,47.7071329],[36.7285318,47.7048667],[36.7166213,47.704439],[36.716216,47.6989563],[36.7113027,47.6996578]]]},"properties":{"ha":116.0,"date":"2026-07-05","day":4,"country":"UA","place":"N.A., N.A.","rank":377}},{"type":"Feature","geometry":{"type":"Polygon","coordinates":[[[32.2520128,46.3781834],[32.2342616,46.3699025],[32.2299346,46.37217],[32.2342557,46.3755626],[32.2317083,46.3764187],[32.2330179,46.3789415],[32.2387206,46.3824638],[32.2520128,46.3781834]]]},"properties":{"ha":115.0,"date":"2026-07-11","day":10,"country":"UA","place":"N.A., N.A.","rank":378}},{"type":"Feature","geometry":{"type":"Polygon","coordinates":[[[35.5855857,47.5479488],[35.5773596,47.5469801],[35.5781702,47.5503314],[35.5751294,47.554658],[35.5745295,47.5510551],[35.5627639,47.5470626],[35.5546455,47.5501418],[35.5617545,47.5506149],[35.5625593,47.5532459],[35.5762381,47.5577899],[35.5855857,47.5479488]]]},"properties":{"ha":115.0,"date":"2026-07-03","day":2,"country":"UA","place":"N.A., N.A.","rank":379}},{"type":"Feature","geometry":{"type":"Polygon","coordinates":[[[14.4227321,37.0698835],[14.4222184,37.0755363],[14.4254279,37.0739984],[14.4278642,37.0753254],[14.4287201,37.0713836],[14.4239865,37.0704318],[14.4288471,37.0671951],[14.4222064,37.0612559],[14.4177348,37.0626283],[14.4162153,37.0595295],[14.410918,37.0605602],[14.409353,37.0645467],[14.4164418,37.0638739],[14.4169176,37.0662335],[14.4202822,37.0672116],[14.4177006,37.0687968],[14.4227321,37.0698835]]]},"properties":{"ha":115.0,"date":"2026-07-07","day":6,"country":"IT","place":"Gela, Caltanissetta","rank":380}},{"type":"Feature","geometry":{"type":"Polygon","coordinates":[[[36.0291694,47.5338958],[36.0309206,47.5291246],[36.0365511,47.5298526],[36.0395171,47.5328869],[36.0445065,47.5304328],[36.0467898,47.5255828],[36.0389742,47.5222035],[36.0344529,47.5257398],[36.0249162,47.5272239],[36.0245461,47.5294976],[36.0291694,47.5338958]]]},"properties":{"ha":114.0,"date":"2026-07-02","day":1,"country":"UA","place":"N.A., N.A.","rank":381}},{"type":"Feature","geometry":{"type":"Polygon","coordinates":[[[-4.9417191,39.9569292],[-4.9390659,39.9530802],[-4.9392745,39.9498658],[-4.9478141,39.9465835],[-4.9545713,39.9496695],[-4.9533802,39.9532186],[-4.9489495,39.9565438],[-4.9417191,39.9569292]]]},"properties":{"ha":114.0,"date":"2026-07-27","day":26,"country":"ES","place":"Talavera de la Reina, Toledo","rank":382}},{"type":"Feature","geometry":{"type":"Polygon","coordinates":[[[9.1270839,40.2102776],[9.1298288,40.2095958],[9.1292562,40.2081076],[9.1316167,40.2088701],[9.1307384,40.2063905],[9.1333341,40.2032354],[9.1256777,40.1997069],[9.1225037,40.1951233],[9.116825,40.1937305],[9.1153059,40.1948114],[9.1196833,40.1980289],[9.1184173,40.2005953],[9.1213535,40.2025638],[9.1201306,40.2053072],[9.1236987,40.204421],[9.1226144,40.2037051],[9.1252434,40.2014686],[9.123739,40.2048098],[9.1225015,40.2052931],[9.1271165,40.2078767],[9.1270839,40.2102776]]]},"properties":{"ha":114.0,"date":"2026-07-18","day":17,"country":"IT","place":"Olzai, Nuoro","rank":383}},{"type":"Feature","geometry":{"type":"Polygon","coordinates":[[[33.5631949,47.1207321],[33.5567842,47.1238939],[33.5577647,47.1276275],[33.5612737,47.1267305],[33.5631107,47.1280986],[33.5646437,47.1334777],[33.573329,47.1363551],[33.5781925,47.1340825],[33.5631949,47.1207321]]]},"properties":{"ha":113.0,"date":"2026-07-17","day":16,"country":"UA","place":"N.A., N.A.","rank":384}},{"type":"Feature","geometry":{"type":"Polygon","coordinates":[[[35.8509915,47.4079451],[35.8507591,47.4061506],[35.8354213,47.4079698],[35.8357045,47.4058192],[35.8453745,47.4025871],[35.844492,47.4010521],[35.8358518,47.4007861],[35.828986,47.4043615],[35.8250651,47.4035175],[35.8277031,47.4072078],[35.8317062,47.4071836],[35.83639,47.4121948],[35.8509915,47.4079451]]]},"properties":{"ha":113.0,"date":"2026-07-18","day":17,"country":"UA","place":"N.A., N.A.","rank":385}},{"type":"Feature","geometry":{"type":"Polygon","coordinates":[[[34.9705085,46.4874849],[34.9773422,46.4840274],[34.9763023,46.4782453],[34.9696622,46.4741443],[34.961926,46.4757265],[34.9635166,46.4779744],[34.9606195,46.4778151],[34.9705085,46.4874849]]]},"properties":{"ha":113.0,"date":"2026-07-20","day":19,"country":"UA","place":"N.A., N.A.","rank":386}},{"type":"Feature","geometry":{"type":"Polygon","coordinates":[[[14.0262003,37.2802467],[14.0226854,37.2820137],[14.0261043,37.2837116],[14.0237255,37.2857936],[14.020011,37.2833317],[14.0227076,37.2877549],[14.0276698,37.2843666],[14.0308944,37.2856254],[14.0311566,37.2822215],[14.0264495,37.2735439],[14.0234779,37.2741691],[14.0245418,37.2727242],[14.0201313,37.2699163],[14.0174934,37.2713094],[14.0188309,37.2683491],[14.014416,37.2700988],[14.0168891,37.27041],[14.0158199,37.2734339],[14.0177781,37.2758001],[14.0264155,37.2782298],[14.0262003,37.2802467]]]},"properties":{"ha":113.0,"date":"2026-07-21","day":20,"country":"IT","place":"Ravanusa, Agrigento","rank":387}},{"type":"Feature","geometry":{"type":"Polygon","coordinates":[[[35.2154502,46.8975571],[35.2255993,46.9079673],[35.2278662,46.9057958],[35.2284207,46.8984785],[35.224399,46.8919262],[35.2252679,46.8936431],[35.2158272,46.8946231],[35.2154502,46.8975571]]]},"properties":{"ha":112.0,"date":"2026-07-17","day":16,"country":"UA","place":"N.A., N.A.","rank":388}},{"type":"Feature","geometry":{"type":"Polygon","coordinates":[[[34.7428278,47.6500151],[34.7521638,47.6468357],[34.7535098,47.6446468],[34.7365453,47.6399065],[34.7397035,47.646575],[34.7329193,47.6451675],[34.7313247,47.6494382],[34.7428278,47.6500151]]]},"properties":{"ha":112.0,"date":"2026-07-18","day":17,"country":"UA","place":"N.A., N.A.","rank":389}},{"type":"Feature","geometry":{"type":"Polygon","coordinates":[[[13.6101677,37.3003284],[13.6073466,37.3017524],[13.6060804,37.3050556],[13.6110584,37.3020077],[13.6136296,37.3072337],[13.6173156,37.3054771],[13.6154549,37.3078766],[13.6220937,37.3103224],[13.6228656,37.3083089],[13.6210031,37.3061544],[13.6234442,37.3028875],[13.6207457,37.3015789],[13.6234955,37.3021241],[13.6206716,37.2990731],[13.6195249,37.3005735],[13.6118182,37.295415],[13.6101677,37.3003284]]]},"properties":{"ha":112.0,"date":"2026-07-19","day":18,"country":"IT","place":"Agrigento, Agrigento","rank":390}},{"type":"Feature","geometry":{"type":"Polygon","coordinates":[[[37.7047389,48.5747564],[37.7016122,48.5735898],[37.6964201,48.576409],[37.6939931,48.5753129],[37.6902821,48.5769619],[37.686816,48.5806292],[37.6890439,48.5835981],[37.6875593,48.5865218],[37.7040224,48.5898814],[37.6978777,48.5859219],[37.6940938,48.5862074],[37.6949145,48.5827356],[37.6909117,48.5833984],[37.7047389,48.5747564]]]},"properties":{"ha":111.0,"date":"2026-07-07","day":6,"country":"UA","place":"N.A., N.A.","rank":391}},{"type":"Feature","geometry":{"type":"Polygon","coordinates":[[[38.5595606,47.9475947],[38.5667641,47.9473652],[38.5675484,47.9502258],[38.5701286,47.9502203],[38.5750907,47.9469346],[38.578993,47.9474854],[38.574474,47.9466203],[38.5699357,47.948808],[38.5693868,47.9456504],[38.580602,47.9439791],[38.5620472,47.9411925],[38.5574524,47.9466932],[38.5478943,47.9500503],[38.5579931,47.9505306],[38.5595606,47.9475947]]]},"properties":{"ha":110.0,"date":"2026-07-03","day":2,"country":"UA","place":"N.A., N.A.","rank":392}},{"type":"Feature","geometry":{"type":"Polygon","coordinates":[[[32.9774804,46.5555521],[32.9801185,46.551871],[32.9723849,46.5493229],[32.9708946,46.5440209],[32.9674802,46.5451055],[32.9642033,46.5429365],[32.9612611,46.5434311],[32.9643813,46.5518367],[32.9687464,46.5515883],[32.9693172,46.5552088],[32.9774804,46.5555521]]]},"properties":{"ha":110.0,"date":"2026-07-04","day":3,"country":"UA","place":"N.A., N.A.","rank":393}},{"type":"Feature","geometry":{"type":"Polygon","coordinates":[[[32.9448774,46.4667938],[32.9431316,46.4633683],[32.9308485,46.4594142],[32.9250659,46.4661945],[32.9314241,46.4692973],[32.9398222,46.467254],[32.9435313,46.4689719],[32.9448774,46.4667938]]]},"properties":{"ha":110.0,"date":"2026-07-01","day":0,"country":"UA","place":"N.A., N.A.","rank":394}},{"type":"Feature","geometry":{"type":"Polygon","coordinates":[[[-6.1619455,42.7067031],[-6.1614458,42.7107411],[-6.1600411,42.710807],[-6.1585391,42.7079984],[-6.1594637,42.703135],[-6.1671937,42.6986626],[-6.1809163,42.6973395],[-6.182634,42.6990067],[-6.1805437,42.70239],[-6.1663133,42.7030495],[-6.168105,42.7047858],[-6.1664437,42.7066365],[-6.1619455,42.7067031]]]},"properties":{"ha":110.0,"date":"2026-07-07","day":6,"country":"ES","place":"Igüeña, León","rank":395}},{"type":"Feature","geometry":{"type":"Polygon","coordinates":[[[33.950658,46.4744263],[33.9513589,46.4610529],[33.932608,46.4756681],[33.9437133,46.4761365],[33.950658,46.4744263]]]},"properties":{"ha":108.0,"date":"2026-07-01","day":0,"country":"UA","place":"N.A., N.A.","rank":396}},{"type":"Feature","geometry":{"type":"Polygon","coordinates":[[[15.7842315,39.8977375],[15.7976233,39.9019989],[15.8003577,39.8992483],[15.7997581,39.8951827],[15.8027244,39.8948953],[15.7862881,39.8922603],[15.7843475,39.8937647],[15.7855018,39.8958547],[15.7842315,39.8977375]]]},"properties":{"ha":108.0,"date":"2026-07-14","day":13,"country":"IT","place":"Praia a Mare, Cosenza","rank":397}},{"type":"Feature","geometry":{"type":"Polygon","coordinates":[[[15.1047968,37.0524155],[15.0942735,37.0496835],[15.0888703,37.0531472],[15.090031,37.05491],[15.0871634,37.0544148],[15.0873489,37.0563026],[15.101968,37.0617373],[15.100524,37.0580856],[15.1031156,37.0571799],[15.1040153,37.0543089],[15.0967486,37.0535997],[15.1047968,37.0524155]]]},"properties":{"ha":108.0,"date":"2026-07-12","day":11,"country":"IT","place":"Siracusa, Siracusa","rank":398}},{"type":"Feature","geometry":{"type":"Polygon","coordinates":[[[13.5541056,37.336866],[13.5560865,37.3377306],[13.5578222,37.3374942],[13.5584167,37.3365834],[13.5571465,37.3347254],[13.5526214,37.3366233],[13.5473249,37.3339454],[13.5459384,37.3310738],[13.5448967,37.3320189],[13.5467841,37.3385166],[13.5525287,37.339269],[13.5512777,37.3420159],[13.5478191,37.3404423],[13.5456453,37.3407332],[13.5457726,37.3425971],[13.5432555,37.3419795],[13.5449504,37.343311],[13.5434297,37.3439412],[13.5489141,37.3443423],[13.549166,37.3479372],[13.5450783,37.347877],[13.5479509,37.3506076],[13.5517172,37.3506441],[13.5544876,37.3491352],[13.5539004,37.34404],[13.5563865,37.3434591],[13.5541185,37.3394842],[13.5576322,37.3392299],[13.5541056,37.336866]],[[13.5536905,37.3420857],[13.5528661,37.3428798],[13.5530607,37.3414597],[13.5536905,37.3420857]],[[13.55026,37.3500318],[13.5483747,37.3504495],[13.5471479,37.3492812],[13.55026,37.3500318]]]},"properties":{"ha":108.0,"date":"2026-07-24","day":23,"country":"IT","place":"Agrigento, Agrigento","rank":399}},{"type":"Feature","geometry":{"type":"Polygon","coordinates":[[[38.9567557,48.4235541],[38.9606432,48.4222124],[38.9594004,48.4214959],[38.9605975,48.4200396],[38.9643351,48.4225178],[38.9743728,48.4221834],[38.9680444,48.4212818],[38.9693966,48.4195165],[38.9661731,48.4204557],[38.9656516,48.4176835],[38.9612151,48.4158151],[38.964739,48.4135945],[38.9633519,48.4110755],[38.9573307,48.4118822],[38.9598374,48.4082483],[38.9542857,48.4096638],[38.9538262,48.4160379],[38.9567557,48.4235541]]]},"properties":{"ha":108.0,"date":"2026-07-17","day":16,"country":"UA","place":"N.A., N.A.","rank":400}},{"type":"Feature","geometry":{"type":"Polygon","coordinates":[[[35.9722468,47.4387508],[35.9838947,47.4351222],[35.9964306,47.4320919],[35.9901578,47.4311387],[35.9898154,47.4289975],[35.9874907,47.4285923],[35.9851443,47.4310098],[35.9818237,47.4296575],[35.9760669,47.4332713],[35.974167,47.4320343],[35.9676986,47.4350453],[35.9722468,47.4387508]]]},"properties":{"ha":108.0,"date":"2026-07-20","day":19,"country":"UA","place":"N.A., N.A.","rank":401}},{"type":"Feature","geometry":{"type":"Polygon","coordinates":[[[13.3267316,38.032605],[13.3317777,38.0329894],[13.3324781,38.0350967],[13.3395481,38.0310466],[13.3501537,38.0293709],[13.3511161,38.0236471],[13.3462285,38.0242802],[13.3469261,38.0266684],[13.3445642,38.0272899],[13.3381731,38.0258149],[13.3320333,38.0303125],[13.3272704,38.0304627],[13.3267316,38.032605]]]},"properties":{"ha":107.0,"date":"2026-07-16","day":15,"country":"IT","place":"Altofonte, Palermo","rank":402}},{"type":"Feature","geometry":{"type":"Polygon","coordinates":[[[16.2989831,39.7991448],[16.3002589,39.7945452],[16.2941779,39.7964758],[16.296413,39.8019132],[16.2940049,39.8028883],[16.2959188,39.8033422],[16.2951629,39.8050272],[16.2977389,39.8083259],[16.2956805,39.8090329],[16.2967398,39.8074842],[16.2948024,39.8070052],[16.2917564,39.8122457],[16.2954315,39.81038],[16.2949373,39.811667],[16.3004167,39.8126042],[16.2962342,39.8146614],[16.3018919,39.8121553],[16.3028375,39.8032699],[16.3022433,39.8002185],[16.2989831,39.7991448]]]},"properties":{"ha":106.0,"date":"2026-07-16","day":15,"country":"IT","place":"Cassano all'Ionio, Cosenza","rank":403}},{"type":"Feature","geometry":{"type":"Polygon","coordinates":[[[-7.2345645,53.4241811],[-7.2181888,53.4201658],[-7.2440474,53.4118715],[-7.2454756,53.4125781],[-7.2435264,53.4136129],[-7.2454648,53.4135005],[-7.240758,53.415144],[-7.2408359,53.4174612],[-7.2345082,53.4190182],[-7.2346714,53.4173361],[-7.2324724,53.4211321],[-7.2421119,53.4206661],[-7.242669,53.4185891],[-7.2454337,53.4202454],[-7.2518741,53.418697],[-7.2498265,53.4171016],[-7.2495779,53.4165002],[-7.2523741,53.418563],[-7.2345645,53.4241811]]]},"properties":{"ha":105.0,"date":"2026-07-17","day":16,"country":"IE","place":"Milltown, Midland","rank":404}},{"type":"Feature","geometry":{"type":"Polygon","coordinates":[[[35.6906802,47.598689],[35.7000986,47.6029243],[35.7057079,47.6021573],[35.705572,47.5975708],[35.7010451,47.597461],[35.6973131,47.59322],[35.7056728,47.5932504],[35.6989982,47.5890393],[35.6997285,47.5859762],[35.6959576,47.5906193],[35.6955893,47.5884833],[35.6937563,47.5893678],[35.6954135,47.5926163],[35.6894072,47.5957215],[35.6921078,47.597314],[35.6906802,47.598689]]]},"properties":{"ha":105.0,"date":"2026-07-02","day":1,"country":"UA","place":"N.A., N.A.","rank":405}},{"type":"Feature","geometry":{"type":"Polygon","coordinates":[[[37.1749516,36.6616594],[37.1916784,36.6698068],[37.2034406,36.6729227],[37.1991244,36.6704481],[37.2005547,36.6696627],[37.1949539,36.6686036],[37.2004248,36.6687024],[37.1793445,36.6617311],[37.1764266,36.6591783],[37.1673267,36.6575071],[37.1673159,36.659906],[37.1749516,36.6616594]]]},"properties":{"ha":104.0,"date":"2026-07-02","day":1,"country":"TR","place":"N.A., Kilis","rank":406}},{"type":"Feature","geometry":{"type":"Polygon","coordinates":[[[37.4690589,48.9745361],[37.4726853,48.9747903],[37.4790323,48.9680348],[37.4771924,48.9660148],[37.4710376,48.9654725],[37.4801351,48.9631785],[37.4713836,48.9618472],[37.4696582,48.9643311],[37.4625488,48.9645516],[37.4618184,48.9692959],[37.4697492,48.9699136],[37.4690589,48.9745361]]]},"properties":{"ha":104.0,"date":"2026-07-13","day":12,"country":"UA","place":"N.A., N.A.","rank":407}},{"type":"Feature","geometry":{"type":"Polygon","coordinates":[[[-4.7513235,43.361256],[-4.7389304,43.3619775],[-4.7345265,43.3613522],[-4.7399938,43.3554738],[-4.7449175,43.3567577],[-4.7473311,43.3534155],[-4.7492066,43.3549331],[-4.7499019,43.3529363],[-4.7522724,43.3554705],[-4.758638,43.355068],[-4.7513235,43.361256]]]},"properties":{"ha":104.0,"date":"2026-07-08","day":7,"country":"ES","place":"Peñamellera Alta, Asturias","rank":408}},{"type":"Feature","geometry":{"type":"Polygon","coordinates":[[[32.2921818,46.4005082],[32.2909412,46.3985057],[32.2830817,46.3987561],[32.2837193,46.396699],[32.2752903,46.3997473],[32.2746095,46.3941244],[32.2715766,46.3922996],[32.2742876,46.3902304],[32.2684473,46.3855564],[32.2610434,46.3919906],[32.2671774,46.3917056],[32.269894,46.3949469],[32.2727547,46.3947984],[32.2725325,46.3991234],[32.2746813,46.4013573],[32.2921818,46.4005082]]]},"properties":{"ha":104.0,"date":"2026-07-01","day":0,"country":"UA","place":"N.A., N.A.","rank":409}},{"type":"Feature","geometry":{"type":"Polygon","coordinates":[[[36.5719406,47.6172763],[36.5744514,47.6134263],[36.5798415,47.6116186],[36.5789667,47.6091138],[36.5773732,47.6081188],[36.5729447,47.6104522],[36.5745428,47.6082499],[36.5722956,47.6057299],[36.5646699,47.6034068],[36.56388,47.6054364],[36.5690026,47.6100635],[36.5625095,47.6160634],[36.5662003,47.6182188],[36.5719406,47.6172763]]]},"properties":{"ha":104.0,"date":"2026-07-17","day":16,"country":"UA","place":"N.A., N.A.","rank":410}},{"type":"Feature","geometry":{"type":"Polygon","coordinates":[[[13.3254785,37.414785],[13.3211428,37.4190916],[13.3166387,37.41734],[13.3100732,37.4180097],[13.3088895,37.419674],[13.3102759,37.4209285],[13.312871,37.4192662],[13.3126913,37.4217126],[13.3167029,37.4229876],[13.3199315,37.4231905],[13.317987,37.4213381],[13.3242937,37.420243],[13.326783,37.4219935],[13.3303091,37.4169678],[13.332906,37.4171536],[13.3329236,37.412872],[13.3310686,37.4150133],[13.3274083,37.4137611],[13.3289136,37.4074775],[13.3245446,37.4124913],[13.3254785,37.414785]]]},"properties":{"ha":104.0,"date":"2026-07-22","day":21,"country":"IT","place":"Cattolica Eraclea, Agrigento","rank":411}},{"type":"Feature","geometry":{"type":"Polygon","coordinates":[[[37.5648454,48.6595688],[37.572277,48.6553906],[37.5714541,48.6539826],[37.5653027,48.6556762],[37.5733386,48.649218],[37.5688463,48.6470011],[37.5537919,48.6538569],[37.5648454,48.6595688]]]},"properties":{"ha":103.0,"date":"2026-07-04","day":3,"country":"UA","place":"N.A., N.A.","rank":412}},{"type":"Feature","geometry":{"type":"Polygon","coordinates":[[[33.7926694,47.0407619],[33.7955832,47.0389518],[33.7953777,47.0362666],[33.7901571,47.0319977],[33.7898974,47.0293905],[33.7816339,47.0344301],[33.7773132,47.0337611],[33.7780942,47.0367287],[33.7754625,47.0350483],[33.7679191,47.0359689],[33.7764439,47.0392784],[33.7812202,47.0358587],[33.7926694,47.0407619]]]},"properties":{"ha":103.0,"date":"2026-07-20","day":19,"country":"UA","place":"N.A., N.A.","rank":413}},{"type":"Feature","geometry":{"type":"Polygon","coordinates":[[[34.6512863,47.4789855],[34.6674334,47.4798233],[34.6738866,47.474842],[34.6787317,47.473634],[34.6692014,47.4751258],[34.6540064,47.4743204],[34.6512514,47.4721374],[34.6453938,47.4733699],[34.6517554,47.4756648],[34.6512863,47.4789855]]]},"properties":{"ha":102.0,"date":"2026-07-03","day":2,"country":"UA","place":"N.A., N.A.","rank":414}},{"type":"Feature","geometry":{"type":"Polygon","coordinates":[[[32.440204,46.4567692],[32.4390273,46.4550925],[32.4250751,46.4557311],[32.4226592,46.4615665],[32.4193843,46.4621409],[32.4188716,46.4654237],[32.4263726,46.4667291],[32.4335992,46.4619857],[32.4306202,46.4603302],[32.4314486,46.4594165],[32.4356902,46.4567944],[32.440204,46.4567692]]]},"properties":{"ha":101.0,"date":"2026-07-02","day":1,"country":"UA","place":"N.A., N.A.","rank":415}},{"type":"Feature","geometry":{"type":"Polygon","coordinates":[[[36.9714658,48.2062857],[36.9725911,48.2037572],[36.9769977,48.2061383],[36.9782206,48.2048457],[36.9843974,48.2069909],[36.9867832,48.2057851],[36.9833469,48.2037535],[36.9847432,48.202745],[36.9836423,48.2013247],[36.9776824,48.2039096],[36.973026,48.2033006],[36.9718997,48.200065],[36.9703248,48.2028662],[36.9667443,48.2011895],[36.9642078,48.2039107],[36.9601777,48.2037712],[36.9502018,48.2005703],[36.9511868,48.1986155],[36.9495643,48.1975076],[36.9453762,48.1990808],[36.9464187,48.200559],[36.9446346,48.2035105],[36.9539201,48.2036509],[36.95491,48.2069329],[36.9565561,48.2047511],[36.9679987,48.2045879],[36.9714658,48.2062857]]]},"properties":{"ha":101.0,"date":"2026-07-20","day":19,"country":"UA","place":"N.A., N.A.","rank":416}},{"type":"Feature","geometry":{"type":"Polygon","coordinates":[[[8.2035631,45.8604666],[8.1997095,45.8588416],[8.2001847,45.8558287],[8.2048398,45.8571887],[8.2062778,45.8558219],[8.2048838,45.8541692],[8.2026053,45.8551249],[8.2051717,45.8528309],[8.2035962,45.8511683],[8.2018429,45.8514242],[8.2021164,45.853452],[8.2000805,45.8529017],[8.2009545,45.8545999],[8.198686,45.8531063],[8.1977258,45.8471529],[8.1990523,45.8468184],[8.1969201,45.8464923],[8.1959285,45.8483664],[8.1977067,45.8491279],[8.196956,45.8516765],[8.196199,45.8502663],[8.192905,45.8513505],[8.1907526,45.8502343],[8.1928991,45.8508766],[8.1930146,45.848516],[8.1885781,45.8503169],[8.1911895,45.8506549],[8.1925333,45.8525925],[8.196034,45.8516114],[8.198893,45.8572829],[8.1964414,45.8573721],[8.1975993,45.8562873],[8.19602,45.8530585],[8.1942324,45.8531363],[8.1950824,45.8572085],[8.1927063,45.8567135],[8.1924543,45.854692],[8.1892823,45.8546055],[8.1907477,45.8511256],[8.1879076,45.8510945],[8.1855482,45.8537803],[8.1873488,45.8548884],[8.1855345,45.8565061],[8.1919017,45.8563613],[8.1889302,45.8582256],[8.191143,45.8617642],[8.1970191,45.8622442],[8.2035631,45.8604666]]]},"properties":{"ha":100.0,"date":"2026-07-01","day":0,"country":"IT","place":"Cravagliana, Vercelli","rank":417}},{"type":"Feature","geometry":{"type":"Polygon","coordinates":[[[0.0888474,42.8713821],[0.0871449,42.8789552],[0.0848965,42.8789519],[0.0870731,42.8795275],[0.0843574,42.8807835],[0.0850659,42.88279],[0.0917123,42.8820157],[0.091348,42.885281],[0.0966614,42.8847923],[0.0965648,42.8800247],[0.0946601,42.8801958],[0.0960942,42.8793726],[0.0907507,42.8790203],[0.0939744,42.8785799],[0.0949574,42.8772076],[0.0931526,42.8761764],[0.0962626,42.8760657],[0.0956557,42.8728902],[0.0968697,42.8739921],[0.0979441,42.8717765],[0.0888474,42.8713821]]]},"properties":{"ha":100.0,"date":"2026-07-16","day":15,"country":"FR","place":"Barèges, Hautes-Pyrénées","rank":418}},{"type":"Feature","geometry":{"type":"Polygon","coordinates":[[[36.0603867,47.6204204],[36.0609772,47.616254],[36.0550993,47.6151218],[36.0602624,47.6129941],[36.0509921,47.6105203],[36.0635235,47.610126],[36.0644875,47.6078518],[36.0580618,47.6073755],[36.0531162,47.6039963],[36.05115,47.6093145],[36.048523,47.6075424],[36.0420031,47.6119453],[36.0507292,47.6133879],[36.0603867,47.6204204]]]},"properties":{"ha":99.0,"date":"2026-07-02","day":1,"country":"UA","place":"N.A., N.A.","rank":419}},{"type":"Feature","geometry":{"type":"Polygon","coordinates":[[[35.7121421,47.4410652],[35.7185159,47.4399425],[35.724929,47.4345889],[35.7216151,47.4311838],[35.7174522,47.4341702],[35.7048085,47.4357069],[35.7011416,47.4389949],[35.7121421,47.4410652]]]},"properties":{"ha":99.0,"date":"2026-07-17","day":16,"country":"UA","place":"N.A., N.A.","rank":420}},{"type":"Feature","geometry":{"type":"Polygon","coordinates":[[[37.7206421,48.9634919],[37.7134966,48.962625],[37.7110291,48.9673337],[37.7071801,48.9689334],[37.7061324,48.9722602],[37.7082931,48.973676],[37.7075386,48.9761846],[37.7107548,48.9733237],[37.7154348,48.9731593],[37.7158723,48.9713955],[37.7217684,48.9724138],[37.7221302,48.9702321],[37.7177992,48.9686229],[37.7191449,48.9671343],[37.7228115,48.9685311],[37.7227554,48.9658942],[37.719643,48.9655404],[37.7206421,48.9634919]]]},"properties":{"ha":99.0,"date":"2026-07-20","day":19,"country":"UA","place":"N.A., N.A.","rank":421}},{"type":"Feature","geometry":{"type":"Polygon","coordinates":[[[38.5507035,48.8254308],[38.5530359,48.8197989],[38.5594892,48.8210111],[38.5638379,48.8193355],[38.5519625,48.8164633],[38.5417821,48.8195304],[38.5388131,48.8220189],[38.5381359,48.8261003],[38.5507035,48.8254308]]]},"properties":{"ha":98.0,"date":"2026-07-05","day":4,"country":"UA","place":"N.A., N.A.","rank":422}},{"type":"Feature","geometry":{"type":"Polygon","coordinates":[[[33.5142534,46.7941964],[33.5232689,46.7963331],[33.526034,46.7856847],[33.5173827,46.7839531],[33.5142534,46.7941964]]]},"properties":{"ha":97.0,"date":"2026-07-01","day":0,"country":"UA","place":"N.A., N.A.","rank":423}},{"type":"Feature","geometry":{"type":"Polygon","coordinates":[[[20.8798767,47.5686225],[20.8879261,47.5720851],[20.8889349,47.5686368],[20.8853462,47.5655827],[20.8879354,47.5644233],[20.8859186,47.5645795],[20.8896153,47.5594232],[20.8870837,47.5597798],[20.8872675,47.556608],[20.8867575,47.5587283],[20.8857092,47.557334],[20.8796926,47.5595012],[20.8766551,47.5640781],[20.8775984,47.5702811],[20.8798767,47.5686225]]]},"properties":{"ha":97.0,"date":"2026-07-01","day":0,"country":"HU","place":"Tiszafüred, Jász-Nagykun-Szolnok","rank":424}},{"type":"Feature","geometry":{"type":"Polygon","coordinates":[[[16.0821065,39.6771082],[16.0796382,39.6735871],[16.0731067,39.6749284],[16.0725273,39.680968],[16.0753467,39.6828796],[16.0738144,39.684071],[16.0759462,39.6892593],[16.0730395,39.6904774],[16.0752479,39.6920088],[16.0769495,39.6916851],[16.0800895,39.6851125],[16.0778826,39.6845351],[16.0781492,39.6828506],[16.0822037,39.6836009],[16.079764,39.6803095],[16.085147,39.676625],[16.0821065,39.6771082]]]},"properties":{"ha":97.0,"date":"2026-07-14","day":13,"country":"IT","place":"San Donato di Ninea, Cosenza","rank":425}},{"type":"Feature","geometry":{"type":"Polygon","coordinates":[[[-6.9313243,42.7012428],[-6.9302077,42.6939251],[-6.9328521,42.6938472],[-6.9302204,42.6932593],[-6.9320886,42.6911526],[-6.9312195,42.6892488],[-6.9329456,42.6878],[-6.9364691,42.6885308],[-6.9376116,42.6913584],[-6.9354126,42.693456],[-6.9401652,42.6961141],[-6.9416532,42.7007968],[-6.9405861,42.7049669],[-6.9357096,42.7064333],[-6.9406245,42.7031941],[-6.9369178,42.7014737],[-6.9381813,42.6999253],[-6.9313243,42.7012428]]]},"properties":{"ha":97.0,"date":"2026-07-24","day":23,"country":"ES","place":"Balboa, León","rank":426}},{"type":"Feature","geometry":{"type":"Polygon","coordinates":[[[36.714421,47.5916461],[36.7108248,47.5925493],[36.7096007,47.5908131],[36.7043742,47.593689],[36.7044859,47.5907715],[36.7015959,47.5896635],[36.7007958,47.5870575],[36.7012588,47.5809852],[36.694538,47.5822559],[36.6961428,47.5887578],[36.6980133,47.5899202],[36.6961327,47.5946692],[36.7024862,47.5936344],[36.705619,47.5971319],[36.714421,47.5916461]]]},"properties":{"ha":96.0,"date":"2026-07-07","day":6,"country":"UA","place":"N.A., N.A.","rank":427}},{"type":"Feature","geometry":{"type":"Polygon","coordinates":[[[19.8015345,40.1119422],[19.7987076,40.1080032],[19.7991474,40.1045534],[19.7947353,40.1025294],[19.7946957,40.1006111],[19.7934159,40.1017765],[19.7925879,40.0998238],[19.7885144,40.0988554],[19.7831895,40.10026],[19.7831869,40.1073363],[19.7949584,40.1055797],[19.7952967,40.1076572],[19.8015345,40.1119422]]]},"properties":{"ha":96.0,"date":"2026-07-25","day":24,"country":"AL","place":"Himarë, Vlorë","rank":428}},{"type":"Feature","geometry":{"type":"Polygon","coordinates":[[[2.1707443,41.7310818],[2.1762889,41.7316213],[2.1747212,41.7298357],[2.1797255,41.7326317],[2.1805751,41.7307559],[2.178268,41.7291977],[2.1828988,41.7286444],[2.1798774,41.7219832],[2.1692111,41.7241301],[2.1708539,41.7255239],[2.168608,41.7272912],[2.1707443,41.7310818]]]},"properties":{"ha":96.0,"date":"2026-07-16","day":15,"country":"ES","place":"Sant Quirze Safaja, Barcelona","rank":429}},{"type":"Feature","geometry":{"type":"Polygon","coordinates":[[[14.8673525,37.1542712],[14.8698067,37.1612539],[14.8747326,37.1579759],[14.8633166,37.1483712],[14.8643334,37.1449634],[14.8578591,37.1426102],[14.8609381,37.1528187],[14.8673525,37.1542712]]]},"properties":{"ha":95.0,"date":"2026-07-21","day":20,"country":"IT","place":"Buccheri, Siracusa","rank":430}},{"type":"Feature","geometry":{"type":"Polygon","coordinates":[[[39.0233229,48.4353902],[39.0253576,48.4338094],[39.02885,48.434622],[39.0308167,48.4294728],[39.033368,48.4280805],[39.0322592,48.4235136],[39.0188966,48.4272916],[39.0179489,48.4296929],[39.0233229,48.4353902]]]},"properties":{"ha":94.0,"date":"2026-07-09","day":8,"country":"UA","place":"N.A., N.A.","rank":431}},{"type":"Feature","geometry":{"type":"Polygon","coordinates":[[[13.7368251,37.2362326],[13.731258,37.2360307],[13.7316784,37.2341743],[13.7278699,37.2361427],[13.7274944,37.2338688],[13.72494,37.2329596],[13.7238019,37.2347983],[13.7258032,37.2357776],[13.7242174,37.2381314],[13.7256928,37.2392864],[13.7220217,37.2422929],[13.7245818,37.2450287],[13.7238471,37.2465519],[13.7264478,37.2463838],[13.7295437,37.2394743],[13.7339747,37.2435354],[13.7372916,37.2369245],[13.7406159,37.2378653],[13.7368251,37.2362326]]]},"properties":{"ha":94.0,"date":"2026-07-21","day":20,"country":"IT","place":"Agrigento, Agrigento","rank":432}},{"type":"Feature","geometry":{"type":"Polygon","coordinates":[[[36.736633,47.7951423],[36.741854,47.7950736],[36.7407252,47.7931181],[36.7384003,47.7934861],[36.7441386,47.7893226],[36.726694,47.7930345],[36.7233355,47.7881813],[36.7214033,47.7911352],[36.7232877,47.7943774],[36.7184869,47.7975938],[36.725392,47.7992296],[36.736633,47.7951423]]]},"properties":{"ha":93.0,"date":"2026-07-18","day":17,"country":"UA","place":"N.A., N.A.","rank":433}},{"type":"Feature","geometry":{"type":"Polygon","coordinates":[[[0.205253,42.4842363],[0.2113157,42.4778236],[0.2130894,42.4798467],[0.2124673,42.4771693],[0.2127168,42.4766936],[0.213874,42.4788362],[0.2159714,42.4785261],[0.2163075,42.4756884],[0.2136628,42.4765425],[0.2145144,42.4780304],[0.2130999,42.4768477],[0.2157269,42.47347],[0.2104873,42.4719304],[0.1998254,42.4775853],[0.2023036,42.4819215],[0.2049734,42.481231],[0.2022289,42.4834582],[0.205253,42.4842363]]]},"properties":{"ha":92.0,"date":"2026-07-16","day":15,"country":"ES","place":"El Pueyo de Araguás, Huesca","rank":434}},{"type":"Feature","geometry":{"type":"Polygon","coordinates":[[[33.7132313,46.9422955],[33.7252996,46.9314723],[33.723365,46.9294598],[33.7199619,46.927641],[33.7165434,46.9288576],[33.7136602,46.9314031],[33.718549,46.9327582],[33.709398,46.9370728],[33.7092881,46.9418216],[33.7132313,46.9422955]]]},"properties":{"ha":92.0,"date":"2026-07-05","day":4,"country":"UA","place":"N.A., N.A.","rank":435}},{"type":"Feature","geometry":{"type":"Polygon","coordinates":[[[38.183326,48.9760279],[38.1845306,48.9678636],[38.1789953,48.9671618],[38.1695934,48.9723332],[38.1722791,48.9771228],[38.1765328,48.9783202],[38.183326,48.9760279]]]},"properties":{"ha":92.0,"date":"2026-07-01","day":0,"country":"UA","place":"N.A., N.A.","rank":436}},{"type":"Feature","geometry":{"type":"Polygon","coordinates":[[[38.6165476,48.9562995],[38.6259153,48.9671872],[38.6306856,48.9633515],[38.6280437,48.9615994],[38.6335459,48.9594128],[38.6282113,48.957011],[38.6218124,48.9578761],[38.6207523,48.9554629],[38.6228018,48.9540138],[38.6197939,48.9525019],[38.6195179,48.9501624],[38.6154445,48.9526276],[38.6180107,48.953075],[38.6165476,48.9562995]]]},"properties":{"ha":91.0,"date":"2026-07-11","day":10,"country":"UA","place":"N.A., N.A.","rank":437}},{"type":"Feature","geometry":{"type":"Polygon","coordinates":[[[32.6108543,46.6804783],[32.6075099,46.6864759],[32.6102407,46.6876047],[32.6067064,46.6889744],[32.6035971,46.693763],[32.6091787,46.6941386],[32.6119273,46.6920842],[32.6098813,46.6905917],[32.6117957,46.6888624],[32.6226125,46.6906287],[32.6198995,46.6884362],[32.6212811,46.6859595],[32.6148009,46.6854694],[32.6138039,46.680134],[32.6108543,46.6804783]]]},"properties":{"ha":91.0,"date":"2026-07-02","day":1,"country":"UA","place":"N.A., N.A.","rank":438}},{"type":"Feature","geometry":{"type":"Polygon","coordinates":[[[37.2103406,48.2125635],[37.2030246,48.2113759],[37.2015125,48.2121001],[37.2041696,48.2138847],[37.1981024,48.2162355],[37.1892544,48.2147688],[37.1824794,48.21713],[37.1881713,48.2188479],[37.2062323,48.2187681],[37.2103406,48.2125635]]]},"properties":{"ha":91.0,"date":"2026-07-01","day":0,"country":"UA","place":"N.A., N.A.","rank":439}},{"type":"Feature","geometry":{"type":"Polygon","coordinates":[[[33.7684001,45.4537759],[33.772443,45.4475439],[33.7600587,45.4454369],[33.7608906,45.442384],[33.7518757,45.4438446],[33.7543595,45.4492315],[33.766672,45.4503911],[33.7684001,45.4537759]]]},"properties":{"ha":91.0,"date":"2026-07-03","day":2,"country":"UA","place":"N.A., N.A.","rank":440}},{"type":"Feature","geometry":{"type":"Polygon","coordinates":[[[36.0153115,47.4755429],[36.0215948,47.4718758],[36.0206379,47.4663884],[36.0175791,47.4642125],[36.0180749,47.4673988],[36.0137006,47.4642602],[36.0160201,47.4641232],[36.0060743,47.4616035],[36.0050271,47.4651622],[36.0132694,47.4663401],[36.0098416,47.4700415],[36.0153115,47.4755429]]]},"properties":{"ha":91.0,"date":"2026-07-15","day":14,"country":"UA","place":"N.A., N.A.","rank":441}},{"type":"Feature","geometry":{"type":"Polygon","coordinates":[[[15.6472477,41.6932204],[15.6470131,41.696323],[15.651415,41.6957319],[15.6526778,41.6983677],[15.6541678,41.6963828],[15.6560914,41.6985165],[15.6584329,41.6935962],[15.6602618,41.6941766],[15.6588466,41.6923474],[15.6592853,41.6855082],[15.6541144,41.6854294],[15.6528014,41.6913016],[15.6472477,41.6932204]]]},"properties":{"ha":91.0,"date":"2026-07-06","day":5,"country":"IT","place":"San Marco in Lamis, Foggia","rank":442}},{"type":"Feature","geometry":{"type":"Polygon","coordinates":[[[13.374049,38.0438143],[13.3777963,38.0466738],[13.3824321,38.0458169],[13.386676,38.0406498],[13.3914547,38.0385511],[13.3838332,38.0347437],[13.3802919,38.0405544],[13.3752934,38.0409598],[13.375586,38.0427369],[13.3786692,38.0431741],[13.374049,38.0438143]]]},"properties":{"ha":91.0,"date":"2026-07-22","day":21,"country":"IT","place":"Belmonte Mezzagno, Palermo","rank":443}},{"type":"Feature","geometry":{"type":"Polygon","coordinates":[[[37.9578547,49.0454346],[37.9607045,49.0392322],[37.9571709,49.0366877],[37.9491565,49.0357771],[37.9500516,49.0400229],[37.9456747,49.0428694],[37.946621,49.0463763],[37.9578547,49.0454346]]]},"properties":{"ha":90.0,"date":"2026-07-03","day":2,"country":"UA","place":"N.A., N.A.","rank":444}},{"type":"Feature","geometry":{"type":"Polygon","coordinates":[[[32.6390119,46.4963594],[32.635378,46.493899],[32.6377801,46.4911085],[32.6359053,46.488816],[32.629453,46.4880776],[32.6241295,46.4902264],[32.6242302,46.4940961],[32.6189479,46.4956134],[32.6248399,46.4959548],[32.626423,46.4938914],[32.6286427,46.4967915],[32.6385428,46.498615],[32.6390119,46.4963594]]]},"properties":{"ha":90.0,"date":"2026-07-01","day":0,"country":"UA","place":"N.A., N.A.","rank":445}},{"type":"Feature","geometry":{"type":"Polygon","coordinates":[[[-1.9615206,53.5361331],[-1.9546224,53.5348835],[-1.952909,53.5314041],[-1.9541699,53.531835],[-1.9544561,53.5312014],[-1.9524043,53.5298318],[-1.9559855,53.5234163],[-1.9583726,53.5235119],[-1.9597293,53.520964],[-1.9611966,53.5283283],[-1.9635572,53.5310794],[-1.9688702,53.5294819],[-1.9665517,53.5314807],[-1.9670496,53.5336197],[-1.959859,53.5355279],[-1.9615206,53.5361331]]]},"properties":{"ha":90.0,"date":"2026-07-12","day":11,"country":"UK","place":"Oldham, Greater Manchester North East","rank":446}},{"type":"Feature","geometry":{"type":"Polygon","coordinates":[[[37.0659335,48.2134733],[37.0829594,48.2129888],[37.0818796,48.2117702],[37.0854005,48.2091247],[37.080882,48.207022],[37.0741633,48.2072357],[37.0671857,48.2098063],[37.0659335,48.2134733]]]},"properties":{"ha":90.0,"date":"2026-07-01","day":0,"country":"UA","place":"N.A., N.A.","rank":447}},{"type":"Feature","geometry":{"type":"Polygon","coordinates":[[[15.8348343,39.9669641],[15.8327839,39.9735502],[15.8304507,39.9740583],[15.8325787,39.9759235],[15.8410893,39.9732143],[15.8387812,39.9567665],[15.8366687,39.9571731],[15.8384742,39.9599513],[15.8355982,39.9601768],[15.8349965,39.9636103],[15.8380773,39.967812],[15.8348343,39.9669641]]]},"properties":{"ha":89.0,"date":"2026-07-22","day":21,"country":"IT","place":"Tortora, Cosenza","rank":448}},{"type":"Feature","geometry":{"type":"Polygon","coordinates":[[[35.887975,47.7754102],[35.9153192,47.7696595],[35.9098793,47.7671602],[35.9048645,47.7613117],[35.9038138,47.7687626],[35.8843959,47.77355],[35.887975,47.7754102]]]},"properties":{"ha":89.0,"date":"2026-07-01","day":0,"country":"UA","place":"N.A., N.A.","rank":449}},{"type":"Feature","geometry":{"type":"Polygon","coordinates":[[[13.4800499,37.949961],[13.4781302,37.9483684],[13.4751549,37.951162],[13.4764123,37.9571391],[13.4832449,37.955518],[13.482212,37.9537304],[13.4872817,37.9517922],[13.4843924,37.9487894],[13.4873837,37.9443893],[13.4841133,37.9420254],[13.480511,37.944361],[13.4824317,37.9480713],[13.4800499,37.949961]]]},"properties":{"ha":89.0,"date":"2026-07-12","day":11,"country":"IT","place":"Villafrati, Palermo","rank":450}},{"type":"Feature","geometry":{"type":"Polygon","coordinates":[[[38.3141946,48.8290017],[38.2969357,48.8275215],[38.2971815,48.8380454],[38.3000287,48.837989],[38.3015148,48.8342721],[38.3050042,48.833933],[38.303686,48.8321358],[38.3132134,48.8329555],[38.3141946,48.8290017]]]},"properties":{"ha":88.0,"date":"2026-07-17","day":16,"country":"UA","place":"N.A., N.A.","rank":451}},{"type":"Feature","geometry":{"type":"Polygon","coordinates":[[[-0.00662,44.2021507],[-0.0236282,44.2091551],[-0.022103,44.2125653],[-0.018831,44.2136656],[-0.0107971,44.2116092],[-0.0080364,44.2058086],[-0.0041585,44.2046021],[-0.00662,44.2021507]]]},"properties":{"ha":88.0,"date":"2026-07-12","day":11,"country":"FR","place":"Houeillès, Lot-et-Garonne","rank":452}},{"type":"Feature","geometry":{"type":"Polygon","coordinates":[[[14.3079899,41.2145627],[14.3136468,41.2149761],[14.3100063,41.2116916],[14.3108119,41.2095232],[14.3155328,41.2142153],[14.31935,41.2125602],[14.3194458,41.2092173],[14.3129144,41.2056722],[14.3026202,41.2066232],[14.3079899,41.2145627]]]},"properties":{"ha":88.0,"date":"2026-07-22","day":21,"country":"IT","place":"Castel di Sasso, Caserta","rank":453}},{"type":"Feature","geometry":{"type":"Polygon","coordinates":[[[35.4105193,47.5540802],[35.4121006,47.5511983],[35.4056426,47.5502147],[35.3990794,47.5455487],[35.3950289,47.5453585],[35.3950078,47.5435446],[35.3904666,47.5445524],[35.3920914,47.5487804],[35.3989348,47.5491349],[35.4008095,47.5529043],[35.3972836,47.5548108],[35.4105193,47.5540802]]]},"properties":{"ha":88.0,"date":"2026-07-18","day":17,"country":"UA","place":"N.A., N.A.","rank":454}},{"type":"Feature","geometry":{"type":"Polygon","coordinates":[[[37.6954519,49.589969],[37.7009828,49.5822214],[37.6987958,49.580765],[37.6910147,49.5796304],[37.6857794,49.5821785],[37.6899152,49.5875676],[37.6891363,49.5895665],[37.6954519,49.589969]]]},"properties":{"ha":88.0,"date":"2026-07-03","day":2,"country":"UA","place":"N.A., N.A.","rank":455}},{"type":"Feature","geometry":{"type":"Polygon","coordinates":[[[16.5164774,39.4133177],[16.5180142,39.4102602],[16.5204453,39.409932],[16.516351,39.4064425],[16.5097874,39.4046261],[16.5058903,39.4090531],[16.5093057,39.4144664],[16.517556,39.4150369],[16.5164774,39.4133177]]]},"properties":{"ha":88.0,"date":"2026-07-20","day":19,"country":"IT","place":"Celico, Cosenza","rank":456}},{"type":"Feature","geometry":{"type":"Polygon","coordinates":[[[1.5083407,41.3692028],[1.5041125,41.373002],[1.5061141,41.3739306],[1.505015,41.3756165],[1.5069816,41.3756714],[1.5053943,41.3760511],[1.5067106,41.3783993],[1.5083164,41.3768081],[1.5068879,41.3745466],[1.5088197,41.373654],[1.5071322,41.3715404],[1.5089294,41.3703839],[1.5097025,41.3715377],[1.5107526,41.372034],[1.5119839,41.3705252],[1.5096334,41.3708702],[1.5113159,41.3700948],[1.5108005,41.3682472],[1.5140853,41.3684789],[1.5091496,41.3665251],[1.5167626,41.3638895],[1.513451,41.3587977],[1.5076905,41.3590688],[1.5040951,41.3625435],[1.5052338,41.3657273],[1.5077022,41.3651926],[1.5085877,41.3681791],[1.5073178,41.3671749],[1.5056155,41.3674379],[1.5083407,41.3692028]]]},"properties":{"ha":87.0,"date":"2026-07-08","day":7,"country":"ES","place":"Aiguamúrcia, Tarragona","rank":457}},{"type":"Feature","geometry":{"type":"MultiPolygon","coordinates":[[[[35.304656,47.6353649],[35.2871071,47.6412871],[35.2926787,47.6436409],[35.2921995,47.6415102],[35.2963007,47.6402446],[35.2948638,47.6419917],[35.2987436,47.6440406],[35.2952316,47.645015],[35.2993816,47.648858],[35.2993801,47.6448463],[35.3065887,47.6422467],[35.3086454,47.6394791],[35.3053791,47.6379069],[35.304656,47.6353649]]],[[[35.2933607,47.6387343],[35.2930686,47.638884],[35.2933642,47.6387389],[35.2933607,47.6387343]]]]},"properties":{"ha":87.0,"date":"2026-07-17","day":16,"country":"UA","place":"N.A., N.A.","rank":458}},{"type":"Feature","geometry":{"type":"Polygon","coordinates":[[[37.0114694,47.7918178],[37.0219896,47.7842054],[37.0165374,47.7852096],[37.0093817,47.7807841],[37.008174,47.7835554],[37.0060299,47.7825026],[37.004051,47.7850763],[37.0057968,47.7896864],[37.0085541,47.7893743],[37.0114694,47.7918178]]]},"properties":{"ha":87.0,"date":"2026-07-14","day":13,"country":"UA","place":"N.A., N.A.","rank":459}},{"type":"Feature","geometry":{"type":"Polygon","coordinates":[[[3.4698086,44.1648434],[3.4609156,44.1645069],[3.4543085,44.1687626],[3.4577207,44.1719075],[3.4613771,44.1703543],[3.4653082,44.1727923],[3.4714345,44.1702764],[3.4653411,44.1688607],[3.4648375,44.1672371],[3.4717371,44.1687714],[3.4730272,44.1675358],[3.4698086,44.1648434]]]},"properties":{"ha":86.0,"date":"2026-07-24","day":23,"country":"FR","place":"Meyrueis, Lozère","rank":460}},{"type":"Feature","geometry":{"type":"Polygon","coordinates":[[[37.982697,49.0311494],[37.9880802,49.0257405],[37.9807019,49.0226644],[37.9744521,49.0243836],[37.9685484,49.0220321],[37.9645897,49.0234652],[37.982697,49.0311494]]]},"properties":{"ha":86.0,"date":"2026-07-07","day":6,"country":"UA","place":"N.A., N.A.","rank":461}},{"type":"Feature","geometry":{"type":"Polygon","coordinates":[[[13.6659834,37.2622866],[13.6631367,37.2676791],[13.6681966,37.2719665],[13.6723618,37.2724232],[13.6771625,37.2701442],[13.6780693,37.2653719],[13.6804545,37.2644926],[13.6798505,37.2611032],[13.6783153,37.2611816],[13.6770865,37.2655434],[13.67179,37.2671159],[13.6655224,37.2650502],[13.6675109,37.263812],[13.6659834,37.2622866]]]},"properties":{"ha":86.0,"date":"2026-07-19","day":18,"country":"IT","place":"Favara, Agrigento","rank":462}},{"type":"Feature","geometry":{"type":"Polygon","coordinates":[[[37.382597,49.137224],[37.3784984,49.1348614],[37.3742053,49.135297],[37.3695388,49.1380116],[37.367819,49.1431839],[37.3701254,49.1453868],[37.3762797,49.1443206],[37.382597,49.137224]]]},"properties":{"ha":85.0,"date":"2026-07-18","day":17,"country":"UA","place":"N.A., N.A.","rank":463}},{"type":"Feature","geometry":{"type":"Polygon","coordinates":[[[31.7915651,46.5037923],[31.7941601,46.5015772],[31.7978445,46.5025804],[31.7919681,46.4988399],[31.7893008,46.4937874],[31.7852021,46.4951234],[31.780995,46.5010485],[31.7837698,46.5030913],[31.7821523,46.505491],[31.7915651,46.5037923]]]},"properties":{"ha":85.0,"date":"2026-07-02","day":1,"country":"UA","place":"N.A., N.A.","rank":464}},{"type":"Feature","geometry":{"type":"Polygon","coordinates":[[[12.1906911,52.1506016],[12.1668576,52.1525703],[12.168321,52.1541246],[12.1768574,52.1537373],[12.1756642,52.1559827],[12.1804904,52.1566498],[12.187891,52.1545683],[12.1953261,52.1559116],[12.2001703,52.1534186],[12.1952415,52.1551547],[12.1965691,52.1531291],[12.1906911,52.1506016]]]},"properties":{"ha":85.0,"date":"2026-07-02","day":1,"country":"DE","place":"Möckern, Stadt, Jerichower Land","rank":465}},{"type":"Feature","geometry":{"type":"Polygon","coordinates":[[[16.4745829,40.7648531],[16.4725352,40.7653857],[16.4751619,40.7674422],[16.4729909,40.7712526],[16.4774581,40.7763418],[16.4832704,40.7688833],[16.4789176,40.7643438],[16.4783777,40.759722],[16.4747505,40.760283],[16.4745829,40.7648531]]]},"properties":{"ha":84.0,"date":"2026-07-17","day":16,"country":"IT","place":"Gravina in Puglia, Bari","rank":466}},{"type":"Feature","geometry":{"type":"Polygon","coordinates":[[[8.6342502,46.1165039],[8.6321166,46.1195446],[8.635154,46.1211354],[8.6339168,46.1221263],[8.6437054,46.1222631],[8.6448082,46.1187418],[8.6400879,46.1149722],[8.6394962,46.1116557],[8.6338784,46.1110702],[8.6317969,46.1145505],[8.6342502,46.1165039]]]},"properties":{"ha":83.0,"date":"2026-07-22","day":21,"country":"IT","place":"Cavaglio-Spoccia, Verbano-Cusio-Ossola","rank":467}},{"type":"Feature","geometry":{"type":"Polygon","coordinates":[[[32.5019019,46.6593327],[32.510722,46.6604541],[32.5106999,46.6630208],[32.5135389,46.6623192],[32.5148587,46.6615865],[32.5122637,46.6598225],[32.5162675,46.6575922],[32.5167562,46.6552796],[32.513391,46.6523287],[32.512997,46.6536372],[32.5045545,46.6525094],[32.5019019,46.6593327]]]},"properties":{"ha":83.0,"date":"2026-07-02","day":1,"country":"UA","place":"N.A., N.A.","rank":468}},{"type":"Feature","geometry":{"type":"Polygon","coordinates":[[[36.9051349,47.900645],[36.9165569,47.8975089],[36.9112133,47.8950466],[36.8922524,47.9021991],[36.8970035,47.902967],[36.8966345,47.9048812],[36.9063375,47.9060809],[36.907364,47.9041667],[36.9051349,47.900645]]]},"properties":{"ha":83.0,"date":"2026-07-06","day":5,"country":"UA","place":"N.A., N.A.","rank":469}},{"type":"Feature","geometry":{"type":"Polygon","coordinates":[[[15.5059122,38.1968976],[15.5038065,38.1981877],[15.5064006,38.2015282],[15.5124332,38.2012137],[15.519945,38.2035903],[15.5233944,38.2014676],[15.5223817,38.198552],[15.5195424,38.2004973],[15.5168904,38.1996464],[15.5187112,38.1960334],[15.5125764,38.1980188],[15.5059122,38.1968976]]]},"properties":{"ha":83.0,"date":"2026-07-18","day":17,"country":"IT","place":"Messina, Messina","rank":470}},{"type":"Feature","geometry":{"type":"Polygon","coordinates":[[[15.108647,37.8967228],[15.1049093,37.8992687],[15.1049217,37.9043361],[15.1047392,37.9021845],[15.0979478,37.9042846],[15.1046934,37.9063957],[15.1059711,37.9050864],[15.112255,37.9060556],[15.109723,37.9005673],[15.1125326,37.8998729],[15.1105373,37.8976149],[15.1140752,37.8968628],[15.1124771,37.8953334],[15.113118,37.892529],[15.1072765,37.8930357],[15.108647,37.8967228]]]},"properties":{"ha":83.0,"date":"2026-07-22","day":21,"country":"IT","place":"Castiglione di Sicilia, Catania","rank":471}},{"type":"Feature","geometry":{"type":"Polygon","coordinates":[[[13.3549081,38.0378578],[13.3490328,38.0364213],[13.3469739,38.0397885],[13.3456284,38.036742],[13.3438038,38.0398718],[13.3450439,38.0410639],[13.3405161,38.0384424],[13.3371894,38.0434964],[13.3409303,38.043651],[13.3414525,38.0452133],[13.3509037,38.0451311],[13.3505395,38.0388753],[13.354679,38.0396255],[13.3549081,38.0378578]]]},"properties":{"ha":83.0,"date":"2026-07-22","day":21,"country":"IT","place":"Altofonte, Palermo","rank":472}},{"type":"Feature","geometry":{"type":"Polygon","coordinates":[[[-8.2701998,41.5568576],[-8.26197,41.5531839],[-8.2679595,41.5524483],[-8.2675612,41.5512526],[-8.2726189,41.5523453],[-8.271462,41.5506888],[-8.2758124,41.5495967],[-8.280533,41.5515478],[-8.275246,41.5562349],[-8.2718247,41.5567793],[-8.274264,41.5571515],[-8.2699792,41.5614674],[-8.2674234,41.5610838],[-8.2677467,41.5582934],[-8.2701998,41.5568576]]]},"properties":{"ha":82.0,"date":"2026-07-03","day":2,"country":"PT","place":"Vilela, Ave","rank":473}},{"type":"Feature","geometry":{"type":"Polygon","coordinates":[[[38.5714078,49.1225204],[38.5709813,49.1195136],[38.5658146,49.1164173],[38.5608813,49.1193875],[38.5553849,49.1185433],[38.5514502,49.1219118],[38.5520807,49.1245803],[38.5543125,49.1248287],[38.5714078,49.1225204]]]},"properties":{"ha":82.0,"date":"2026-07-19","day":18,"country":"UA","place":"N.A., N.A.","rank":474}},{"type":"Feature","geometry":{"type":"Polygon","coordinates":[[[37.7595706,48.4343469],[37.7586747,48.4278449],[37.7533023,48.4284384],[37.7549604,48.4301899],[37.7473392,48.430834],[37.7453475,48.4386088],[37.7595706,48.4343469]]]},"properties":{"ha":81.0,"date":"2026-07-20","day":19,"country":"UA","place":"N.A., N.A.","rank":475}},{"type":"Feature","geometry":{"type":"Polygon","coordinates":[[[-4.7792068,39.7240078],[-4.7775924,39.7213642],[-4.7806015,39.7211764],[-4.7849428,39.7148361],[-4.787356,39.7155017],[-4.7865138,39.71913],[-4.7880003,39.7207809],[-4.7855406,39.7242701],[-4.786641,39.7267498],[-4.783267,39.7294102],[-4.7851053,39.732069],[-4.7819266,39.7313441],[-4.7798958,39.7242845],[-4.7818792,39.723413],[-4.7792068,39.7240078]]]},"properties":{"ha":81.0,"date":"2026-07-18","day":17,"country":"ES","place":"Retamoso de la Jara, Toledo","rank":476}},{"type":"Feature","geometry":{"type":"Polygon","coordinates":[[[36.2889361,45.2238618],[36.2915634,45.2227921],[36.2905123,45.2189101],[36.2784257,45.2176686],[36.2709723,45.213956],[36.2711682,45.2110841],[36.2698209,45.2112111],[36.269474,45.2167875],[36.2719623,45.2173068],[36.2723539,45.2197931],[36.2739274,45.2172339],[36.2783106,45.2213251],[36.2889361,45.2238618]]]},"properties":{"ha":81.0,"date":"2026-07-19","day":18,"country":"UA","place":"N.A., N.A.","rank":477}},{"type":"Feature","geometry":{"type":"Polygon","coordinates":[[[35.8223453,47.5278004],[35.8249456,47.5197],[35.8169118,47.5186599],[35.8175303,47.5200442],[35.8143216,47.5224437],[35.810073,47.5233214],[35.8113664,47.5267382],[35.8163111,47.5263357],[35.8155323,47.52831],[35.8223453,47.5278004]]]},"properties":{"ha":80.0,"date":"2026-07-01","day":0,"country":"UA","place":"N.A., N.A.","rank":478}},{"type":"Feature","geometry":{"type":"Polygon","coordinates":[[[13.4005047,38.0283671],[13.4002401,38.0297836],[13.4040522,38.0318101],[13.4105697,38.0288266],[13.4042131,38.0240429],[13.3954963,38.0210349],[13.3947499,38.0279247],[13.4005047,38.0283671]]]},"properties":{"ha":80.0,"date":"2026-07-15","day":14,"country":"IT","place":"Belmonte Mezzagno, Palermo","rank":479}},{"type":"Feature","geometry":{"type":"Polygon","coordinates":[[[36.6523149,47.5800791],[36.6526786,47.576529],[36.6490388,47.5760607],[36.64089,47.570412],[36.6422618,47.5657928],[36.6391276,47.5633402],[36.6379244,47.5708718],[36.6398023,47.5767195],[36.6494951,47.582154],[36.6523149,47.5800791]]]},"properties":{"ha":80.0,"date":"2026-07-16","day":15,"country":"UA","place":"N.A., N.A.","rank":480}},{"type":"Feature","geometry":{"type":"Polygon","coordinates":[[[32.3759701,46.6306029],[32.3841925,46.6300733],[32.3845425,46.6258018],[32.3776069,46.6192905],[32.3736163,46.6198803],[32.3719826,46.6220929],[32.3725726,46.6249217],[32.3767791,46.6256134],[32.3759701,46.6306029]]]},"properties":{"ha":80.0,"date":"2026-07-06","day":5,"country":"UA","place":"N.A., N.A.","rank":481}},{"type":"Feature","geometry":{"type":"Polygon","coordinates":[[[33.6515063,46.2119476],[33.6577706,46.2064086],[33.6558781,46.2025456],[33.6483837,46.2073921],[33.6478052,46.2044384],[33.6434116,46.2038339],[33.6433902,46.2011735],[33.6407786,46.202805],[33.6449499,46.2110073],[33.6515063,46.2119476]]]},"properties":{"ha":79.0,"date":"2026-07-01","day":0,"country":"UA","place":"N.A., N.A.","rank":482}},{"type":"Feature","geometry":{"type":"Polygon","coordinates":[[[16.5675181,40.8603209],[16.5682667,40.8547775],[16.5658112,40.8540848],[16.5666692,40.8511269],[16.5643813,40.8537303],[16.5584382,40.8554863],[16.5577651,40.8519713],[16.5557904,40.8522564],[16.5543367,40.8549889],[16.5564032,40.8598217],[16.5611102,40.8596384],[16.563784,40.861955],[16.5675181,40.8603209]],[[16.5626024,40.8570449],[16.5616467,40.8580692],[16.5613973,40.8572236],[16.5626024,40.8570449]]]},"properties":{"ha":79.0,"date":"2026-07-22","day":21,"country":"IT","place":"Altamura, Bari","rank":483}},{"type":"Feature","geometry":{"type":"Polygon","coordinates":[[[35.8382077,47.4940526],[35.8389321,47.4914546],[35.8440665,47.4905506],[35.8451028,47.4876859],[35.8418953,47.4897856],[35.8382955,47.4885038],[35.8363978,47.4907249],[35.8333006,47.4900226],[35.8353311,47.495453],[35.8336024,47.5009234],[35.8360525,47.5030074],[35.8419247,47.5021601],[35.8444358,47.4990694],[35.8419065,47.4964775],[35.840203,47.4977887],[35.8382077,47.4940526]]]},"properties":{"ha":79.0,"date":"2026-07-15","day":14,"country":"UA","place":"N.A., N.A.","rank":484}},{"type":"Feature","geometry":{"type":"Polygon","coordinates":[[[13.5271697,42.2008023],[13.5291686,42.1979631],[13.5402363,42.197877],[13.5420104,42.194891],[13.5411438,42.1928177],[13.5332451,42.1962609],[13.530842,42.1953975],[13.5342917,42.1920369],[13.5259112,42.1929155],[13.5245146,42.1951487],[13.5262105,42.1963596],[13.5221849,42.1987857],[13.5271697,42.2008023]]]},"properties":{"ha":79.0,"date":"2026-07-19","day":18,"country":"IT","place":"Rocca di Mezzo, L’Aquila","rank":485}},{"type":"Feature","geometry":{"type":"Polygon","coordinates":[[[16.2488615,39.2696143],[16.2505285,39.2731017],[16.2563659,39.2645485],[16.2663934,39.262606],[16.2663729,39.2587353],[16.2549972,39.2604927],[16.2488615,39.2696143]]]},"properties":{"ha":79.0,"date":"2026-07-20","day":19,"country":"IT","place":"Cosenza, Cosenza","rank":486}},{"type":"Feature","geometry":{"type":"Polygon","coordinates":[[[37.2050023,48.8964609],[37.2111935,48.8959701],[37.2044207,48.8869877],[37.2000772,48.8852929],[37.1998519,48.8869568],[37.1955421,48.8865582],[37.1977016,48.8885741],[37.192974,48.8895713],[37.2043805,48.8942617],[37.2050023,48.8964609]]]},"properties":{"ha":78.0,"date":"2026-07-01","day":0,"country":"UA","place":"N.A., N.A.","rank":487}},{"type":"Feature","geometry":{"type":"Polygon","coordinates":[[[37.5643376,49.0085635],[37.5635758,49.0060192],[37.5590442,49.0051107],[37.5601818,49.0036135],[37.5537497,49.0038917],[37.5515128,49.0058789],[37.5472224,49.0033126],[37.544132,49.0040991],[37.5452799,49.0086142],[37.5540848,49.0107379],[37.5643376,49.0085635]]]},"properties":{"ha":78.0,"date":"2026-07-13","day":12,"country":"UA","place":"N.A., N.A.","rank":488}},{"type":"Feature","geometry":{"type":"Polygon","coordinates":[[[36.1016455,47.4250596],[36.1083639,47.4211104],[36.1030241,47.4144962],[36.0982277,47.4169495],[36.091869,47.4168138],[36.0933278,47.4203889],[36.1016455,47.4250596]]]},"properties":{"ha":78.0,"date":"2026-07-01","day":0,"country":"UA","place":"N.A., N.A.","rank":489}},{"type":"Feature","geometry":{"type":"Polygon","coordinates":[[[38.0861122,49.5374561],[38.0964437,49.5289787],[38.0806284,49.5252503],[38.0875798,49.5319771],[38.0813071,49.5345069],[38.0794158,49.538462],[38.0861122,49.5374561]]]},"properties":{"ha":78.0,"date":"2026-07-17","day":16,"country":"UA","place":"N.A., N.A.","rank":490}},{"type":"Feature","geometry":{"type":"Polygon","coordinates":[[[34.0536112,47.3816286],[34.0474858,47.3809045],[34.0676607,47.3938459],[34.07402,47.3938656],[34.0536112,47.3816286]]]},"properties":{"ha":78.0,"date":"2026-07-02","day":1,"country":"UA","place":"N.A., N.A.","rank":491}},{"type":"Feature","geometry":{"type":"Polygon","coordinates":[[[15.737929,41.80967],[15.7425642,41.8147894],[15.7541066,41.8143153],[15.7573904,41.8116503],[15.7509778,41.8109247],[15.7468253,41.8071071],[15.743622,41.8088183],[15.7392123,41.808243],[15.737929,41.80967]]]},"properties":{"ha":78.0,"date":"2026-07-21","day":20,"country":"IT","place":"Cagnano Varano, Foggia","rank":492}},{"type":"Feature","geometry":{"type":"Polygon","coordinates":[[[13.1947949,42.9792021],[13.1871609,42.9874907],[13.1932708,42.991049],[13.1967692,42.9892886],[13.1958897,42.9858974],[13.2018779,42.9854232],[13.1997302,42.9812493],[13.1947949,42.9792021]]]},"properties":{"ha":77.0,"date":"2026-07-20","day":19,"country":"IT","place":"Bolognola, Macerata","rank":493}},{"type":"Feature","geometry":{"type":"Polygon","coordinates":[[[37.0705037,48.0141837],[37.0700851,48.0106966],[37.0641613,48.0063727],[37.0620012,48.006688],[37.0597627,48.0112598],[37.0557553,48.0093483],[37.0521914,48.0109138],[37.0563241,48.0115504],[37.0546619,48.0135713],[37.060141,48.0148815],[37.0607344,48.0165318],[37.0610003,48.0137118],[37.0627597,48.0156158],[37.0705037,48.0141837]]]},"properties":{"ha":77.0,"date":"2026-07-01","day":0,"country":"UA","place":"N.A., N.A.","rank":494}},{"type":"Feature","geometry":{"type":"MultiPolygon","coordinates":[[[[13.9738335,37.160378],[13.9544765,37.1594273],[13.9568073,37.1602652],[13.9560037,37.161883],[13.9587191,37.1598336],[13.9589922,37.1617527],[13.9686112,37.1617948],[13.9666866,37.1637823],[13.9695346,37.1679088],[13.973584,37.166787],[13.9698411,37.1645493],[13.972651,37.1611243],[13.9763701,37.1670705],[13.9780773,37.1667823],[13.9759578,37.1688667],[13.9775429,37.1703278],[13.9786177,37.1691807],[13.9777162,37.1711364],[13.9829458,37.1735117],[13.9763324,37.162261],[13.9738335,37.160378]]],[[[13.9720061,37.1601647],[13.9721191,37.1601703],[13.9722123,37.1601543],[13.9720061,37.1601647]]]]},"properties":{"ha":77.0,"date":"2026-07-19","day":18,"country":"IT","place":"Licata, Agrigento","rank":495}},{"type":"Feature","geometry":{"type":"Polygon","coordinates":[[[38.2792209,48.8624781],[38.2803594,48.8574449],[38.2694274,48.8559691],[38.2582414,48.8631508],[38.2588078,48.8645742],[38.2611146,48.8632601],[38.264783,48.8646063],[38.2658822,48.8602797],[38.2685884,48.8593875],[38.2722223,48.8634491],[38.2792209,48.8624781]]]},"properties":{"ha":77.0,"date":"2026-07-17","day":16,"country":"UA","place":"N.A., N.A.","rank":496}},{"type":"Feature","geometry":{"type":"Polygon","coordinates":[[[13.3731414,37.4072255],[13.3669801,37.4071078],[13.3658691,37.4086734],[13.3689793,37.4122082],[13.3712529,37.4115019],[13.3709642,37.4135529],[13.3750379,37.4120246],[13.3843521,37.4138249],[13.3834239,37.4093144],[13.3779598,37.4115525],[13.3753734,37.4059561],[13.3727088,37.4052836],[13.3731414,37.4072255]]]},"properties":{"ha":77.0,"date":"2026-07-19","day":18,"country":"IT","place":"Cattolica Eraclea, Agrigento","rank":497}},{"type":"Feature","geometry":{"type":"Polygon","coordinates":[[[17.6417063,43.1062672],[17.6551351,43.0992156],[17.6505064,43.0974522],[17.64024,43.0989319],[17.6348058,43.1079612],[17.6417063,43.1062672]]]},"properties":{"ha":77.0,"date":"2026-07-15","day":14,"country":"BA","place":"N.A., Čapljina","rank":498}},{"type":"Feature","geometry":{"type":"Polygon","coordinates":[[[16.2839292,44.3740842],[16.2777566,44.3788753],[16.281182,44.3767533],[16.2827031,44.3778143],[16.2805172,44.3816401],[16.2836678,44.3807911],[16.2839227,44.3787581],[16.286558,44.3778861],[16.2859568,44.3763462],[16.2880966,44.3775404],[16.2887619,44.3810947],[16.2859453,44.381072],[16.2832137,44.3841992],[16.2872404,44.3834339],[16.2875254,44.3847351],[16.2929863,44.379875],[16.2923618,44.378699],[16.2985113,44.3749815],[16.2898948,44.3789879],[16.2928509,44.375857],[16.290139,44.3746814],[16.2908029,44.3713793],[16.2882634,44.3728952],[16.2897669,44.3734036],[16.2839292,44.3740842]]]},"properties":{"ha":76.0,"date":"2026-07-04","day":3,"country":"BA","place":"N.A., Drvar","rank":499}},{"type":"Feature","geometry":{"type":"Polygon","coordinates":[[[37.8865304,48.3624086],[37.8833578,48.3594115],[37.8854818,48.3574337],[37.8834419,48.3548379],[37.8773113,48.3567817],[37.8762011,48.3594087],[37.8733293,48.3588985],[37.8681138,48.363103],[37.8719773,48.365362],[37.8771906,48.3611924],[37.8804256,48.3641929],[37.8865304,48.3624086]]]},"properties":{"ha":76.0,"date":"2026-07-03","day":2,"country":"UA","place":"N.A., N.A.","rank":500}},{"type":"Feature","geometry":{"type":"Polygon","coordinates":[[[-4.6052402,40.4487355],[-4.6094997,40.4478473],[-4.614727,40.4506191],[-4.6117906,40.452078],[-4.612359,40.4548534],[-4.6067639,40.4561025],[-4.6048663,40.4551044],[-4.6059357,40.4527282],[-4.602728,40.4505917],[-4.5996646,40.4510004],[-4.6040793,40.4463239],[-4.6063192,40.447236],[-4.6052402,40.4487355]]]},"properties":{"ha":76.0,"date":"2026-07-10","day":9,"country":"ES","place":"El Barraco, Ávila","rank":501}},{"type":"Feature","geometry":{"type":"Polygon","coordinates":[[[1.5231395,47.3721605],[1.5243669,47.3737926],[1.5227397,47.3774087],[1.5162362,47.3797574],[1.5256187,47.3818506],[1.5314692,47.3806547],[1.531962,47.3783316],[1.5285879,47.3768421],[1.5303802,47.3727687],[1.5281678,47.3739124],[1.5276131,47.3715435],[1.5231395,47.3721605]]]},"properties":{"ha":75.0,"date":"2026-07-08","day":7,"country":"FR","place":"Soings-en-Sologne, Loir-et-Cher","rank":502}},{"type":"Feature","geometry":{"type":"Polygon","coordinates":[[[-3.7210803,40.0467795],[-3.7108832,40.0472093],[-3.7025053,40.0434278],[-3.7083463,40.0430395],[-3.708818,40.0418589],[-3.7062014,40.0426033],[-3.7069017,40.0411394],[-3.7126545,40.0420354],[-3.7148984,40.0390501],[-3.7174363,40.0402524],[-3.7160851,40.0415505],[-3.7174529,40.0434236],[-3.7199288,40.0422759],[-3.7193297,40.0436912],[-3.7220452,40.0446001],[-3.7210803,40.0467795]],[[-3.7127139,40.0467282],[-3.7139994,40.0458834],[-3.7112725,40.0456865],[-3.7127139,40.0467282]]]},"properties":{"ha":75.0,"date":"2026-07-01","day":0,"country":"ES","place":"Borox, Toledo","rank":503}},{"type":"Feature","geometry":{"type":"Polygon","coordinates":[[[37.7180557,48.6221391],[37.7208832,48.6184156],[37.7275743,48.6157098],[37.7280996,48.613381],[37.7215006,48.6115433],[37.714435,48.6138493],[37.7143187,48.6180121],[37.7123538,48.6196066],[37.7180557,48.6221391]]]},"properties":{"ha":75.0,"date":"2026-07-20","day":19,"country":"UA","place":"N.A., N.A.","rank":504}},{"type":"Feature","geometry":{"type":"Polygon","coordinates":[[[31.7834904,46.5178088],[31.7810465,46.5141705],[31.7764687,46.5144895],[31.77825,46.5159873],[31.7758895,46.5171258],[31.7759269,46.5194684],[31.7717733,46.5168266],[31.7702416,46.5189678],[31.7734787,46.5206079],[31.7650284,46.5203054],[31.7735351,46.5238222],[31.7839755,46.5231254],[31.7805334,46.521588],[31.783502,46.5210367],[31.7834904,46.5178088]]]},"properties":{"ha":75.0,"date":"2026-07-01","day":0,"country":"UA","place":"N.A., N.A.","rank":505}},{"type":"Feature","geometry":{"type":"Polygon","coordinates":[[[-6.4276191,42.9810699],[-6.4255244,42.9830135],[-6.4248328,42.9815434],[-6.422743,42.9818617],[-6.4231421,42.9811286],[-6.4212049,42.9799933],[-6.4224809,42.9824451],[-6.421001,42.9831271],[-6.4168894,42.9792195],[-6.4147503,42.9793449],[-6.4133535,42.9761676],[-6.4159541,42.9745613],[-6.4260346,42.9753043],[-6.4263969,42.9775116],[-6.4294653,42.978987],[-6.4264781,42.9793906],[-6.4276191,42.9810699]]]},"properties":{"ha":75.0,"date":"2026-07-08","day":7,"country":"ES","place":"Villablino, León","rank":506}},{"type":"Feature","geometry":{"type":"Polygon","coordinates":[[[12.8214377,43.1035058],[12.8116222,43.1045713],[12.8198933,43.1125664],[12.8264941,43.1148873],[12.826327,43.1111033],[12.8237999,43.1094063],[12.8214377,43.1035058]]]},"properties":{"ha":75.0,"date":"2026-07-15","day":14,"country":"IT","place":"Nocera Umbra, Perugia","rank":507}},{"type":"Feature","geometry":{"type":"Polygon","coordinates":[[[42.7252127,39.2850658],[42.7236683,39.2818378],[42.7249053,39.2795717],[42.721217,39.2766511],[42.7095177,39.2783957],[42.7097759,39.2798422],[42.7145257,39.2799295],[42.7145308,39.2822885],[42.7252127,39.2850658]]]},"properties":{"ha":75.0,"date":"2026-07-23","day":22,"country":"TR","place":"N.A., Ağrı","rank":508}},{"type":"Feature","geometry":{"type":"Polygon","coordinates":[[[22.204767,41.9474554],[22.2018245,41.9417017],[22.1960253,41.9451328],[22.1967717,41.9479926],[22.191312,41.9505942],[22.195566,41.9535368],[22.1989313,41.9508297],[22.2004106,41.9529563],[22.204767,41.9474554]]]},"properties":{"ha":73.0,"date":"2026-07-03","day":2,"country":"MK","place":"Probištip, Источен","rank":509}},{"type":"Feature","geometry":{"type":"Polygon","coordinates":[[[19.3055571,42.2955311],[19.3004766,42.3005366],[19.2991661,42.2997989],[19.297149,42.3046333],[19.2939347,42.3030321],[19.2941278,42.3049016],[19.292356,42.3051662],[19.2950735,42.312925],[19.2968394,42.3124754],[19.2984202,42.3069068],[19.3030403,42.3079699],[19.301889,42.3030098],[19.3035364,42.3028868],[19.3055571,42.2955311]],[[19.3027662,42.3013911],[19.3014346,42.3024851],[19.3023286,42.3009694],[19.3027662,42.3013911]]]},"properties":{"ha":73.0,"date":"2026-07-03","day":2,"country":"ME","place":"N.A., Црна Гора","rank":510}},{"type":"Feature","geometry":{"type":"Polygon","coordinates":[[[15.9124261,38.5965687],[15.9195337,38.5979791],[15.9162903,38.592674],[15.9181843,38.5922847],[15.9167512,38.5911535],[15.9181309,38.5897232],[15.9150657,38.5892303],[15.9205018,38.5893055],[15.91091,38.584667],[15.9119556,38.5870407],[15.9084323,38.5857342],[15.9079388,38.5889744],[15.911842,38.5901956],[15.9124261,38.5965687]]]},"properties":{"ha":73.0,"date":"2026-07-22","day":21,"country":"IT","place":"Joppolo, Vibo Valentia","rank":511}},{"type":"Feature","geometry":{"type":"Polygon","coordinates":[[[-8.5185417,41.4649495],[-8.5165404,41.4605661],[-8.5263697,41.4575065],[-8.527098,41.4556842],[-8.5325328,41.4574582],[-8.5292813,41.4626547],[-8.5185417,41.4649495]]]},"properties":{"ha":72.0,"date":"2026-07-02","day":1,"country":"PT","place":"Lemenhe, Mouquim e Jesufrei, Ave","rank":512}},{"type":"Feature","geometry":{"type":"Polygon","coordinates":[[[17.4709537,40.5092139],[17.4723694,40.5033819],[17.4708604,40.4972063],[17.4650588,40.5035552],[17.4605097,40.5032386],[17.4610547,40.4989645],[17.4583716,40.4993088],[17.458234,40.5028618],[17.4614773,40.5044417],[17.4602921,40.5052341],[17.4618784,40.5069032],[17.4662619,40.5084513],[17.470468,40.504616],[17.4696616,40.5089252],[17.4709537,40.5092139]]]},"properties":{"ha":72.0,"date":"2026-07-05","day":4,"country":"IT","place":"Grottaglie, Taranto","rank":513}},{"type":"Feature","geometry":{"type":"Polygon","coordinates":[[[17.0670753,39.1812681],[17.0837212,39.1845627],[17.0852823,39.1821671],[17.0806627,39.1779927],[17.0715163,39.1806129],[17.0658546,39.178906],[17.0699594,39.180987],[17.0670753,39.1812681]]]},"properties":{"ha":72.0,"date":"2026-07-24","day":23,"country":"IT","place":"Rocca di Neto, Crotone","rank":514}},{"type":"Feature","geometry":{"type":"Polygon","coordinates":[[[14.0785832,37.3257448],[14.0917629,37.3242234],[14.0885056,37.322364],[14.0883814,37.318994],[14.0843916,37.3205563],[14.0849248,37.3178036],[14.0825206,37.3188606],[14.0789025,37.316127],[14.0763757,37.3177758],[14.0769143,37.3222064],[14.0800866,37.32098],[14.0828451,37.3244909],[14.0785832,37.3257448]]]},"properties":{"ha":72.0,"date":"2026-07-13","day":12,"country":"IT","place":"Mazzarino, Caltanissetta","rank":515}},{"type":"Feature","geometry":{"type":"Polygon","coordinates":[[[37.7245475,48.595689],[37.7392603,48.5900641],[37.7268919,48.5924205],[37.7213907,48.5903705],[37.7182836,48.5915097],[37.7203559,48.5944431],[37.7189449,48.5953757],[37.7167976,48.5933511],[37.7135001,48.5940743],[37.7191862,48.600141],[37.7245475,48.595689]]]},"properties":{"ha":72.0,"date":"2026-07-19","day":18,"country":"UA","place":"N.A., N.A.","rank":516}},{"type":"Feature","geometry":{"type":"Polygon","coordinates":[[[35.3478902,47.4126025],[35.3449531,47.4099309],[35.3488164,47.4097139],[35.3446365,47.4084908],[35.3498151,47.4068906],[35.3370897,47.4043941],[35.3341516,47.4065665],[35.3347372,47.4082419],[35.3405919,47.4086426],[35.3392548,47.4116249],[35.3427518,47.4159369],[35.3478902,47.4126025]]]},"properties":{"ha":72.0,"date":"2026-07-20","day":19,"country":"UA","place":"N.A., N.A.","rank":517}},{"type":"Feature","geometry":{"type":"Polygon","coordinates":[[[13.7736777,37.2275355],[13.7722678,37.2261357],[13.7738179,37.2223887],[13.7714717,37.224679],[13.7706202,37.2224029],[13.7689804,37.2251148],[13.7696604,37.2317065],[13.7729464,37.2320779],[13.7721972,37.2344729],[13.7699214,37.2349705],[13.772432,37.2347271],[13.776215,37.2301313],[13.7770012,37.2320457],[13.7838141,37.2305769],[13.7822526,37.2261822],[13.7820156,37.2278619],[13.7798558,37.2264384],[13.7736777,37.2275355]]]},"properties":{"ha":72.0,"date":"2026-07-20","day":19,"country":"IT","place":"Naro, Agrigento","rank":518}},{"type":"Feature","geometry":{"type":"Polygon","coordinates":[[[16.5676166,38.797274],[16.5750272,38.7952145],[16.5737227,38.7936931],[16.5769517,38.7906956],[16.5715219,38.7895252],[16.5628267,38.7950838],[16.5667207,38.7993021],[16.5688055,38.7988706],[16.5676166,38.797274]]]},"properties":{"ha":72.0,"date":"2026-07-21","day":20,"country":"IT","place":"Squillace, Catanzaro","rank":519}},{"type":"Feature","geometry":{"type":"Polygon","coordinates":[[[-4.1558397,38.6534175],[-4.1575116,38.652641],[-4.1545673,38.6520627],[-4.1575389,38.6471293],[-4.1695386,38.647721],[-4.1681799,38.6515757],[-4.1558397,38.6534175]]]},"properties":{"ha":72.0,"date":"2026-07-22","day":21,"country":"ES","place":"Puertollano, Ciudad Real","rank":520}},{"type":"Feature","geometry":{"type":"Polygon","coordinates":[[[3.0625692,41.8649606],[3.058323,41.862086],[3.0591264,41.8572434],[3.0529179,41.8577431],[3.0525335,41.8557827],[3.0516334,41.8588688],[3.0494513,41.8590906],[3.0517606,41.8607444],[3.0503225,41.8643225],[3.0532702,41.8667507],[3.0625692,41.8649606]]]},"properties":{"ha":71.0,"date":"2026-07-03","day":2,"country":"ES","place":"Calonge, Girona","rank":521}},{"type":"Feature","geometry":{"type":"Polygon","coordinates":[[[37.6705533,48.9707812],[37.675886,48.9633389],[37.6730127,48.9598479],[37.6688046,48.9618264],[37.6652976,48.9595272],[37.6632974,48.9638246],[37.6641565,48.9680145],[37.6705533,48.9707812]]]},"properties":{"ha":71.0,"date":"2026-07-02","day":1,"country":"UA","place":"N.A., N.A.","rank":522}},{"type":"Feature","geometry":{"type":"Polygon","coordinates":[[[-7.5416989,40.9729123],[-7.5457241,40.9656231],[-7.5524345,40.9651047],[-7.5553574,40.9674511],[-7.5504903,40.9726384],[-7.5416989,40.9729123]]]},"properties":{"ha":71.0,"date":"2026-07-06","day":5,"country":"PT","place":"Vilar, Douro","rank":523}},{"type":"Feature","geometry":{"type":"Polygon","coordinates":[[[-0.4372122,42.9677776],[-0.4343225,42.9605819],[-0.4321,42.9590204],[-0.4301585,42.9602627],[-0.4305353,42.9577859],[-0.4265487,42.9563217],[-0.4285426,42.9562402],[-0.4283752,42.9546518],[-0.4226496,42.9533163],[-0.4207565,42.9505708],[-0.4281962,42.94896],[-0.427327,42.9509153],[-0.4347907,42.9564524],[-0.4312296,42.9560263],[-0.4308297,42.9573573],[-0.437005,42.957941],[-0.434434,42.9589181],[-0.4384041,42.9621383],[-0.4369472,42.9619511],[-0.4372122,42.9677776]]]},"properties":{"ha":71.0,"date":"2026-07-11","day":10,"country":"FR","place":"Laruns, Pyrénées-Atlantiques","rank":524}},{"type":"Feature","geometry":{"type":"Polygon","coordinates":[[[37.8367802,47.4589948],[37.8434525,47.4565248],[37.8437191,47.4507166],[37.8475815,47.4505839],[37.8411685,47.4488367],[37.8351116,47.4502284],[37.8358197,47.4533196],[37.8389591,47.455397],[37.8321485,47.4548351],[37.8311509,47.4576493],[37.8267682,47.4583942],[37.8367802,47.4589948]]]},"properties":{"ha":71.0,"date":"2026-07-03","day":2,"country":"UA","place":"N.A., N.A.","rank":525}},{"type":"Feature","geometry":{"type":"Polygon","coordinates":[[[-3.8752054,53.2749288],[-3.877146,53.2711725],[-3.8754676,53.2689012],[-3.8781359,53.2665874],[-3.8746893,53.2667248],[-3.8746157,53.2651741],[-3.8859344,53.2591866],[-3.8816417,53.266647],[-3.8844728,53.2702967],[-3.8800675,53.2749737],[-3.8752054,53.2749288]]]},"properties":{"ha":71.0,"date":"2026-07-12","day":11,"country":"UK","place":"Conwy, Conwy and Denbighshire","rank":526}},{"type":"Feature","geometry":{"type":"Polygon","coordinates":[[[37.8797346,48.5211035],[37.8806016,48.5193317],[37.8676678,48.5191988],[37.8651324,48.5166242],[37.8631306,48.5191907],[37.866249,48.5205603],[37.8615946,48.5222682],[37.8691068,48.5254789],[37.8758194,48.5230211],[37.8764776,48.5205871],[37.8797346,48.5211035]]]},"properties":{"ha":71.0,"date":"2026-07-19","day":18,"country":"UA","place":"N.A., N.A.","rank":527}},{"type":"Feature","geometry":{"type":"Polygon","coordinates":[[[33.0343586,46.2169342],[33.0215265,46.2159274],[33.022305,46.2137698],[33.0084837,46.2155158],[32.9973192,46.2144562],[32.9886584,46.2098182],[32.9954858,46.2149504],[33.0059411,46.2172174],[33.0170611,46.2168051],[33.0247077,46.219031],[33.0343586,46.2169342]]]},"properties":{"ha":71.0,"date":"2026-07-19","day":18,"country":"UA","place":"N.A., N.A.","rank":528}},{"type":"Feature","geometry":{"type":"Polygon","coordinates":[[[-5.1822276,41.8219253],[-5.1801817,41.8250056],[-5.1758448,41.8258604],[-5.17985,41.8282185],[-5.1789661,41.8292382],[-5.167461,41.8315392],[-5.1744115,41.8244929],[-5.173249,41.8222392],[-5.1767581,41.8204586],[-5.177216,41.8218258],[-5.1752888,41.8219453],[-5.1768486,41.8231911],[-5.1800397,41.8218652],[-5.178908,41.8207365],[-5.1822276,41.8219253]]]},"properties":{"ha":70.0,"date":"2026-07-02","day":1,"country":"ES","place":"Tordehumos, Valladolid","rank":529}},{"type":"Feature","geometry":{"type":"Polygon","coordinates":[[[33.9500693,46.484191],[33.9497731,46.4798925],[33.9456895,46.4775292],[33.9300906,46.4769747],[33.9385298,46.477385],[33.9374354,46.4834587],[33.9500693,46.484191]]]},"properties":{"ha":70.0,"date":"2026-07-01","day":0,"country":"UA","place":"N.A., N.A.","rank":530}},{"type":"Feature","geometry":{"type":"MultiPolygon","coordinates":[[[[38.1792369,48.9587911],[38.181603,48.9564169],[38.1802461,48.9531295],[38.1689848,48.953343],[38.1711511,48.9614233],[38.1784284,48.9615737],[38.1771137,48.9575235],[38.1792302,48.9570259],[38.1792369,48.9587911]]],[[[38.1798105,48.9597677],[38.1799075,48.9593921],[38.1793668,48.9592918],[38.1798105,48.9597677]]]]},"properties":{"ha":70.0,"date":"2026-07-08","day":7,"country":"UA","place":"N.A., N.A.","rank":531}},{"type":"Feature","geometry":{"type":"Polygon","coordinates":[[[16.2845967,39.4986519],[16.287642,39.4939522],[16.2839846,39.4954664],[16.2850114,39.496656],[16.2833775,39.4992825],[16.2790893,39.5004618],[16.2805058,39.5059885],[16.2897952,39.5077282],[16.2918114,39.5066356],[16.2918827,39.5043583],[16.289613,39.504469],[16.286728,39.5013106],[16.2884091,39.5006813],[16.2876077,39.4990693],[16.2845967,39.4986519]]]},"properties":{"ha":70.0,"date":"2026-07-15","day":14,"country":"IT","place":"Bisignano, Cosenza","rank":532}},{"type":"Feature","geometry":{"type":"Polygon","coordinates":[[[14.6639092,37.488655],[14.6620089,37.4883129],[14.6647279,37.4845154],[14.6619893,37.4828225],[14.6608064,37.4788218],[14.6537326,37.4814223],[14.6543914,37.486029],[14.656045,37.4836451],[14.6591588,37.48498],[14.6558105,37.4885174],[14.6592437,37.4881606],[14.659543,37.4900589],[14.662138,37.4907619],[14.6639092,37.488655]]]},"properties":{"ha":70.0,"date":"2026-07-20","day":19,"country":"IT","place":"Castel di Iudica, Catania","rank":533}},{"type":"Feature","geometry":{"type":"Polygon","coordinates":[[[-2.8853835,41.3614239],[-2.8867476,41.3650719],[-2.8857189,41.3708079],[-2.881047,41.3730582],[-2.8783216,41.3698503],[-2.8790328,41.3638521],[-2.8823543,41.3609944],[-2.8853835,41.3614239]],[[-2.8827144,41.3655334],[-2.8851236,41.3671308],[-2.8831049,41.3651224],[-2.8827144,41.3655334]]]},"properties":{"ha":70.0,"date":"2026-07-13","day":12,"country":"ES","place":"Berlanga de Duero, Soria","rank":534}},{"type":"Feature","geometry":{"type":"Polygon","coordinates":[[[1.4389837,47.4517691],[1.4438091,47.4497914],[1.4400987,47.4486415],[1.4406202,47.4459125],[1.4434964,47.4453616],[1.4405184,47.4428655],[1.4357188,47.4426005],[1.427763,47.4479626],[1.4389837,47.4517691]]]},"properties":{"ha":69.0,"date":"2026-07-07","day":6,"country":"FR","place":"Fresnes, Loir-et-Cher","rank":535}},{"type":"Feature","geometry":{"type":"Polygon","coordinates":[[[35.4574985,47.4692571],[35.4522379,47.4648464],[35.4436907,47.4694779],[35.4398766,47.4695854],[35.4394299,47.4715098],[35.4434613,47.4726121],[35.4466894,47.4702955],[35.4467797,47.4730585],[35.4514517,47.4733044],[35.4512769,47.4706887],[35.4574985,47.4692571]]]},"properties":{"ha":69.0,"date":"2026-07-01","day":0,"country":"UA","place":"N.A., N.A.","rank":536}},{"type":"Feature","geometry":{"type":"Polygon","coordinates":[[[38.3780501,48.7625722],[38.393726,48.7554245],[38.3925284,48.751434],[38.3849185,48.7530969],[38.3842013,48.7587314],[38.3800388,48.7583024],[38.3781609,48.7553889],[38.3749154,48.7605325],[38.3753392,48.7617558],[38.3791111,48.75997],[38.3780501,48.7625722]]]},"properties":{"ha":69.0,"date":"2026-07-21","day":20,"country":"UA","place":"N.A., N.A.","rank":537}},{"type":"Feature","geometry":{"type":"Polygon","coordinates":[[[38.0284433,48.7449325],[38.0257144,48.7446655],[38.0239167,48.7410243],[38.0176955,48.7418086],[38.0170614,48.739412],[38.0132291,48.7387156],[38.0167432,48.737072],[38.011143,48.7355275],[38.00631,48.7394733],[38.0116077,48.7428857],[38.0250854,48.7455435],[38.0284433,48.7449325]]]},"properties":{"ha":69.0,"date":"2026-07-20","day":19,"country":"UA","place":"N.A., N.A.","rank":538}},{"type":"Feature","geometry":{"type":"Polygon","coordinates":[[[37.6604303,48.6529804],[37.6479355,48.6450596],[37.6436963,48.6478022],[37.6541669,48.6560347],[37.6592337,48.6552053],[37.6604303,48.6529804]]]},"properties":{"ha":69.0,"date":"2026-07-20","day":19,"country":"UA","place":"N.A., N.A.","rank":539}},{"type":"Feature","geometry":{"type":"Polygon","coordinates":[[[37.5505463,47.8086559],[37.5564257,47.807611],[37.5587086,47.8034706],[37.5637089,47.802397],[37.5641354,47.8001068],[37.5692767,47.8012187],[37.5691875,47.797708],[37.5597371,47.7989042],[37.5606628,47.797157],[37.5584954,47.7976157],[37.5505463,47.8086559]]]},"properties":{"ha":69.0,"date":"2026-07-18","day":17,"country":"UA","place":"N.A., N.A.","rank":540}},{"type":"Feature","geometry":{"type":"Polygon","coordinates":[[[22.2113507,39.5232829],[22.2095536,39.5215538],[22.2123583,39.5212699],[22.2121706,39.5196205],[22.2091197,39.5178569],[22.1955966,39.5182915],[22.1958308,39.5207588],[22.2008832,39.5230615],[22.2113507,39.5232829]]]},"properties":{"ha":68.0,"date":"2026-07-08","day":7,"country":"EL","place":"Τοπική Κοινότητα Λουτρού Λαρίσης, Λάρισα","rank":541}},{"type":"Feature","geometry":{"type":"Polygon","coordinates":[[[14.9268519,37.59916],[14.9335254,37.6035931],[14.9350851,37.6032317],[14.9316532,37.5931392],[14.9216591,37.5925751],[14.9219329,37.5942415],[14.9262879,37.5952306],[14.9268519,37.59916]]]},"properties":{"ha":68.0,"date":"2026-07-22","day":21,"country":"IT","place":"Paternò, Catania","rank":542}},{"type":"Feature","geometry":{"type":"Polygon","coordinates":[[[35.2177445,46.7520204],[35.2162874,46.7482486],[35.2189557,46.7467377],[35.2145172,46.7382624],[35.2129228,46.7379368],[35.2141158,46.7408925],[35.2119893,46.7412467],[35.2065006,46.7317632],[35.2038833,46.7306675],[35.2146887,46.7512069],[35.2177445,46.7520204]]]},"properties":{"ha":68.0,"date":"2026-07-19","day":18,"country":"UA","place":"N.A., N.A.","rank":543}},{"type":"Feature","geometry":{"type":"Polygon","coordinates":[[[-6.0932644,40.0115654],[-6.0886557,40.0088318],[-6.0887882,40.004734],[-6.0861972,40.0030906],[-6.0866254,40.0005851],[-6.0903504,39.9999026],[-6.0873639,39.9968045],[-6.0912544,39.9980121],[-6.0913223,39.9998227],[-6.0927565,39.9989438],[-6.0887246,40.0018354],[-6.0894177,40.0030546],[-6.0876708,40.002862],[-6.0924358,40.0052128],[-6.0963255,40.0039931],[-6.0980658,40.008272],[-6.0932644,40.0115654]]]},"properties":{"ha":67.0,"date":"2026-07-01","day":0,"country":"ES","place":"Plasencia, Cáceres","rank":544}},{"type":"Feature","geometry":{"type":"Polygon","coordinates":[[[3.7837762,44.8194049],[3.7828958,44.81725],[3.7807347,44.8196218],[3.77658,44.8182977],[3.7782035,44.8165493],[3.7740078,44.8174971],[3.7719141,44.8151723],[3.7682234,44.8153186],[3.7691361,44.8118338],[3.7605861,44.8153357],[3.7628037,44.8173037],[3.7713112,44.8177265],[3.7681047,44.8197448],[3.7756487,44.8209606],[3.7778342,44.819257],[3.7813642,44.8208003],[3.7837762,44.8194049]]]},"properties":{"ha":67.0,"date":"2026-07-05","day":4,"country":"FR","place":"Rauret, Haute-Loire","rank":545}},{"type":"Feature","geometry":{"type":"Polygon","coordinates":[[[17.0709305,39.3307831],[17.0794175,39.3254523],[17.0768824,39.320743],[17.0717452,39.3222155],[17.0721043,39.3262748],[17.0699572,39.3265198],[17.0683138,39.3242239],[17.0652215,39.3249655],[17.0672567,39.3283821],[17.0705001,39.3277561],[17.0709305,39.3307831]]]},"properties":{"ha":67.0,"date":"2026-07-25","day":24,"country":"IT","place":"Cirò Marina, Crotone","rank":546}},{"type":"Feature","geometry":{"type":"Polygon","coordinates":[[[37.3027596,48.0186795],[37.3121466,48.0126599],[37.3079819,48.0122188],[37.3080296,48.0102441],[37.296811,48.0109232],[37.2966691,48.0166015],[37.3027596,48.0186795]]]},"properties":{"ha":67.0,"date":"2026-07-21","day":20,"country":"UA","place":"N.A., N.A.","rank":547}},{"type":"Feature","geometry":{"type":"Polygon","coordinates":[[[-3.1141242,41.1956444],[-3.1116128,41.1932014],[-3.1182125,41.1878126],[-3.1107856,41.1874704],[-3.1187843,41.1799249],[-3.1183062,41.1867626],[-3.1213813,41.1893145],[-3.1250275,41.1889959],[-3.1251179,41.1905236],[-3.1184227,41.1907439],[-3.1196034,41.1924],[-3.1141242,41.1956444]]]},"properties":{"ha":67.0,"date":"2026-07-21","day":20,"country":"ES","place":"Condemios de Abajo, Guadalajara","rank":548}},{"type":"Feature","geometry":{"type":"Polygon","coordinates":[[[-8.6122979,41.4469004],[-8.6109452,41.4467216],[-8.6125795,41.447515],[-8.6102642,41.4517176],[-8.6073726,41.452457],[-8.6040431,41.4491041],[-8.6059793,41.4455287],[-8.6037216,41.4431507],[-8.6114661,41.4409562],[-8.6122979,41.4469004]]]},"properties":{"ha":66.0,"date":"2026-07-02","day":1,"country":"PT","place":"Chorente, Góios, Courel, Pedra Furada e Gueral, Cávado","rank":549}},{"type":"Feature","geometry":{"type":"Polygon","coordinates":[[[36.7080323,48.0103203],[36.7138265,48.0066584],[36.7242553,48.0045141],[36.7211776,48.0032727],[36.7227038,48.0016404],[36.7185696,48.0001166],[36.7172294,48.0042885],[36.7162977,48.0017675],[36.714357,48.001695],[36.7126546,48.0060968],[36.7082452,48.0039094],[36.7014222,48.0078755],[36.7012415,48.009784],[36.7080323,48.0103203]]]},"properties":{"ha":66.0,"date":"2026-07-02","day":1,"country":"UA","place":"N.A., N.A.","rank":550}},{"type":"Feature","geometry":{"type":"Polygon","coordinates":[[[37.2821095,47.7895978],[37.291177,47.7904323],[37.2853619,47.7808503],[37.2793427,47.7820359],[37.276158,47.7849717],[37.2802773,47.7864081],[37.2821095,47.7895978]]]},"properties":{"ha":66.0,"date":"2026-07-03","day":2,"country":"UA","place":"N.A., N.A.","rank":551}},{"type":"Feature","geometry":{"type":"Polygon","coordinates":[[[38.2533299,49.1630186],[38.2458766,49.1550857],[38.2386664,49.1537754],[38.2384306,49.1561597],[38.2417775,49.1570613],[38.2426409,49.1640278],[38.2533299,49.1630186]]]},"properties":{"ha":65.0,"date":"2026-07-20","day":19,"country":"UA","place":"N.A., N.A.","rank":552}},{"type":"Feature","geometry":{"type":"Polygon","coordinates":[[[15.8352055,39.9667167],[15.8350591,39.9582023],[15.83027,39.96299],[15.8258084,39.9640836],[15.8234039,39.9626598],[15.8222863,39.9645121],[15.8260489,39.9655522],[15.8241381,39.9688742],[15.8303494,39.9698762],[15.8352055,39.9667167]]]},"properties":{"ha":65.0,"date":"2026-07-22","day":21,"country":"IT","place":"Tortora, Cosenza","rank":553}},{"type":"Feature","geometry":{"type":"Polygon","coordinates":[[[19.765749,40.0877165],[19.7664392,40.0825848],[19.7641046,40.0831959],[19.7657364,40.0809307],[19.7591399,40.0800104],[19.7565776,40.0819121],[19.7497935,40.0800704],[19.7582349,40.085295],[19.7592411,40.0899672],[19.7622923,40.0843521],[19.7638797,40.0845765],[19.7625992,40.087309],[19.765749,40.0877165]]]},"properties":{"ha":65.0,"date":"2026-07-14","day":13,"country":"AL","place":"Himarë, Vlorë","rank":554}},{"type":"Feature","geometry":{"type":"Polygon","coordinates":[[[13.2360423,37.9700772],[13.2251142,37.9636348],[13.2192898,37.9632995],[13.222295,37.9649752],[13.226072,37.9717405],[13.2360423,37.9700772]]]},"properties":{"ha":65.0,"date":"2026-07-17","day":16,"country":"IT","place":"Monreale, Palermo","rank":555}},{"type":"Feature","geometry":{"type":"Polygon","coordinates":[[[15.0550536,37.8898246],[15.059482,37.8867727],[15.0624348,37.8883161],[15.0639042,37.887706],[15.0629206,37.886477],[15.0670529,37.8865431],[15.0640042,37.8837035],[15.054268,37.8848941],[15.0525486,37.8870081],[15.0501123,37.8847118],[15.0477589,37.885304],[15.0493158,37.8870346],[15.0487111,37.8907334],[15.0550536,37.8898246]]]},"properties":{"ha":65.0,"date":"2026-07-17","day":16,"country":"IT","place":"Castiglione di Sicilia, Catania","rank":556}},{"type":"Feature","geometry":{"type":"Polygon","coordinates":[[[36.8102304,48.1393544],[36.8078138,48.1369621],[36.8084257,48.1307952],[36.8118096,48.1318097],[36.8127149,48.129303],[36.813292,48.1304656],[36.8177135,48.1283497],[36.8174682,48.1261226],[36.8083075,48.1270008],[36.8062344,48.1297562],[36.8020841,48.1301269],[36.8066678,48.1326895],[36.8010808,48.1379864],[36.8102304,48.1393544]]]},"properties":{"ha":65.0,"date":"2026-07-20","day":19,"country":"UA","place":"N.A., N.A.","rank":557}},{"type":"Feature","geometry":{"type":"Polygon","coordinates":[[[14.399099,37.0472934],[14.3956923,37.0520178],[14.3971248,37.0539861],[14.393478,37.0583945],[14.3948381,37.061715],[14.3988158,37.0594566],[14.4008986,37.0527475],[14.4017723,37.0550633],[14.4030816,37.052399],[14.4063843,37.0530709],[14.4010166,37.0496584],[14.4025193,37.0476129],[14.399099,37.0472934]]]},"properties":{"ha":65.0,"date":"2026-07-11","day":10,"country":"IT","place":"Gela, Caltanissetta","rank":558}},{"type":"Feature","geometry":{"type":"Polygon","coordinates":[[[38.1215105,49.0388076],[38.1194349,49.0373292],[38.1222014,49.0324955],[38.1199323,49.0313885],[38.1103791,49.036614],[38.1090344,49.0399016],[38.113799,49.0421409],[38.1215105,49.0388076]]]},"properties":{"ha":64.0,"date":"2026-07-03","day":2,"country":"UA","place":"N.A., N.A.","rank":559}},{"type":"Feature","geometry":{"type":"Polygon","coordinates":[[[4.805213,44.8841646],[4.8093478,44.8817767],[4.8085237,44.8792721],[4.811252,44.8783365],[4.8093408,44.8750953],[4.8006596,44.8777358],[4.8027465,44.8796167],[4.7986064,44.8780378],[4.7990167,44.880726],[4.7967033,44.8798615],[4.8025269,44.8854121],[4.8026898,44.8834233],[4.805213,44.8841646]]]},"properties":{"ha":64.0,"date":"2026-07-07","day":6,"country":"FR","place":"Saint-Georges-les-Bains, Ardèche","rank":560}},{"type":"Feature","geometry":{"type":"Polygon","coordinates":[[[36.8632225,48.0305711],[36.8735311,48.0303406],[36.8731164,48.0273786],[36.8767153,48.0265876],[36.8760732,48.0238425],[36.8797718,48.0219441],[36.8668955,48.024502],[36.8685584,48.0272072],[36.8671673,48.0278408],[36.863786,48.0253687],[36.8632225,48.0305711]]]},"properties":{"ha":64.0,"date":"2026-07-16","day":15,"country":"UA","place":"N.A., N.A.","rank":561}},{"type":"Feature","geometry":{"type":"Polygon","coordinates":[[[35.2064038,47.4324259],[35.2140627,47.4324378],[35.2152443,47.4216694],[35.2114864,47.4216802],[35.2062495,47.4278902],[35.2064038,47.4324259]]]},"properties":{"ha":64.0,"date":"2026-07-19","day":18,"country":"UA","place":"N.A., N.A.","rank":562}},{"type":"Feature","geometry":{"type":"Polygon","coordinates":[[[36.6474982,47.8672307],[36.6425629,47.8672905],[36.6405449,47.8699857],[36.6303823,47.8685129],[36.628125,47.8702066],[36.6319336,47.8707024],[36.6322745,47.872573],[36.6457347,47.8735601],[36.6474982,47.8672307]]]},"properties":{"ha":64.0,"date":"2026-07-18","day":17,"country":"UA","place":"N.A., N.A.","rank":563}},{"type":"Feature","geometry":{"type":"Polygon","coordinates":[[[-5.3432526,43.1355112],[-5.3508508,43.1362999],[-5.3455419,43.1387205],[-5.3518086,43.1370092],[-5.3509421,43.1411083],[-5.3497565,43.1403208],[-5.3477099,43.1405811],[-5.3500566,43.1407506],[-5.3479832,43.1421357],[-5.3486414,43.1463654],[-5.3463317,43.1471242],[-5.3435779,43.1441543],[-5.341751,43.1459104],[-5.340224,43.1428717],[-5.3435649,43.1414322],[-5.3434887,43.1436851],[-5.3439006,43.1407699],[-5.3458642,43.1402846],[-5.3436286,43.1397694],[-5.3451654,43.1383533],[-5.3422774,43.1383418],[-5.3432526,43.1355112]]]},"properties":{"ha":64.0,"date":"2026-07-12","day":11,"country":"ES","place":"Caso, Asturias","rank":564}},{"type":"Feature","geometry":{"type":"Polygon","coordinates":[[[15.8500762,39.8288922],[15.8500679,39.8343359],[15.8576567,39.8298232],[15.8579666,39.8321147],[15.8609488,39.8317761],[15.8635478,39.8281653],[15.8627542,39.8251561],[15.8587368,39.8210541],[15.8562699,39.8234583],[15.8609333,39.8260143],[15.8595198,39.8289625],[15.858202,39.8292898],[15.8583611,39.8259684],[15.8537399,39.8266403],[15.8500762,39.8288922]]]},"properties":{"ha":63.0,"date":"2026-07-05","day":4,"country":"IT","place":"Santa Domenica Talao, Cosenza","rank":565}},{"type":"Feature","geometry":{"type":"Polygon","coordinates":[[[39.3095712,38.171646],[39.306636,38.1668292],[39.2998067,38.1653711],[39.2988271,38.1688675],[39.3020592,38.1695689],[39.2994552,38.1727822],[39.3006864,38.1754314],[39.3058682,38.1757157],[39.3095712,38.171646]]]},"properties":{"ha":63.0,"date":"2026-07-05","day":4,"country":"TR","place":"N.A., Diyarbakır","rank":566}},{"type":"Feature","geometry":{"type":"Polygon","coordinates":[[[4.6785827,43.9782383],[4.6795403,43.9862805],[4.6775565,43.9858109],[4.6860372,43.9902187],[4.6886806,43.9839517],[4.6859155,43.983487],[4.6826699,43.9795652],[4.6834177,43.9812496],[4.6806557,43.9810089],[4.6785827,43.9782383]]]},"properties":{"ha":63.0,"date":"2026-07-04","day":3,"country":"FR","place":"Rochefort-du-Gard, Gard","rank":567}},{"type":"Feature","geometry":{"type":"Polygon","coordinates":[[[6.4439526,43.4545673],[6.4450945,43.4560857],[6.4466254,43.454515],[6.4518618,43.455504],[6.4458767,43.4537597],[6.4489819,43.4527298],[6.4462109,43.452872],[6.446873,43.4495782],[6.4416093,43.4524605],[6.4316178,43.4526487],[6.4394353,43.4593374],[6.4428977,43.4578347],[6.4439526,43.4545673]]]},"properties":{"ha":63.0,"date":"2026-07-19","day":18,"country":"FR","place":"Taradeau, Var","rank":568}},{"type":"Feature","geometry":{"type":"Polygon","coordinates":[[[35.163925,46.8207064],[35.1732812,46.816994],[35.152746,46.8145326],[35.1502618,46.8152314],[35.1489039,46.8189138],[35.1560532,46.8171737],[35.163925,46.8207064]]]},"properties":{"ha":63.0,"date":"2026-07-18","day":17,"country":"UA","place":"N.A., N.A.","rank":569}},{"type":"Feature","geometry":{"type":"Polygon","coordinates":[[[35.2497588,46.7221554],[35.2494583,46.7192168],[35.2548137,46.7184799],[35.2479921,46.7140659],[35.2403751,46.7131508],[35.2425882,46.7206307],[35.2497588,46.7221554]]]},"properties":{"ha":63.0,"date":"2026-07-20","day":19,"country":"UA","place":"N.A., N.A.","rank":570}},{"type":"Feature","geometry":{"type":"Polygon","coordinates":[[[13.3333725,37.3785693],[13.3350533,37.3765256],[13.330183,37.377102],[13.3346089,37.375411],[13.3344332,37.3737983],[13.3285991,37.3755707],[13.3280464,37.3814754],[13.3245554,37.3849037],[13.3304642,37.3792992],[13.3316582,37.3805266],[13.329927,37.3825209],[13.3328833,37.3855295],[13.3312875,37.3852407],[13.335755,37.3867472],[13.3354137,37.384334],[13.3398998,37.3829856],[13.3365682,37.3827334],[13.3333725,37.3785693]]]},"properties":{"ha":62.0,"date":"2026-07-21","day":20,"country":"IT","place":"Siculiana, Agrigento","rank":571}},{"type":"Feature","geometry":{"type":"Polygon","coordinates":[[[31.8392345,38.9506285],[31.8454683,38.9506645],[31.844844,38.9485312],[31.8462864,38.9448779],[31.8423727,38.9455214],[31.8426669,38.9441166],[31.8359723,38.9446658],[31.8364067,38.9478269],[31.8353683,38.9469621],[31.83401,38.9494246],[31.8370766,38.9525719],[31.8392345,38.9506285]]]},"properties":{"ha":62.0,"date":"2026-07-07","day":6,"country":"TR","place":"N.A., Konya","rank":572}},{"type":"Feature","geometry":{"type":"Polygon","coordinates":[[[1.9664915,47.8028588],[1.9730184,47.8009141],[1.9751107,47.8024346],[1.9754908,47.8001182],[1.9780404,47.799973],[1.9674883,47.7959576],[1.9621116,47.7963016],[1.9642405,47.7948372],[1.9631504,47.7937794],[1.9610427,47.7961483],[1.9618427,47.7998188],[1.9602289,47.800308],[1.9664915,47.8028588]]]},"properties":{"ha":62.0,"date":"2026-07-12","day":11,"country":"FR","place":"Saint-Cyr-en-Val, Loiret","rank":573}},{"type":"Feature","geometry":{"type":"Polygon","coordinates":[[[35.50322,47.6177583],[35.5016086,47.6198515],[35.5027944,47.6226207],[35.5047595,47.6203138],[35.5080092,47.6215113],[35.5070603,47.6235013],[35.5094148,47.6219923],[35.5077819,47.6250968],[35.5106283,47.623706],[35.5175677,47.6245328],[35.5125457,47.6214864],[35.5174237,47.6196798],[35.5168731,47.6183562],[35.5109181,47.619169],[35.5013878,47.6148599],[35.50322,47.6177583]]]},"properties":{"ha":62.0,"date":"2026-07-04","day":3,"country":"UA","place":"N.A., N.A.","rank":574}},{"type":"Feature","geometry":{"type":"Polygon","coordinates":[[[35.8478494,47.4506089],[35.8484887,47.4458414],[35.8452701,47.4464249],[35.8466062,47.4438634],[35.8437558,47.4435292],[35.8415935,47.44881],[35.8382124,47.4480161],[35.8241396,47.4565193],[35.8345941,47.4545801],[35.8378277,47.4506153],[35.8478494,47.4506089]]]},"properties":{"ha":62.0,"date":"2026-07-20","day":19,"country":"UA","place":"N.A., N.A.","rank":575}},{"type":"Feature","geometry":{"type":"Polygon","coordinates":[[[20.2219343,39.7475823],[20.2228389,39.7446245],[20.2195008,39.7462516],[20.2207526,39.7437986],[20.2181067,39.7426312],[20.210318,39.7437402],[20.2092311,39.7466948],[20.2127243,39.7495382],[20.2219343,39.7475823]]]},"properties":{"ha":62.0,"date":"2026-07-15","day":14,"country":"AL","place":"Konispol, Vlorë","rank":576}},{"type":"Feature","geometry":{"type":"Polygon","coordinates":[[[13.7278495,37.1947531],[13.7312657,37.1955867],[13.7298398,37.1968841],[13.733945,37.1972261],[13.7337416,37.1988959],[13.7364284,37.1979666],[13.7368713,37.1952474],[13.7412335,37.1943897],[13.7382335,37.1929717],[13.7353577,37.1939741],[13.7345239,37.1912328],[13.7324629,37.191685],[13.7284369,37.1885029],[13.7257274,37.1904278],[13.729101,37.193244],[13.7278495,37.1947531]]]},"properties":{"ha":62.0,"date":"2026-07-17","day":16,"country":"IT","place":"Palma di Montechiaro, Agrigento","rank":577}},{"type":"Feature","geometry":{"type":"Polygon","coordinates":[[[13.6894739,37.5646015],[13.6952803,37.5616423],[13.6896196,37.5622503],[13.6887914,37.5590437],[13.6834335,37.5617422],[13.6837875,37.5642088],[13.6874026,37.5639012],[13.6911666,37.5671621],[13.7003717,37.5701433],[13.7004455,37.5685351],[13.7052589,37.5671926],[13.6999525,37.5656259],[13.6959311,37.5673108],[13.6972394,37.5656713],[13.6894739,37.5646015]]]},"properties":{"ha":62.0,"date":"2026-07-17","day":16,"country":"IT","place":"Acquaviva Platani, Caltanissetta","rank":578}},{"type":"Feature","geometry":{"type":"Polygon","coordinates":[[[39.1542174,48.7813919],[39.1581883,48.778518],[39.1602295,48.7727333],[39.1524151,48.7730186],[39.1470601,48.7765531],[39.1508267,48.7807289],[39.1542174,48.7813919]]]},"properties":{"ha":62.0,"date":"2026-07-19","day":18,"country":"UA","place":"N.A., N.A.","rank":579}},{"type":"Feature","geometry":{"type":"Polygon","coordinates":[[[38.3069695,48.9446471],[38.3110849,48.9392853],[38.306789,48.9366575],[38.296222,48.9409556],[38.2993549,48.9451056],[38.3061172,48.9432782],[38.3069695,48.9446471]]]},"properties":{"ha":61.0,"date":"2026-07-19","day":18,"country":"UA","place":"N.A., N.A.","rank":580}},{"type":"Feature","geometry":{"type":"Polygon","coordinates":[[[1.2111217,46.7640845],[1.2115423,46.7622893],[1.2077169,46.7616674],[1.2103886,46.76656],[1.2093769,46.7683251],[1.2035112,46.7671658],[1.2046354,46.769569],[1.212035,46.7708181],[1.2145543,46.7698153],[1.2155842,46.7666225],[1.2187311,46.7731944],[1.2215107,46.7668826],[1.2111217,46.7640845]]]},"properties":{"ha":61.0,"date":"2026-07-08","day":7,"country":"FR","place":"Saint-Michel-en-Brenne, Indre","rank":581}},{"type":"Feature","geometry":{"type":"Polygon","coordinates":[[[-3.9936884,42.3074306],[-3.9921148,42.3048525],[-3.9885713,42.3043055],[-3.989514,42.3010165],[-4.0047665,42.3033022],[-3.9936884,42.3074306]]]},"properties":{"ha":60.0,"date":"2026-07-07","day":6,"country":"ES","place":"Iglesias, Burgos","rank":582}},{"type":"Feature","geometry":{"type":"Polygon","coordinates":[[[33.1897875,46.8376219],[33.2043663,46.8358193],[33.2025671,46.8326889],[33.1981556,46.8298537],[33.1963583,46.8311169],[33.1981786,46.8323535],[33.1940897,46.8322804],[33.1883026,46.8360696],[33.1897875,46.8376219]]]},"properties":{"ha":60.0,"date":"2026-07-01","day":0,"country":"UA","place":"N.A., N.A.","rank":583}},{"type":"Feature","geometry":{"type":"Polygon","coordinates":[[[37.5597389,48.9955785],[37.5609253,48.9972118],[37.5616417,48.9943749],[37.5654947,48.994648],[37.5666685,48.997872],[37.5675328,48.9942431],[37.5486462,48.9913758],[37.5486844,48.9928139],[37.5456758,48.9925704],[37.5447048,48.9954924],[37.5597389,48.9955785]]]},"properties":{"ha":60.0,"date":"2026-07-13","day":12,"country":"UA","place":"N.A., N.A.","rank":584}},{"type":"Feature","geometry":{"type":"Polygon","coordinates":[[[37.1924686,48.3161721],[37.1944766,48.3122319],[37.1876117,48.3077679],[37.1847131,48.3088466],[37.1860096,48.3120202],[37.1791929,48.3104224],[37.1853513,48.3151888],[37.1924686,48.3161721]]]},"properties":{"ha":60.0,"date":"2026-07-02","day":1,"country":"UA","place":"N.A., N.A.","rank":585}},{"type":"Feature","geometry":{"type":"Polygon","coordinates":[[[38.7003229,48.721235],[38.7019757,48.7174716],[38.699759,48.7164765],[38.7000261,48.713965],[38.703243,48.7104472],[38.6877438,48.7161231],[38.6889518,48.7174875],[38.6948232,48.7168195],[38.6957601,48.720326],[38.7003229,48.721235]]]},"properties":{"ha":60.0,"date":"2026-07-07","day":6,"country":"UA","place":"N.A., N.A.","rank":586}},{"type":"Feature","geometry":{"type":"Polygon","coordinates":[[[37.0151319,49.2496404],[37.0151578,49.2469248],[37.0093937,49.2439346],[37.0027149,49.2443369],[37.0039176,49.2503195],[37.0104424,49.2513687],[37.0151319,49.2496404]]]},"properties":{"ha":60.0,"date":"2026-07-03","day":2,"country":"UA","place":"N.A., N.A.","rank":587}},{"type":"Feature","geometry":{"type":"Polygon","coordinates":[[[15.9773522,39.5112679],[15.983026,39.5138455],[15.9844647,39.5127079],[15.9824162,39.5116995],[15.9833346,39.5106298],[15.9893126,39.5094527],[15.9818787,39.5051536],[15.9774517,39.5053866],[15.9769333,39.5070618],[15.9717954,39.5061898],[15.9774548,39.5081341],[15.976156,39.5097336],[15.9773522,39.5112679]]]},"properties":{"ha":60.0,"date":"2026-07-24","day":23,"country":"IT","place":"Cetraro, Cosenza","rank":588}},{"type":"Feature","geometry":{"type":"Polygon","coordinates":[[[36.6436769,46.811517],[36.6558547,46.8056522],[36.6549172,46.8026377],[36.6566429,46.8015116],[36.6529501,46.7974479],[36.6436769,46.811517]]]},"properties":{"ha":60.0,"date":"2026-07-18","day":17,"country":"UA","place":"N.A., N.A.","rank":589}},{"type":"Feature","geometry":{"type":"Polygon","coordinates":[[[38.4610953,48.7425425],[38.4619255,48.7371762],[38.4436284,48.7374518],[38.4443516,48.7412824],[38.4610953,48.7425425]]]},"properties":{"ha":60.0,"date":"2026-07-21","day":20,"country":"UA","place":"N.A., N.A.","rank":590}},{"type":"Feature","geometry":{"type":"Polygon","coordinates":[[[14.4539785,37.0443265],[14.4601171,37.0494896],[14.4620913,37.0489008],[14.4598589,37.0452953],[14.4571439,37.0448976],[14.4567936,37.0417831],[14.4505392,37.0413947],[14.4467281,37.0451281],[14.4507453,37.0495249],[14.4543946,37.0498544],[14.4550386,37.0471688],[14.4545642,37.0454696],[14.4518607,37.0481775],[14.4495415,37.0475935],[14.450261,37.0445619],[14.4539785,37.0443265]]]},"properties":{"ha":60.0,"date":"2026-07-20","day":19,"country":"IT","place":"Acate, Ragusa","rank":591}},{"type":"Feature","geometry":{"type":"Polygon","coordinates":[[[32.6924634,46.4339854],[32.6889356,46.431463],[32.6874802,46.4271271],[32.683886,46.4265673],[32.6822664,46.4289422],[32.6763912,46.4269405],[32.6834336,46.4334046],[32.6924634,46.4339854]]]},"properties":{"ha":59.0,"date":"2026-07-01","day":0,"country":"UA","place":"N.A., N.A.","rank":592}},{"type":"Feature","geometry":{"type":"Polygon","coordinates":[[[37.5258136,49.1945743],[37.5295089,49.190722],[37.5241692,49.1894423],[37.5247976,49.1847933],[37.5192588,49.1861009],[37.5209092,49.1895753],[37.5183787,49.1928027],[37.5202612,49.1957005],[37.5258136,49.1945743]]]},"properties":{"ha":59.0,"date":"2026-07-03","day":2,"country":"UA","place":"N.A., N.A.","rank":593}},{"type":"Feature","geometry":{"type":"Polygon","coordinates":[[[38.4606636,48.7465774],[38.4612596,48.7445597],[38.4556159,48.7432876],[38.4438511,48.7442436],[38.4470509,48.7486122],[38.4606636,48.7465774]]]},"properties":{"ha":59.0,"date":"2026-07-21","day":20,"country":"UA","place":"N.A., N.A.","rank":594}},{"type":"Feature","geometry":{"type":"Polygon","coordinates":[[[36.9120456,48.1015679],[36.9111566,48.0981556],[36.9134103,48.089145],[36.909061,48.0910212],[36.909737,48.0886452],[36.9075999,48.088286],[36.9068158,48.0911897],[36.9027856,48.0922146],[36.9088277,48.0931556],[36.9102781,48.0965267],[36.9073935,48.0990306],[36.8996128,48.0997701],[36.9057504,48.1025278],[36.9094918,48.100705],[36.9120456,48.1015679]]]},"properties":{"ha":59.0,"date":"2026-07-20","day":19,"country":"UA","place":"N.A., N.A.","rank":595}},{"type":"Feature","geometry":{"type":"Polygon","coordinates":[[[33.8812394,47.1374584],[33.8900052,47.1388851],[33.8925591,47.1384244],[33.8902995,47.1382508],[33.889033,47.1350724],[33.8912174,47.1342981],[33.8922028,47.1311098],[33.8955793,47.1317281],[33.8960842,47.1288226],[33.8828344,47.1314282],[33.8812394,47.1374584]]]},"properties":{"ha":59.0,"date":"2026-07-18","day":17,"country":"UA","place":"N.A., N.A.","rank":596}},{"type":"Feature","geometry":{"type":"Polygon","coordinates":[[[13.3868242,37.4122019],[13.388709,37.4099082],[13.3863486,37.4095318],[13.3885591,37.4086974],[13.3873049,37.4061775],[13.389182,37.4061011],[13.3878605,37.4033665],[13.3820761,37.4020545],[13.3765179,37.4045252],[13.3807989,37.4055159],[13.3785596,37.4069454],[13.379571,37.4095256],[13.3865241,37.407773],[13.3854696,37.4104179],[13.3868242,37.4122019]]]},"properties":{"ha":58.0,"date":"2026-07-05","day":4,"country":"IT","place":"Cattolica Eraclea, Agrigento","rank":597}},{"type":"Feature","geometry":{"type":"Polygon","coordinates":[[[14.0362777,37.3092834],[14.037994,37.3108247],[14.0424249,37.3064781],[14.0347463,37.3028716],[14.0316189,37.304267],[14.030308,37.3069171],[14.0329745,37.3078918],[14.0322402,37.3090246],[14.0368681,37.3137339],[14.0351585,37.3113978],[14.0362777,37.3092834]]]},"properties":{"ha":58.0,"date":"2026-07-19","day":18,"country":"IT","place":"Sommatino, Caltanissetta","rank":598}},{"type":"Feature","geometry":{"type":"Polygon","coordinates":[[[14.9157901,37.8784828],[14.9181946,37.8798761],[14.925696,37.8766095],[14.9260334,37.8754226],[14.9248481,37.8758888],[14.9226496,37.871],[14.916855,37.8711846],[14.9149972,37.874669],[14.9157901,37.8784828]]]},"properties":{"ha":58.0,"date":"2026-07-18","day":17,"country":"IT","place":"Randazzo, Catania","rank":599}},{"type":"Feature","geometry":{"type":"Polygon","coordinates":[[[38.9852181,48.0305706],[38.9909591,48.0252467],[38.9870715,48.0247704],[38.9869032,48.0226754],[38.9833386,48.023916],[38.9824385,48.0265938],[38.9691877,48.0278338],[38.9852181,48.0305706]]]},"properties":{"ha":58.0,"date":"2026-07-17","day":16,"country":"UA","place":"N.A., N.A.","rank":600}},{"type":"Feature","geometry":{"type":"Polygon","coordinates":[[[38.5825257,47.9241322],[38.5844679,47.9222046],[38.5806977,47.9204151],[38.5615856,47.9193921],[38.5581395,47.921326],[38.5825257,47.9241322]]]},"properties":{"ha":57.0,"date":"2026-07-03","day":2,"country":"UA","place":"N.A., N.A.","rank":601}},{"type":"Feature","geometry":{"type":"Polygon","coordinates":[[[3.7544646,44.8193822],[3.7550339,44.8139849],[3.7521075,44.8117881],[3.7457581,44.8148401],[3.748573,44.8181523],[3.7427378,44.8181539],[3.740822,44.8202441],[3.7455334,44.8185709],[3.7490928,44.8206497],[3.7544646,44.8193822]]]},"properties":{"ha":57.0,"date":"2026-07-13","day":12,"country":"FR","place":"Saint Bonnet-Laval, Lozère","rank":602}},{"type":"Feature","geometry":{"type":"Polygon","coordinates":[[[15.0397281,37.2650977],[15.0364883,37.2621774],[15.0283356,37.265606],[15.023318,37.2648392],[15.0249337,37.2677864],[15.0264657,37.2669347],[15.0276731,37.2687244],[15.0372358,37.2677663],[15.0397281,37.2650977]],[[15.0254349,37.2656923],[15.0256634,37.266774],[15.0244746,37.2662013],[15.0254349,37.2656923]]]},"properties":{"ha":57.0,"date":"2026-07-15","day":14,"country":"IT","place":"Carlentini, Siracusa","rank":603}},{"type":"Feature","geometry":{"type":"Polygon","coordinates":[[[16.4844364,38.5641788],[16.4840483,38.5590909],[16.4860227,38.5573909],[16.4893183,38.5597872],[16.4949604,38.5576783],[16.4887887,38.5570842],[16.4908978,38.5547928],[16.4851478,38.5531092],[16.4793843,38.5616417],[16.4844364,38.5641788]]]},"properties":{"ha":57.0,"date":"2026-07-18","day":17,"country":"IT","place":"Badolato, Catanzaro","rank":604}},{"type":"Feature","geometry":{"type":"Polygon","coordinates":[[[37.5591772,47.760776],[37.5681493,47.7627938],[37.5691555,47.7585073],[37.5652588,47.7549174],[37.5604333,47.7550712],[37.5591772,47.760776]]]},"properties":{"ha":57.0,"date":"2026-07-21","day":20,"country":"UA","place":"N.A., N.A.","rank":605}},{"type":"Feature","geometry":{"type":"Polygon","coordinates":[[[16.0044139,39.5257728],[16.0074087,39.5332164],[16.005841,39.5347086],[16.0115091,39.535751],[16.0115605,39.533927],[16.0140816,39.5336561],[16.0140401,39.5301574],[16.0109207,39.5267908],[16.0044139,39.5257728]]]},"properties":{"ha":57.0,"date":"2026-07-21","day":20,"country":"IT","place":"Cetraro, Cosenza","rank":606}},{"type":"Feature","geometry":{"type":"Polygon","coordinates":[[[-8.339567,41.7177034],[-8.3394958,41.7214135],[-8.3379291,41.7225417],[-8.3318885,41.7217472],[-8.3307528,41.7236209],[-8.3268186,41.723964],[-8.325349,41.7223449],[-8.3352144,41.7161322],[-8.339567,41.7177034]]]},"properties":{"ha":56.0,"date":"2026-07-05","day":4,"country":"PT","place":"Valdreu, Cávado","rank":607}},{"type":"Feature","geometry":{"type":"Polygon","coordinates":[[[37.7174009,48.6057691],[37.7142051,48.5956168],[37.7103449,48.5950374],[37.709441,48.5981603],[37.7056888,48.5981175],[37.7122591,48.6015062],[37.7107418,48.6047261],[37.7174009,48.6057691]]]},"properties":{"ha":56.0,"date":"2026-07-19","day":18,"country":"UA","place":"N.A., N.A.","rank":608}},{"type":"Feature","geometry":{"type":"Polygon","coordinates":[[[32.5086945,46.685469],[32.5085931,46.6822911],[32.5047177,46.679192],[32.4969234,46.6812204],[32.4984855,46.6854398],[32.4995074,46.683948],[32.5053467,46.6874234],[32.5086945,46.685469]]]},"properties":{"ha":56.0,"date":"2026-07-01","day":0,"country":"UA","place":"N.A., N.A.","rank":609}},{"type":"Feature","geometry":{"type":"Polygon","coordinates":[[[13.2025038,38.0935567],[13.2009042,38.0932993],[13.2004791,38.0893671],[13.1957062,38.087001],[13.1909264,38.0913241],[13.1928166,38.094792],[13.2009552,38.0953421],[13.2025038,38.0935567]]]},"properties":{"ha":56.0,"date":"2026-07-11","day":10,"country":"IT","place":"Monreale, Palermo","rank":610}},{"type":"Feature","geometry":{"type":"Polygon","coordinates":[[[14.0439061,37.3229768],[14.0427834,37.3213591],[14.0465406,37.3213642],[14.0455553,37.3195282],[14.0495469,37.317882],[14.0487637,37.3152641],[14.0465274,37.3149026],[14.0491408,37.3176831],[14.044858,37.3176436],[14.0432058,37.313344],[14.0458739,37.3125356],[14.0461547,37.3105535],[14.0439435,37.3083943],[14.0381563,37.3112076],[14.0416367,37.3123412],[14.0400121,37.3133536],[14.0420887,37.3144591],[14.0397768,37.3149944],[14.042636,37.3155769],[14.0418127,37.3180122],[14.042916,37.3186658],[14.0424626,37.3214454],[14.0439061,37.3229768]]]},"properties":{"ha":56.0,"date":"2026-07-05","day":4,"country":"IT","place":"Sommatino, Caltanissetta","rank":611}},{"type":"Feature","geometry":{"type":"Polygon","coordinates":[[[3.7413475,44.8349283],[3.7399411,44.8333098],[3.7435257,44.8287447],[3.7441028,44.8240798],[3.7427334,44.8213802],[3.7374398,44.8230767],[3.739192,44.8249314],[3.7345184,44.8275016],[3.7392281,44.8307872],[3.7374905,44.8322472],[3.7413475,44.8349283]]]},"properties":{"ha":56.0,"date":"2026-07-13","day":12,"country":"FR","place":"Saint Bonnet-Laval, Lozère","rank":612}},{"type":"Feature","geometry":{"type":"Polygon","coordinates":[[[15.7470999,38.0345656],[15.740322,38.0384089],[15.7436098,38.0381227],[15.7486688,38.0423831],[15.7512529,38.0391734],[15.7502224,38.03829],[15.7521548,38.0377327],[15.7519394,38.0348817],[15.7504306,38.0338441],[15.7474355,38.0355907],[15.7497584,38.0328897],[15.7462616,38.0321203],[15.7470999,38.0345656]]]},"properties":{"ha":56.0,"date":"2026-07-15","day":14,"country":"IT","place":"Motta San Giovanni, Reggio di Calabria","rank":613}},{"type":"Feature","geometry":{"type":"Polygon","coordinates":[[[15.7054664,41.0925805],[15.7058908,41.0951859],[15.7132538,41.0952955],[15.7076922,41.0930663],[15.7083406,41.0889878],[15.7110068,41.0907615],[15.7095787,41.0875588],[15.7061297,41.0895167],[15.6979329,41.0873048],[15.6932113,41.0880196],[15.696843,41.0891091],[15.6957227,41.0901191],[15.6974874,41.0927903],[15.6991811,41.0927624],[15.6989286,41.0894593],[15.7054664,41.0925805]]]},"properties":{"ha":56.0,"date":"2026-07-14","day":13,"country":"IT","place":"Ascoli Satriano, Foggia","rank":614}},{"type":"Feature","geometry":{"type":"Polygon","coordinates":[[[37.8707041,49.2100447],[37.8794013,49.2075976],[37.8773527,49.202764],[37.8809718,49.2012846],[37.8673464,49.2041244],[37.866754,49.2076611],[37.8707115,49.208083],[37.8707041,49.2100447]]]},"properties":{"ha":56.0,"date":"2026-07-03","day":2,"country":"UA","place":"N.A., N.A.","rank":615}},{"type":"Feature","geometry":{"type":"Polygon","coordinates":[[[14.2756189,37.3899399],[14.2769903,37.3928294],[14.2796455,37.3925044],[14.2779067,37.3908685],[14.2837605,37.389086],[14.2802005,37.3880689],[14.2801953,37.3869576],[14.2823198,37.3883879],[14.2853832,37.3858673],[14.2760924,37.3848226],[14.2719743,37.3874725],[14.2726605,37.3918417],[14.2756189,37.3899399]]]},"properties":{"ha":56.0,"date":"2026-07-16","day":15,"country":"IT","place":"Piazza Armerina, Enna","rank":616}},{"type":"Feature","geometry":{"type":"Polygon","coordinates":[[[33.5102567,46.149384],[33.5139105,46.14696],[33.5142618,46.1408921],[33.5040812,46.1442145],[33.5034815,46.1463041],[33.5102567,46.149384]]]},"properties":{"ha":56.0,"date":"2026-07-22","day":21,"country":"UA","place":"N.A., N.A.","rank":617}},{"type":"Feature","geometry":{"type":"Polygon","coordinates":[[[36.3362171,45.3687157],[36.3384642,45.3702317],[36.3458533,45.3670603],[36.3446155,45.3615188],[36.3351532,45.3628255],[36.3362171,45.3687157]]]},"properties":{"ha":55.0,"date":"2026-07-17","day":16,"country":"UA","place":"N.A., N.A.","rank":618}},{"type":"Feature","geometry":{"type":"Polygon","coordinates":[[[13.8072807,37.1741748],[13.8053465,37.1765731],[13.8024259,37.1735097],[13.802431,37.1769262],[13.7982614,37.178713],[13.7977687,37.18188],[13.8117477,37.1795484],[13.8072807,37.1741748]]]},"properties":{"ha":55.0,"date":"2026-07-02","day":1,"country":"IT","place":"Palma di Montechiaro, Agrigento","rank":619}},{"type":"Feature","geometry":{"type":"Polygon","coordinates":[[[13.781205,37.2211796],[13.7862036,37.2268765],[13.7857806,37.223691],[13.793858,37.2237911],[13.7964521,37.2207498],[13.7899629,37.2226774],[13.7875136,37.2221999],[13.7928067,37.2205682],[13.78977,37.2201477],[13.7896653,37.2177686],[13.7879258,37.2190326],[13.7844022,37.2175947],[13.7834942,37.2204462],[13.780817,37.218152],[13.781205,37.2211796]]]},"properties":{"ha":55.0,"date":"2026-07-02","day":1,"country":"IT","place":"Palma di Montechiaro, Agrigento","rank":620}},{"type":"Feature","geometry":{"type":"Polygon","coordinates":[[[37.42197,48.9648818],[37.4208948,48.9606367],[37.4240662,48.9609489],[37.4241695,48.9591466],[37.4191656,48.9565591],[37.4182354,48.9578615],[37.418289,48.9558807],[37.414571,48.9536097],[37.4159788,48.9615244],[37.4129625,48.9631214],[37.4184047,48.9656629],[37.42197,48.9648818]]]},"properties":{"ha":55.0,"date":"2026-07-04","day":3,"country":"UA","place":"N.A., N.A.","rank":621}},{"type":"Feature","geometry":{"type":"Polygon","coordinates":[[[36.6816621,47.8811943],[36.6779604,47.8806329],[36.683942,47.8787771],[36.6837601,47.8778312],[36.6775112,47.8776004],[36.677364,47.8792502],[36.6755421,47.8750077],[36.6732207,47.8757097],[36.6749651,47.877472],[36.671639,47.8776793],[36.6707323,47.8807708],[36.6675832,47.8819805],[36.6672367,47.8798499],[36.6662502,47.8820273],[36.6704485,47.8844407],[36.6816621,47.8811943]]]},"properties":{"ha":55.0,"date":"2026-07-01","day":0,"country":"UA","place":"N.A., N.A.","rank":622}},{"type":"Feature","geometry":{"type":"Polygon","coordinates":[[[23.0936722,37.5701112],[23.0974516,37.5752099],[23.0920534,37.5720982],[23.0931385,37.5770251],[23.1000177,37.5812709],[23.1014578,37.57433],[23.0990058,37.5760898],[23.097908,37.5703756],[23.0947375,37.5679644],[23.0936722,37.5701112]]]},"properties":{"ha":55.0,"date":"2026-07-21","day":20,"country":"EL","place":"Τοπική Κοινότητα Αδαμίου, Αργολίδα, Αρκαδία","rank":623}},{"type":"Feature","geometry":{"type":"Polygon","coordinates":[[[0.3270094,42.554985],[0.3192777,42.5559357],[0.3211638,42.5582865],[0.3169868,42.5604092],[0.3207165,42.5624865],[0.3251897,42.5605671],[0.323408,42.5600645],[0.32705,42.5604712],[0.3295542,42.5563293],[0.3285489,42.5553621],[0.3320268,42.553519],[0.3290131,42.5528363],[0.3270094,42.554985]]]},"properties":{"ha":55.0,"date":"2026-07-17","day":16,"country":"ES","place":"Plan, Huesca","rank":624}},{"type":"Feature","geometry":{"type":"Polygon","coordinates":[[[13.5009443,37.4285689],[13.4912426,37.4352388],[13.4918147,37.433926],[13.4881588,37.4328339],[13.4946578,37.4386365],[13.497551,37.4385713],[13.4972727,37.4372149],[13.4998945,37.4400075],[13.5047958,37.4410126],[13.5054884,37.4394653],[13.5005089,37.4369349],[13.5015174,37.4340858],[13.4955919,37.4357045],[13.4998873,37.4314601],[13.5009443,37.4285689]],[[13.4979196,37.4317745],[13.4975367,37.4334736],[13.4966725,37.4327356],[13.4979196,37.4317745]],[[13.4960618,37.4340191],[13.4940704,37.4352531],[13.4959922,37.4337315],[13.4960618,37.4340191]]]},"properties":{"ha":55.0,"date":"2026-07-19","day":18,"country":"IT","place":"Agrigento, Agrigento","rank":625}},{"type":"Feature","geometry":{"type":"Polygon","coordinates":[[[37.6507377,49.677921],[37.6551164,49.6724424],[37.6605258,49.6726472],[37.6639075,49.6701457],[37.6608775,49.6680136],[37.6596624,49.6702025],[37.6572176,49.6678663],[37.6501921,49.6676792],[37.6490211,49.6689801],[37.6553012,49.6702599],[37.6488558,49.6739446],[37.6507139,49.6762092],[37.6486106,49.6775778],[37.6507377,49.677921]]]},"properties":{"ha":55.0,"date":"2026-07-04","day":3,"country":"UA","place":"N.A., N.A.","rank":626}},{"type":"Feature","geometry":{"type":"Polygon","coordinates":[[[16.0434082,38.7140976],[16.0377176,38.7115365],[16.040765,38.7092455],[16.0400285,38.7079816],[16.0369648,38.7058376],[16.0325576,38.7063578],[16.0290113,38.7019624],[16.0315349,38.7061397],[16.0337247,38.7073587],[16.0298287,38.7081567],[16.0310939,38.7068244],[16.0293873,38.7056893],[16.0267009,38.7068495],[16.0275708,38.709797],[16.031236,38.7124559],[16.0295485,38.7085185],[16.0347877,38.7090639],[16.0379507,38.71416],[16.0440158,38.7163342],[16.0434082,38.7140976]]]},"properties":{"ha":55.0,"date":"2026-07-20","day":19,"country":"IT","place":"Briatico, Vibo Valentia","rank":627}},{"type":"Feature","geometry":{"type":"Polygon","coordinates":[[[8.2007166,58.4860802],[8.1969803,58.48735],[8.1975006,58.490889],[8.2042138,58.4913357],[8.2123128,58.4878109],[8.2051435,58.4824618],[8.2021375,58.4831429],[8.2007166,58.4860802]]]},"properties":{"ha":55.0,"date":"2026-07-22","day":21,"country":"NO","place":"Birkenes, Agder","rank":628}},{"type":"Feature","geometry":{"type":"Polygon","coordinates":[[[0.2424191,44.0969506],[0.2409433,44.0940044],[0.2297534,44.0928503],[0.2315841,44.0941241],[0.229224,44.0952754],[0.2322244,44.0946975],[0.2322476,44.0964127],[0.2263368,44.0970906],[0.2287577,44.099209],[0.2424191,44.0969506]]]},"properties":{"ha":54.0,"date":"2026-07-12","day":11,"country":"FR","place":"Réaup-Lisse, Lot-et-Garonne","rank":629}},{"type":"Feature","geometry":{"type":"Polygon","coordinates":[[[32.0936348,46.4374599],[32.0955181,46.4355005],[32.0917573,46.4335067],[32.1015553,46.4276923],[32.0997159,46.42643],[32.0925149,46.4293769],[32.0930892,46.4311226],[32.0875059,46.431295],[32.0868563,46.4373985],[32.0936348,46.4374599]]]},"properties":{"ha":54.0,"date":"2026-07-15","day":14,"country":"UA","place":"N.A., N.A.","rank":630}},{"type":"Feature","geometry":{"type":"Polygon","coordinates":[[[37.9408171,48.5549303],[37.9439566,48.5500439],[37.9375379,48.5464991],[37.9351931,48.5512206],[37.9294632,48.5532168],[37.9308115,48.5552891],[37.9327852,48.5536863],[37.9408171,48.5549303]]]},"properties":{"ha":54.0,"date":"2026-07-16","day":15,"country":"UA","place":"N.A., N.A.","rank":631}},{"type":"Feature","geometry":{"type":"Polygon","coordinates":[[[13.6221473,37.2908384],[13.6187754,37.2947402],[13.6202747,37.2977382],[13.6220197,37.2990827],[13.6301042,37.2983982],[13.6248028,37.2930441],[13.6249716,37.2911883],[13.6221473,37.2908384]],[[13.6241095,37.2959828],[13.6225015,37.2971105],[13.6225767,37.2952816],[13.6241095,37.2959828]],[[13.6208926,37.296116],[13.620564,37.2972834],[13.6202747,37.2959324],[13.6208926,37.296116]]]},"properties":{"ha":54.0,"date":"2026-07-19","day":18,"country":"IT","place":"Agrigento, Agrigento","rank":632}},{"type":"Feature","geometry":{"type":"Polygon","coordinates":[[[35.5000824,46.9044751],[35.4948863,46.9025276],[35.496983,46.9004522],[35.4903834,46.8953734],[35.4872444,46.8962709],[35.4865475,46.898073],[35.4890261,46.9007078],[35.4934739,46.9022868],[35.4909175,46.9053134],[35.4916628,46.9076479],[35.5000824,46.9044751]]]},"properties":{"ha":54.0,"date":"2026-07-20","day":19,"country":"UA","place":"N.A., N.A.","rank":633}},{"type":"Feature","geometry":{"type":"Polygon","coordinates":[[[38.4976325,48.8479827],[38.5032253,48.8457356],[38.5019912,48.8424869],[38.496328,48.8395087],[38.4878578,48.8447534],[38.4911622,48.8459407],[38.4950337,48.8420349],[38.4976325,48.8479827]]]},"properties":{"ha":53.0,"date":"2026-07-03","day":2,"country":"UA","place":"N.A., N.A.","rank":634}},{"type":"Feature","geometry":{"type":"Polygon","coordinates":[[[13.9719898,37.1597307],[13.9748235,37.1562658],[13.9691047,37.1564887],[13.9702373,37.1509185],[13.9613347,37.1536759],[13.9611189,37.1551625],[13.962039,37.1546045],[13.9681139,37.1544403],[13.9618311,37.1561849],[13.9655661,37.1560469],[13.9664371,37.1583695],[13.9670293,37.15682],[13.9685513,37.1598995],[13.9716445,37.1604542],[13.9802078,37.1598504],[13.9719898,37.1597307]]]},"properties":{"ha":53.0,"date":"2026-07-06","day":5,"country":"IT","place":"Licata, Agrigento","rank":635}},{"type":"Feature","geometry":{"type":"Polygon","coordinates":[[[13.8774906,41.1567756],[13.8703183,41.163841],[13.8782497,41.1648657],[13.8867878,41.1604772],[13.8853711,41.1592499],[13.8807941,41.1617499],[13.8785943,41.1602495],[13.8801278,41.1584987],[13.8774906,41.1567756]]]},"properties":{"ha":53.0,"date":"2026-07-23","day":22,"country":"IT","place":"Sessa Aurunca, Caserta","rank":636}},{"type":"Feature","geometry":{"type":"Polygon","coordinates":[[[35.4567739,47.6257025],[35.4517238,47.6223984],[35.4421461,47.6243278],[35.4454431,47.6280666],[35.4534047,47.6278151],[35.4567739,47.6257025]]]},"properties":{"ha":53.0,"date":"2026-07-16","day":15,"country":"UA","place":"N.A., N.A.","rank":637}},{"type":"Feature","geometry":{"type":"Polygon","coordinates":[[[39.8398409,48.1653919],[39.8488826,48.1612165],[39.8506538,48.1592999],[39.8318316,48.1621295],[39.8398409,48.1653919]]]},"properties":{"ha":52.0,"date":"2026-07-10","day":9,"country":"UA","place":"N.A., N.A.","rank":638}},{"type":"Feature","geometry":{"type":"Polygon","coordinates":[[[37.3041321,48.3891035],[37.3070133,48.3854683],[37.2913339,48.3842318],[37.2899883,48.3861904],[37.2920662,48.3863999],[37.2926232,48.389312],[37.3041321,48.3891035]]]},"properties":{"ha":52.0,"date":"2026-07-02","day":1,"country":"UA","place":"N.A., N.A.","rank":639}},{"type":"Feature","geometry":{"type":"Polygon","coordinates":[[[-6.588195,42.4675161],[-6.5911666,42.4737967],[-6.5897245,42.4747894],[-6.593607,42.4752307],[-6.5879084,42.4777271],[-6.5867332,42.4756211],[-6.5813324,42.4777344],[-6.5836179,42.4698589],[-6.588195,42.4675161]]]},"properties":{"ha":52.0,"date":"2026-07-08","day":7,"country":"ES","place":"Ponferrada, León","rank":640}},{"type":"Feature","geometry":{"type":"Polygon","coordinates":[[[16.2985638,44.3770636],[16.3006039,44.3807687],[16.2971272,44.3826504],[16.2961379,44.3815522],[16.2969189,44.3844005],[16.2927934,44.3857423],[16.2970013,44.3854202],[16.2973114,44.3883905],[16.2952835,44.3887526],[16.2964206,44.3893475],[16.3040128,44.3852217],[16.3038294,44.3819133],[16.3022625,44.3817695],[16.3041859,44.3808028],[16.2985638,44.3770636]]]},"properties":{"ha":52.0,"date":"2026-07-04","day":3,"country":"BA","place":"N.A., Drvar","rank":641}},{"type":"Feature","geometry":{"type":"Polygon","coordinates":[[[1.6201996,41.6818005],[1.6293969,41.6795385],[1.627252,41.6729165],[1.6200179,41.6751946],[1.618829,41.6804421],[1.6201996,41.6818005]]]},"properties":{"ha":52.0,"date":"2026-07-08","day":7,"country":"ES","place":"Rubió, Barcelona","rank":642}},{"type":"Feature","geometry":{"type":"Polygon","coordinates":[[[35.9589407,47.7451355],[35.96149,47.7414403],[35.9567346,47.7431173],[35.9510927,47.7364104],[35.9430715,47.7395872],[35.9472571,47.742488],[35.9589407,47.7451355]]]},"properties":{"ha":52.0,"date":"2026-07-02","day":1,"country":"UA","place":"N.A., N.A.","rank":643}},{"type":"Feature","geometry":{"type":"Polygon","coordinates":[[[15.7182676,38.1408482],[15.7204231,38.1349062],[15.7159491,38.1327062],[15.7130708,38.1337468],[15.7121269,38.1369618],[15.7081615,38.1382286],[15.7101065,38.1395426],[15.7155482,38.1385636],[15.7182676,38.1408482]]]},"properties":{"ha":52.0,"date":"2026-07-15","day":14,"country":"IT","place":"Reggio di Calabria, Reggio di Calabria","rank":644}},{"type":"Feature","geometry":{"type":"Polygon","coordinates":[[[37.9801602,49.2111748],[37.9924394,49.2119982],[37.9918829,49.207643],[37.9858276,49.2076563],[37.9902995,49.2042242],[37.9820441,49.2053286],[37.983221,49.2080755],[37.9801602,49.2111748]]]},"properties":{"ha":52.0,"date":"2026-07-08","day":7,"country":"UA","place":"N.A., N.A.","rank":645}},{"type":"Feature","geometry":{"type":"Polygon","coordinates":[[[36.9640751,48.3119245],[36.9817526,48.3096884],[36.9799589,48.3091943],[36.9793344,48.3054589],[36.9765848,48.3061813],[36.9747908,48.3093583],[36.9653538,48.3092423],[36.9640751,48.3119245]]]},"properties":{"ha":52.0,"date":"2026-07-21","day":20,"country":"UA","place":"N.A., N.A.","rank":646}},{"type":"Feature","geometry":{"type":"Polygon","coordinates":[[[37.0349316,48.4335383],[37.0371132,48.4301062],[37.0452208,48.4299104],[37.0373559,48.4271581],[37.0328044,48.4231603],[37.0313193,48.4240391],[37.0317063,48.4328726],[37.0349316,48.4335383]]]},"properties":{"ha":51.0,"date":"2026-07-02","day":1,"country":"UA","place":"N.A., N.A.","rank":647}},{"type":"Feature","geometry":{"type":"Polygon","coordinates":[[[6.7065721,45.4370959],[6.6998172,45.4357741],[6.7013657,45.4368796],[6.7010964,45.4380036],[6.6953918,45.434151],[6.6941364,45.4352693],[6.6972345,45.4364278],[6.694069,45.436285],[6.6924711,45.4387324],[6.6977211,45.4385189],[6.7007151,45.4403559],[6.7014224,45.4389755],[6.7030228,45.4416913],[6.7043462,45.4400339],[6.7042726,45.4412535],[6.7095569,45.4399999],[6.7065721,45.4370959]]]},"properties":{"ha":51.0,"date":"2026-07-06","day":5,"country":"FR","place":"Planay, Savoie","rank":648}},{"type":"Feature","geometry":{"type":"Polygon","coordinates":[[[14.5365042,37.7295906],[14.5346556,37.7289556],[14.5318562,37.7319853],[14.5322817,37.7342973],[14.5398866,37.7349841],[14.5396562,37.7310919],[14.5433406,37.7312389],[14.5413227,37.729845],[14.5421918,37.7283976],[14.5392483,37.7295105],[14.537674,37.7250874],[14.5347807,37.7268434],[14.5365042,37.7295906]]]},"properties":{"ha":51.0,"date":"2026-07-22","day":21,"country":"IT","place":"Gagliano Castelferrato, Enna","rank":649}},{"type":"Feature","geometry":{"type":"Polygon","coordinates":[[[24.3990826,42.1023451],[24.4004962,42.0993523],[24.399103,42.0993756],[24.3990893,42.0958835],[24.3946929,42.0979166],[24.3947328,42.0957528],[24.3918943,42.0959643],[24.3891237,42.0984061],[24.3911345,42.1011369],[24.3990826,42.1023451]]]},"properties":{"ha":51.0,"date":"2026-07-17","day":16,"country":"BG","place":"Брацигово, Пазарджик","rank":650}},{"type":"Feature","geometry":{"type":"Polygon","coordinates":[[[36.923936,48.3211605],[36.9235574,48.3186625],[36.9260865,48.3186562],[36.9231216,48.3155573],[36.9199521,48.3163073],[36.9160879,48.3141474],[36.9145852,48.3178513],[36.9123685,48.3183461],[36.9142895,48.3207214],[36.923936,48.3211605]]]},"properties":{"ha":50.0,"date":"2026-07-01","day":0,"country":"UA","place":"N.A., N.A.","rank":651}},{"type":"Feature","geometry":{"type":"Polygon","coordinates":[[[28.2432255,39.6162731],[28.236652,39.6142314],[28.2364143,39.617973],[28.2391969,39.6197361],[28.2388217,39.622511],[28.2433846,39.6241779],[28.2449208,39.6218447],[28.2426677,39.6205099],[28.2432255,39.6162731]]]},"properties":{"ha":50.0,"date":"2026-07-05","day":4,"country":"TR","place":"N.A., Balıkesir","rank":652}},{"type":"Feature","geometry":{"type":"Polygon","coordinates":[[[35.3291779,47.4637855],[35.3194654,47.4622937],[35.3051609,47.4619922],[35.3086406,47.4656303],[35.323596,47.4660484],[35.3291779,47.4637855]]]},"properties":{"ha":50.0,"date":"2026-07-01","day":0,"country":"UA","place":"N.A., N.A.","rank":653}},{"type":"Feature","geometry":{"type":"Polygon","coordinates":[[[13.657342,41.4086255],[13.6592678,41.4061539],[13.6622151,41.4073079],[13.6688649,41.4047303],[13.6605948,41.4011424],[13.6544666,41.4057856],[13.6549266,41.4083305],[13.657342,41.4086255]]]},"properties":{"ha":50.0,"date":"2026-07-23","day":22,"country":"IT","place":"Esperia, Frosinone","rank":654}},{"type":"Feature","geometry":{"type":"Polygon","coordinates":[[[36.0515387,47.4626364],[36.0475687,47.4624053],[36.0357998,47.4692481],[36.0369556,47.4706288],[36.0426305,47.4679253],[36.0467335,47.4687316],[36.0518884,47.4653231],[36.0515387,47.4626364]]]},"properties":{"ha":50.0,"date":"2026-07-18","day":17,"country":"UA","place":"N.A., N.A.","rank":655}},{"type":"Feature","geometry":{"type":"Polygon","coordinates":[[[-0.6409562,44.2471466],[-0.6355957,44.246725],[-0.6321294,44.2429694],[-0.6351186,44.2397377],[-0.6402592,44.2403181],[-0.6429344,44.2439975],[-0.6409562,44.2471466]]]},"properties":{"ha":50.0,"date":"2026-07-14","day":13,"country":"FR","place":"Sore, Landes","rank":656}},{"type":"Feature","geometry":{"type":"Polygon","coordinates":[[[-2.9368015,40.8073073],[-2.9366251,40.8023854],[-2.9502085,40.7987685],[-2.946071,40.803252],[-2.9368015,40.8073073]]]},"properties":{"ha":50.0,"date":"2026-07-18","day":17,"country":"ES","place":"Muduex, Guadalajara","rank":657}},{"type":"Feature","geometry":{"type":"Polygon","coordinates":[[[13.3711568,38.0531905],[13.3713945,38.0497167],[13.3689108,38.0516346],[13.3693057,38.0548995],[13.3664313,38.0536521],[13.367254,38.0613693],[13.367605,38.0593567],[13.3739359,38.0567326],[13.3752269,38.0587262],[13.3778824,38.0583101],[13.3733674,38.0555058],[13.373403,38.0530265],[13.3711568,38.0531905]]]},"properties":{"ha":50.0,"date":"2026-07-20","day":19,"country":"IT","place":"Belmonte Mezzagno, Palermo","rank":658}},{"type":"Feature","geometry":{"type":"Polygon","coordinates":[[[-6.6004632,41.8850068],[-6.5978411,41.8917346],[-6.5919458,41.8923747],[-6.5931454,41.8843804],[-6.6004632,41.8850068]]]},"properties":{"ha":50.0,"date":"2026-07-27","day":26,"country":"PT","place":"São Julião de Palácios e Deilão, Terras de Trás-os-Montes","rank":659}},{"type":"Feature","geometry":{"type":"Polygon","coordinates":[[[17.0520247,39.257563],[17.0426728,39.2587165],[17.043394,39.2634675],[17.0472597,39.2644074],[17.0481036,39.262302],[17.0527916,39.2612587],[17.0520247,39.257563]]]},"properties":{"ha":49.0,"date":"2026-07-05","day":4,"country":"IT","place":"Strongoli, Crotone","rank":660}},{"type":"Feature","geometry":{"type":"Polygon","coordinates":[[[32.7598895,46.5926658],[32.7564583,46.588409],[32.7464004,46.5919785],[32.7545574,46.5944319],[32.7598895,46.5926658]]]},"properties":{"ha":49.0,"date":"2026-07-02","day":1,"country":"UA","place":"N.A., N.A.","rank":661}},{"type":"Feature","geometry":{"type":"Polygon","coordinates":[[[14.3225391,37.2425552],[14.3196051,37.2446083],[14.3238353,37.2438656],[14.3233726,37.2466023],[14.3248529,37.2437948],[14.3264189,37.2449908],[14.3255674,37.2421957],[14.3281397,37.24625],[14.3312031,37.2466381],[14.3322326,37.2501585],[14.3335428,37.2494533],[14.3323445,37.2449182],[14.335973,37.2478327],[14.3360758,37.2453938],[14.3274162,37.2426103],[14.3253996,37.2394947],[14.3237208,37.2404677],[14.3244637,37.2387872],[14.3202926,37.2396216],[14.3242643,37.2410671],[14.3228914,37.2424273],[14.320964,37.2411878],[14.3225391,37.2425552]]]},"properties":{"ha":49.0,"date":"2026-07-13","day":12,"country":"IT","place":"Mazzarino, Caltanissetta","rank":662}},{"type":"Feature","geometry":{"type":"Polygon","coordinates":[[[37.9989811,48.4087893],[38.0044651,48.4060078],[38.0014621,48.4043162],[38.0001165,48.4056326],[37.9948649,48.4016271],[37.9896635,48.4019381],[37.992844,48.4071698],[37.9989811,48.4087893]]]},"properties":{"ha":49.0,"date":"2026-07-06","day":5,"country":"UA","place":"N.A., N.A.","rank":663}},{"type":"Feature","geometry":{"type":"Polygon","coordinates":[[[12.7388118,43.3578406],[12.7328548,43.3624944],[12.7310445,43.3615707],[12.7290535,43.3566886],[12.7277048,43.3573371],[12.7273286,43.3606234],[12.7331772,43.3631338],[12.7404456,43.3644588],[12.7456838,43.362335],[12.7443079,43.3604936],[12.7401986,43.3613908],[12.7384313,43.3597415],[12.7407774,43.3587969],[12.7388118,43.3578406]]]},"properties":{"ha":49.0,"date":"2026-07-15","day":14,"country":"IT","place":"Costacciaro, Perugia","rank":664}},{"type":"Feature","geometry":{"type":"Polygon","coordinates":[[[15.9598614,39.5457574],[15.9628393,39.5441276],[15.9643341,39.5408973],[15.9630927,39.5400793],[15.9657334,39.5379646],[15.9679399,39.5424877],[15.9697721,39.5425305],[15.9669728,39.5352035],[15.9596356,39.5377301],[15.9608391,39.5398472],[15.9581676,39.5419711],[15.9601464,39.5421584],[15.9598614,39.5457574]]]},"properties":{"ha":49.0,"date":"2026-07-18","day":17,"country":"IT","place":"Cetraro, Cosenza","rank":665}},{"type":"Feature","geometry":{"type":"Polygon","coordinates":[[[36.0277033,47.4194605],[36.0253643,47.4147179],[36.0143457,47.4180947],[36.0159481,47.4203023],[36.0226143,47.4221433],[36.0277033,47.4194605]]]},"properties":{"ha":49.0,"date":"2026-07-18","day":17,"country":"UA","place":"N.A., N.A.","rank":666}},{"type":"Feature","geometry":{"type":"Polygon","coordinates":[[[37.8720631,49.2297818],[37.8694283,49.2295111],[37.8754546,49.2271829],[37.8716061,49.2261831],[37.8744433,49.2247304],[37.8735901,49.2220667],[37.8789033,49.2196179],[37.8740635,49.2171631],[37.8704056,49.2221316],[37.8724078,49.2232056],[37.870056,49.2239026],[37.8713062,49.2256248],[37.8677257,49.2255931],[37.867372,49.2279852],[37.8652923,49.2286339],[37.868973,49.2306959],[37.8720631,49.2297818]]]},"properties":{"ha":49.0,"date":"2026-07-01","day":0,"country":"UA","place":"N.A., N.A.","rank":667}},{"type":"Feature","geometry":{"type":"Polygon","coordinates":[[[23.1846209,37.5543416],[23.1797071,37.5528891],[23.1834038,37.5623862],[23.1861281,37.5614431],[23.185249,37.5588319],[23.1893337,37.5558956],[23.1845297,37.5523037],[23.1846209,37.5543416]]]},"properties":{"ha":49.0,"date":"2026-07-19","day":18,"country":"EL","place":"Τοπική Κοινότητα Άνω Φαναρίου, Πειραιάς, Νήσοι","rank":668}},{"type":"Feature","geometry":{"type":"Polygon","coordinates":[[[33.011613,46.1985431],[33.0125812,46.1938163],[33.0005326,46.1923805],[33.0052539,46.1940161],[32.9999776,46.1953538],[33.003909,46.1963681],[33.0002762,46.1980842],[33.011613,46.1985431]]]},"properties":{"ha":49.0,"date":"2026-07-20","day":19,"country":"UA","place":"N.A., N.A.","rank":669}},{"type":"Feature","geometry":{"type":"Polygon","coordinates":[[[-6.7267484,42.2848794],[-6.7218235,42.288557],[-6.7231966,42.2903294],[-6.7201207,42.2912317],[-6.714932,42.2839098],[-6.7172128,42.2816879],[-6.7228565,42.2859043],[-6.7267484,42.2848794]]]},"properties":{"ha":49.0,"date":"2026-07-22","day":21,"country":"ES","place":"Encinedo, León","rank":670}},{"type":"Feature","geometry":{"type":"Polygon","coordinates":[[[37.9578842,48.5707526],[37.9555814,48.5695631],[37.9565285,48.5663595],[37.9518072,48.5663981],[37.949094,48.5643106],[37.9426387,48.5659869],[37.942582,48.5674479],[37.9473676,48.5687418],[37.9464716,48.5699972],[37.9507318,48.5689091],[37.949868,48.572296],[37.9539458,48.5717085],[37.9541021,48.5698719],[37.9578842,48.5707526]]]},"properties":{"ha":48.0,"date":"2026-07-02","day":1,"country":"UA","place":"N.A., N.A.","rank":671}},{"type":"Feature","geometry":{"type":"Polygon","coordinates":[[[14.023054,41.4507042],[14.0204923,41.4522992],[14.0196563,41.4567129],[14.0217789,41.4572552],[14.0225421,41.4599362],[14.0253946,41.4568373],[14.028776,41.4597216],[14.0256731,41.454344],[14.0260844,41.4518113],[14.023054,41.4507042]]]},"properties":{"ha":48.0,"date":"2026-07-23","day":22,"country":"IT","place":"Sesto Campano, Isernia","rank":672}},{"type":"Feature","geometry":{"type":"Polygon","coordinates":[[[37.6890368,48.6475334],[37.6903712,48.6457741],[37.7000624,48.645879],[37.700988,48.6433367],[37.6911748,48.6417991],[37.6865226,48.6435844],[37.6874243,48.6449399],[37.6835956,48.6451823],[37.6833619,48.6480465],[37.6890368,48.6475334]]]},"properties":{"ha":48.0,"date":"2026-07-17","day":16,"country":"UA","place":"N.A., N.A.","rank":673}},{"type":"Feature","geometry":{"type":"Polygon","coordinates":[[[8.8749252,39.4644712],[8.8713568,39.4667526],[8.8725512,39.4644001],[8.8692312,39.4622545],[8.86776,39.4633383],[8.8647168,39.4680482],[8.8663029,39.4687311],[8.8660914,39.4716264],[8.8703154,39.470986],[8.8749252,39.4644712]]]},"properties":{"ha":48.0,"date":"2026-07-23","day":22,"country":"IT","place":"Serramanna, Sud Sardegna","rank":674}},{"type":"Feature","geometry":{"type":"Polygon","coordinates":[[[-8.3916812,41.7227589],[-8.3977662,41.723944],[-8.4034007,41.7294326],[-8.3969459,41.7302393],[-8.3899,41.7241454],[-8.3916812,41.7227589]]]},"properties":{"ha":48.0,"date":"2026-07-27","day":26,"country":"PT","place":"Sande, Vilarinho, Barros e Gomide, Cávado","rank":675}},{"type":"Feature","geometry":{"type":"Polygon","coordinates":[[[34.4359617,47.5928693],[34.4406119,47.5866156],[34.4402273,47.5844992],[34.4351359,47.5848398],[34.4298675,47.5887148],[34.4310593,47.592057],[34.4359617,47.5928693]]]},"properties":{"ha":47.0,"date":"2026-07-14","day":13,"country":"UA","place":"N.A., N.A.","rank":676}},{"type":"Feature","geometry":{"type":"Polygon","coordinates":[[[16.2908029,44.3713793],[16.2928566,44.3746134],[16.2946069,44.3716464],[16.2922784,44.3691699],[16.2884348,44.3702332],[16.2885145,44.3686073],[16.280561,44.3712413],[16.2763227,44.3763968],[16.2788079,44.3764894],[16.2837427,44.3725071],[16.2849337,44.3730033],[16.2835942,44.3743086],[16.2854844,44.3744133],[16.2897669,44.3734036],[16.2882634,44.3728952],[16.2908029,44.3713793]]]},"properties":{"ha":47.0,"date":"2026-07-09","day":8,"country":"BA","place":"N.A., Drvar","rank":677}},{"type":"Feature","geometry":{"type":"Polygon","coordinates":[[[38.6595825,48.4841641],[38.6538393,48.4795621],[38.6489087,48.4787051],[38.6439777,48.4835542],[38.6457709,48.4855243],[38.6595825,48.4841641]]]},"properties":{"ha":47.0,"date":"2026-07-03","day":2,"country":"UA","place":"N.A., N.A.","rank":678}},{"type":"Feature","geometry":{"type":"Polygon","coordinates":[[[19.3588225,42.5613274],[19.3595648,42.5575763],[19.3488865,42.5488652],[19.3523411,42.5539426],[19.3490575,42.5558422],[19.3502956,42.5577469],[19.3588225,42.5613274]]]},"properties":{"ha":47.0,"date":"2026-07-11","day":10,"country":"ME","place":"N.A., Црна Гора","rank":679}},{"type":"Feature","geometry":{"type":"Polygon","coordinates":[[[13.750251,41.2835314],[13.751545,41.2881263],[13.7563151,41.2889075],[13.7544578,41.2906434],[13.7552176,41.2928332],[13.7585906,41.2937583],[13.7612225,41.2885251],[13.750251,41.2835314]]]},"properties":{"ha":47.0,"date":"2026-07-25","day":24,"country":"IT","place":"Minturno, Latina","rank":680}},{"type":"Feature","geometry":{"type":"Polygon","coordinates":[[[12.8309811,43.1138212],[12.8352079,43.1102581],[12.8318158,43.1107445],[12.829323,43.1049783],[12.8280997,43.1048393],[12.8287054,43.1076864],[12.8255456,43.1054478],[12.8261126,43.10356],[12.8231391,43.1035611],[12.8261099,43.1094144],[12.827736,43.1091589],[12.8275105,43.1133317],[12.8346131,43.1167175],[12.8354319,43.1155778],[12.8327202,43.1153643],[12.8337782,43.1134423],[12.8309811,43.1138212]]]},"properties":{"ha":47.0,"date":"2026-07-15","day":14,"country":"IT","place":"Nocera Umbra, Perugia","rank":681}},{"type":"Feature","geometry":{"type":"Polygon","coordinates":[[[36.8956103,50.263728],[36.906207,50.2594344],[36.9101743,50.2565101],[36.9062856,50.2546137],[36.9049322,50.2571634],[36.8958783,50.258957],[36.8948866,50.259693],[36.8969027,50.2604167],[36.8945853,50.2620323],[36.8915995,50.2603007],[36.8879853,50.26237],[36.8956103,50.263728]]]},"properties":{"ha":47.0,"date":"2026-07-03","day":2,"country":"UA","place":"N.A., N.A.","rank":682}},{"type":"Feature","geometry":{"type":"Polygon","coordinates":[[[38.5789984,48.9664627],[38.5769885,48.9725878],[38.5832567,48.9730645],[38.5847381,48.9693296],[38.5884518,48.9684515],[38.5842385,48.964888],[38.5789984,48.9664627]]]},"properties":{"ha":47.0,"date":"2026-07-08","day":7,"country":"UA","place":"N.A., N.A.","rank":683}},{"type":"Feature","geometry":{"type":"Polygon","coordinates":[[[11.0472675,43.5816115],[11.0469611,43.5796803],[11.0508269,43.5801461],[11.0554055,43.5774287],[11.043925,43.5747998],[11.0417169,43.5780845],[11.0472675,43.5816115]]]},"properties":{"ha":46.0,"date":"2026-07-23","day":22,"country":"IT","place":"Certaldo, Firenze","rank":684}},{"type":"Feature","geometry":{"type":"Polygon","coordinates":[[[37.0956556,47.7759084],[37.093064,47.7780509],[37.0939824,47.7799489],[37.0873984,47.7809242],[37.1052316,47.7803832],[37.1048108,47.7765754],[37.0956556,47.7759084]]]},"properties":{"ha":46.0,"date":"2026-07-22","day":21,"country":"UA","place":"N.A., N.A.","rank":685}},{"type":"Feature","geometry":{"type":"Polygon","coordinates":[[[37.1932024,47.6110497],[37.1919668,47.6081263],[37.1841787,47.6091747],[37.1787849,47.6118394],[37.1786611,47.6143693],[37.1932024,47.6110497]]]},"properties":{"ha":46.0,"date":"2026-07-20","day":19,"country":"UA","place":"N.A., N.A.","rank":686}},{"type":"Feature","geometry":{"type":"Polygon","coordinates":[[[6.6265977,36.6309201],[6.6146573,36.6353792],[6.6145697,36.6381017],[6.6243216,36.6363579],[6.6277292,36.6334271],[6.6265977,36.6309201]]]},"properties":{"ha":46.0,"date":"2026-07-17","day":16,"country":"??","place":"N.A., N.A.","rank":687}},{"type":"Feature","geometry":{"type":"Polygon","coordinates":[[[36.8291065,47.6847967],[36.8304909,47.6809574],[36.8350672,47.6785427],[36.8294175,47.6741004],[36.8249523,47.6777206],[36.8291065,47.6847967]]]},"properties":{"ha":45.0,"date":"2026-07-06","day":5,"country":"UA","place":"N.A., N.A.","rank":688}},{"type":"Feature","geometry":{"type":"Polygon","coordinates":[[[36.7593676,48.0459822],[36.7568807,48.0466033],[36.7540983,48.0429761],[36.7492626,48.0424892],[36.7480616,48.0441054],[36.7456085,48.040335],[36.7425224,48.0413171],[36.74658,48.0432016],[36.7448637,48.0444147],[36.7465226,48.044095],[36.7444251,48.045003],[36.7418129,48.0443989],[36.7483467,48.0488476],[36.7504873,48.0466343],[36.7493925,48.0451372],[36.7535191,48.046273],[36.7525292,48.0479936],[36.7593676,48.0459822]]]},"properties":{"ha":45.0,"date":"2026-07-03","day":2,"country":"UA","place":"N.A., N.A.","rank":689}},{"type":"Feature","geometry":{"type":"Polygon","coordinates":[[[38.530683,47.9281263],[38.5366798,47.9232173],[38.5243904,47.9228006],[38.5253841,47.9272388],[38.530683,47.9281263]]]},"properties":{"ha":45.0,"date":"2026-07-03","day":2,"country":"UA","place":"N.A., N.A.","rank":690}},{"type":"Feature","geometry":{"type":"Polygon","coordinates":[[[20.0237229,42.1899293],[20.0253488,42.1956515],[20.02924,42.197267],[20.0333385,42.1902901],[20.0293291,42.1914921],[20.0271232,42.1906381],[20.0277581,42.1884253],[20.0252669,42.1880183],[20.0237229,42.1899293]]]},"properties":{"ha":45.0,"date":"2026-07-20","day":19,"country":"AL","place":"Fushë Arrës, Shkodër","rank":691}},{"type":"Feature","geometry":{"type":"Polygon","coordinates":[[[36.1782514,45.453141],[36.1887625,45.4540018],[36.1853309,45.4526975],[36.1892331,45.4516732],[36.1891524,45.4498183],[36.1837778,45.4485699],[36.1744962,45.450683],[36.1782514,45.453141]]]},"properties":{"ha":44.0,"date":"2026-07-01","day":0,"country":"UA","place":"N.A., N.A.","rank":692}},{"type":"Feature","geometry":{"type":"Polygon","coordinates":[[[-6.476331,38.6788202],[-6.4723697,38.67399],[-6.4684574,38.6721295],[-6.4725583,38.6728124],[-6.4766488,38.6709983],[-6.4788876,38.6734341],[-6.4814695,38.6731496],[-6.4813796,38.6754095],[-6.476331,38.6788202]]]},"properties":{"ha":44.0,"date":"2026-07-04","day":3,"country":"ES","place":"Aceuchal, Badajoz","rank":693}},{"type":"Feature","geometry":{"type":"Polygon","coordinates":[[[38.5131517,49.0461001],[38.5242583,49.0413897],[38.5283017,49.0418679],[38.5159899,49.0388364],[38.5129556,49.0406251],[38.5131517,49.0461001]]]},"properties":{"ha":44.0,"date":"2026-07-07","day":6,"country":"UA","place":"N.A., N.A.","rank":694}},{"type":"Feature","geometry":{"type":"Polygon","coordinates":[[[33.4877434,46.7427241],[33.4878255,46.7383052],[33.4754387,46.7377959],[33.4748955,46.7401598],[33.4789061,46.7408523],[33.4789195,46.7425466],[33.4877434,46.7427241]]]},"properties":{"ha":44.0,"date":"2026-07-02","day":1,"country":"UA","place":"N.A., N.A.","rank":695}},{"type":"Feature","geometry":{"type":"Polygon","coordinates":[[[-4.6913497,37.0975534],[-4.7098196,37.1018446],[-4.7108181,37.1037579],[-4.6891665,37.0992381],[-4.6913497,37.0975534]]]},"properties":{"ha":44.0,"date":"2026-07-11","day":10,"country":"ES","place":"Humilladero, Málaga","rank":696}},{"type":"Feature","geometry":{"type":"Polygon","coordinates":[[[31.8160356,46.5013997],[31.8030642,46.4965983],[31.7989546,46.4984814],[31.8046723,46.502479],[31.8160356,46.5013997]]]},"properties":{"ha":44.0,"date":"2026-07-02","day":1,"country":"UA","place":"N.A., N.A.","rank":697}},{"type":"Feature","geometry":{"type":"Polygon","coordinates":[[[13.4091717,42.0002037],[13.4122707,41.9966049],[13.41447,41.9963015],[13.4159415,41.9983532],[13.4224568,41.9926442],[13.4090522,41.995206],[13.4071362,41.9986644],[13.4091717,42.0002037]]]},"properties":{"ha":44.0,"date":"2026-07-21","day":20,"country":"IT","place":"Capistrello, L’Aquila","rank":698}},{"type":"Feature","geometry":{"type":"Polygon","coordinates":[[[4.7649082,44.0430534],[4.758816,44.0471609],[4.7627278,44.0474339],[4.7589182,44.0496113],[4.7627488,44.0502873],[4.7577465,44.051535],[4.7661,44.0544186],[4.7664191,44.0476155],[4.7646313,44.0498551],[4.7649082,44.0430534]]]},"properties":{"ha":43.0,"date":"2026-07-02","day":1,"country":"FR","place":"Roquemaure, Gard","rank":699}},{"type":"Feature","geometry":{"type":"Polygon","coordinates":[[[33.899753,46.4829381],[33.8981631,46.4793851],[33.8879848,46.4701915],[33.8868633,46.4734154],[33.8938744,46.4802577],[33.899753,46.4829381]]]},"properties":{"ha":43.0,"date":"2026-07-01","day":0,"country":"UA","place":"N.A., N.A.","rank":700}},{"type":"Feature","geometry":{"type":"Polygon","coordinates":[[[35.9672632,47.2530074],[35.9628464,47.2472555],[35.9559144,47.2492511],[35.9579827,47.2540012],[35.9630712,47.2533327],[35.9635601,47.2518005],[35.9672632,47.2530074]]]},"properties":{"ha":43.0,"date":"2026-07-19","day":18,"country":"UA","place":"N.A., N.A.","rank":701}},{"type":"Feature","geometry":{"type":"Polygon","coordinates":[[[35.9901993,47.5091089],[35.9881365,47.5064331],[35.983798,47.508573],[35.9772901,47.5077419],[35.9776102,47.5101692],[35.9736489,47.5125633],[35.9786105,47.51285],[35.9754558,47.514041],[35.9766094,47.514539],[35.982414,47.5140684],[35.9793356,47.5103485],[35.9887526,47.5105876],[35.9901993,47.5091089]]]},"properties":{"ha":43.0,"date":"2026-07-03","day":2,"country":"UA","place":"N.A., N.A.","rank":702}},{"type":"Feature","geometry":{"type":"Polygon","coordinates":[[[36.0170711,47.4591893],[36.0229516,47.4573759],[36.0223264,47.4548065],[36.0097716,47.4525487],[36.0170711,47.4591893]]]},"properties":{"ha":43.0,"date":"2026-07-03","day":2,"country":"UA","place":"N.A., N.A.","rank":703}},{"type":"Feature","geometry":{"type":"Polygon","coordinates":[[[37.5832504,47.4355547],[37.5889194,47.4351925],[37.5913492,47.4370824],[37.5911267,47.4349736],[37.5862763,47.4349414],[37.5900777,47.4316174],[37.5879109,47.4281598],[37.5943468,47.425467],[37.5862728,47.4266146],[37.5829525,47.428921],[37.582254,47.4331836],[37.5856648,47.4337386],[37.5832504,47.4355547]]]},"properties":{"ha":43.0,"date":"2026-07-05","day":4,"country":"UA","place":"N.A., N.A.","rank":704}},{"type":"Feature","geometry":{"type":"Polygon","coordinates":[[[14.4204374,41.0934662],[14.4296044,41.0992685],[14.4278652,41.0944672],[14.4308567,41.0936426],[14.429489,41.0918317],[14.4246118,41.0907939],[14.4204374,41.0934662]]]},"properties":{"ha":43.0,"date":"2026-07-23","day":22,"country":"IT","place":"Valle di Maddaloni, Caserta","rank":705}},{"type":"Feature","geometry":{"type":"Polygon","coordinates":[[[35.6092626,46.7218883],[35.6021644,46.7196698],[35.6021287,46.718426],[35.6077241,46.7196354],[35.6046239,46.7166791],[35.6000438,46.7176361],[35.5953059,46.721624],[35.6059191,46.723996],[35.6092626,46.7218883]]]},"properties":{"ha":43.0,"date":"2026-07-17","day":16,"country":"UA","place":"N.A., N.A.","rank":706}},{"type":"Feature","geometry":{"type":"Polygon","coordinates":[[[28.7092619,38.4722554],[28.7107164,38.463529],[28.7065609,38.4630072],[28.7038852,38.4659715],[28.704488,38.4687632],[28.7092619,38.4722554]]]},"properties":{"ha":43.0,"date":"2026-07-15","day":14,"country":"TR","place":"N.A., Manisa","rank":707}},{"type":"Feature","geometry":{"type":"Polygon","coordinates":[[[2.8382617,42.1283435],[2.8375816,42.1197241],[2.8310845,42.12076],[2.8350198,42.128802],[2.8382617,42.1283435]]]},"properties":{"ha":42.0,"date":"2026-07-03","day":2,"country":"ES","place":"Fontcoberta, Girona","rank":708}},{"type":"Feature","geometry":{"type":"Polygon","coordinates":[[[2.5986434,42.6609722],[2.6023088,42.6698984],[2.6019009,42.6665469],[2.6055947,42.6680126],[2.6050944,42.6663923],[2.6066342,42.6665758],[2.6055309,42.664675],[2.6034069,42.665087],[2.6037483,42.6636228],[2.6110569,42.6622897],[2.6024056,42.6623663],[2.6040505,42.6596501],[2.6034484,42.6588496],[2.6025603,42.6608648],[2.5963646,42.659915],[2.5986434,42.6609722]]]},"properties":{"ha":42.0,"date":"2026-07-05","day":4,"country":"FR","place":"Ille-sur-Têt, Pyrénées-Orientales","rank":709}},{"type":"Feature","geometry":{"type":"Polygon","coordinates":[[[36.3705514,45.4447668],[36.3693493,45.44289],[36.3513316,45.4455675],[36.3527921,45.4472126],[36.3628192,45.4479235],[36.3705514,45.4447668]]]},"properties":{"ha":42.0,"date":"2026-07-07","day":6,"country":"UA","place":"N.A., N.A.","rank":710}},{"type":"Feature","geometry":{"type":"Polygon","coordinates":[[[36.0593012,47.4649867],[36.0580743,47.4607451],[36.06083,47.4581782],[36.0554722,47.457791],[36.0518344,47.4660448],[36.0568093,47.4661565],[36.0593012,47.4649867]]]},"properties":{"ha":42.0,"date":"2026-07-03","day":2,"country":"UA","place":"N.A., N.A.","rank":711}},{"type":"Feature","geometry":{"type":"Polygon","coordinates":[[[36.2001401,45.3778778],[36.2116289,45.3803887],[36.2083976,45.3768793],[36.1994937,45.3733213],[36.2001401,45.3778778]]]},"properties":{"ha":42.0,"date":"2026-07-17","day":16,"country":"UA","place":"N.A., N.A.","rank":712}},{"type":"Feature","geometry":{"type":"Polygon","coordinates":[[[34.1600008,47.349063],[34.1637021,47.3499186],[34.1582553,47.3503711],[34.1763058,47.3544011],[34.1737776,47.3512998],[34.1600008,47.349063]]]},"properties":{"ha":42.0,"date":"2026-07-19","day":18,"country":"UA","place":"N.A., N.A.","rank":713}},{"type":"Feature","geometry":{"type":"Polygon","coordinates":[[[3.5092786,45.0629506],[3.503537,45.0749813],[3.5054099,45.0756531],[3.5088927,45.0719324],[3.511976,45.0718328],[3.5092786,45.0629506]]]},"properties":{"ha":41.0,"date":"2026-07-02","day":1,"country":"FR","place":"Chanteuges, Haute-Loire","rank":714}},{"type":"Feature","geometry":{"type":"Polygon","coordinates":[[[37.2996686,48.9665002],[37.30694,48.9666437],[37.3040963,48.9631012],[37.3055059,48.9604173],[37.303334,48.9595723],[37.3012302,48.9599769],[37.29846,48.96483],[37.2919153,48.9652241],[37.2958158,48.9679119],[37.2996686,48.9665002]]]},"properties":{"ha":41.0,"date":"2026-07-02","day":1,"country":"UA","place":"N.A., N.A.","rank":715}},{"type":"Feature","geometry":{"type":"Polygon","coordinates":[[[4.9227846,47.1495117],[4.9338442,47.152651],[4.937704,47.1492608],[4.9258398,47.1470279],[4.9218415,47.1473035],[4.9227846,47.1495117]]]},"properties":{"ha":41.0,"date":"2026-07-08","day":7,"country":"FR","place":"Nuits-Saint-Georges, Côte-d’Or","rank":716}},{"type":"Feature","geometry":{"type":"Polygon","coordinates":[[[-8.3516038,40.9811329],[-8.3539137,40.9814019],[-8.3541076,40.9845311],[-8.3456904,40.9839776],[-8.3476663,40.9823951],[-8.3480711,40.9761658],[-8.3541326,40.9747917],[-8.3506518,40.9785423],[-8.3516038,40.9811329]]]},"properties":{"ha":41.0,"date":"2026-07-03","day":2,"country":"PT","place":"São Miguel do Mato, Área Metropolitana do Porto","rank":717}},{"type":"Feature","geometry":{"type":"Polygon","coordinates":[[[36.392489,45.2447634],[36.3904483,45.2401784],[36.3756916,45.2407375],[36.3903638,45.2462303],[36.392489,45.2447634]]]},"properties":{"ha":41.0,"date":"2026-07-02","day":1,"country":"UA","place":"N.A., N.A.","rank":718}},{"type":"Feature","geometry":{"type":"Polygon","coordinates":[[[13.329451,37.3960921],[13.3316846,37.3926987],[13.3333398,37.3946191],[13.3351771,37.3924314],[13.3328641,37.3904551],[13.3379507,37.3879666],[13.3309028,37.3883779],[13.3313543,37.3900054],[13.3280231,37.392078],[13.3238507,37.3905067],[13.3281331,37.3934149],[13.3264965,37.3943989],[13.3286486,37.3945793],[13.3261516,37.3959567],[13.329451,37.3960921]]]},"properties":{"ha":40.0,"date":"2026-07-20","day":19,"country":"IT","place":"Montallegro, Agrigento","rank":719}},{"type":"Feature","geometry":{"type":"Polygon","coordinates":[[[2.2749409,47.0476716],[2.2833618,47.0447657],[2.2817035,47.0429189],[2.2846808,47.0404665],[2.2839102,47.038974],[2.279018,47.0390585],[2.2765884,47.0426322],[2.2781828,47.0436886],[2.274075,47.0440021],[2.2749409,47.0476716]]]},"properties":{"ha":40.0,"date":"2026-07-08","day":7,"country":"FR","place":"Morthomiers, Cher","rank":720}},{"type":"Feature","geometry":{"type":"Polygon","coordinates":[[[36.9199144,48.0167627],[36.9277039,48.0156302],[36.922854,48.0125182],[36.9175643,48.0179445],[36.9090419,48.0194766],[36.9206096,48.020392],[36.9218678,48.0188035],[36.9199144,48.0167627]]]},"properties":{"ha":40.0,"date":"2026-07-06","day":5,"country":"UA","place":"N.A., N.A.","rank":721}},{"type":"Feature","geometry":{"type":"Polygon","coordinates":[[[35.3469049,47.4681081],[35.3395075,47.4667565],[35.3366404,47.4707223],[35.3447022,47.4741147],[35.3462316,47.4725157],[35.3452108,47.4711951],[35.3480384,47.4702967],[35.3469049,47.4681081]],[[35.345714,47.4694392],[35.3453511,47.4689733],[35.3457819,47.4695161],[35.345714,47.4694392]]]},"properties":{"ha":40.0,"date":"2026-07-01","day":0,"country":"UA","place":"N.A., N.A.","rank":722}},{"type":"Feature","geometry":{"type":"Polygon","coordinates":[[[12.1571407,44.0207008],[12.1568598,44.0138456],[12.1538964,44.0133066],[12.1523571,44.0164654],[12.1478046,44.0148986],[12.1487082,44.0187251],[12.1571407,44.0207008]]]},"properties":{"ha":40.0,"date":"2026-07-06","day":5,"country":"IT","place":"Mercato Saraceno, Forlì-Cesena","rank":723}},{"type":"Feature","geometry":{"type":"Polygon","coordinates":[[[35.8178706,47.5369529],[35.8141979,47.5338252],[35.819365,47.5327411],[35.8183263,47.5306903],[35.8197472,47.529081],[35.811659,47.5296087],[35.8127372,47.5324923],[35.8107736,47.5350073],[35.8159622,47.5383459],[35.8178706,47.5369529]]]},"properties":{"ha":40.0,"date":"2026-07-16","day":15,"country":"UA","place":"N.A., N.A.","rank":724}},{"type":"Feature","geometry":{"type":"Polygon","coordinates":[[[15.886989,39.5728864],[15.8896365,39.5717335],[15.8933008,39.5737566],[15.8940544,39.5727952],[15.8911862,39.5716705],[15.8950466,39.570593],[15.8876541,39.5670783],[15.8825126,39.5674667],[15.886989,39.5728864]]]},"properties":{"ha":40.0,"date":"2026-07-26","day":25,"country":"IT","place":"Bonifati, Cosenza","rank":725}},{"type":"Feature","geometry":{"type":"Polygon","coordinates":[[[37.8664819,49.225029],[37.857001,49.2271603],[37.8518977,49.2232053],[37.8515223,49.2290498],[37.8605761,49.2300659],[37.8650868,49.2278422],[37.8664819,49.225029]]]},"properties":{"ha":40.0,"date":"2026-07-04","day":3,"country":"UA","place":"N.A., N.A.","rank":726}},{"type":"Feature","geometry":{"type":"Polygon","coordinates":[[[13.536919,41.4977268],[13.5389322,41.4969279],[13.5358405,41.4972177],[13.5355649,41.4982049],[13.5328174,41.4957975],[13.5282085,41.4963931],[13.5282636,41.4995687],[13.5233971,41.5035345],[13.5263994,41.5035988],[13.5281973,41.5002441],[13.5315745,41.5025056],[13.5324929,41.5022113],[13.5319667,41.4990228],[13.5379599,41.5005718],[13.536919,41.4977268]]]},"properties":{"ha":40.0,"date":"2026-07-20","day":19,"country":"IT","place":"Falvaterra, Frosinone","rank":727}},{"type":"Feature","geometry":{"type":"Polygon","coordinates":[[[38.968976,48.4290877],[38.9650472,48.4259597],[38.9716345,48.4261693],[38.9757252,48.4242623],[38.9736229,48.4242906],[38.9748265,48.4226783],[38.9645832,48.4236727],[38.9551226,48.4295084],[38.968976,48.4290877]]]},"properties":{"ha":40.0,"date":"2026-07-17","day":16,"country":"UA","place":"N.A., N.A.","rank":728}},{"type":"Feature","geometry":{"type":"Polygon","coordinates":[[[37.4880963,48.4682353],[37.4942489,48.4648523],[37.4936541,48.458928],[37.4951777,48.4560961],[37.491269,48.4564729],[37.4892476,48.4591357],[37.4916556,48.463517],[37.4881959,48.4664461],[37.4880963,48.4682353]]]},"properties":{"ha":40.0,"date":"2026-07-17","day":16,"country":"UA","place":"N.A., N.A.","rank":729}},{"type":"Feature","geometry":{"type":"Polygon","coordinates":[[[-8.0413176,41.7571312],[-8.0387762,41.7550285],[-8.0359534,41.756613],[-8.0328012,41.7549152],[-8.0331333,41.7511489],[-8.0339677,41.7531058],[-8.0366662,41.7534002],[-8.0404328,41.7493683],[-8.0415206,41.7513474],[-8.0399467,41.7538912],[-8.0420632,41.7537916],[-8.0447231,41.7568753],[-8.0413176,41.7571312]]]},"properties":{"ha":39.0,"date":"2026-07-01","day":0,"country":"PT","place":"Cabril, Alto Tâmega","rank":730}},{"type":"Feature","geometry":{"type":"Polygon","coordinates":[[[35.9186185,47.5323406],[35.9190379,47.5287379],[35.9169096,47.5282085],[35.9109629,47.5297305],[35.9091873,47.5332322],[35.9123975,47.5359943],[35.9186185,47.5323406]]]},"properties":{"ha":39.0,"date":"2026-07-02","day":1,"country":"UA","place":"N.A., N.A.","rank":731}},{"type":"Feature","geometry":{"type":"Polygon","coordinates":[[[32.5604874,46.5167794],[32.5613639,46.5154727],[32.5565807,46.5142025],[32.5574997,46.5121012],[32.5535458,46.5128601],[32.552301,46.514896],[32.5523151,46.5118458],[32.5492374,46.5077332],[32.5438156,46.5102544],[32.5463365,46.5099479],[32.5503838,46.5137835],[32.5485917,46.5139221],[32.5528927,46.5165373],[32.5549656,46.5152759],[32.5604874,46.5167794]]]},"properties":{"ha":39.0,"date":"2026-07-06","day":5,"country":"UA","place":"N.A., N.A.","rank":732}},{"type":"Feature","geometry":{"type":"Polygon","coordinates":[[[35.3655338,47.5577858],[35.3718356,47.5595429],[35.3779021,47.5561595],[35.3738472,47.5530651],[35.3670787,47.55519],[35.3655338,47.5577858]]]},"properties":{"ha":39.0,"date":"2026-07-18","day":17,"country":"UA","place":"N.A., N.A.","rank":733}},{"type":"Feature","geometry":{"type":"Polygon","coordinates":[[[14.0014105,37.2645803],[14.0007682,37.2704031],[14.007545,37.275938],[14.0066821,37.2738457],[14.0086255,37.2735368],[14.0055834,37.2672817],[14.0014105,37.2645803]]]},"properties":{"ha":39.0,"date":"2026-07-06","day":5,"country":"IT","place":"Ravanusa, Agrigento","rank":734}},{"type":"Feature","geometry":{"type":"Polygon","coordinates":[[[14.3131725,41.1662949],[14.3023951,41.1659227],[14.3109431,41.1676576],[14.3099363,41.1757703],[14.3114568,41.177594],[14.3144685,41.1689742],[14.3131725,41.1662949]]]},"properties":{"ha":39.0,"date":"2026-07-18","day":17,"country":"IT","place":"Piana di Monte Verna, Caserta","rank":735}},{"type":"Feature","geometry":{"type":"MultiPolygon","coordinates":[[[[37.3711358,48.6532195],[37.3710946,48.6532334],[37.3711367,48.6532226],[37.3711358,48.6532195]]],[[[37.3711358,48.6532195],[37.3834698,48.647293],[37.3816642,48.6437375],[37.3717802,48.6498764],[37.3711358,48.6532195]]]]},"properties":{"ha":39.0,"date":"2026-07-16","day":15,"country":"UA","place":"N.A., N.A.","rank":736}},{"type":"Feature","geometry":{"type":"Polygon","coordinates":[[[-0.6100255,47.655184],[-0.6113451,47.6519441],[-0.6172114,47.6506425],[-0.6173575,47.652804],[-0.620396,47.6533954],[-0.6189255,47.6519525],[-0.6201003,47.6507331],[-0.6229926,47.6512325],[-0.6195666,47.6556718],[-0.6100255,47.655184]]]},"properties":{"ha":39.0,"date":"2026-07-12","day":11,"country":"FR","place":"Hauts d'Anjou, Maine-et-Loire","rank":737}},{"type":"Feature","geometry":{"type":"Polygon","coordinates":[[[33.7087002,46.9951178],[33.700764,46.990561],[33.6995401,46.9929896],[33.7063926,46.9991602],[33.7087002,46.9951178]]]},"properties":{"ha":39.0,"date":"2026-07-18","day":17,"country":"UA","place":"N.A., N.A.","rank":738}},{"type":"Feature","geometry":{"type":"Polygon","coordinates":[[[36.172595,47.8889123],[36.1663397,47.8878398],[36.1682074,47.8876268],[36.1672784,47.8847959],[36.171582,47.887553],[36.173658,47.886291],[36.1675699,47.884045],[36.1627592,47.8843219],[36.1614117,47.8865078],[36.1618019,47.8898772],[36.1646014,47.8904585],[36.1668041,47.888452],[36.1688631,47.8909997],[36.172595,47.8889123]]]},"properties":{"ha":39.0,"date":"2026-07-20","day":19,"country":"UA","place":"N.A., N.A.","rank":739}},{"type":"Feature","geometry":{"type":"Polygon","coordinates":[[[34.6559745,47.5262059],[34.6510053,47.5234019],[34.6454095,47.5285335],[34.6492688,47.5317923],[34.6559745,47.5262059]]]},"properties":{"ha":38.0,"date":"2026-07-03","day":2,"country":"UA","place":"N.A., N.A.","rank":740}},{"type":"Feature","geometry":{"type":"Polygon","coordinates":[[[8.9449081,42.0669515],[8.9488152,42.06419],[8.9481091,42.0621071],[8.9504521,42.0594229],[8.9492734,42.0562036],[8.9432314,42.0618273],[8.9451169,42.0625683],[8.9431046,42.0650799],[8.9449081,42.0669515]]]},"properties":{"ha":38.0,"date":"2026-07-07","day":6,"country":"FR","place":"Vero, Corse-du-Sud","rank":741}},{"type":"Feature","geometry":{"type":"Polygon","coordinates":[[[33.2161074,46.8409932],[33.218891,46.8395695],[33.2180997,46.8346429],[33.2144358,46.8321627],[33.2110224,46.8339714],[33.2101623,46.8321311],[33.2112683,46.8370337],[33.215583,46.8361906],[33.2161074,46.8409932]]]},"properties":{"ha":38.0,"date":"2026-07-01","day":0,"country":"UA","place":"N.A., N.A.","rank":742}},{"type":"Feature","geometry":{"type":"Polygon","coordinates":[[[17.3625403,40.6228165],[17.3628912,40.6296245],[17.365735,40.6338186],[17.3673693,40.622748],[17.3625403,40.6228165]]]},"properties":{"ha":38.0,"date":"2026-07-05","day":4,"country":"IT","place":"Martina Franca, Taranto","rank":743}},{"type":"Feature","geometry":{"type":"Polygon","coordinates":[[[32.002828,46.4824219],[31.9885891,46.4789418],[31.9878016,46.4814245],[31.996496,46.4824373],[31.9919827,46.483702],[32.0017446,46.4828829],[32.0007551,46.4858747],[32.0038809,46.4843081],[32.002828,46.4824219]]]},"properties":{"ha":38.0,"date":"2026-07-12","day":11,"country":"UA","place":"N.A., N.A.","rank":744}},{"type":"Feature","geometry":{"type":"Polygon","coordinates":[[[32.943374,46.6186219],[32.9369545,46.6181816],[32.9397811,46.6257626],[32.9460188,46.6234848],[32.943374,46.6186219]]]},"properties":{"ha":38.0,"date":"2026-07-03","day":2,"country":"UA","place":"N.A., N.A.","rank":745}},{"type":"Feature","geometry":{"type":"Polygon","coordinates":[[[35.9217004,47.6226546],[35.9191002,47.618966],[35.9122107,47.6234622],[35.905599,47.6249616],[35.9071546,47.6263344],[35.9217004,47.6226546]]]},"properties":{"ha":38.0,"date":"2026-07-16","day":15,"country":"UA","place":"N.A., N.A.","rank":746}},{"type":"Feature","geometry":{"type":"Polygon","coordinates":[[[37.706061,48.9054714],[37.7123751,48.9015071],[37.7069081,48.8980163],[37.7025938,48.8989784],[37.706061,48.9054714]]]},"properties":{"ha":38.0,"date":"2026-07-08","day":7,"country":"UA","place":"N.A., N.A.","rank":747}},{"type":"Feature","geometry":{"type":"Polygon","coordinates":[[[15.0511274,37.2225328],[15.0472949,37.2190606],[15.0439805,37.2197359],[15.0419073,37.2226136],[15.0448082,37.2256241],[15.0511274,37.2225328]]]},"properties":{"ha":38.0,"date":"2026-07-15","day":14,"country":"IT","place":"Carlentini, Siracusa","rank":748}},{"type":"Feature","geometry":{"type":"Polygon","coordinates":[[[36.1887652,47.8822024],[36.1865986,47.8809848],[36.1753393,47.8794531],[36.176297,47.8821092],[36.1821832,47.8856543],[36.1872046,47.8845435],[36.1887652,47.8822024]]]},"properties":{"ha":38.0,"date":"2026-07-17","day":16,"country":"UA","place":"N.A., N.A.","rank":749}},{"type":"Feature","geometry":{"type":"Polygon","coordinates":[[[14.8019353,37.2713187],[14.8033748,37.2746431],[14.8097469,37.2718833],[14.8074698,37.2697013],[14.8040604,37.2731186],[14.802069,37.2696002],[14.8032094,37.2683504],[14.7990668,37.2674224],[14.797786,37.265243],[14.7982189,37.2692552],[14.8019353,37.2713187]]]},"properties":{"ha":38.0,"date":"2026-07-08","day":7,"country":"IT","place":"Militello in Val di Catania, Catania","rank":750}},{"type":"Feature","geometry":{"type":"Polygon","coordinates":[[[35.3792171,46.5767403],[35.3803964,46.5728432],[35.3746515,46.5687841],[35.3731796,46.5765398],[35.3792171,46.5767403]]]},"properties":{"ha":38.0,"date":"2026-07-17","day":16,"country":"UA","place":"N.A., N.A.","rank":751}},{"type":"Feature","geometry":{"type":"Polygon","coordinates":[[[36.6618244,47.9603182],[36.6614543,47.9565012],[36.6671893,47.9557061],[36.6607575,47.9550878],[36.6614667,47.951852],[36.6544213,47.9517249],[36.6546419,47.9542299],[36.6573873,47.9552512],[36.6560951,47.9572878],[36.6618244,47.9603182]]]},"properties":{"ha":38.0,"date":"2026-07-20","day":19,"country":"UA","place":"N.A., N.A.","rank":752}},{"type":"Feature","geometry":{"type":"Polygon","coordinates":[[[15.0244347,36.9099673],[15.0232329,36.9211231],[15.0184011,36.9247967],[15.0233693,36.9275053],[15.0260982,36.9206825],[15.0241543,36.9212409],[15.0260152,36.919663],[15.024702,36.9191191],[15.0244347,36.9099673]]]},"properties":{"ha":38.0,"date":"2026-07-22","day":21,"country":"IT","place":"Noto, Siracusa","rank":753}},{"type":"Feature","geometry":{"type":"Polygon","coordinates":[[[15.9062331,39.8737156],[15.9067853,39.8809618],[15.9041236,39.8786808],[15.901714,39.8813025],[15.9046866,39.8866283],[15.9059116,39.8852148],[15.9043719,39.8836951],[15.9091688,39.8835766],[15.9074166,39.8806905],[15.9101066,39.8788175],[15.9074836,39.8779892],[15.9062331,39.8737156]]]},"properties":{"ha":38.0,"date":"2026-07-20","day":19,"country":"IT","place":"Papasidero, Cosenza","rank":754}},{"type":"Feature","geometry":{"type":"Polygon","coordinates":[[[0.2850926,42.344854],[0.292284,42.3459898],[0.290926,42.3429668],[0.2882614,42.3422528],[0.290207,42.3407182],[0.2833364,42.3380751],[0.2862833,42.3410612],[0.284169,42.3415634],[0.2850926,42.344854]]]},"properties":{"ha":37.0,"date":"2026-07-02","day":1,"country":"ES","place":"La Fueva, Huesca","rank":755}},{"type":"Feature","geometry":{"type":"Polygon","coordinates":[[[38.8031224,48.6735266],[38.803035,48.6684126],[38.7989367,48.6686963],[38.7994626,48.6666358],[38.7947784,48.6694269],[38.7995257,48.6764489],[38.8009597,48.6757662],[38.8003826,48.6723808],[38.8031224,48.6735266]]]},"properties":{"ha":37.0,"date":"2026-07-07","day":6,"country":"UA","place":"N.A., N.A.","rank":756}},{"type":"Feature","geometry":{"type":"Polygon","coordinates":[[[-7.5411685,41.919084],[-7.5414939,41.9237739],[-7.538228,41.9265052],[-7.5349954,41.9264407],[-7.5327039,41.9298364],[-7.5328943,41.9263068],[-7.5403583,41.917412],[-7.5438061,41.916143],[-7.5411685,41.919084]]]},"properties":{"ha":37.0,"date":"2026-07-12","day":11,"country":"ES","place":"Monterrei, Ourense","rank":757}},{"type":"Feature","geometry":{"type":"Polygon","coordinates":[[[37.600417,50.2346677],[37.5983273,50.2342815],[37.5990985,50.2377547],[37.5923056,50.2419556],[37.5919253,50.2439646],[37.597204,50.2450494],[37.6012836,50.242247],[37.5989498,50.241089],[37.5988681,50.2389576],[37.6011641,50.2378486],[37.600417,50.2346677]]]},"properties":{"ha":37.0,"date":"2026-07-18","day":17,"country":"UA","place":"N.A., N.A.","rank":758}},{"type":"Feature","geometry":{"type":"Polygon","coordinates":[[[-8.2087195,53.2028151],[-8.206965,53.2003061],[-8.2091457,53.1993266],[-8.2219132,53.1975063],[-8.2228623,53.1994763],[-8.2179552,53.2021676],[-8.2087195,53.2028151]]]},"properties":{"ha":37.0,"date":"2026-07-14","day":13,"country":"IE","place":"Derrew, West","rank":759}},{"type":"Feature","geometry":{"type":"Polygon","coordinates":[[[13.0386786,37.7863161],[13.0361849,37.7847824],[13.036783,37.7872397],[13.0345327,37.7888626],[13.0356701,37.7907779],[13.0370983,37.7910543],[13.0364166,37.7891113],[13.0421765,37.7896238],[13.0411684,37.7861994],[13.0430659,37.7847232],[13.0411247,37.7846],[13.0403712,37.7809877],[13.0386786,37.7863161]]]},"properties":{"ha":37.0,"date":"2026-07-18","day":17,"country":"IT","place":"Poggioreale, Trapani","rank":760}},{"type":"Feature","geometry":{"type":"Polygon","coordinates":[[[15.3834131,40.0314955],[15.3876259,40.0276435],[15.3862747,40.0270913],[15.3879009,40.0246406],[15.3830725,40.023715],[15.3807721,40.0253467],[15.3798679,40.0280709],[15.3816217,40.0288695],[15.3802135,40.0306534],[15.3834131,40.0314955]]]},"properties":{"ha":37.0,"date":"2026-07-13","day":12,"country":"IT","place":"Camerota, Salerno","rank":761}},{"type":"Feature","geometry":{"type":"Polygon","coordinates":[[[38.0022059,48.5704694],[38.005736,48.5673679],[38.0028652,48.5652677],[38.0114364,48.5642281],[38.0038812,48.5632846],[37.9991896,48.564922],[38.0002434,48.5669486],[37.9970719,48.5666742],[37.9980873,48.5690619],[38.0022059,48.5704694]]]},"properties":{"ha":37.0,"date":"2026-07-16","day":15,"country":"UA","place":"N.A., N.A.","rank":762}},{"type":"Feature","geometry":{"type":"Polygon","coordinates":[[[14.8880045,37.8407566],[14.8988573,37.8418811],[14.8972748,37.8405147],[14.8996128,37.8400768],[14.8961886,37.8396816],[14.8988081,37.8363334],[14.8963759,37.8345662],[14.8916943,37.8398938],[14.8880045,37.8407566]]]},"properties":{"ha":37.0,"date":"2026-07-20","day":19,"country":"IT","place":"Bronte, Catania","rank":763}},{"type":"Feature","geometry":{"type":"Polygon","coordinates":[[[27.0728649,40.7561212],[27.069994,40.752751],[27.0674499,40.7531087],[27.0629705,40.7493236],[27.0592685,40.7478382],[27.0633045,40.7545074],[27.0728649,40.7561212]]]},"properties":{"ha":37.0,"date":"2026-07-16","day":15,"country":"TR","place":"N.A., Tekirdağ","rank":764}},{"type":"Feature","geometry":{"type":"Polygon","coordinates":[[[16.5418934,40.9370983],[16.5455021,40.93301],[16.5403903,40.9307453],[16.5438134,40.9289309],[16.5428286,40.9281192],[16.5372772,40.9334483],[16.539501,40.9369843],[16.5418934,40.9370983]]]},"properties":{"ha":37.0,"date":"2026-07-21","day":20,"country":"IT","place":"Altamura, Bari","rank":765}},{"type":"Feature","geometry":{"type":"Polygon","coordinates":[[[1.2826663,42.4601685],[1.2864579,42.4652324],[1.2908226,42.4645392],[1.2862458,42.4622786],[1.2848037,42.4593381],[1.2880877,42.4547943],[1.2795337,42.4593702],[1.2820495,42.4615737],[1.2826663,42.4601685]]]},"properties":{"ha":37.0,"date":"2026-07-24","day":23,"country":"ES","place":"Farrera, Lleida","rank":766}},{"type":"Feature","geometry":{"type":"Polygon","coordinates":[[[16.1857237,38.607943],[16.1837395,38.6126573],[16.1799692,38.6116546],[16.1794901,38.6189928],[16.1854703,38.6165381],[16.1846684,38.6133812],[16.1874947,38.6109796],[16.1857237,38.607943]]]},"properties":{"ha":37.0,"date":"2026-07-19","day":18,"country":"IT","place":"Gerocarne, Vibo Valentia","rank":767}},{"type":"Feature","geometry":{"type":"Polygon","coordinates":[[[38.0470818,48.5583398],[38.0492878,48.5541276],[38.0465185,48.5534711],[38.0447676,48.5502168],[38.0413603,48.5551292],[38.0435597,48.5586206],[38.0470818,48.5583398]]]},"properties":{"ha":36.0,"date":"2026-07-01","day":0,"country":"UA","place":"N.A., N.A.","rank":768}},{"type":"Feature","geometry":{"type":"Polygon","coordinates":[[[38.2683904,48.7333802],[38.2642883,48.7285678],[38.2549385,48.7310092],[38.253745,48.7329071],[38.2568339,48.7366065],[38.2553509,48.7316861],[38.2683904,48.7333802]]]},"properties":{"ha":36.0,"date":"2026-07-03","day":2,"country":"UA","place":"N.A., N.A.","rank":769}},{"type":"Feature","geometry":{"type":"Polygon","coordinates":[[[-4.6121676,39.8958822],[-4.6038989,39.8949422],[-4.6035673,39.892552],[-4.6068618,39.891097],[-4.6138426,39.8933242],[-4.6109174,39.8944045],[-4.6121676,39.8958822]]]},"properties":{"ha":36.0,"date":"2026-07-05","day":4,"country":"ES","place":"Malpica de Tajo, Toledo","rank":770}},{"type":"Feature","geometry":{"type":"Polygon","coordinates":[[[37.2201608,48.4173456],[37.2204141,48.4147683],[37.223375,48.4156353],[37.2235789,48.4139618],[37.2170426,48.4068723],[37.2159254,48.4076332],[37.2184823,48.4174577],[37.2201608,48.4173456]]]},"properties":{"ha":36.0,"date":"2026-07-07","day":6,"country":"UA","place":"N.A., N.A.","rank":771}},{"type":"Feature","geometry":{"type":"Polygon","coordinates":[[[38.0567391,48.9966645],[38.0521106,48.9997171],[38.0522785,49.0022736],[38.0610632,48.9979937],[38.0601179,48.9940098],[38.0571355,48.9917511],[38.0533974,48.9941902],[38.0558941,48.9940007],[38.0567391,48.9966645]]]},"properties":{"ha":36.0,"date":"2026-07-01","day":0,"country":"UA","place":"N.A., N.A.","rank":772}},{"type":"Feature","geometry":{"type":"Polygon","coordinates":[[[36.713551,47.9971855],[36.7082631,47.9975635],[36.7065582,47.9947175],[36.7054061,47.9976911],[36.7038673,47.9964717],[36.702266,47.9977384],[36.7070124,47.9987506],[36.7016487,47.9990357],[36.7013557,47.9957905],[36.7047285,47.9948492],[36.7000122,47.9939265],[36.6980976,47.9966447],[36.699013,48.0002732],[36.7012241,47.9992814],[36.7019319,48.0014457],[36.7046797,48.000488],[36.7024704,47.9995072],[36.7095423,47.9999274],[36.7079618,47.9985912],[36.7120181,47.9989645],[36.713551,47.9971855]]]},"properties":{"ha":36.0,"date":"2026-07-13","day":12,"country":"UA","place":"N.A., N.A.","rank":773}},{"type":"Feature","geometry":{"type":"Polygon","coordinates":[[[36.9223258,48.0266972],[36.928553,48.0274779],[36.9344913,48.0251985],[36.9336711,48.0215425],[36.927313,48.0223209],[36.9223258,48.0266972]]]},"properties":{"ha":36.0,"date":"2026-07-01","day":0,"country":"UA","place":"N.A., N.A.","rank":774}},{"type":"Feature","geometry":{"type":"Polygon","coordinates":[[[-6.3081868,38.7617262],[-6.302286,38.7625544],[-6.3040667,38.7605868],[-6.3018726,38.7583878],[-6.3036526,38.7548086],[-6.3094506,38.758071],[-6.3081868,38.7617262]]]},"properties":{"ha":36.0,"date":"2026-07-25","day":24,"country":"ES","place":"Villagonzalo, Badajoz","rank":775}},{"type":"Feature","geometry":{"type":"Polygon","coordinates":[[[11.8119347,49.705619],[11.8149573,49.7022619],[11.8131624,49.7018008],[11.8134334,49.6997313],[11.8056684,49.6980541],[11.8078865,49.70083],[11.8056177,49.7029162],[11.8119347,49.705619]]]},"properties":{"ha":36.0,"date":"2026-07-25","day":24,"country":"DE","place":"Grafenwöhr, St, Neustadt a. d. Waldnaab","rank":776}},{"type":"Feature","geometry":{"type":"Polygon","coordinates":[[[16.6028148,40.4259323],[16.5969098,40.4257439],[16.6008225,40.429274],[16.6052079,40.428772],[16.6058824,40.4318585],[16.609491,40.4285564],[16.60915,40.4271369],[16.6061971,40.4270377],[16.6027267,40.4229745],[16.6011323,40.422982],[16.6028148,40.4259323]]]},"properties":{"ha":36.0,"date":"2026-07-12","day":11,"country":"IT","place":"Pomarico, Matera","rank":777}},{"type":"Feature","geometry":{"type":"Polygon","coordinates":[[[33.5775026,46.8167261],[33.5833545,46.8137139],[33.5880294,46.8088163],[33.5775765,46.8141638],[33.5715372,46.8138379],[33.5725384,46.8156765],[33.5775026,46.8167261]]]},"properties":{"ha":36.0,"date":"2026-07-14","day":13,"country":"UA","place":"N.A., N.A.","rank":778}},{"type":"Feature","geometry":{"type":"Polygon","coordinates":[[[38.5864781,48.3658432],[38.5871665,48.361991],[38.5908994,48.362887],[38.5902822,48.3608921],[38.5803243,48.3582266],[38.5829238,48.3651901],[38.5864781,48.3658432]]]},"properties":{"ha":36.0,"date":"2026-07-20","day":19,"country":"UA","place":"N.A., N.A.","rank":779}},{"type":"Feature","geometry":{"type":"Polygon","coordinates":[[[35.2428645,47.4408355],[35.2498318,47.4364945],[35.2483423,47.4324855],[35.2407086,47.4332356],[35.2432758,47.4351392],[35.2428645,47.4408355]]]},"properties":{"ha":36.0,"date":"2026-07-19","day":18,"country":"UA","place":"N.A., N.A.","rank":780}},{"type":"Feature","geometry":{"type":"Polygon","coordinates":[[[14.6115239,37.1453809],[14.6142122,37.1426062],[14.6170846,37.1449624],[14.6199227,37.1412433],[14.6161669,37.1415946],[14.6137372,37.1377512],[14.6101325,37.1405864],[14.6115239,37.1453809]]]},"properties":{"ha":36.0,"date":"2026-07-21","day":20,"country":"IT","place":"Licodia Eubea, Catania","rank":781}},{"type":"Feature","geometry":{"type":"Polygon","coordinates":[[[15.2233485,37.8328691],[15.2287427,37.8293327],[15.225532,37.8277538],[15.2271316,37.8241948],[15.2233539,37.8249943],[15.2235671,37.8281044],[15.2188471,37.8314799],[15.2233485,37.8328691]]]},"properties":{"ha":36.0,"date":"2026-07-20","day":19,"country":"IT","place":"Calatabiano, Catania","rank":782}},{"type":"Feature","geometry":{"type":"Polygon","coordinates":[[[36.6088303,50.0764385],[36.6093154,50.0745835],[36.6113469,50.0761061],[36.6127747,50.0742867],[36.6103555,50.0710626],[36.6047467,50.0717261],[36.6018844,50.0746448],[36.6033833,50.0773833],[36.6088303,50.0764385]]]},"properties":{"ha":36.0,"date":"2026-07-21","day":20,"country":"UA","place":"N.A., N.A.","rank":783}},{"type":"Feature","geometry":{"type":"Polygon","coordinates":[[[35.7197506,47.4626725],[35.7273174,47.4591096],[35.7250289,47.4589309],[35.7268457,47.4558521],[35.718423,47.4571376],[35.7186643,47.4600636],[35.7164834,47.4613325],[35.7197506,47.4626725]]]},"properties":{"ha":35.0,"date":"2026-07-01","day":0,"country":"UA","place":"N.A., N.A.","rank":784}},{"type":"Feature","geometry":{"type":"Polygon","coordinates":[[[36.848872,48.3992966],[36.8476149,48.3928584],[36.8466515,48.394485],[36.8456328,48.3923851],[36.8444157,48.3938743],[36.8427459,48.3913546],[36.8380273,48.3896247],[36.8425217,48.3925393],[36.8417122,48.3992104],[36.8462833,48.3980296],[36.848872,48.3992966]]]},"properties":{"ha":35.0,"date":"2026-07-01","day":0,"country":"UA","place":"N.A., N.A.","rank":785}},{"type":"Feature","geometry":{"type":"Polygon","coordinates":[[[36.0238498,47.5339573],[36.0200032,47.5327973],[36.0210718,47.5294304],[36.0193305,47.5278063],[36.0102589,47.5261819],[36.0117432,47.5286962],[36.0144757,47.5288402],[36.0139488,47.5308213],[36.0163444,47.5304763],[36.014385,47.5316472],[36.0175627,47.5339467],[36.0238498,47.5339573]]]},"properties":{"ha":35.0,"date":"2026-07-04","day":3,"country":"UA","place":"N.A., N.A.","rank":786}},{"type":"Feature","geometry":{"type":"Polygon","coordinates":[[[23.0232713,40.7585619],[23.019583,40.75333],[23.0232924,40.7502494],[23.0203374,40.7479963],[23.0161572,40.7532936],[23.0165184,40.7555944],[23.0197602,40.7583921],[23.0232713,40.7585619]]]},"properties":{"ha":35.0,"date":"2026-07-11","day":10,"country":"EL","place":"Τοπική Κοινότητα Περιβολακίου, Θεσσαλονίκη","rank":787}},{"type":"Feature","geometry":{"type":"Polygon","coordinates":[[[37.6038342,48.6044966],[37.6055056,48.6022383],[37.6018987,48.5993467],[37.6016794,48.6012596],[37.5985267,48.6020772],[37.5956204,48.5993175],[37.592149,48.601237],[37.5979401,48.6060355],[37.6038342,48.6044966]]]},"properties":{"ha":35.0,"date":"2026-07-20","day":19,"country":"UA","place":"N.A., N.A.","rank":788}},{"type":"Feature","geometry":{"type":"Polygon","coordinates":[[[-6.8284926,37.8749249],[-6.8220706,37.8754598],[-6.8217312,37.8726913],[-6.8245267,37.8692091],[-6.8285357,37.868351],[-6.8300462,37.8694507],[-6.827048,37.8726102],[-6.8284926,37.8749249]]]},"properties":{"ha":35.0,"date":"2026-07-21","day":20,"country":"ES","place":"Almonaster la Real, Huelva","rank":789}},{"type":"Feature","geometry":{"type":"Polygon","coordinates":[[[27.856566,39.7372819],[27.8575815,39.7317529],[27.8560102,39.7325606],[27.8484902,39.7273131],[27.849057,39.7327197],[27.856566,39.7372819]]]},"properties":{"ha":34.0,"date":"2026-07-05","day":4,"country":"TR","place":"N.A., Balıkesir","rank":790}},{"type":"Feature","geometry":{"type":"Polygon","coordinates":[[[38.2509844,48.7458714],[38.251705,48.7423536],[38.2385432,48.7460708],[38.2430519,48.748173],[38.2509844,48.7458714]]]},"properties":{"ha":34.0,"date":"2026-07-03","day":2,"country":"UA","place":"N.A., N.A.","rank":791}},{"type":"Feature","geometry":{"type":"Polygon","coordinates":[[[37.6571834,48.6506887],[37.6606193,48.6501763],[37.6567002,48.645339],[37.6639923,48.6490428],[37.660029,48.6445372],[37.6554585,48.6441267],[37.6491626,48.6404452],[37.6484526,48.6432294],[37.6502528,48.6460948],[37.6562443,48.6454365],[37.6575614,48.6473144],[37.6543644,48.6486743],[37.6571834,48.6506887]]]},"properties":{"ha":34.0,"date":"2026-07-06","day":5,"country":"UA","place":"N.A., N.A.","rank":792}},{"type":"Feature","geometry":{"type":"Polygon","coordinates":[[[26.0475414,67.1011603],[26.056466,67.1009952],[26.0553705,67.0991724],[26.0595071,67.0991356],[26.0598728,67.0965416],[26.0503693,67.0949201],[26.0461279,67.0979584],[26.0475414,67.1011603]]]},"properties":{"ha":34.0,"date":"2026-07-16","day":15,"country":"FI","place":"Sodankylä, Lappi","rank":793}},{"type":"Feature","geometry":{"type":"Polygon","coordinates":[[[37.906771,49.2116281],[37.9089071,49.2101411],[37.9077011,49.2078004],[37.8949675,49.2077673],[37.8962287,49.2091684],[37.9027395,49.2083732],[37.8969022,49.2104136],[37.906771,49.2116281]]]},"properties":{"ha":34.0,"date":"2026-07-04","day":3,"country":"UA","place":"N.A., N.A.","rank":794}},{"type":"Feature","geometry":{"type":"Polygon","coordinates":[[[37.6767743,49.6945719],[37.6775838,49.6921524],[37.6715881,49.6909385],[37.6648545,49.6954554],[37.6767743,49.6945719]]]},"properties":{"ha":34.0,"date":"2026-07-03","day":2,"country":"UA","place":"N.A., N.A.","rank":795}},{"type":"Feature","geometry":{"type":"Polygon","coordinates":[[[-6.7321228,42.7440409],[-6.7315992,42.7418329],[-6.734993,42.7400671],[-6.7418839,42.7426734],[-6.7382042,42.7447919],[-6.7321228,42.7440409]]]},"properties":{"ha":34.0,"date":"2026-07-29","day":28,"country":"ES","place":"Vega de Espinareda, León","rank":796}},{"type":"Feature","geometry":{"type":"Polygon","coordinates":[[[38.3843751,49.093074],[38.3903332,49.0901836],[38.3906649,49.0871771],[38.387799,49.0866095],[38.3956806,49.0844549],[38.3962255,49.0806411],[38.3924406,49.0847269],[38.3843157,49.0878329],[38.3862966,49.0888059],[38.3834979,49.0917241],[38.3843751,49.093074]]]},"properties":{"ha":34.0,"date":"2026-07-18","day":17,"country":"UA","place":"N.A., N.A.","rank":797}},{"type":"Feature","geometry":{"type":"Polygon","coordinates":[[[32.7521439,39.9487079],[32.7412362,39.9481574],[32.7400856,39.9523001],[32.7419313,39.9502721],[32.7519131,39.951864],[32.7521439,39.9487079]]]},"properties":{"ha":34.0,"date":"2026-07-20","day":19,"country":"TR","place":"N.A., Ankara","rank":798}},{"type":"Feature","geometry":{"type":"Polygon","coordinates":[[[15.060942,37.1006501],[15.0663952,37.0965191],[15.067297,37.0934837],[15.0616735,37.0945657],[15.0569248,37.0991683],[15.060942,37.1006501]]]},"properties":{"ha":34.0,"date":"2026-07-20","day":19,"country":"IT","place":"Palazzolo Acreide, Siracusa","rank":799}},{"type":"Feature","geometry":{"type":"Polygon","coordinates":[[[37.8581435,48.619512],[37.8598852,48.6137273],[37.8627458,48.6114966],[37.8583952,48.6112597],[37.858156,48.6094903],[37.8553228,48.6087983],[37.8562681,48.6142036],[37.8539212,48.6165089],[37.8585461,48.6170825],[37.8581435,48.619512]]]},"properties":{"ha":33.0,"date":"2026-07-17","day":16,"country":"UA","place":"N.A., N.A.","rank":800}},{"type":"Feature","geometry":{"type":"Polygon","coordinates":[[[26.5497961,42.716096],[26.5510545,42.7136571],[26.5484084,42.7128191],[26.5489057,42.7153941],[26.5395144,42.7206744],[26.5500946,42.7198205],[26.5537841,42.7162295],[26.5497961,42.716096]]]},"properties":{"ha":33.0,"date":"2026-07-06","day":5,"country":"BG","place":"Котел, Сливен","rank":801}},{"type":"Feature","geometry":{"type":"Polygon","coordinates":[[[-4.6108466,39.8788144],[-4.608681,39.8855776],[-4.6080038,39.8794046],[-4.6134456,39.8769],[-4.6139629,39.8748277],[-4.6182639,39.8755137],[-4.6186956,39.878075],[-4.6136112,39.8771678],[-4.6113985,39.8807817],[-4.6108466,39.8788144]]]},"properties":{"ha":33.0,"date":"2026-07-05","day":4,"country":"ES","place":"Malpica de Tajo, Toledo","rank":802}},{"type":"Feature","geometry":{"type":"Polygon","coordinates":[[[-7.7325646,42.9289235],[-7.7301637,42.9269212],[-7.7346375,42.9260917],[-7.7331172,42.922926],[-7.7376964,42.9211132],[-7.7373221,42.9280761],[-7.7325646,42.9289235]]]},"properties":{"ha":33.0,"date":"2026-07-07","day":6,"country":"ES","place":"Guntín, Lugo","rank":803}},{"type":"Feature","geometry":{"type":"Polygon","coordinates":[[[8.1313652,45.8871232],[8.1374474,45.8897896],[8.1357605,45.8903097],[8.1373099,45.8926589],[8.1437923,45.8903456],[8.1398961,45.8903796],[8.1381397,45.8880412],[8.1420154,45.8884636],[8.1385286,45.8865051],[8.1425304,45.8856897],[8.1413796,45.8837208],[8.1391398,45.8856134],[8.1363628,45.8847926],[8.1342166,45.8874479],[8.1313652,45.8871232]]]},"properties":{"ha":33.0,"date":"2026-07-04","day":3,"country":"IT","place":"Cervatto, Vercelli","rank":804}},{"type":"Feature","geometry":{"type":"Polygon","coordinates":[[[8.0950472,45.8603573],[8.098095,45.8581989],[8.0975621,45.8566172],[8.1002605,45.8564337],[8.096198,45.855598],[8.0986364,45.8545242],[8.0981036,45.8511747],[8.0924284,45.8557521],[8.0886094,45.8556266],[8.0931952,45.8572954],[8.0950472,45.8603573]]]},"properties":{"ha":33.0,"date":"2026-07-08","day":7,"country":"IT","place":"Boccioleto, Vercelli","rank":805}},{"type":"Feature","geometry":{"type":"Polygon","coordinates":[[[13.3328865,38.0428655],[13.3376429,38.0393555],[13.3361792,38.0350426],[13.3314849,38.0389192],[13.330779,38.0414988],[13.3328865,38.0428655]]]},"properties":{"ha":33.0,"date":"2026-07-17","day":16,"country":"IT","place":"Altofonte, Palermo","rank":806}},{"type":"Feature","geometry":{"type":"Polygon","coordinates":[[[13.1963978,38.0841852],[13.1937572,38.0789526],[13.1859706,38.0827627],[13.189345,38.0848972],[13.1963978,38.0841852]]]},"properties":{"ha":33.0,"date":"2026-07-15","day":14,"country":"IT","place":"Montelepre, Palermo","rank":807}},{"type":"Feature","geometry":{"type":"Polygon","coordinates":[[[16.2078269,39.6569388],[16.1986164,39.6521727],[16.1878244,39.6530541],[16.1895753,39.655279],[16.1927053,39.6539162],[16.1998476,39.6558069],[16.2021591,39.6544392],[16.2078269,39.6569388]]]},"properties":{"ha":33.0,"date":"2026-07-12","day":11,"country":"IT","place":"Altomonte, Cosenza","rank":808}},{"type":"Feature","geometry":{"type":"Polygon","coordinates":[[[13.5998524,37.3487886],[13.600655,37.3458277],[13.5990305,37.3451146],[13.5924918,37.3466769],[13.593691,37.3500026],[13.5998524,37.3487886]]]},"properties":{"ha":33.0,"date":"2026-07-23","day":22,"country":"IT","place":"Agrigento, Agrigento","rank":809}},{"type":"Feature","geometry":{"type":"Polygon","coordinates":[[[37.9419582,48.2334411],[37.9400723,48.2305687],[37.9420454,48.2287175],[37.9412704,48.2270694],[37.929254,48.2313502],[37.9394223,48.2331484],[37.9393144,48.23492],[37.9419582,48.2334411]]]},"properties":{"ha":33.0,"date":"2026-07-20","day":19,"country":"UA","place":"N.A., N.A.","rank":810}},{"type":"Feature","geometry":{"type":"Polygon","coordinates":[[[18.8618595,42.555104],[18.8548239,42.559834],[18.8540948,42.5630442],[18.8584409,42.563379],[18.8580637,42.5617986],[18.8624521,42.5597804],[18.8618595,42.555104]]]},"properties":{"ha":33.0,"date":"2026-07-21","day":20,"country":"ME","place":"N.A., Црна Гора","rank":811}},{"type":"Feature","geometry":{"type":"Polygon","coordinates":[[[37.3037688,48.0068947],[37.3057821,48.0023708],[37.3081247,48.0026361],[37.3072799,48.0000625],[37.2941656,48.0045359],[37.2973368,48.0068887],[37.2991717,48.0051406],[37.3037688,48.0068947]]]},"properties":{"ha":33.0,"date":"2026-07-19","day":18,"country":"UA","place":"N.A., N.A.","rank":812}},{"type":"Feature","geometry":{"type":"Polygon","coordinates":[[[36.6584387,47.8550038],[36.6614085,47.8502528],[36.6574888,47.8480534],[36.6581886,47.8514587],[36.6542689,47.8490215],[36.6520029,47.8527322],[36.6526557,47.8552022],[36.6584387,47.8550038]]]},"properties":{"ha":33.0,"date":"2026-07-22","day":21,"country":"UA","place":"N.A., N.A.","rank":813}},{"type":"Feature","geometry":{"type":"Polygon","coordinates":[[[37.0031117,48.6059815],[36.9976252,48.6048381],[37.0020472,48.6086196],[37.000074,48.6107745],[37.0007464,48.6128507],[37.0011535,48.6103181],[37.0142874,48.5995132],[37.0106371,48.5994271],[37.0077468,48.604605],[37.0031117,48.6059815]]]},"properties":{"ha":33.0,"date":"2026-07-20","day":19,"country":"UA","place":"N.A., N.A.","rank":814}},{"type":"Feature","geometry":{"type":"Polygon","coordinates":[[[32.2461528,46.445934],[32.2430611,46.4432295],[32.2350537,46.4442303],[32.2386458,46.448555],[32.2430934,46.4489737],[32.2461528,46.445934]]]},"properties":{"ha":32.0,"date":"2026-07-02","day":1,"country":"UA","place":"N.A., N.A.","rank":815}},{"type":"Feature","geometry":{"type":"Polygon","coordinates":[[[34.4466256,47.4581165],[34.4466872,47.4562768],[34.4397267,47.4546794],[34.4380095,47.455086],[34.4372322,47.45881],[34.4466256,47.4581165]]]},"properties":{"ha":32.0,"date":"2026-07-02","day":1,"country":"UA","place":"N.A., N.A.","rank":816}},{"type":"Feature","geometry":{"type":"Polygon","coordinates":[[[3.7635198,44.8042268],[3.7594034,44.8058284],[3.7640453,44.8060443],[3.7628203,44.8089457],[3.7640375,44.8113451],[3.7694651,44.8099559],[3.7670993,44.8070309],[3.7677594,44.8046324],[3.7641804,44.8022475],[3.7625444,44.802857],[3.7635198,44.8042268]]]},"properties":{"ha":32.0,"date":"2026-07-07","day":6,"country":"FR","place":"Rauret, Haute-Loire","rank":817}},{"type":"Feature","geometry":{"type":"Polygon","coordinates":[[[35.2331087,47.3119367],[35.2351361,47.3087374],[35.2264528,47.3064798],[35.2280247,47.307877],[35.2260864,47.3118854],[35.2331087,47.3119367]]]},"properties":{"ha":32.0,"date":"2026-07-02","day":1,"country":"UA","place":"N.A., N.A.","rank":818}},{"type":"Feature","geometry":{"type":"Polygon","coordinates":[[[37.9594838,48.588797],[37.96454,48.5846442],[37.9556606,48.5839902],[37.9528967,48.5881392],[37.9594838,48.588797]]]},"properties":{"ha":32.0,"date":"2026-07-19","day":18,"country":"UA","place":"N.A., N.A.","rank":819}},{"type":"Feature","geometry":{"type":"Polygon","coordinates":[[[37.3471609,49.1522382],[37.3450649,49.1483646],[37.342653,49.1524553],[37.3367996,49.1513736],[37.3397566,49.1523248],[37.3388835,49.1539143],[37.3408568,49.1556939],[37.3452071,49.1549857],[37.3471609,49.1522382]]]},"properties":{"ha":32.0,"date":"2026-07-04","day":3,"country":"UA","place":"N.A., N.A.","rank":820}},{"type":"Feature","geometry":{"type":"Polygon","coordinates":[[[19.6949709,41.6734158],[19.6847342,41.6745197],[19.6829347,41.6757741],[19.6985154,41.6776452],[19.6949709,41.6734158]]]},"properties":{"ha":32.0,"date":"2026-07-04","day":3,"country":"AL","place":"Kurbin, Lezhë","rank":821}},{"type":"Feature","geometry":{"type":"MultiPolygon","coordinates":[[[[31.839911,46.5100309],[31.841919,46.5109198],[31.8442819,46.5089098],[31.8404825,46.5055739],[31.8341427,46.5045905],[31.8312591,46.5074218],[31.8403058,46.5079927],[31.839911,46.5100309]]],[[[31.8435412,46.5075865],[31.8434668,46.5077456],[31.8439001,46.5079689],[31.8435412,46.5075865]]],[[[31.8392558,46.5089529],[31.8387597,46.5087912],[31.8386863,46.5088088],[31.8392558,46.5089529]]]]},"properties":{"ha":32.0,"date":"2026-07-02","day":1,"country":"UA","place":"N.A., N.A.","rank":822}},{"type":"Feature","geometry":{"type":"Polygon","coordinates":[[[15.7459583,39.970878],[15.7478773,39.9688315],[15.7451273,39.96506],[15.7441475,39.9667057],[15.7424279,39.9650938],[15.7381843,39.9666556],[15.7398122,39.969736],[15.7411716,39.9687371],[15.7459583,39.970878]]]},"properties":{"ha":32.0,"date":"2026-07-16","day":15,"country":"IT","place":"Maratea, Potenza","rank":823}},{"type":"Feature","geometry":{"type":"Polygon","coordinates":[[[21.6716469,42.4588975],[21.6733939,42.455733],[21.6716874,42.4527331],[21.6672666,42.4524311],[21.6661585,42.4588074],[21.6683891,42.4596415],[21.6693811,42.4574888],[21.6716469,42.4588975]]]},"properties":{"ha":32.0,"date":"2026-07-18","day":17,"country":"RS","place":"Bujanovac, Пчињска област","rank":824}},{"type":"Feature","geometry":{"type":"Polygon","coordinates":[[[16.2730216,44.3937385],[16.277164,44.3858724],[16.281461,44.3838921],[16.2798809,44.3813177],[16.2720573,44.389631],[16.2692411,44.3899358],[16.2727677,44.3906463],[16.272476,44.3931788],[16.27055,44.3930466],[16.2730216,44.3937385]]]},"properties":{"ha":32.0,"date":"2026-07-09","day":8,"country":"BA","place":"N.A., Drvar","rank":825}},{"type":"Feature","geometry":{"type":"Polygon","coordinates":[[[14.0964092,37.4103931],[14.0975182,37.4037321],[14.0938468,37.4012228],[14.0937393,37.4061083],[14.0898617,37.4050295],[14.0934618,37.4074819],[14.0900115,37.4076762],[14.0964092,37.4103931]]]},"properties":{"ha":32.0,"date":"2026-07-13","day":12,"country":"IT","place":"Pietraperzia, Enna","rank":826}},{"type":"Feature","geometry":{"type":"Polygon","coordinates":[[[13.3704169,62.8233755],[13.3571875,62.8203763],[13.3512666,62.8225283],[13.3598566,62.8247936],[13.3704169,62.8233755]]]},"properties":{"ha":32.0,"date":"2026-07-16","day":15,"country":"SE","place":"Berg, Jämtlands län","rank":827}},{"type":"Feature","geometry":{"type":"Polygon","coordinates":[[[36.8134683,48.1523208],[36.8253437,48.1510565],[36.8264091,48.1487396],[36.8209779,48.1502751],[36.8155268,48.1494754],[36.8178926,48.1477161],[36.8164684,48.147733],[36.8108876,48.1498723],[36.8134683,48.1523208]]]},"properties":{"ha":32.0,"date":"2026-07-20","day":19,"country":"UA","place":"N.A., N.A.","rank":828}},{"type":"Feature","geometry":{"type":"Polygon","coordinates":[[[34.9835486,46.4739711],[34.9830333,46.472096],[34.9861178,46.4700553],[34.9841937,46.4690657],[34.982404,46.4710658],[34.9763334,46.471055],[34.9745017,46.4743589],[34.976367,46.4757619],[34.9835486,46.4739711]]]},"properties":{"ha":32.0,"date":"2026-07-20","day":19,"country":"UA","place":"N.A., N.A.","rank":829}},{"type":"Feature","geometry":{"type":"Polygon","coordinates":[[[35.5255411,47.3729446],[35.5198676,47.3758859],[35.5190205,47.3781615],[35.5228886,47.378489],[35.5309566,47.3752085],[35.5255411,47.3729446]]]},"properties":{"ha":31.0,"date":"2026-07-03","day":2,"country":"UA","place":"N.A., N.A.","rank":830}},{"type":"Feature","geometry":{"type":"Polygon","coordinates":[[[37.9253238,48.5858078],[37.9163624,48.5813661],[37.9088858,48.5845337],[37.9096886,48.5857679],[37.9181355,48.5841412],[37.9198435,48.5860223],[37.9253238,48.5858078]]]},"properties":{"ha":31.0,"date":"2026-07-20","day":19,"country":"UA","place":"N.A., N.A.","rank":831}},{"type":"Feature","geometry":{"type":"Polygon","coordinates":[[[37.6785694,48.6647282],[37.6803096,48.6628396],[37.6782863,48.6621147],[37.68317,48.6593134],[37.6779157,48.6580279],[37.6705899,48.6610206],[37.6757179,48.6596523],[37.6724308,48.6623436],[37.6785694,48.6647282]]]},"properties":{"ha":31.0,"date":"2026-07-08","day":7,"country":"UA","place":"N.A., N.A.","rank":832}},{"type":"Feature","geometry":{"type":"Polygon","coordinates":[[[41.7800854,38.1896178],[41.7742797,38.1851008],[41.7690032,38.1899732],[41.7724615,38.191799],[41.7735124,38.1899216],[41.7800854,38.1896178]]]},"properties":{"ha":31.0,"date":"2026-07-03","day":2,"country":"TR","place":"N.A., Siirt","rank":833}},{"type":"Feature","geometry":{"type":"Polygon","coordinates":[[[38.3593525,48.4002342],[38.3525331,48.4031295],[38.3561459,48.4064705],[38.3566675,48.4100505],[38.3600038,48.4055784],[38.3593525,48.4002342]]]},"properties":{"ha":31.0,"date":"2026-07-01","day":0,"country":"UA","place":"N.A., N.A.","rank":834}},{"type":"Feature","geometry":{"type":"Polygon","coordinates":[[[-8.6531319,38.7541309],[-8.6493653,38.7539786],[-8.6484389,38.7502848],[-8.6490552,38.7553193],[-8.6466115,38.7547932],[-8.6456738,38.7497095],[-8.648431,38.7461337],[-8.6498657,38.7501664],[-8.651989,38.7500943],[-8.6531319,38.7541309]]]},"properties":{"ha":31.0,"date":"2026-07-02","day":1,"country":"PT","place":"Canha, Área Metropolitana de Lisboa","rank":835}},{"type":"Feature","geometry":{"type":"Polygon","coordinates":[[[35.9047795,47.5378671],[35.91158,47.5403105],[35.9094437,47.5370062],[35.9071283,47.536894],[35.9065905,47.5340992],[35.9034131,47.5333429],[35.9050876,47.5311876],[35.8984916,47.5323903],[35.9047795,47.5378671]]]},"properties":{"ha":31.0,"date":"2026-07-04","day":3,"country":"UA","place":"N.A., N.A.","rank":836}},{"type":"Feature","geometry":{"type":"Polygon","coordinates":[[[13.6439613,37.815429],[13.6470238,37.8105651],[13.6423905,37.8063136],[13.6450941,37.8098213],[13.640406,37.8112229],[13.6401911,37.8129511],[13.641498,37.8126544],[13.6418884,37.8156249],[13.6439613,37.815429]]]},"properties":{"ha":31.0,"date":"2026-07-10","day":9,"country":"IT","place":"Roccapalumba, Palermo","rank":837}},{"type":"Feature","geometry":{"type":"Polygon","coordinates":[[[13.4917973,41.4573265],[13.4921182,41.454552],[13.49776,41.4546601],[13.4927677,41.4523574],[13.486231,41.4561754],[13.4877052,41.4577502],[13.4917973,41.4573265]]]},"properties":{"ha":31.0,"date":"2026-07-13","day":12,"country":"IT","place":"Pastena, Frosinone","rank":838}},{"type":"Feature","geometry":{"type":"Polygon","coordinates":[[[16.2963206,39.628048],[16.2939778,39.6278042],[16.296102,39.6297524],[16.2931716,39.6310597],[16.2989783,39.6321713],[16.298136,39.6300675],[16.30196,39.6273859],[16.302664,39.6236044],[16.3002329,39.6254174],[16.2981779,39.6241404],[16.2963206,39.628048]]]},"properties":{"ha":31.0,"date":"2026-07-18","day":17,"country":"IT","place":"Tarsia, Cosenza","rank":839}},{"type":"Feature","geometry":{"type":"Polygon","coordinates":[[[-8.5343087,41.761972],[-8.5309422,41.7591276],[-8.5335507,41.7573453],[-8.5323688,41.7557469],[-8.5350226,41.7521524],[-8.53723,41.752011],[-8.5374684,41.7556535],[-8.5339878,41.7566771],[-8.5363228,41.761174],[-8.5343087,41.761972]]]},"properties":{"ha":31.0,"date":"2026-07-26","day":25,"country":"PT","place":"Serdedelo, Alto Minho","rank":840}},{"type":"Feature","geometry":{"type":"Polygon","coordinates":[[[18.2388127,39.9961226],[18.2405028,39.9897601],[18.2387577,39.9878574],[18.2342945,39.9933223],[18.2388127,39.9961226]]]},"properties":{"ha":31.0,"date":"2026-07-14","day":13,"country":"IT","place":"Ruffano, Lecce","rank":841}},{"type":"Feature","geometry":{"type":"Polygon","coordinates":[[[-7.7096849,42.7183802],[-7.7127554,42.7138742],[-7.7179364,42.7171238],[-7.7141086,42.7193294],[-7.7096849,42.7183802]]]},"properties":{"ha":31.0,"date":"2026-07-28","day":27,"country":"ES","place":"Taboada, Lugo","rank":842}},{"type":"Feature","geometry":{"type":"Polygon","coordinates":[[[14.7319475,40.7279687],[14.7332425,40.7272429],[14.7313606,40.7259793],[14.7331247,40.7246982],[14.7350253,40.721489],[14.7328992,40.7236497],[14.7297042,40.7216967],[14.7311877,40.7229379],[14.7286769,40.7224046],[14.7276533,40.7244271],[14.7309986,40.727507],[14.7308482,40.7317416],[14.73747,40.7332581],[14.7333416,40.7317764],[14.7319475,40.7279687]]]},"properties":{"ha":31.0,"date":"2026-07-21","day":20,"country":"IT","place":"Pellezzano, Salerno","rank":843}},{"type":"Feature","geometry":{"type":"Polygon","coordinates":[[[-8.1457023,41.4280372],[-8.141485,41.4263535],[-8.1417273,41.4223131],[-8.1453789,41.4218096],[-8.1473334,41.4257235],[-8.1457023,41.4280372]]]},"properties":{"ha":31.0,"date":"2026-07-27","day":26,"country":"PT","place":"Quinchães, Ave","rank":844}},{"type":"Feature","geometry":{"type":"Polygon","coordinates":[[[-6.700727,42.8909614],[-6.6898735,42.8917564],[-6.691561,42.8897615],[-6.6902146,42.8881412],[-6.6957321,42.8875699],[-6.6978941,42.8907182],[-6.700727,42.8909614]]]},"properties":{"ha":31.0,"date":"2026-07-13","day":12,"country":"ES","place":"Peranzanes, León","rank":845}},{"type":"Feature","geometry":{"type":"Polygon","coordinates":[[[12.8896636,53.4257033],[12.8833728,53.4209645],[12.8722146,53.4190927],[12.8706533,53.4206686],[12.8896636,53.4257033]]]},"properties":{"ha":31.0,"date":"2026-07-14","day":13,"country":"DE","place":"Kratzeburg, Mecklenburgische Seenplatte","rank":846}},{"type":"Feature","geometry":{"type":"Polygon","coordinates":[[[38.2786294,48.8514659],[38.2803387,48.8501453],[38.279899,48.8476148],[38.2828138,48.8481215],[38.2814958,48.8466702],[38.2709633,48.8476383],[38.2731503,48.8505901],[38.2786294,48.8514659]]]},"properties":{"ha":30.0,"date":"2026-07-21","day":20,"country":"UA","place":"N.A., N.A.","rank":847}},{"type":"Feature","geometry":{"type":"Polygon","coordinates":[[[2.5428114,42.6458296],[2.5396965,42.6431266],[2.538752,42.645958],[2.5352998,42.6466925],[2.5382608,42.6497064],[2.5368161,42.6506992],[2.5407893,42.6506671],[2.5428114,42.6458296]]]},"properties":{"ha":30.0,"date":"2026-07-06","day":5,"country":"FR","place":"Vinça, Pyrénées-Orientales","rank":848}},{"type":"Feature","geometry":{"type":"Polygon","coordinates":[[[13.0257705,37.9553686],[13.0195966,37.9574063],[13.0197401,37.9599837],[13.0254884,37.9611346],[13.0257705,37.9553686]]]},"properties":{"ha":30.0,"date":"2026-07-11","day":10,"country":"IT","place":"Alcamo, Trapani","rank":849}},{"type":"Feature","geometry":{"type":"Polygon","coordinates":[[[37.7066103,48.8697372],[37.7020397,48.865437],[37.6953123,48.8682581],[37.6962116,48.8708518],[37.7066103,48.8697372]]]},"properties":{"ha":30.0,"date":"2026-07-07","day":6,"country":"UA","place":"N.A., N.A.","rank":850}},{"type":"Feature","geometry":{"type":"Polygon","coordinates":[[[-3.5473059,38.3344064],[-3.5435567,38.3311292],[-3.5524487,38.3258311],[-3.5511997,38.3288294],[-3.5493934,38.3283786],[-3.5511445,38.329542],[-3.5473059,38.3344064]]]},"properties":{"ha":30.0,"date":"2026-07-09","day":8,"country":"ES","place":"Santa Elena, Jaén","rank":851}},{"type":"Feature","geometry":{"type":"Polygon","coordinates":[[[38.2120695,48.8608789],[38.2177268,48.8596169],[38.226196,48.857913],[38.223932,48.8562895],[38.2100718,48.858944],[38.2120695,48.8608789]]]},"properties":{"ha":30.0,"date":"2026-07-07","day":6,"country":"UA","place":"N.A., N.A.","rank":852}},{"type":"Feature","geometry":{"type":"Polygon","coordinates":[[[13.5223431,37.4335505],[13.5284725,37.4345653],[13.5287795,37.4317233],[13.5244578,37.4278406],[13.5207531,37.4312545],[13.5223431,37.4335505]]]},"properties":{"ha":30.0,"date":"2026-07-04","day":3,"country":"IT","place":"Santa Elisabetta, Agrigento","rank":853}},{"type":"Feature","geometry":{"type":"Polygon","coordinates":[[[15.0667417,40.2219753],[15.0616828,40.2234594],[15.062113,40.2261017],[15.0661285,40.2254676],[15.0667962,40.2237419],[15.069536,40.2248047],[15.0687079,40.2176632],[15.0659272,40.2202722],[15.0667417,40.2219753]]]},"properties":{"ha":30.0,"date":"2026-07-20","day":19,"country":"IT","place":"Pollica, Salerno","rank":854}},{"type":"Feature","geometry":{"type":"Polygon","coordinates":[[[13.3829441,38.0506867],[13.3746532,38.0536536],[13.3733674,38.0555058],[13.3781577,38.0573032],[13.378978,38.0553771],[13.3818699,38.0553094],[13.3823868,38.0579099],[13.3829441,38.0506867]]]},"properties":{"ha":30.0,"date":"2026-07-12","day":11,"country":"IT","place":"Belmonte Mezzagno, Palermo","rank":855}},{"type":"Feature","geometry":{"type":"Polygon","coordinates":[[[14.1840841,41.1922232],[14.1925931,41.1941014],[14.1927538,41.1908017],[14.1831447,41.1888206],[14.1840841,41.1922232]]]},"properties":{"ha":30.0,"date":"2026-07-16","day":15,"country":"IT","place":"Pastorano, Caserta","rank":856}},{"type":"Feature","geometry":{"type":"Polygon","coordinates":[[[16.0627344,38.6965759],[16.0687499,38.7024728],[16.0708264,38.6996309],[16.0685028,38.6951029],[16.0627344,38.6965759]]]},"properties":{"ha":30.0,"date":"2026-07-22","day":21,"country":"IT","place":"Vibo Valentia, Vibo Valentia","rank":857}},{"type":"Feature","geometry":{"type":"Polygon","coordinates":[[[36.6051424,47.9690164],[36.6044523,47.9664374],[36.5938384,47.9666527],[36.5940703,47.9692497],[36.5998063,47.9710203],[36.6051424,47.9690164]]]},"properties":{"ha":30.0,"date":"2026-07-19","day":18,"country":"UA","place":"N.A., N.A.","rank":858}},{"type":"Feature","geometry":{"type":"Polygon","coordinates":[[[15.7403741,40.7243082],[15.7422131,40.7199629],[15.7322466,40.7207018],[15.7326841,40.7239657],[15.7403741,40.7243082]]]},"properties":{"ha":30.0,"date":"2026-07-21","day":20,"country":"IT","place":"Avigliano, Potenza","rank":859}},{"type":"Feature","geometry":{"type":"Polygon","coordinates":[[[9.6602482,44.306429],[9.6579492,44.3032377],[9.6539953,44.3040797],[9.6556689,44.3019598],[9.6500353,44.3052292],[9.6509113,44.3068606],[9.6568765,44.3076765],[9.6602482,44.306429]]]},"properties":{"ha":29.0,"date":"2026-07-17","day":16,"country":"IT","place":"Sesta Godano, La Spezia","rank":860}},{"type":"Feature","geometry":{"type":"Polygon","coordinates":[[[35.949009,47.7806852],[35.9457742,47.7785611],[35.943636,47.7814508],[35.9384809,47.7796146],[35.9399539,47.7810972],[35.936409,47.780095],[35.9357632,47.7777278],[35.9340177,47.7801056],[35.9433181,47.783982],[35.949009,47.7806852]]]},"properties":{"ha":29.0,"date":"2026-07-01","day":0,"country":"UA","place":"N.A., N.A.","rank":861}},{"type":"Feature","geometry":{"type":"Polygon","coordinates":[[[35.4743572,46.9628857],[35.4771783,46.9606467],[35.4776367,46.9548551],[35.4735568,46.955555],[35.4721115,46.9591966],[35.4743572,46.9628857]]]},"properties":{"ha":29.0,"date":"2026-07-17","day":16,"country":"UA","place":"N.A., N.A.","rank":862}},{"type":"Feature","geometry":{"type":"Polygon","coordinates":[[[-3.0286255,50.8523265],[-3.0272507,50.8503118],[-3.0299864,50.8479911],[-3.0296752,50.8461105],[-3.033463,50.8451091],[-3.0353179,50.8466288],[-3.031967,50.852092],[-3.0286255,50.8523265]]]},"properties":{"ha":29.0,"date":"2026-07-18","day":17,"country":"UK","place":"East Devon, Devon CC","rank":863}},{"type":"Feature","geometry":{"type":"Polygon","coordinates":[[[37.8550904,48.3146987],[37.854962,48.3126196],[37.8597363,48.3112006],[37.8553844,48.310275],[37.8568122,48.3056563],[37.8547213,48.3060761],[37.8536436,48.3095462],[37.8497915,48.3098555],[37.8505648,48.3125134],[37.853179,48.3119413],[37.8527877,48.3141915],[37.8550904,48.3146987]]]},"properties":{"ha":29.0,"date":"2026-07-07","day":6,"country":"UA","place":"N.A., N.A.","rank":864}},{"type":"Feature","geometry":{"type":"Polygon","coordinates":[[[-8.4321527,40.5891305],[-8.4312284,40.5940571],[-8.4306633,40.5926839],[-8.429077,40.5941367],[-8.4230324,40.5925899],[-8.4259676,40.592201],[-8.4279139,40.5887959],[-8.4321527,40.5891305]]]},"properties":{"ha":29.0,"date":"2026-07-03","day":2,"country":"PT","place":"Águeda e Borralha, Região de Aveiro","rank":865}},{"type":"Feature","geometry":{"type":"Polygon","coordinates":[[[-8.4399426,40.5823869],[-8.4361212,40.5870307],[-8.4344426,40.5878702],[-8.4340668,40.5810611],[-8.4387698,40.5792784],[-8.4399426,40.5823869]]]},"properties":{"ha":29.0,"date":"2026-07-03","day":2,"country":"PT","place":"Águeda e Borralha, Região de Aveiro","rank":866}},{"type":"Feature","geometry":{"type":"Polygon","coordinates":[[[36.167136,47.9024141],[36.1667088,47.9007193],[36.1641481,47.9007332],[36.1684775,47.8979338],[36.1661027,47.896683],[36.1589814,47.8995742],[36.1615971,47.9000003],[36.1598361,47.9033619],[36.167136,47.9024141]]]},"properties":{"ha":29.0,"date":"2026-07-20","day":19,"country":"UA","place":"N.A., N.A.","rank":867}},{"type":"Feature","geometry":{"type":"Polygon","coordinates":[[[37.2315381,48.5260479],[37.2329824,48.5241208],[37.2249979,48.5210035],[37.2216689,48.5225119],[37.2257135,48.5237314],[37.2199882,48.5257382],[37.2315381,48.5260479]]]},"properties":{"ha":29.0,"date":"2026-07-21","day":20,"country":"UA","place":"N.A., N.A.","rank":868}},{"type":"Feature","geometry":{"type":"Polygon","coordinates":[[[5.2134578,43.502151],[5.2095745,43.5050951],[5.2110446,43.5064342],[5.2048041,43.5126035],[5.2070786,43.5141634],[5.2094238,43.513708],[5.2086473,43.5101424],[5.2149017,43.5062653],[5.2125247,43.503451],[5.2134578,43.502151]]]},"properties":{"ha":28.0,"date":"2026-07-01","day":0,"country":"FR","place":"Rognac, Bouches-du-Rhône","rank":869}},{"type":"Feature","geometry":{"type":"Polygon","coordinates":[[[1.0984161,42.0463392],[1.1030141,42.0482196],[1.101088,42.0468681],[1.1006413,42.0435785],[1.0996627,42.0428033],[1.1015186,42.0399277],[1.0987532,42.0398472],[1.0993472,42.0370885],[1.097498,42.0366179],[1.097331,42.0440655],[1.1003309,42.0438203],[1.0984161,42.0463392]]]},"properties":{"ha":28.0,"date":"2026-07-06","day":5,"country":"ES","place":"Artesa de Segre, Lleida","rank":870}},{"type":"Feature","geometry":{"type":"Polygon","coordinates":[[[37.9172739,48.9958493],[37.9204609,48.991303],[37.9116715,48.9909465],[37.9121684,48.9942071],[37.9172739,48.9958493]]]},"properties":{"ha":28.0,"date":"2026-07-02","day":1,"country":"UA","place":"N.A., N.A.","rank":871}},{"type":"Feature","geometry":{"type":"Polygon","coordinates":[[[35.9852125,47.5316245],[35.983166,47.5301257],[35.9854933,47.5288679],[35.9803056,47.5269874],[35.9758751,47.526469],[35.9729639,47.5284965],[35.9800798,47.5299043],[35.9811915,47.5321963],[35.9852125,47.5316245]]]},"properties":{"ha":28.0,"date":"2026-07-02","day":1,"country":"UA","place":"N.A., N.A.","rank":872}},{"type":"Feature","geometry":{"type":"Polygon","coordinates":[[[36.7293618,47.8674051],[36.7327419,47.8656802],[36.7300007,47.8647301],[36.7311282,47.8622918],[36.7251356,47.8631746],[36.718561,47.8614952],[36.7257954,47.8651237],[36.723874,47.8680126],[36.7279163,47.8682407],[36.7269062,47.8672593],[36.7292319,47.8657206],[36.7293618,47.8674051]]]},"properties":{"ha":28.0,"date":"2026-07-02","day":1,"country":"UA","place":"N.A., N.A.","rank":873}},{"type":"Feature","geometry":{"type":"Polygon","coordinates":[[[13.7279411,37.1825195],[13.7311092,37.177543],[13.7257224,37.179787],[13.7258489,37.1777846],[13.7200495,37.1788529],[13.7209712,37.1811424],[13.7270436,37.180737],[13.7279411,37.1825195]]]},"properties":{"ha":28.0,"date":"2026-07-17","day":16,"country":"IT","place":"Palma di Montechiaro, Agrigento","rank":874}},{"type":"Feature","geometry":{"type":"Polygon","coordinates":[[[28.9752294,38.6127222],[28.9704768,38.6102161],[28.9721929,38.6096836],[28.9715306,38.6083887],[28.9656144,38.6119875],[28.9674021,38.6141746],[28.9752294,38.6127222]]]},"properties":{"ha":28.0,"date":"2026-07-10","day":9,"country":"TR","place":"N.A., Uşak","rank":875}},{"type":"Feature","geometry":{"type":"Polygon","coordinates":[[[35.2242733,46.7443324],[35.2250093,46.7421644],[35.2172526,46.7384187],[35.2186069,46.7441514],[35.2242733,46.7443324]]]},"properties":{"ha":28.0,"date":"2026-07-19","day":18,"country":"UA","place":"N.A., N.A.","rank":876}},{"type":"Feature","geometry":{"type":"Polygon","coordinates":[[[15.9027071,40.6774403],[15.9021609,40.6755781],[15.8950325,40.6732748],[15.8938184,40.6746718],[15.8905612,40.6739056],[15.8888825,40.6749627],[15.8888557,40.6766125],[15.8904978,40.6743481],[15.8969224,40.6776413],[15.9027071,40.6774403]]]},"properties":{"ha":28.0,"date":"2026-07-20","day":19,"country":"IT","place":"Vaglio Basilicata, Potenza","rank":877}},{"type":"Feature","geometry":{"type":"Polygon","coordinates":[[[37.6726095,48.8790233],[37.6747132,48.8780115],[37.6751994,48.874009],[37.6684391,48.8736985],[37.668255,48.8773974],[37.6726095,48.8790233]]]},"properties":{"ha":27.0,"date":"2026-07-22","day":21,"country":"UA","place":"N.A., N.A.","rank":878}},{"type":"Feature","geometry":{"type":"Polygon","coordinates":[[[36.1372442,50.1578481],[36.1320461,50.158025],[36.1339637,50.1629402],[36.1354202,50.1645007],[36.1392616,50.1637939],[36.1372442,50.1578481]]]},"properties":{"ha":27.0,"date":"2026-07-01","day":0,"country":"UA","place":"N.A., N.A.","rank":879}},{"type":"Feature","geometry":{"type":"Polygon","coordinates":[[[2.9975285,41.9002512],[3.0044224,41.8962453],[3.0008766,41.8928491],[2.9963345,41.8984425],[2.9975285,41.9002512]]]},"properties":{"ha":27.0,"date":"2026-07-03","day":2,"country":"ES","place":"Cruïlles, Monells i Sant Sadurní de l'Heura, Girona","rank":880}},{"type":"Feature","geometry":{"type":"Polygon","coordinates":[[[32.5217418,46.4906472],[32.5219224,46.483918],[32.5207772,46.4799024],[32.5190703,46.4805559],[32.518419,46.4910336],[32.5217418,46.4906472]]]},"properties":{"ha":27.0,"date":"2026-07-06","day":5,"country":"UA","place":"N.A., N.A.","rank":881}},{"type":"Feature","geometry":{"type":"Polygon","coordinates":[[[1.9048989,41.7733745],[1.9125132,41.7766653],[1.9109134,41.7773652],[1.9143989,41.7803566],[1.9164962,41.7793086],[1.9111917,41.7734962],[1.9062466,41.7718336],[1.9048989,41.7733745]]]},"properties":{"ha":27.0,"date":"2026-07-08","day":7,"country":"ES","place":"Navarcles, Barcelona","rank":882}},{"type":"Feature","geometry":{"type":"Polygon","coordinates":[[[15.9805903,39.4919994],[15.9813305,39.4896299],[15.9787881,39.4881146],[15.974742,39.4913621],[15.9696425,39.4923442],[15.9727314,39.4943796],[15.9750078,39.4919007],[15.9805903,39.4919994]]]},"properties":{"ha":27.0,"date":"2026-07-22","day":21,"country":"IT","place":"Acquappesa, Cosenza","rank":883}},{"type":"Feature","geometry":{"type":"Polygon","coordinates":[[[12.6859222,43.398613],[12.6785104,43.4018647],[12.6873976,43.400949],[12.6885076,43.4000333],[12.6862482,43.3993362],[12.6905541,43.3989171],[12.6902633,43.3964551],[12.6879723,43.3974721],[12.6879495,43.3944683],[12.6859222,43.398613]]]},"properties":{"ha":27.0,"date":"2026-07-15","day":14,"country":"IT","place":"Scheggia e Pascelupo, Perugia","rank":884}},{"type":"Feature","geometry":{"type":"Polygon","coordinates":[[[37.1391801,48.5544958],[37.1441107,48.5475969],[37.1387213,48.5479294],[37.1365094,48.5500104],[37.1307295,48.5503486],[37.1303243,48.5521754],[37.1396804,48.5509751],[37.1391801,48.5544958]]]},"properties":{"ha":27.0,"date":"2026-07-02","day":1,"country":"UA","place":"N.A., N.A.","rank":885}},{"type":"Feature","geometry":{"type":"Polygon","coordinates":[[[-2.3138958,48.6769246],[-2.3131275,48.6706052],[-2.3155949,48.668513],[-2.3190253,48.6687321],[-2.3193448,48.6708921],[-2.3164598,48.6722264],[-2.3178428,48.6749891],[-2.3138958,48.6769246]]]},"properties":{"ha":27.0,"date":"2026-07-13","day":12,"country":"FR","place":"Plévenon, Côtes-d’Armor","rank":886}},{"type":"Feature","geometry":{"type":"Polygon","coordinates":[[[34.9796971,47.5698019],[34.9722105,47.5681212],[34.9711269,47.571122],[34.9675506,47.5713324],[34.9754793,47.5728262],[34.9796971,47.5698019]]]},"properties":{"ha":27.0,"date":"2026-07-18","day":17,"country":"UA","place":"N.A., N.A.","rank":887}},{"type":"Feature","geometry":{"type":"Polygon","coordinates":[[[35.8619275,47.6718824],[35.8633788,47.6683366],[35.8521534,47.6658305],[35.8500946,47.6672067],[35.8619275,47.6718824]]]},"properties":{"ha":27.0,"date":"2026-07-20","day":19,"country":"UA","place":"N.A., N.A.","rank":888}},{"type":"Feature","geometry":{"type":"Polygon","coordinates":[[[15.1039028,37.0498814],[15.107521,37.0483262],[15.1075697,37.0464751],[15.0959633,37.0464309],[15.1039028,37.0498814]]]},"properties":{"ha":27.0,"date":"2026-07-22","day":21,"country":"IT","place":"Siracusa, Siracusa","rank":889}},{"type":"Feature","geometry":{"type":"Polygon","coordinates":[[[15.9965546,38.6382681],[15.9922672,38.6407169],[15.9961855,38.6417817],[15.9899084,38.6415012],[15.9894389,38.6395],[15.9870593,38.6415027],[15.9994065,38.6439093],[15.9965546,38.6382681]]]},"properties":{"ha":27.0,"date":"2026-07-21","day":20,"country":"IT","place":"Zungri, Vibo Valentia","rank":890}},{"type":"Feature","geometry":{"type":"Polygon","coordinates":[[[42.9706433,39.2528459],[42.9658842,39.2481984],[42.9600341,39.2489574],[42.9611396,39.2509645],[42.9638641,39.2495557],[42.9653995,39.2523756],[42.9706433,39.2528459]]]},"properties":{"ha":27.0,"date":"2026-07-13","day":12,"country":"TR","place":"N.A., Ağrı","rank":891}},{"type":"Feature","geometry":{"type":"Polygon","coordinates":[[[32.2228671,46.4541644],[32.2229647,46.456503],[32.2267644,46.4573985],[32.226933,46.4590874],[32.2306606,46.4562688],[32.2261161,46.4522617],[32.2228671,46.4541644]]]},"properties":{"ha":26.0,"date":"2026-07-01","day":0,"country":"UA","place":"N.A., N.A.","rank":892}},{"type":"Feature","geometry":{"type":"Polygon","coordinates":[[[14.006075,60.1283911],[14.0072403,60.1240519],[14.0027954,60.1231834],[13.9982229,60.12507],[13.9998673,60.1277161],[14.006075,60.1283911]]]},"properties":{"ha":26.0,"date":"2026-07-01","day":0,"country":"SE","place":"Hagfors, Värmlands län","rank":893}},{"type":"Feature","geometry":{"type":"Polygon","coordinates":[[[-6.3634361,40.0572191],[-6.3627951,40.0550001],[-6.3661543,40.0501885],[-6.3684006,40.0493294],[-6.3663528,40.0479331],[-6.371105,40.0463811],[-6.3688779,40.0493896],[-6.3667459,40.0505794],[-6.3682069,40.0513227],[-6.3666599,40.0568473],[-6.3640937,40.0551972],[-6.3634361,40.0572191]]]},"properties":{"ha":26.0,"date":"2026-07-02","day":1,"country":"ES","place":"Montehermoso, Cáceres","rank":894}},{"type":"Feature","geometry":{"type":"Polygon","coordinates":[[[40.0143114,49.2827805],[40.0244917,49.2800319],[40.0209544,49.2791987],[40.0223555,49.2777088],[40.0200851,49.2763013],[40.0180345,49.2801533],[40.0124168,49.2829985],[40.0181704,49.2866048],[40.0143114,49.2827805]]]},"properties":{"ha":26.0,"date":"2026-07-08","day":7,"country":"UA","place":"N.A., N.A.","rank":895}},{"type":"Feature","geometry":{"type":"Polygon","coordinates":[[[33.6949229,46.1467221],[33.6895944,46.1445002],[33.6869161,46.1447034],[33.6870183,46.1482022],[33.6893351,46.1489902],[33.6947041,46.1497562],[33.6949229,46.1467221]]]},"properties":{"ha":26.0,"date":"2026-07-01","day":0,"country":"UA","place":"N.A., N.A.","rank":896}},{"type":"Feature","geometry":{"type":"Polygon","coordinates":[[[8.8783666,39.4100291],[8.8826393,39.4099486],[8.8817758,39.4086831],[8.8842957,39.4092535],[8.8861231,39.4025814],[8.8847527,39.402034],[8.8836299,39.4047672],[8.8797264,39.4068304],[8.8783666,39.4100291]]]},"properties":{"ha":26.0,"date":"2026-07-05","day":4,"country":"IT","place":"Serramanna, Sud Sardegna","rank":897}},{"type":"Feature","geometry":{"type":"Polygon","coordinates":[[[37.0826398,48.3167457],[37.0808073,48.313727],[37.0741871,48.3152059],[37.0782135,48.3196564],[37.0826398,48.3167457]]]},"properties":{"ha":26.0,"date":"2026-07-01","day":0,"country":"UA","place":"N.A., N.A.","rank":898}},{"type":"Feature","geometry":{"type":"Polygon","coordinates":[[[26.5598994,42.7270909],[26.5678925,42.7258533],[26.5644722,42.7253431],[26.5713996,42.7230559],[26.5634195,42.723897],[26.5575495,42.7268144],[26.5564221,42.7257165],[26.5552295,42.729193],[26.5620641,42.7280739],[26.5598994,42.7270909]]]},"properties":{"ha":26.0,"date":"2026-07-06","day":5,"country":"BG","place":"Котел, Сливен","rank":899}},{"type":"Feature","geometry":{"type":"Polygon","coordinates":[[[13.3569168,38.0371447],[13.3570765,38.0354575],[13.3450334,38.0334485],[13.3470104,38.0358678],[13.3483429,38.0343271],[13.3487513,38.0363519],[13.3569168,38.0371447]]]},"properties":{"ha":26.0,"date":"2026-07-16","day":15,"country":"IT","place":"Altofonte, Palermo","rank":900}},{"type":"Feature","geometry":{"type":"Polygon","coordinates":[[[-8.0230403,41.745594],[-8.0222377,41.7405549],[-8.0233683,41.7360402],[-8.0287778,41.7434527],[-8.0264695,41.744017],[-8.0272387,41.7451903],[-8.0250004,41.7434651],[-8.0230403,41.745594]]]},"properties":{"ha":26.0,"date":"2026-07-23","day":22,"country":"PT","place":"Cabril, Alto Tâmega","rank":901}},{"type":"Feature","geometry":{"type":"Polygon","coordinates":[[[38.3797693,48.7914849],[38.3840647,48.7893535],[38.3873126,48.7868084],[38.3834963,48.785265],[38.3808605,48.7866288],[38.3765421,48.7900781],[38.3797693,48.7914849]]]},"properties":{"ha":26.0,"date":"2026-07-19","day":18,"country":"UA","place":"N.A., N.A.","rank":902}},{"type":"Feature","geometry":{"type":"Polygon","coordinates":[[[37.8924954,48.508016],[37.8924466,48.5041395],[37.8889596,48.5059874],[37.8884035,48.5030346],[37.885194,48.5049822],[37.8881392,48.5094902],[37.8924954,48.508016]]]},"properties":{"ha":26.0,"date":"2026-07-20","day":19,"country":"UA","place":"N.A., N.A.","rank":903}},{"type":"Feature","geometry":{"type":"Polygon","coordinates":[[[35.4206372,47.6971791],[35.4210909,47.692734],[35.4188221,47.6940723],[35.4165662,47.6928649],[35.4193865,47.6923616],[35.4156884,47.6927085],[35.4130384,47.6991928],[35.4179127,47.700017],[35.4206372,47.6971791]]]},"properties":{"ha":25.0,"date":"2026-07-01","day":0,"country":"UA","place":"N.A., N.A.","rank":904}},{"type":"Feature","geometry":{"type":"Polygon","coordinates":[[[37.739266,49.8483672],[37.7358066,49.8444281],[37.7285837,49.8471199],[37.7358809,49.8496703],[37.739266,49.8483672]]]},"properties":{"ha":25.0,"date":"2026-07-03","day":2,"country":"UA","place":"N.A., N.A.","rank":905}},{"type":"Feature","geometry":{"type":"Polygon","coordinates":[[[-8.409431,41.1440782],[-8.414562,41.1468055],[-8.4130244,41.1491052],[-8.4116005,41.1491036],[-8.4132849,41.1469297],[-8.4117581,41.1456766],[-8.4101931,41.1495434],[-8.4062903,41.1471007],[-8.4091662,41.1441049],[-8.4086392,41.145823],[-8.4102469,41.1461024],[-8.409431,41.1440782]]]},"properties":{"ha":25.0,"date":"2026-07-03","day":2,"country":"PT","place":"Recarei, Área Metropolitana do Porto","rank":906}},{"type":"Feature","geometry":{"type":"Polygon","coordinates":[[[7.8058676,44.0197684],[7.8122809,44.018646],[7.812593,44.0155544],[7.8081938,44.0145364],[7.8052632,44.0167897],[7.8075305,44.0164021],[7.8058676,44.0197684]]]},"properties":{"ha":25.0,"date":"2026-07-07","day":6,"country":"IT","place":"Rezzo, Imperia","rank":907}},{"type":"Feature","geometry":{"type":"Polygon","coordinates":[[[39.3217203,38.1634004],[39.3184654,38.161559],[39.3140715,38.1670008],[39.3163217,38.1674927],[39.3217203,38.1634004]]]},"properties":{"ha":25.0,"date":"2026-07-05","day":4,"country":"TR","place":"N.A., Diyarbakır","rank":908}},{"type":"Feature","geometry":{"type":"Polygon","coordinates":[[[37.2655605,48.957254],[37.2690615,48.95639],[37.264481,48.9531967],[37.2568116,48.9525755],[37.258245,48.9549863],[37.2655605,48.957254]]]},"properties":{"ha":25.0,"date":"2026-07-02","day":1,"country":"UA","place":"N.A., N.A.","rank":909}},{"type":"Feature","geometry":{"type":"Polygon","coordinates":[[[37.4950181,48.4266281],[37.4897506,48.4234994],[37.4838286,48.4286599],[37.486781,48.4288686],[37.4950181,48.4266281]]]},"properties":{"ha":25.0,"date":"2026-07-03","day":2,"country":"UA","place":"N.A., N.A.","rank":910}},{"type":"Feature","geometry":{"type":"Polygon","coordinates":[[[42.0330853,37.4270015],[42.0341718,37.4241307],[42.0363692,37.4251557],[42.0368985,37.4203995],[42.0300102,37.4209856],[42.0330853,37.4270015]]]},"properties":{"ha":25.0,"date":"2026-07-03","day":2,"country":"TR","place":"N.A., Şırnak","rank":911}},{"type":"Feature","geometry":{"type":"Polygon","coordinates":[[[36.366566,48.1014637],[36.3628648,48.098689],[36.3596278,48.100489],[36.3584664,48.1036914],[36.3622006,48.1039708],[36.366566,48.1014637]]]},"properties":{"ha":25.0,"date":"2026-07-22","day":21,"country":"UA","place":"N.A., N.A.","rank":912}},{"type":"Feature","geometry":{"type":"Polygon","coordinates":[[[-3.481131,40.007263],[-3.4828467,40.0055257],[-3.4850236,40.0044699],[-3.4801601,40.0039458],[-3.4808408,40.0018437],[-3.4837395,40.00295],[-3.4873062,40.001257],[-3.4888274,40.0027922],[-3.489424,40.005007],[-3.4874006,40.006428],[-3.4847185,40.0054976],[-3.481131,40.007263]]]},"properties":{"ha":25.0,"date":"2026-07-10","day":9,"country":"ES","place":"Ontígola, Toledo","rank":913}},{"type":"Feature","geometry":{"type":"Polygon","coordinates":[[[36.7490782,47.9942855],[36.7539811,47.9890723],[36.7496989,47.9878999],[36.7453224,47.990797],[36.7469278,47.9912017],[36.7457984,47.9930245],[36.7490782,47.9942855]]]},"properties":{"ha":25.0,"date":"2026-07-07","day":6,"country":"UA","place":"N.A., N.A.","rank":914}},{"type":"Feature","geometry":{"type":"Polygon","coordinates":[[[15.9219629,39.6147262],[15.9240312,39.6108349],[15.92208,39.6101267],[15.9163887,39.6097396],[15.9154006,39.6116502],[15.9171235,39.6145608],[15.9202582,39.612336],[15.9219629,39.6147262]]]},"properties":{"ha":25.0,"date":"2026-07-15","day":14,"country":"IT","place":"Sangineto, Cosenza","rank":915}},{"type":"Feature","geometry":{"type":"Polygon","coordinates":[[[35.4517586,46.9799413],[35.4639148,46.9779582],[35.4645249,46.9772264],[35.4576505,46.9761276],[35.4517586,46.9799413]]]},"properties":{"ha":25.0,"date":"2026-07-19","day":18,"country":"UA","place":"N.A., N.A.","rank":916}},{"type":"Feature","geometry":{"type":"Polygon","coordinates":[[[13.3765218,38.0402031],[13.3720208,38.0394412],[13.3674036,38.0423396],[13.3786692,38.0431741],[13.375586,38.0427369],[13.3765218,38.0402031]]]},"properties":{"ha":25.0,"date":"2026-07-20","day":19,"country":"IT","place":"Belmonte Mezzagno, Palermo","rank":917}},{"type":"Feature","geometry":{"type":"Polygon","coordinates":[[[-1.7985444,43.1590832],[-1.7997351,43.1603358],[-1.7978471,43.1615246],[-1.7893696,43.1607954],[-1.7928811,43.1581058],[-1.801552,43.1578829],[-1.7985444,43.1590832]]]},"properties":{"ha":25.0,"date":"2026-07-14","day":13,"country":"ES","place":"Goizueta, Navarra","rank":918}},{"type":"Feature","geometry":{"type":"Polygon","coordinates":[[[13.3587063,37.4004213],[13.3513978,37.4028886],[13.3528155,37.4041294],[13.3591563,37.4038576],[13.3574133,37.4055708],[13.3609694,37.4068201],[13.3587063,37.4004213]]]},"properties":{"ha":25.0,"date":"2026-07-01","day":0,"country":"IT","place":"Montallegro, Agrigento","rank":919}},{"type":"Feature","geometry":{"type":"Polygon","coordinates":[[[38.1718005,49.247538],[38.1726273,49.2431952],[38.1699732,49.2425701],[38.165516,49.244404],[38.1682338,49.2472991],[38.1718005,49.247538]]]},"properties":{"ha":24.0,"date":"2026-07-20","day":19,"country":"UA","place":"N.A., N.A.","rank":920}},{"type":"Feature","geometry":{"type":"Polygon","coordinates":[[[27.8607228,39.7437659],[27.8595849,39.7400895],[27.8486623,39.7334642],[27.8560484,39.7384107],[27.8556771,39.7414538],[27.8607228,39.7437659]]]},"properties":{"ha":24.0,"date":"2026-07-05","day":4,"country":"TR","place":"N.A., Balıkesir","rank":921}},{"type":"Feature","geometry":{"type":"Polygon","coordinates":[[[35.1473879,47.7396361],[35.1421481,47.7348752],[35.1379427,47.7350057],[35.1410387,47.7365934],[35.1418179,47.7394502],[35.1426414,47.7366867],[35.1446654,47.7382434],[35.142579,47.740196],[35.1429362,47.7442722],[35.1473879,47.7396361]]]},"properties":{"ha":24.0,"date":"2026-07-02","day":1,"country":"UA","place":"N.A., N.A.","rank":922}},{"type":"Feature","geometry":{"type":"Polygon","coordinates":[[[-4.7585424,40.2728746],[-4.755331,40.2713811],[-4.7592031,40.2663852],[-4.7611994,40.2662911],[-4.7624492,40.2723197],[-4.7609969,40.2729448],[-4.7599727,40.2710862],[-4.7585424,40.2728746]]]},"properties":{"ha":24.0,"date":"2026-07-04","day":3,"country":"ES","place":"Casavieja, Ávila","rank":923}},{"type":"Feature","geometry":{"type":"Polygon","coordinates":[[[32.791034,46.5297855],[32.7866964,46.5262669],[32.7823083,46.5292626],[32.783733,46.5313418],[32.791034,46.5297855]]]},"properties":{"ha":24.0,"date":"2026-07-02","day":1,"country":"UA","place":"N.A., N.A.","rank":924}},{"type":"Feature","geometry":{"type":"Polygon","coordinates":[[[35.5127784,47.4702413],[35.5141028,47.4658987],[35.5045048,47.4672574],[35.5055651,47.4699462],[35.5127784,47.4702413]]]},"properties":{"ha":24.0,"date":"2026-07-04","day":3,"country":"UA","place":"N.A., N.A.","rank":925}},{"type":"Feature","geometry":{"type":"Polygon","coordinates":[[[15.0385747,37.271843],[15.0426864,37.2677362],[15.0397569,37.2653332],[15.0333152,37.2682564],[15.0348077,37.269915],[15.0379291,37.2693122],[15.0357816,37.2710006],[15.0385747,37.271843]]]},"properties":{"ha":24.0,"date":"2026-07-10","day":9,"country":"IT","place":"Augusta, Siracusa","rank":926}},{"type":"Feature","geometry":{"type":"Polygon","coordinates":[[[37.5272807,49.9551121],[37.535937,49.9533703],[37.5327916,49.9512493],[37.5251258,49.9509621],[37.5272807,49.9551121]]]},"properties":{"ha":24.0,"date":"2026-07-04","day":3,"country":"UA","place":"N.A., N.A.","rank":927}},{"type":"Feature","geometry":{"type":"Polygon","coordinates":[[[36.4943532,47.7112573],[36.4929302,47.7080833],[36.4955697,47.7061042],[36.489785,47.7044534],[36.4904578,47.7121929],[36.4943532,47.7112573]]]},"properties":{"ha":24.0,"date":"2026-07-15","day":14,"country":"UA","place":"N.A., N.A.","rank":928}},{"type":"Feature","geometry":{"type":"Polygon","coordinates":[[[0.6469915,42.5783749],[0.6422772,42.5743478],[0.6378035,42.5769479],[0.6392128,42.5790245],[0.6469915,42.5783749]]]},"properties":{"ha":24.0,"date":"2026-07-17","day":16,"country":"ES","place":"Montanuy, Huesca","rank":929}},{"type":"Feature","geometry":{"type":"Polygon","coordinates":[[[36.4087564,46.7685829],[36.4170696,46.7713102],[36.411751,46.768443],[36.408985,46.7624321],[36.406472,46.7625002],[36.4087564,46.7685829]]]},"properties":{"ha":24.0,"date":"2026-07-19","day":18,"country":"UA","place":"N.A., N.A.","rank":930}},{"type":"Feature","geometry":{"type":"Polygon","coordinates":[[[13.802579,37.224723],[13.8084645,37.2241412],[13.8068366,37.2220432],[13.8081963,37.2184499],[13.8047047,37.2193489],[13.802579,37.224723]]]},"properties":{"ha":24.0,"date":"2026-07-20","day":19,"country":"IT","place":"Camastra, Agrigento","rank":931}},{"type":"Feature","geometry":{"type":"Polygon","coordinates":[[[14.4410719,37.4618539],[14.4394659,37.4604462],[14.4366221,37.4637451],[14.4299186,37.4638403],[14.4302281,37.4655559],[14.435669,37.4651016],[14.4410719,37.4618539]]]},"properties":{"ha":24.0,"date":"2026-07-19","day":18,"country":"IT","place":"Aidone, Enna","rank":932}},{"type":"Feature","geometry":{"type":"Polygon","coordinates":[[[4.1730671,46.9831168],[4.1807186,46.9781065],[4.1790671,46.9771056],[4.175345,46.9781296],[4.1744737,46.9802984],[4.1711465,46.9783436],[4.1730671,46.9831168]]]},"properties":{"ha":24.0,"date":"2026-07-15","day":14,"country":"FR","place":"Grande-Verrière, Saône-et-Loire","rank":933}},{"type":"Feature","geometry":{"type":"Polygon","coordinates":[[[15.4821968,38.1540543],[15.4861675,38.1477836],[15.4854803,38.1459129],[15.4813833,38.1482047],[15.4775451,38.1541605],[15.4821968,38.1540543]]]},"properties":{"ha":24.0,"date":"2026-07-21","day":20,"country":"IT","place":"Messina, Messina","rank":934}},{"type":"Feature","geometry":{"type":"Polygon","coordinates":[[[-7.8210287,40.9081662],[-7.8141657,40.9098918],[-7.8111304,40.9067828],[-7.8143473,40.9059523],[-7.8210287,40.9081662]]]},"properties":{"ha":24.0,"date":"2026-07-09","day":8,"country":"PT","place":"Pendilhe, Viseu Dão Lafões","rank":935}},{"type":"Feature","geometry":{"type":"Polygon","coordinates":[[[15.0517838,37.9126579],[15.0508421,37.9107972],[15.0531617,37.9092312],[15.0481558,37.9081627],[15.0451753,37.9104518],[15.0468776,37.9127401],[15.0517838,37.9126579]]]},"properties":{"ha":24.0,"date":"2026-07-21","day":20,"country":"IT","place":"Moio Alcantara, Messina","rank":936}},{"type":"Feature","geometry":{"type":"Polygon","coordinates":[[[37.266456,48.420873],[37.2684021,48.4192886],[37.2674369,48.4176752],[37.2598183,48.4173712],[37.2597381,48.4191235],[37.2567867,48.4195275],[37.266456,48.420873]]]},"properties":{"ha":23.0,"date":"2026-07-20","day":19,"country":"UA","place":"N.A., N.A.","rank":937}},{"type":"Feature","geometry":{"type":"Polygon","coordinates":[[[37.921421,49.035161],[37.9241157,49.029242],[37.9221297,49.029263],[37.916485,49.0314896],[37.9184468,49.0348466],[37.921421,49.035161]]]},"properties":{"ha":23.0,"date":"2026-07-03","day":2,"country":"UA","place":"N.A., N.A.","rank":938}},{"type":"Feature","geometry":{"type":"Polygon","coordinates":[[[30.7634902,38.1410102],[30.7640168,38.1389646],[30.7610545,38.1392595],[30.76223,38.13666],[30.7570673,38.1421141],[30.7611486,38.1437332],[30.7607151,38.1410124],[30.7634902,38.1410102]]]},"properties":{"ha":23.0,"date":"2026-07-04","day":3,"country":"TR","place":"N.A., Isparta","rank":939}},{"type":"Feature","geometry":{"type":"Polygon","coordinates":[[[34.1796235,51.9295087],[34.1846325,51.9303741],[34.1827051,51.9309133],[34.1844255,51.9313485],[34.1835031,51.9330184],[34.1876048,51.9322036],[34.1886276,51.9276884],[34.1824345,51.925453],[34.182448,51.9281056],[34.1806645,51.9275243],[34.1814469,51.9292841],[34.1796235,51.9295087]]]},"properties":{"ha":23.0,"date":"2026-07-03","day":2,"country":"UA","place":"N.A., N.A.","rank":940}},{"type":"Feature","geometry":{"type":"Polygon","coordinates":[[[36.8475475,48.3734039],[36.848757,48.3675303],[36.8506856,48.3670844],[36.84444,48.3657795],[36.8454863,48.36969],[36.8430057,48.3731166],[36.8475475,48.3734039]]]},"properties":{"ha":23.0,"date":"2026-07-03","day":2,"country":"UA","place":"N.A., N.A.","rank":941}},{"type":"Feature","geometry":{"type":"Polygon","coordinates":[[[33.4305008,46.7896048],[33.4304753,46.783387],[33.4250695,46.7866231],[33.4305008,46.7896048]]]},"properties":{"ha":23.0,"date":"2026-07-05","day":4,"country":"UA","place":"N.A., N.A.","rank":942}},{"type":"Feature","geometry":{"type":"Polygon","coordinates":[[[36.9644722,48.3171993],[36.9731099,48.3169949],[36.9725721,48.3141055],[36.9656185,48.3140111],[36.9643101,48.3155046],[36.9644722,48.3171993]]]},"properties":{"ha":23.0,"date":"2026-07-21","day":20,"country":"UA","place":"N.A., N.A.","rank":943}},{"type":"Feature","geometry":{"type":"Polygon","coordinates":[[[13.6913805,37.1864797],[13.698858,37.1841431],[13.6967895,37.183787],[13.6975569,37.1813625],[13.6949361,37.1808406],[13.6925633,37.1830801],[13.6937854,37.1837122],[13.6890912,37.1851654],[13.6913805,37.1864797]]]},"properties":{"ha":23.0,"date":"2026-07-06","day":5,"country":"IT","place":"Palma di Montechiaro, Agrigento","rank":944}},{"type":"Feature","geometry":{"type":"Polygon","coordinates":[[[14.7567407,36.8455066],[14.7516622,36.8474628],[14.7551754,36.8519734],[14.7598074,36.8536768],[14.7551163,36.8471024],[14.7567407,36.8455066]]]},"properties":{"ha":23.0,"date":"2026-07-17","day":16,"country":"IT","place":"Modica, Ragusa","rank":945}},{"type":"Feature","geometry":{"type":"Polygon","coordinates":[[[28.2851731,37.5266104],[28.2829569,37.5211125],[28.2810413,37.5202614],[28.2798343,37.525182],[28.2851731,37.5266104]]]},"properties":{"ha":23.0,"date":"2026-07-13","day":12,"country":"TR","place":"N.A., Aydın","rank":946}},{"type":"Feature","geometry":{"type":"Polygon","coordinates":[[[15.0536021,38.0885488],[15.0564427,38.0858635],[15.051205,38.0824848],[15.0502546,38.0836988],[15.0531965,38.0880595],[15.048465,38.0883369],[15.0474433,38.089497],[15.0536021,38.0885488]]]},"properties":{"ha":23.0,"date":"2026-07-19","day":18,"country":"IT","place":"Falcone, Messina","rank":947}},{"type":"Feature","geometry":{"type":"Polygon","coordinates":[[[8.9945501,40.3993738],[9.0012776,40.3989852],[9.0028032,40.3972595],[8.9970014,40.3944379],[8.9945501,40.3993738]]]},"properties":{"ha":23.0,"date":"2026-07-18","day":17,"country":"IT","place":"Burgos, Sassari","rank":948}},{"type":"Feature","geometry":{"type":"Polygon","coordinates":[[[16.2251869,38.631138],[16.2201123,38.6288681],[16.2177579,38.6292111],[16.2194697,38.6306749],[16.2140918,38.6311417],[16.2155031,38.6328618],[16.2251869,38.631138]]]},"properties":{"ha":23.0,"date":"2026-07-21","day":20,"country":"IT","place":"Pizzoni, Vibo Valentia","rank":949}},{"type":"Feature","geometry":{"type":"Polygon","coordinates":[[[32.4822285,46.6269153],[32.4826426,46.6332159],[32.4857151,46.6326076],[32.4883377,46.6287621],[32.4822285,46.6269153]]]},"properties":{"ha":22.0,"date":"2026-07-01","day":0,"country":"UA","place":"N.A., N.A.","rank":950}},{"type":"Feature","geometry":{"type":"Polygon","coordinates":[[[14.2544593,37.3436602],[14.2561095,37.3415806],[14.2506766,37.3382986],[14.2484596,37.3377719],[14.2466315,37.3364556],[14.2457695,37.3362969],[14.2479693,37.3379784],[14.2466702,37.3392506],[14.2544593,37.3436602]]]},"properties":{"ha":22.0,"date":"2026-07-10","day":9,"country":"IT","place":"Mazzarino, Caltanissetta","rank":951}},{"type":"Feature","geometry":{"type":"Polygon","coordinates":[[[-4.3886956,42.567753],[-4.3935901,42.5626444],[-4.3966417,42.563036],[-4.3921202,42.5665115],[-4.391605,42.5690584],[-4.3886956,42.567753]]]},"properties":{"ha":22.0,"date":"2026-07-01","day":0,"country":"ES","place":"Calahorra de Boedo, Palencia","rank":952}},{"type":"Feature","geometry":{"type":"Polygon","coordinates":[[[2.2609687,42.4946036],[2.2602623,42.4914845],[2.2526789,42.4957141],[2.2552923,42.4972436],[2.2609687,42.4946036]]]},"properties":{"ha":22.0,"date":"2026-07-25","day":24,"country":"FR","place":"Nyer, Pyrénées-Orientales","rank":953}},{"type":"Feature","geometry":{"type":"Polygon","coordinates":[[[14.9271881,45.0048255],[14.9286913,45.0019527],[14.9185352,45.0030046],[14.9205784,45.0049054],[14.9271881,45.0048255]]]},"properties":{"ha":22.0,"date":"2026-07-02","day":1,"country":"HR","place":"Senj, Ličko-senjska županija","rank":954}},{"type":"Feature","geometry":{"type":"Polygon","coordinates":[[[37.9406076,48.609223],[37.9450264,48.6119208],[37.9491937,48.6085372],[37.9410319,48.6071741],[37.9406076,48.609223]]]},"properties":{"ha":22.0,"date":"2026-07-17","day":16,"country":"UA","place":"N.A., N.A.","rank":955}},{"type":"Feature","geometry":{"type":"Polygon","coordinates":[[[19.4964986,42.2078184],[19.4924786,42.2030448],[19.490561,42.2038356],[19.4911573,42.2056486],[19.4883693,42.2060873],[19.4941423,42.2106729],[19.4935818,42.2081398],[19.4964986,42.2078184]]]},"properties":{"ha":22.0,"date":"2026-07-09","day":8,"country":"AL","place":"Malësi e Madhe, Shkodër","rank":956}},{"type":"Feature","geometry":{"type":"Polygon","coordinates":[[[36.9163693,48.0244197],[36.91386,48.0218244],[36.9186493,48.0208904],[36.9109302,48.0204735],[36.9077702,48.0227074],[36.9125084,48.0251671],[36.9163693,48.0244197]]]},"properties":{"ha":22.0,"date":"2026-07-02","day":1,"country":"UA","place":"N.A., N.A.","rank":957}},{"type":"Feature","geometry":{"type":"Polygon","coordinates":[[[38.1239354,49.0182018],[38.1257657,49.0141104],[38.1169929,49.0141876],[38.1191895,49.0175523],[38.1239354,49.0182018]]]},"properties":{"ha":22.0,"date":"2026-07-02","day":1,"country":"UA","place":"N.A., N.A.","rank":958}},{"type":"Feature","geometry":{"type":"Polygon","coordinates":[[[37.8041413,48.9719726],[37.8011934,48.9688406],[37.7943237,48.9704528],[37.7995032,48.9711964],[37.7969296,48.9730976],[37.7980641,48.9736903],[37.8041413,48.9719726]]]},"properties":{"ha":22.0,"date":"2026-07-03","day":2,"country":"UA","place":"N.A., N.A.","rank":959}},{"type":"Feature","geometry":{"type":"Polygon","coordinates":[[[36.0000792,47.5218557],[35.9972991,47.5204014],[35.9939272,47.5218006],[35.9941162,47.5202914],[35.9864232,47.5239599],[35.9900267,47.5253214],[35.9936257,47.5227017],[36.0000792,47.5218557]]]},"properties":{"ha":22.0,"date":"2026-07-03","day":2,"country":"UA","place":"N.A., N.A.","rank":960}},{"type":"Feature","geometry":{"type":"Polygon","coordinates":[[[0.8580396,41.9770323],[0.8579127,41.9708388],[0.8550557,41.9709159],[0.8526298,41.9679087],[0.8518639,41.969596],[0.8565056,41.9742023],[0.8560749,41.9768673],[0.8580396,41.9770323]]]},"properties":{"ha":22.0,"date":"2026-07-11","day":10,"country":"ES","place":"Camarasa, Lleida","rank":961}},{"type":"Feature","geometry":{"type":"Polygon","coordinates":[[[15.809139,39.8363567],[15.8059402,39.8307602],[15.8001267,39.8300154],[15.8057297,39.8326301],[15.8038787,39.8352431],[15.809139,39.8363567]]]},"properties":{"ha":22.0,"date":"2026-07-25","day":24,"country":"IT","place":"Scalea, Cosenza","rank":962}},{"type":"Feature","geometry":{"type":"Polygon","coordinates":[[[16.2319301,41.1441236],[16.2252124,41.1420336],[16.2203904,41.1455648],[16.2235493,41.1465441],[16.2267686,41.1441929],[16.2319301,41.1441236]]]},"properties":{"ha":22.0,"date":"2026-07-25","day":24,"country":"IT","place":"Andria, Barletta-Andria-Trani","rank":963}},{"type":"Feature","geometry":{"type":"Polygon","coordinates":[[[13.5657857,37.3052456],[13.5654382,37.3112922],[13.5679597,37.3112056],[13.5683327,37.3128769],[13.5720788,37.3093337],[13.5689789,37.3094322],[13.5681404,37.3062833],[13.5657857,37.3052456]]]},"properties":{"ha":22.0,"date":"2026-07-22","day":21,"country":"IT","place":"Agrigento, Agrigento","rank":964}},{"type":"Feature","geometry":{"type":"Polygon","coordinates":[[[16.057659,39.3456795],[16.0677465,39.3455271],[16.0704323,39.343999],[16.0688446,39.3428879],[16.0604877,39.3409913],[16.0632751,39.3440908],[16.057659,39.3456795]]]},"properties":{"ha":22.0,"date":"2026-07-26","day":25,"country":"IT","place":"Paola, Cosenza","rank":965}},{"type":"Feature","geometry":{"type":"Polygon","coordinates":[[[15.0180022,37.9941999],[15.0189856,37.9970639],[15.0210201,37.9966931],[15.0249185,37.9927076],[15.02196,37.991833],[15.0180022,37.9941999]]]},"properties":{"ha":22.0,"date":"2026-07-20","day":19,"country":"IT","place":"Montalbano Elicona, Messina","rank":966}},{"type":"Feature","geometry":{"type":"Polygon","coordinates":[[[24.1917825,43.0580044],[24.191922,43.0548206],[24.1873527,43.0544541],[24.18895,43.0527825],[24.1813489,43.0529951],[24.1867479,43.0554927],[24.1866354,43.0571243],[24.1896779,43.0560896],[24.1917825,43.0580044]]]},"properties":{"ha":22.0,"date":"2026-07-19","day":18,"country":"BG","place":"Ябланица, Ловеч","rank":967}},{"type":"Feature","geometry":{"type":"Polygon","coordinates":[[[37.5106041,48.476522],[37.5062679,48.4747092],[37.4962912,48.4765666],[37.501291,48.4788115],[37.5106041,48.476522]]]},"properties":{"ha":22.0,"date":"2026-07-16","day":15,"country":"UA","place":"N.A., N.A.","rank":968}},{"type":"Feature","geometry":{"type":"Polygon","coordinates":[[[3.5825797,45.0427891],[3.5854213,45.041128],[3.5821066,45.039195],[3.5839681,45.0367903],[3.5819057,45.0358068],[3.5787756,45.0376605],[3.5805294,45.0386882],[3.578207,45.0406597],[3.5825797,45.0427891]]]},"properties":{"ha":22.0,"date":"2026-07-23","day":22,"country":"??","place":"N.A., N.A.","rank":969}},{"type":"Feature","geometry":{"type":"Polygon","coordinates":[[[16.0871559,39.5704052],[16.081947,39.5671218],[16.0799493,39.5682401],[16.0815698,39.571325],[16.0834849,39.5706047],[16.0825498,39.5729007],[16.0868824,39.572786],[16.0871559,39.5704052]]]},"properties":{"ha":22.0,"date":"2026-07-20","day":19,"country":"IT","place":"Santa Caterina Albanese, Cosenza","rank":970}},{"type":"Feature","geometry":{"type":"Polygon","coordinates":[[[37.2524553,48.421833],[37.2529444,48.4171096],[37.2473681,48.4193012],[37.2505319,48.4223462],[37.2524553,48.421833]]]},"properties":{"ha":21.0,"date":"2026-07-16","day":15,"country":"UA","place":"N.A., N.A.","rank":971}},{"type":"Feature","geometry":{"type":"Polygon","coordinates":[[[37.8448472,48.6166444],[37.8465379,48.6136058],[37.8446077,48.609233],[37.8417972,48.6109109],[37.840872,48.6141207],[37.8433583,48.6138519],[37.8419889,48.6165343],[37.8448472,48.6166444]]]},"properties":{"ha":21.0,"date":"2026-07-18","day":17,"country":"UA","place":"N.A., N.A.","rank":972}},{"type":"Feature","geometry":{"type":"Polygon","coordinates":[[[-5.8962794,43.0959225],[-5.8881481,43.0958244],[-5.8865192,43.0915188],[-5.8904098,43.0916082],[-5.8885593,43.0930747],[-5.8925632,43.0928112],[-5.8929816,43.0948937],[-5.8962794,43.0959225]]]},"properties":{"ha":21.0,"date":"2026-07-08","day":7,"country":"ES","place":"Quirós, Asturias","rank":973}},{"type":"Feature","geometry":{"type":"Polygon","coordinates":[[[34.0428926,47.3982853],[34.0419733,47.393967],[34.0443633,47.3933524],[34.0443466,47.3903121],[34.0424629,47.3898211],[34.0398058,47.3905232],[34.0393863,47.3930794],[34.0428926,47.3982853]]]},"properties":{"ha":21.0,"date":"2026-07-02","day":1,"country":"UA","place":"N.A., N.A.","rank":974}},{"type":"Feature","geometry":{"type":"Polygon","coordinates":[[[36.2951398,50.1835267],[36.2947373,50.1797204],[36.2871331,50.1782769],[36.2901222,50.1827372],[36.2951398,50.1835267]]]},"properties":{"ha":21.0,"date":"2026-07-01","day":0,"country":"UA","place":"N.A., N.A.","rank":975}},{"type":"Feature","geometry":{"type":"Polygon","coordinates":[[[-5.688693,37.7067673],[-5.6895444,37.7034181],[-5.6959264,37.7000234],[-5.6939395,37.7050319],[-5.688693,37.7067673]]]},"properties":{"ha":21.0,"date":"2026-07-04","day":3,"country":"ES","place":"Villanueva del Río y Minas, Sevilla","rank":976}},{"type":"Feature","geometry":{"type":"Polygon","coordinates":[[[35.7967714,47.521051],[35.8048573,47.5180324],[35.796966,47.5177097],[35.7983344,47.5157748],[35.7952799,47.5143418],[35.7967714,47.521051]]]},"properties":{"ha":21.0,"date":"2026-07-03","day":2,"country":"UA","place":"N.A., N.A.","rank":977}},{"type":"Feature","geometry":{"type":"Polygon","coordinates":[[[-8.2870308,40.6505242],[-8.2866093,40.6459491],[-8.2945593,40.6499288],[-8.2929606,40.6506968],[-8.2870308,40.6505242]]]},"properties":{"ha":21.0,"date":"2026-07-03","day":2,"country":"PT","place":"Destriz e Reigoso, Viseu Dão Lafões","rank":978}},{"type":"Feature","geometry":{"type":"Polygon","coordinates":[[[-5.9295371,36.2029885],[-5.9233463,36.1999813],[-5.9226363,36.1987093],[-5.9284019,36.1987345],[-5.9303287,36.2004261],[-5.9295371,36.2029885]]]},"properties":{"ha":21.0,"date":"2026-07-07","day":6,"country":"ES","place":"Barbate, Cádiz","rank":979}},{"type":"Feature","geometry":{"type":"Polygon","coordinates":[[[9.1298776,41.1381045],[9.1272545,41.1365548],[9.1154438,41.1384232],[9.1194636,41.1403037],[9.1298776,41.1381045]]]},"properties":{"ha":21.0,"date":"2026-07-14","day":13,"country":"IT","place":"Aglientu, Sassari","rank":980}},{"type":"Feature","geometry":{"type":"Polygon","coordinates":[[[13.6653691,37.4139505],[13.6646065,37.4123723],[13.6670781,37.4130532],[13.6693322,37.4103756],[13.6658556,37.4079781],[13.6676826,37.410366],[13.666201,37.4112008],[13.6623726,37.4082107],[13.6629161,37.4097342],[13.6609402,37.4095297],[13.6653691,37.4139505]]]},"properties":{"ha":21.0,"date":"2026-07-12","day":11,"country":"IT","place":"Comitini, Agrigento","rank":981}},{"type":"Feature","geometry":{"type":"Polygon","coordinates":[[[15.7768551,39.9281471],[15.7804987,39.934152],[15.7841301,39.9344485],[15.7804791,39.9288146],[15.7798756,39.9299798],[15.7768551,39.9281471]]]},"properties":{"ha":21.0,"date":"2026-07-26","day":25,"country":"IT","place":"Tortora, Cosenza","rank":982}},{"type":"Feature","geometry":{"type":"Polygon","coordinates":[[[16.7098497,40.8287504],[16.7082497,40.8283378],[16.7106482,40.8266932],[16.7108502,40.8236834],[16.7085769,40.821665],[16.7055056,40.8251332],[16.7070721,40.8284563],[16.7098497,40.8287504]]]},"properties":{"ha":21.0,"date":"2026-07-24","day":23,"country":"IT","place":"Santeramo in Colle, Bari","rank":983}},{"type":"Feature","geometry":{"type":"Polygon","coordinates":[[[14.9984771,37.3257501],[14.9999484,37.3235893],[15.0035344,37.3247017],[15.0030586,37.3229115],[15.0060886,37.3213997],[14.9998128,37.3190811],[14.9982773,37.3191295],[15.0022343,37.3203944],[14.9986289,37.3239266],[14.9950454,37.3236438],[14.9951965,37.3254184],[14.9984771,37.3257501]]]},"properties":{"ha":21.0,"date":"2026-07-12","day":11,"country":"IT","place":"Lentini, Siracusa","rank":984}},{"type":"Feature","geometry":{"type":"Polygon","coordinates":[[[14.781225,37.2497114],[14.7758282,37.2460032],[14.7712543,37.2463525],[14.778212,37.2501877],[14.781225,37.2497114]]]},"properties":{"ha":21.0,"date":"2026-07-18","day":17,"country":"IT","place":"Militello in Val di Catania, Catania","rank":985}},{"type":"Feature","geometry":{"type":"Polygon","coordinates":[[[16.2232339,39.2727522],[16.2168747,39.270455],[16.216492,39.2741169],[16.2180311,39.2744842],[16.2182377,39.2726172],[16.2193366,39.2752004],[16.222595,39.2758791],[16.2232339,39.2727522]]]},"properties":{"ha":21.0,"date":"2026-07-21","day":20,"country":"IT","place":"Carolei, Cosenza","rank":986}},{"type":"Feature","geometry":{"type":"Polygon","coordinates":[[[16.221385,38.6946711],[16.2290663,38.6950572],[16.2295351,38.6931705],[16.2267849,38.6906584],[16.221385,38.6946711]]]},"properties":{"ha":21.0,"date":"2026-07-25","day":24,"country":"IT","place":"Filogaso, Vibo Valentia","rank":987}},{"type":"Feature","geometry":{"type":"Polygon","coordinates":[[[14.9330382,38.1472477],[14.9332254,38.1447165],[14.9280109,38.1428928],[14.9250383,38.1455095],[14.9330382,38.1472477]]]},"properties":{"ha":21.0,"date":"2026-07-18","day":17,"country":"IT","place":"Gioiosa Marea, Messina","rank":988}},{"type":"Feature","geometry":{"type":"Polygon","coordinates":[[[15.1939197,41.8867164],[15.1957469,41.8816671],[15.1917687,41.8823807],[15.1925712,41.8790883],[15.1881988,41.8836868],[15.1911592,41.8848113],[15.1928203,41.883485],[15.1923064,41.8862551],[15.1939197,41.8867164]]]},"properties":{"ha":21.0,"date":"2026-07-18","day":17,"country":"IT","place":"Chieuti, Foggia","rank":989}},{"type":"Feature","geometry":{"type":"Polygon","coordinates":[[[16.2019454,38.6184565],[16.2026403,38.6130259],[16.1966897,38.6127017],[16.1992481,38.6168203],[16.2019454,38.6184565]]]},"properties":{"ha":21.0,"date":"2026-07-22","day":21,"country":"IT","place":"Soriano Calabro, Vibo Valentia","rank":990}},{"type":"Feature","geometry":{"type":"Polygon","coordinates":[[[36.8321325,47.6850551],[36.8347513,47.683159],[36.8427917,47.67867],[36.8336758,47.6803227],[36.8343563,47.6826046],[36.8321325,47.6850551]]]},"properties":{"ha":20.0,"date":"2026-07-06","day":5,"country":"UA","place":"N.A., N.A.","rank":991}},{"type":"Feature","geometry":{"type":"Polygon","coordinates":[[[37.9702268,48.9183965],[37.9687511,48.9148567],[37.9634408,48.9183838],[37.9654975,48.9204673],[37.9702268,48.9183965]]]},"properties":{"ha":20.0,"date":"2026-07-21","day":20,"country":"UA","place":"N.A., N.A.","rank":992}},{"type":"Feature","geometry":{"type":"Polygon","coordinates":[[[36.3292074,47.959084],[36.3329639,47.9626438],[36.3358478,47.9609997],[36.3352509,47.9578427],[36.3312625,47.9576533],[36.3292074,47.959084]]]},"properties":{"ha":20.0,"date":"2026-07-01","day":0,"country":"UA","place":"N.A., N.A.","rank":993}},{"type":"Feature","geometry":{"type":"Polygon","coordinates":[[[36.9239086,48.0257437],[36.9268125,48.0231427],[36.9216141,48.0208908],[36.92359,48.0183263],[36.9217762,48.0163156],[36.9196477,48.020876],[36.9219155,48.0215876],[36.9210942,48.0255671],[36.9239086,48.0257437]]]},"properties":{"ha":20.0,"date":"2026-07-01","day":0,"country":"UA","place":"N.A., N.A.","rank":994}},{"type":"Feature","geometry":{"type":"Polygon","coordinates":[[[36.8511145,48.3919893],[36.8510074,48.3898933],[36.8489478,48.3906538],[36.849916,48.3879741],[36.848263,48.3860484],[36.8420059,48.3856332],[36.8472726,48.3876798],[36.8476913,48.3917897],[36.8511145,48.3919893]]]},"properties":{"ha":20.0,"date":"2026-07-01","day":0,"country":"UA","place":"N.A., N.A.","rank":995}},{"type":"Feature","geometry":{"type":"Polygon","coordinates":[[[37.5669684,50.2404283],[37.5656816,50.238357],[37.5579731,50.2392303],[37.5592336,50.2420141],[37.5669684,50.2404283]]]},"properties":{"ha":20.0,"date":"2026-07-18","day":17,"country":"UA","place":"N.A., N.A.","rank":996}},{"type":"Feature","geometry":{"type":"Polygon","coordinates":[[[37.9361325,48.995976],[37.9337969,48.99407],[37.9359361,48.9933407],[37.9346062,48.9918495],[37.9376065,48.9884592],[37.934361,48.991094],[37.929689,48.9903956],[37.9314474,48.9938524],[37.9361325,48.995976]]]},"properties":{"ha":20.0,"date":"2026-07-02","day":1,"country":"UA","place":"N.A., N.A.","rank":997}},{"type":"Feature","geometry":{"type":"Polygon","coordinates":[[[35.8896037,47.5407966],[35.8895491,47.5377794],[35.885474,47.5383907],[35.8833199,47.5352579],[35.879969,47.5364436],[35.8864667,47.5409898],[35.8896037,47.5407966]]]},"properties":{"ha":20.0,"date":"2026-07-01","day":0,"country":"UA","place":"N.A., N.A.","rank":998}},{"type":"Feature","geometry":{"type":"Polygon","coordinates":[[[37.5705712,49.9392078],[37.5754392,49.9360801],[37.574751,49.9347677],[37.5715459,49.9336961],[37.5675216,49.9362804],[37.5669757,49.9377965],[37.5705712,49.9392078]]]},"properties":{"ha":20.0,"date":"2026-07-03","day":2,"country":"UA","place":"N.A., N.A.","rank":999}},{"type":"Feature","geometry":{"type":"Polygon","coordinates":[[[15.6467304,41.8776195],[15.6480642,41.8756677],[15.6461474,41.8747018],[15.6469087,41.8728135],[15.6406442,41.876134],[15.6467304,41.8776195]]]},"properties":{"ha":20.0,"date":"2026-07-12","day":11,"country":"IT","place":"Cagnano Varano, Foggia","rank":1000}},{"type":"Feature","geometry":{"type":"Polygon","coordinates":[[[4.0236087,44.5435809],[4.0261871,44.5464037],[4.0296009,44.5442828],[4.0291998,44.54141],[4.0271103,44.5407183],[4.0236087,44.5435809]]]},"properties":{"ha":20.0,"date":"2026-07-16","day":15,"country":"FR","place":"Montselgues, Ardèche","rank":1001}},{"type":"Feature","geometry":{"type":"Polygon","coordinates":[[[13.574603,37.3469756],[13.5838619,37.3433292],[13.5785886,37.3419193],[13.574603,37.3469756]]]},"properties":{"ha":20.0,"date":"2026-07-07","day":6,"country":"IT","place":"Agrigento, Agrigento","rank":1002}},{"type":"Feature","geometry":{"type":"Polygon","coordinates":[[[35.4747893,47.5923606],[35.4717412,47.5922653],[35.4719226,47.5940295],[35.4674002,47.5952491],[35.4710774,47.5953139],[35.4759609,47.5983854],[35.4747893,47.5923606]]]},"properties":{"ha":20.0,"date":"2026-07-18","day":17,"country":"UA","place":"N.A., N.A.","rank":1003}},{"type":"Feature","geometry":{"type":"Polygon","coordinates":[[[31.7018708,46.47143],[31.6950728,46.4684644],[31.6908595,46.4731262],[31.7010574,46.4725102],[31.7018708,46.47143]]]},"properties":{"ha":20.0,"date":"2026-07-03","day":2,"country":"UA","place":"N.A., N.A.","rank":1004}},{"type":"Feature","geometry":{"type":"Polygon","coordinates":[[[38.1947886,48.9262623],[38.1970352,48.9249244],[38.193822,48.9250108],[38.1935036,48.9222913],[38.1863111,48.9252703],[38.1947886,48.9262623]]]},"properties":{"ha":20.0,"date":"2026-07-21","day":20,"country":"UA","place":"N.A., N.A.","rank":1005}},{"type":"Feature","geometry":{"type":"Polygon","coordinates":[[[1.185245,42.0103092],[1.1892119,42.0083061],[1.1856849,42.0040391],[1.182915,42.0079487],[1.185245,42.0103092]]]},"properties":{"ha":20.0,"date":"2026-07-18","day":17,"country":"ES","place":"La Baronia de Rialb, Lleida","rank":1006}},{"type":"Feature","geometry":{"type":"Polygon","coordinates":[[[14.8007246,38.0267638],[14.8034583,38.0220501],[14.798418,38.0242082],[14.7971298,38.0221744],[14.7952987,38.0240494],[14.7958842,38.0260845],[14.8007246,38.0267638]]]},"properties":{"ha":20.0,"date":"2026-07-22","day":21,"country":"IT","place":"Galati Mamertino, Messina","rank":1007}},{"type":"Feature","geometry":{"type":"Polygon","coordinates":[[[21.3882453,42.4087361],[21.3862122,42.4058343],[21.3788211,42.4025018],[21.3794314,42.4058011],[21.3882453,42.4087361]]]},"properties":{"ha":20.0,"date":"2026-07-18","day":17,"country":"KS","place":"N.A., N.A.","rank":1008}},{"type":"Feature","geometry":{"type":"Polygon","coordinates":[[[9.5526102,40.9034116],[9.5450885,40.9025185],[9.5495051,40.9046899],[9.5553939,40.9042543],[9.5607651,40.9030183],[9.5616157,40.9011795],[9.5526102,40.9034116]]]},"properties":{"ha":20.0,"date":"2026-07-11","day":10,"country":"IT","place":"Olbia, Sassari","rank":1009}},{"type":"Feature","geometry":{"type":"Polygon","coordinates":[[[37.7389726,48.7116082],[37.7516107,48.7113943],[37.7470922,48.7084793],[37.7389726,48.7116082]]]},"properties":{"ha":19.0,"date":"2026-07-20","day":19,"country":"UA","place":"N.A., N.A.","rank":1010}},{"type":"Feature","geometry":{"type":"Polygon","coordinates":[[[37.7652404,48.6978235],[37.7630693,48.6943263],[37.7573812,48.6962088],[37.7555987,48.6987164],[37.7652404,48.6978235]]]},"properties":{"ha":19.0,"date":"2026-07-20","day":19,"country":"UA","place":"N.A., N.A.","rank":1011}},{"type":"Feature","geometry":{"type":"Polygon","coordinates":[[[15.138472,37.1812066],[15.1418489,37.1781963],[15.1373979,37.177494],[15.1333549,37.179717],[15.138472,37.1812066]]]},"properties":{"ha":19.0,"date":"2026-07-01","day":0,"country":"IT","place":"Melilli, Siracusa","rank":1012}},{"type":"Feature","geometry":{"type":"Polygon","coordinates":[[[37.7703108,48.5052542],[37.7705478,48.5021584],[37.7664245,48.5017206],[37.7673128,48.5036335],[37.7604156,48.5044586],[37.766704,48.5060696],[37.7703108,48.5052542]]]},"properties":{"ha":19.0,"date":"2026-07-01","day":0,"country":"UA","place":"N.A., N.A.","rank":1013}},{"type":"Feature","geometry":{"type":"Polygon","coordinates":[[[19.583806,42.0193528],[19.5828143,42.0170882],[19.585911,42.0171468],[19.5803415,42.0139786],[19.5796788,42.0177086],[19.583806,42.0193528]]]},"properties":{"ha":19.0,"date":"2026-07-07","day":6,"country":"AL","place":"Shkodër, Shkodër","rank":1014}},{"type":"Feature","geometry":{"type":"Polygon","coordinates":[[[35.9520806,47.5367554],[35.9501763,47.5328521],[35.9440232,47.5349636],[35.9483416,47.5382962],[35.9520806,47.5367554]]]},"properties":{"ha":19.0,"date":"2026-07-02","day":1,"country":"UA","place":"N.A., N.A.","rank":1015}},{"type":"Feature","geometry":{"type":"Polygon","coordinates":[[[14.0423905,37.3204796],[14.0378474,37.3167827],[14.0391461,37.3154385],[14.0386122,37.3133383],[14.0358094,37.3096784],[14.0351787,37.3115265],[14.0381977,37.3151966],[14.0363332,37.3181582],[14.0394976,37.3192652],[14.0372889,37.3188842],[14.0376286,37.3200587],[14.0423905,37.3204796]]]},"properties":{"ha":19.0,"date":"2026-07-05","day":4,"country":"IT","place":"Sommatino, Caltanissetta","rank":1016}},{"type":"Feature","geometry":{"type":"Polygon","coordinates":[[[13.4259832,38.0079767],[13.4272246,38.0056787],[13.4249812,38.0042164],[13.4202323,38.0075794],[13.4259832,38.0079767]]]},"properties":{"ha":19.0,"date":"2026-07-12","day":11,"country":"IT","place":"Misilmeri, Palermo","rank":1017}},{"type":"Feature","geometry":{"type":"Polygon","coordinates":[[[13.6606247,41.595756],[13.6553524,41.5918683],[13.6523254,41.5939818],[13.6550298,41.5963296],[13.6606247,41.595756]]]},"properties":{"ha":19.0,"date":"2026-07-17","day":16,"country":"IT","place":"Santopadre, Frosinone","rank":1018}},{"type":"Feature","geometry":{"type":"Polygon","coordinates":[[[36.4450588,48.4151505],[36.4456847,48.4119418],[36.4392802,48.4138941],[36.44147,48.4182719],[36.4450588,48.4151505]]]},"properties":{"ha":19.0,"date":"2026-07-16","day":15,"country":"UA","place":"N.A., N.A.","rank":1019}},{"type":"Feature","geometry":{"type":"Polygon","coordinates":[[[13.4044939,37.4300171],[13.4081723,37.4251846],[13.4004208,37.4259405],[13.4021505,37.4297011],[13.4044939,37.4300171]]]},"properties":{"ha":19.0,"date":"2026-07-18","day":17,"country":"IT","place":"Cattolica Eraclea, Agrigento","rank":1020}},{"type":"Feature","geometry":{"type":"Polygon","coordinates":[[[15.2164748,37.8885329],[15.2102013,37.8916055],[15.206606,37.891885],[15.2099391,37.8951393],[15.2164748,37.8885329]]]},"properties":{"ha":19.0,"date":"2026-07-20","day":19,"country":"IT","place":"Graniti, Messina","rank":1021}},{"type":"Feature","geometry":{"type":"Polygon","coordinates":[[[-0.1798098,45.2718761],[-0.1760285,45.2715757],[-0.1759558,45.2681808],[-0.1811749,45.2673609],[-0.1811456,45.265757],[-0.1824438,45.2685674],[-0.1809467,45.2703097],[-0.1790583,45.2693616],[-0.1798098,45.2718761]]]},"properties":{"ha":19.0,"date":"2026-07-21","day":20,"country":"FR","place":"Saint-Palais-de-Négrignac, Charente-Maritime","rank":1022}},{"type":"Feature","geometry":{"type":"Polygon","coordinates":[[[38.3013693,48.9535884],[38.2998221,48.9513018],[38.2973355,48.9520622],[38.2985361,48.9508942],[38.2964495,48.948838],[38.2929539,48.9496768],[38.2968575,48.9539271],[38.3013693,48.9535884]]]},"properties":{"ha":19.0,"date":"2026-07-21","day":20,"country":"UA","place":"N.A., N.A.","rank":1023}},{"type":"Feature","geometry":{"type":"Polygon","coordinates":[[[38.0579349,48.8244469],[38.062303,48.8232662],[38.0604023,48.8184923],[38.056984,48.8198764],[38.0579349,48.8244469]]]},"properties":{"ha":19.0,"date":"2026-07-18","day":17,"country":"UA","place":"N.A., N.A.","rank":1024}},{"type":"Feature","geometry":{"type":"Polygon","coordinates":[[[22.3221875,44.5531484],[22.3249202,44.5555805],[22.3290023,44.5519189],[22.3231912,44.5501665],[22.3221875,44.5531484]]]},"properties":{"ha":19.0,"date":"2026-07-21","day":20,"country":"RS","place":"Kladovo, Борска област","rank":1025}},{"type":"Feature","geometry":{"type":"Polygon","coordinates":[[[-4.524323,40.4263741],[-4.5219204,40.4277045],[-4.5174255,40.426489],[-4.5207064,40.4236284],[-4.524323,40.4263741]]]},"properties":{"ha":19.0,"date":"2026-07-24","day":23,"country":"ES","place":"El Tiemblo, Ávila","rank":1026}},{"type":"Feature","geometry":{"type":"Polygon","coordinates":[[[7.7412748,43.848403],[7.736893,43.8495354],[7.7368416,43.8511149],[7.7418689,43.8512532],[7.7412901,43.8532606],[7.7443549,43.8534763],[7.7434365,43.8507767],[7.7403371,43.8494562],[7.7412748,43.848403]]]},"properties":{"ha":19.0,"date":"2026-07-18","day":17,"country":"IT","place":"Sanremo, Imperia","rank":1027}},{"type":"Feature","geometry":{"type":"Polygon","coordinates":[[[38.0508129,49.0008078],[38.0501686,48.9920812],[38.0472495,48.9924617],[38.0464949,48.9940006],[38.0496057,48.9962617],[38.0477811,48.9983799],[38.0508129,49.0008078]]]},"properties":{"ha":19.0,"date":"2026-07-21","day":20,"country":"UA","place":"N.A., N.A.","rank":1028}},{"type":"Feature","geometry":{"type":"Polygon","coordinates":[[[14.5776923,37.2204908],[14.5836516,37.2198155],[14.5746638,37.2166501],[14.5776923,37.2204908]]]},"properties":{"ha":19.0,"date":"2026-07-19","day":18,"country":"IT","place":"Caltagirone, Catania","rank":1029}},{"type":"Feature","geometry":{"type":"Polygon","coordinates":[[[17.7728393,43.202839],[17.7749575,43.2002374],[17.7740367,43.19851],[17.7681491,43.2018031],[17.7728393,43.202839]]]},"properties":{"ha":18.0,"date":"2026-07-04","day":3,"country":"BA","place":"N.A., Mostar","rank":1030}},{"type":"Feature","geometry":{"type":"Polygon","coordinates":[[[3.2019046,43.6571071],[3.200734,43.6607842],[3.2088552,43.659854],[3.2048349,43.6568406],[3.2019046,43.6571071]]]},"properties":{"ha":18.0,"date":"2026-07-05","day":4,"country":"FR","place":"Dio-et-Valquières, Hérault","rank":1031}},{"type":"Feature","geometry":{"type":"Polygon","coordinates":[[[24.0033771,49.3027025],[24.0120964,49.3029008],[24.0074512,49.2992916],[24.0033771,49.3027025]]]},"properties":{"ha":18.0,"date":"2026-07-01","day":0,"country":"UA","place":"N.A., N.A.","rank":1032}},{"type":"Feature","geometry":{"type":"Polygon","coordinates":[[[33.3099684,46.7370314],[33.3114675,46.7330207],[33.3058986,46.7337868],[33.3059948,46.7369251],[33.3099684,46.7370314]]]},"properties":{"ha":18.0,"date":"2026-07-01","day":0,"country":"UA","place":"N.A., N.A.","rank":1033}},{"type":"Feature","geometry":{"type":"Polygon","coordinates":[[[37.9403016,49.0144638],[37.9417852,49.0098317],[37.9372706,49.0093757],[37.9366058,49.0142906],[37.9403016,49.0144638]]]},"properties":{"ha":18.0,"date":"2026-07-02","day":1,"country":"UA","place":"N.A., N.A.","rank":1034}},{"type":"Feature","geometry":{"type":"Polygon","coordinates":[[[36.749375,48.0674626],[36.7543908,48.0675394],[36.7570359,48.0651279],[36.7516846,48.0628705],[36.7524108,48.064166],[36.749375,48.0674626]]]},"properties":{"ha":18.0,"date":"2026-07-07","day":6,"country":"UA","place":"N.A., N.A.","rank":1035}},{"type":"Feature","geometry":{"type":"Polygon","coordinates":[[[20.4928589,39.9539231],[20.4980201,39.9543507],[20.4971683,39.9515838],[20.4987214,39.9520224],[20.4975977,39.9502101],[20.4920926,39.9520879],[20.4928589,39.9539231]]]},"properties":{"ha":18.0,"date":"2026-07-12","day":11,"country":"EL","place":"Τοπική Κοινότητα Δελβινακίου, Ιωάννινα","rank":1036}},{"type":"Feature","geometry":{"type":"Polygon","coordinates":[[[16.3630546,40.8046044],[16.3641681,40.8001876],[16.3614736,40.8013901],[16.3597606,40.7995101],[16.3594656,40.8022863],[16.3562167,40.8021346],[16.3630546,40.8046044]]]},"properties":{"ha":18.0,"date":"2026-07-23","day":22,"country":"IT","place":"Gravina in Puglia, Bari","rank":1037}},{"type":"Feature","geometry":{"type":"Polygon","coordinates":[[[16.2639584,44.3951686],[16.2632569,44.3910339],[16.2652691,44.389383],[16.2628465,44.3896732],[16.2620946,44.387316],[16.2584561,44.3879675],[16.2588914,44.3897904],[16.2616255,44.3891654],[16.2626019,44.394095],[16.2598826,44.3933018],[16.2585914,44.3933834],[16.2579173,44.3941552],[16.2618072,44.3946216],[16.260618,44.395933],[16.2615925,44.3972204],[16.2639584,44.3951686]]]},"properties":{"ha":18.0,"date":"2026-07-09","day":8,"country":"BA","place":"N.A., Drvar","rank":1038}},{"type":"Feature","geometry":{"type":"Polygon","coordinates":[[[14.6668212,41.8843877],[14.6673907,41.8877183],[14.6697725,41.8863731],[14.6710117,41.8881822],[14.6758821,41.8883353],[14.6754828,41.8863037],[14.6731428,41.886664],[14.6663799,41.8828596],[14.6645608,41.8830583],[14.6668212,41.8843877]]]},"properties":{"ha":18.0,"date":"2026-07-18","day":17,"country":"IT","place":"Montemitro, Campobasso","rank":1039}},{"type":"Feature","geometry":{"type":"Polygon","coordinates":[[[33.8454543,35.2527708],[33.843984,35.2617495],[33.8447383,35.2645124],[33.846382,35.2622878],[33.8454543,35.2527708]]]},"properties":{"ha":18.0,"date":"2026-07-08","day":7,"country":"CY","place":"Άγιος Γεώργιος Αμμοχώστου, Κύπρος","rank":1040}},{"type":"Feature","geometry":{"type":"Polygon","coordinates":[[[14.4044295,37.3579773],[14.4075737,37.3538524],[14.4054946,37.3513645],[14.4031225,37.3534992],[14.4039589,37.3561618],[14.4007716,37.3565788],[14.4011899,37.3581009],[14.4044295,37.3579773]]]},"properties":{"ha":18.0,"date":"2026-07-07","day":6,"country":"IT","place":"Piazza Armerina, Enna","rank":1041}},{"type":"Feature","geometry":{"type":"Polygon","coordinates":[[[37.9691629,48.8301802],[37.9670487,48.8253866],[37.9592385,48.8229345],[37.9599299,48.826074],[37.9670426,48.8269124],[37.9691629,48.8301802]]]},"properties":{"ha":18.0,"date":"2026-07-20","day":19,"country":"UA","place":"N.A., N.A.","rank":1042}},{"type":"Feature","geometry":{"type":"Polygon","coordinates":[[[37.4048487,48.5786241],[37.4102988,48.5754011],[37.4071227,48.5751885],[37.4072727,48.5738433],[37.4108291,48.5725828],[37.4064705,48.5722613],[37.4054063,48.5761671],[37.4031848,48.5763452],[37.4048487,48.5786241]]]},"properties":{"ha":18.0,"date":"2026-07-20","day":19,"country":"UA","place":"N.A., N.A.","rank":1043}},{"type":"Feature","geometry":{"type":"Polygon","coordinates":[[[-8.6516283,40.0023475],[-8.6470957,39.9989352],[-8.6439049,39.9990266],[-8.6437633,39.9978904],[-8.6477129,39.9967154],[-8.6516283,40.0023475]]]},"properties":{"ha":18.0,"date":"2026-07-25","day":24,"country":"PT","place":"Almagreira, Região de Leiria","rank":1044}},{"type":"Feature","geometry":{"type":"Polygon","coordinates":[[[14.7522954,37.1748548],[14.7546624,37.1724044],[14.7520073,37.1715955],[14.753469,37.1696964],[14.7505704,37.1700159],[14.7488233,37.1741079],[14.7522954,37.1748548]]]},"properties":{"ha":18.0,"date":"2026-07-21","day":20,"country":"IT","place":"Vizzini, Catania","rank":1045}},{"type":"Feature","geometry":{"type":"Polygon","coordinates":[[[6.0470753,43.4866331],[6.0521665,43.4881648],[6.053362,43.4833342],[6.0470753,43.4866331]]]},"properties":{"ha":18.0,"date":"2026-07-24","day":23,"country":"FR","place":"Correns, Var","rank":1046}},{"type":"Feature","geometry":{"type":"Polygon","coordinates":[[[37.1685311,48.4896987],[37.1740587,48.4920876],[37.1790804,48.490765],[37.1798043,48.4880677],[37.1749566,48.4878884],[37.1761392,48.4906756],[37.1748814,48.4911909],[37.1685311,48.4896987]]]},"properties":{"ha":18.0,"date":"2026-07-20","day":19,"country":"UA","place":"N.A., N.A.","rank":1047}},{"type":"Feature","geometry":{"type":"Polygon","coordinates":[[[37.682791,48.8690773],[37.6776991,48.8675865],[37.6770503,48.867569],[37.6775872,48.8701734],[37.6822297,48.8737024],[37.682791,48.8690773]]]},"properties":{"ha":17.0,"date":"2026-07-22","day":21,"country":"UA","place":"N.A., N.A.","rank":1048}},{"type":"Feature","geometry":{"type":"Polygon","coordinates":[[[35.3422581,47.4496661],[35.3413623,47.4467243],[35.3328846,47.4473982],[35.3388571,47.4500687],[35.3422581,47.4496661]]]},"properties":{"ha":17.0,"date":"2026-07-01","day":0,"country":"UA","place":"N.A., N.A.","rank":1049}},{"type":"Feature","geometry":{"type":"Polygon","coordinates":[[[36.7736706,47.9467244],[36.7760878,47.9437142],[36.7742614,47.9405869],[36.7732969,47.9427328],[36.7688016,47.9435351],[36.7736706,47.9467244]]]},"properties":{"ha":17.0,"date":"2026-07-13","day":12,"country":"UA","place":"N.A., N.A.","rank":1050}},{"type":"Feature","geometry":{"type":"Polygon","coordinates":[[[1.4776957,44.7076304],[1.4814392,44.7063133],[1.478753,44.703196],[1.4731141,44.7062123],[1.4745821,44.7074489],[1.4781626,44.7060765],[1.4776957,44.7076304]]]},"properties":{"ha":17.0,"date":"2026-07-09","day":8,"country":"FR","place":"Saint-Cirq-Souillaguet, Lot","rank":1051}},{"type":"Feature","geometry":{"type":"Polygon","coordinates":[[[5.6518785,46.3516562],[5.650085,46.3491906],[5.652931,46.3463677],[5.6516098,46.345436],[5.652893,46.343282],[5.6494158,46.3449966],[5.6481733,46.3488263],[5.6490751,46.3512875],[5.6518785,46.3516562]]]},"properties":{"ha":17.0,"date":"2026-07-15","day":14,"country":"FR","place":"Montcusel, Jura","rank":1052}},{"type":"Feature","geometry":{"type":"Polygon","coordinates":[[[32.6259171,46.5438812],[32.6249202,46.5412715],[32.620773,46.5429236],[32.6216247,46.5460795],[32.6259171,46.5438812]]]},"properties":{"ha":17.0,"date":"2026-07-18","day":17,"country":"UA","place":"N.A., N.A.","rank":1053}},{"type":"Feature","geometry":{"type":"Polygon","coordinates":[[[13.7917316,45.7121003],[13.7968289,45.7159153],[13.7972935,45.7129292],[13.7998734,45.711838],[13.7917316,45.7121003]]]},"properties":{"ha":17.0,"date":"2026-07-10","day":9,"country":"IT","place":"Monrupino-Repentabor, Trieste","rank":1054}},{"type":"Feature","geometry":{"type":"Polygon","coordinates":[[[20.0325922,39.8940226],[20.0284556,39.8924076],[20.0240335,39.8937186],[20.0274143,39.8960166],[20.0325922,39.8940226]]]},"properties":{"ha":17.0,"date":"2026-07-23","day":22,"country":"AL","place":"Finiq, Vlorë","rank":1055}},{"type":"Feature","geometry":{"type":"Polygon","coordinates":[[[37.574847,48.6049497],[37.5712598,48.6012865],[37.5659304,48.6021728],[37.5719025,48.6061751],[37.574847,48.6049497]]]},"properties":{"ha":17.0,"date":"2026-07-20","day":19,"country":"UA","place":"N.A., N.A.","rank":1056}},{"type":"Feature","geometry":{"type":"Polygon","coordinates":[[[37.965824,48.6792664],[37.9596914,48.6765728],[37.9530432,48.6760567],[37.9529846,48.6780516],[37.965824,48.6792664]]]},"properties":{"ha":17.0,"date":"2026-07-19","day":18,"country":"UA","place":"N.A., N.A.","rank":1057}},{"type":"Feature","geometry":{"type":"Polygon","coordinates":[[[24.8872296,35.0055906],[24.8854098,35.002817],[24.8825652,35.0047052],[24.8844287,35.0076933],[24.8872296,35.0055906]]]},"properties":{"ha":17.0,"date":"2026-07-27","day":26,"country":"EL","place":"Τοπική Κοινότητα Αληθινής, Ηράκλειο","rank":1058}},{"type":"Feature","geometry":{"type":"Polygon","coordinates":[[[15.8600247,38.3427502],[15.8597509,38.3463533],[15.8645056,38.3494715],[15.8633216,38.3449669],[15.8600247,38.3427502]]]},"properties":{"ha":17.0,"date":"2026-07-21","day":20,"country":"IT","place":"Palmi, Reggio di Calabria","rank":1059}},{"type":"Feature","geometry":{"type":"Polygon","coordinates":[[[16.0333489,38.7125691],[16.0318316,38.7123259],[16.0314953,38.7163851],[16.0346382,38.7212543],[16.0324234,38.7159775],[16.0332095,38.7148271],[16.0346968,38.7179378],[16.0357922,38.7182778],[16.0338809,38.7153361],[16.0342557,38.7099301],[16.032891,38.7099211],[16.0333489,38.7125691]]]},"properties":{"ha":17.0,"date":"2026-07-20","day":19,"country":"IT","place":"Briatico, Vibo Valentia","rank":1060}},{"type":"Feature","geometry":{"type":"Polygon","coordinates":[[[17.0192044,39.1551349],[17.0212248,39.1584113],[17.0236156,39.1572953],[17.0235524,39.1537599],[17.0259695,39.1533193],[17.0205673,39.1532591],[17.0192044,39.1551349]]]},"properties":{"ha":17.0,"date":"2026-07-21","day":20,"country":"IT","place":"Scandale, Crotone","rank":1061}},{"type":"Feature","geometry":{"type":"Polygon","coordinates":[[[4.7081092,43.9121338],[4.7068922,43.9050107],[4.7046324,43.9040396],[4.7048527,43.909029],[4.7081092,43.9121338]]]},"properties":{"ha":16.0,"date":"2026-07-03","day":2,"country":"FR","place":"Aramon, Gard","rank":1062}},{"type":"Feature","geometry":{"type":"Polygon","coordinates":[[[27.9746738,39.7292004],[27.9744903,39.727853],[27.9704293,39.7231319],[27.9687563,39.7261214],[27.9746738,39.7292004]]]},"properties":{"ha":16.0,"date":"2026-07-03","day":2,"country":"TR","place":"N.A., Balıkesir","rank":1063}},{"type":"Feature","geometry":{"type":"Polygon","coordinates":[[[15.7230821,41.6771978],[15.7328689,41.6738007],[15.727326,41.6738657],[15.7230821,41.6771978]]]},"properties":{"ha":16.0,"date":"2026-07-02","day":1,"country":"IT","place":"San Giovanni Rotondo, Foggia","rank":1064}},{"type":"Feature","geometry":{"type":"Polygon","coordinates":[[[38.8526159,49.2633865],[38.8541807,49.2655737],[38.862013,49.2647803],[38.8572746,49.2627457],[38.8526159,49.2633865]]]},"properties":{"ha":16.0,"date":"2026-07-13","day":12,"country":"UA","place":"N.A., N.A.","rank":1065}},{"type":"Feature","geometry":{"type":"Polygon","coordinates":[[[31.6390993,46.5342766],[31.6390151,46.5325391],[31.6356759,46.531192],[31.6296382,46.5314379],[31.6320694,46.5335087],[31.6390993,46.5342766]]]},"properties":{"ha":16.0,"date":"2026-07-02","day":1,"country":"UA","place":"N.A., N.A.","rank":1066}},{"type":"Feature","geometry":{"type":"Polygon","coordinates":[[[4.326643,44.7336385],[4.319718,44.7335555],[4.3179633,44.7359754],[4.3241049,44.7344825],[4.326233,44.7347386],[4.3268799,44.7369197],[4.3323165,44.7358584],[4.3288114,44.7359289],[4.326643,44.7336385]]]},"properties":{"ha":16.0,"date":"2026-07-12","day":11,"country":"FR","place":"Aizac, Ardèche","rank":1067}},{"type":"Feature","geometry":{"type":"Polygon","coordinates":[[[37.5713937,50.2335897],[37.5843497,50.2307402],[37.5719669,50.2309353],[37.5713937,50.2335897]]]},"properties":{"ha":16.0,"date":"2026-07-18","day":17,"country":"UA","place":"N.A., N.A.","rank":1068}},{"type":"Feature","geometry":{"type":"Polygon","coordinates":[[[21.3444821,65.1076741],[21.3356841,65.1019154],[21.3319031,65.1034606],[21.3365212,65.1039452],[21.3347179,65.1053519],[21.3357328,65.1065162],[21.3387547,65.1053325],[21.337534,65.1061828],[21.3410122,65.1081868],[21.3444821,65.1076741]]]},"properties":{"ha":16.0,"date":"2026-07-05","day":4,"country":"SE","place":"Skellefteå, Västerbottens län","rank":1069}},{"type":"Feature","geometry":{"type":"Polygon","coordinates":[[[36.7620029,47.9553766],[36.7564846,47.9531198],[36.7568746,47.9518324],[36.7545737,47.952288],[36.7572786,47.9544981],[36.7569376,47.9564455],[36.7595,47.9572551],[36.7620029,47.9553766]]]},"properties":{"ha":16.0,"date":"2026-07-03","day":2,"country":"UA","place":"N.A., N.A.","rank":1070}},{"type":"Feature","geometry":{"type":"Polygon","coordinates":[[[16.2749273,44.3826739],[16.2770747,44.3797374],[16.2723484,44.3799504],[16.2692404,44.3839358],[16.2749273,44.3826739]]]},"properties":{"ha":16.0,"date":"2026-07-09","day":8,"country":"BA","place":"N.A., Drvar","rank":1071}},{"type":"Feature","geometry":{"type":"Polygon","coordinates":[[[16.0592025,38.6437743],[16.0610017,38.6420788],[16.0598278,38.6406395],[16.0554929,38.6396129],[16.0532921,38.6406809],[16.0546124,38.6416344],[16.0557903,38.6398779],[16.0552064,38.6422451],[16.0592025,38.6437743]]]},"properties":{"ha":16.0,"date":"2026-07-19","day":18,"country":"IT","place":"Ionadi, Vibo Valentia","rank":1072}},{"type":"Feature","geometry":{"type":"Polygon","coordinates":[[[38.2502407,48.8761025],[38.2543184,48.8743302],[38.2538653,48.8724431],[38.2469247,48.8735191],[38.2502407,48.8761025]]]},"properties":{"ha":16.0,"date":"2026-07-17","day":16,"country":"UA","place":"N.A., N.A.","rank":1073}},{"type":"Feature","geometry":{"type":"Polygon","coordinates":[[[-3.1752247,36.9256351],[-3.1800284,36.9208869],[-3.181361,36.92415],[-3.1752247,36.9256351]]]},"properties":{"ha":16.0,"date":"2026-07-20","day":19,"country":"ES","place":"Cádiar, Granada","rank":1074}},{"type":"Feature","geometry":{"type":"Polygon","coordinates":[[[-8.425106,40.5996107],[-8.4203036,40.5949599],[-8.4252759,40.5952051],[-8.425106,40.5996107]]]},"properties":{"ha":16.0,"date":"2026-07-03","day":2,"country":"PT","place":"Valongo do Vouga, Região de Aveiro","rank":1075}},{"type":"Feature","geometry":{"type":"Polygon","coordinates":[[[16.3238454,38.7842551],[16.3266729,38.7829177],[16.3224438,38.7806613],[16.3195109,38.7820574],[16.3238454,38.7842551]]]},"properties":{"ha":16.0,"date":"2026-07-20","day":19,"country":"IT","place":"Filadelfia, Vibo Valentia","rank":1076}},{"type":"Feature","geometry":{"type":"Polygon","coordinates":[[[16.5868316,43.1399235],[16.5843605,43.1389953],[16.5837324,43.1450207],[16.5868506,43.1442024],[16.5868316,43.1399235]]]},"properties":{"ha":15.0,"date":"2026-07-05","day":4,"country":"HR","place":"Hvar, Splitsko-dalmatinska županija","rank":1077}},{"type":"Feature","geometry":{"type":"Polygon","coordinates":[[[15.7017368,41.6817739],[15.7029876,41.6796461],[15.700916,41.6793671],[15.7008735,41.6763779],[15.6977495,41.6823339],[15.7017368,41.6817739]]]},"properties":{"ha":15.0,"date":"2026-07-03","day":2,"country":"IT","place":"San Giovanni Rotondo, Foggia","rank":1078}},{"type":"Feature","geometry":{"type":"Polygon","coordinates":[[[37.8990928,48.5723258],[37.8993806,48.5691721],[37.8936306,48.5677997],[37.8920997,48.5703896],[37.8957587,48.5687827],[37.8947553,48.5717342],[37.8990928,48.5723258]]]},"properties":{"ha":15.0,"date":"2026-07-17","day":16,"country":"UA","place":"N.A., N.A.","rank":1079}},{"type":"Feature","geometry":{"type":"Polygon","coordinates":[[[37.2747698,48.551084],[37.2753214,48.5485031],[37.2782249,48.5472003],[37.2769079,48.5459244],[37.2697999,48.5488031],[37.2747698,48.551084]]]},"properties":{"ha":15.0,"date":"2026-07-01","day":0,"country":"UA","place":"N.A., N.A.","rank":1080}},{"type":"Feature","geometry":{"type":"Polygon","coordinates":[[[17.7185136,43.2826854],[17.7160055,43.2831597],[17.7174974,43.285757],[17.7228182,43.2806323],[17.7187706,43.2796905],[17.7185136,43.2826854]]]},"properties":{"ha":15.0,"date":"2026-07-04","day":3,"country":"BA","place":"N.A., Mostar","rank":1081}},{"type":"Feature","geometry":{"type":"Polygon","coordinates":[[[15.0945203,37.2427495],[15.0989769,37.244672],[15.0966626,37.2464012],[15.1002794,37.2460438],[15.1012031,37.2438807],[15.0963401,37.2412791],[15.0945203,37.2427495]]]},"properties":{"ha":15.0,"date":"2026-07-18","day":17,"country":"IT","place":"Melilli, Siracusa","rank":1082}},{"type":"Feature","geometry":{"type":"Polygon","coordinates":[[[37.0062449,48.4254843],[37.0035523,48.4234455],[37.006221,48.4219958],[36.994524,48.4255969],[37.0062449,48.4254843]]]},"properties":{"ha":15.0,"date":"2026-07-03","day":2,"country":"UA","place":"N.A., N.A.","rank":1083}},{"type":"Feature","geometry":{"type":"Polygon","coordinates":[[[13.6377514,45.8207717],[13.6301599,45.8159053],[13.6315691,45.8192329],[13.6377514,45.8207717]]]},"properties":{"ha":15.0,"date":"2026-07-04","day":3,"country":"SI","place":"Miren - Kostanjevica, Obalno-kraška","rank":1084}},{"type":"Feature","geometry":{"type":"Polygon","coordinates":[[[37.7108834,48.4564814],[37.7116715,48.4524785],[37.7066689,48.4525136],[37.7058224,48.4553999],[37.7108834,48.4564814]]]},"properties":{"ha":15.0,"date":"2026-07-20","day":19,"country":"UA","place":"N.A., N.A.","rank":1085}},{"type":"Feature","geometry":{"type":"Polygon","coordinates":[[[0.5226002,42.2709657],[0.5215506,42.2674805],[0.51773,42.2656909],[0.5189267,42.2712866],[0.5226002,42.2709657]]]},"properties":{"ha":15.0,"date":"2026-07-08","day":7,"country":"ES","place":"Isábena, Huesca","rank":1086}},{"type":"Feature","geometry":{"type":"Polygon","coordinates":[[[31.6297151,46.5353942],[31.6234279,46.535909],[31.6266335,46.5373051],[31.6239186,46.5386216],[31.6300879,46.5390178],[31.6297151,46.5353942]]]},"properties":{"ha":15.0,"date":"2026-07-02","day":1,"country":"UA","place":"N.A., N.A.","rank":1087}},{"type":"Feature","geometry":{"type":"Polygon","coordinates":[[[16.0560554,39.3455702],[16.059564,39.3427973],[16.0589429,39.3383377],[16.0571926,39.3409806],[16.0559257,39.3401873],[16.0560554,39.3455702]]]},"properties":{"ha":15.0,"date":"2026-07-26","day":25,"country":"IT","place":"Paola, Cosenza","rank":1088}},{"type":"Feature","geometry":{"type":"Polygon","coordinates":[[[13.3813597,38.0391585],[13.3810629,38.0374004],[13.3748827,38.0377356],[13.3751878,38.0399106],[13.3777908,38.0406915],[13.3813597,38.0391585]]]},"properties":{"ha":15.0,"date":"2026-07-17","day":16,"country":"IT","place":"Belmonte Mezzagno, Palermo","rank":1089}},{"type":"Feature","geometry":{"type":"Polygon","coordinates":[[[14.5890827,40.8401104],[14.5926106,40.8379642],[14.5908064,40.8353439],[14.5891103,40.8351049],[14.5896176,40.8372647],[14.5855013,40.839011],[14.5874672,40.839344],[14.5875436,40.84188],[14.5876222,40.8386561],[14.5890827,40.8401104]]]},"properties":{"ha":15.0,"date":"2026-07-05","day":4,"country":"IT","place":"Sarno, Salerno","rank":1090}},{"type":"Feature","geometry":{"type":"Polygon","coordinates":[[[-7.3235114,53.3779166],[-7.3135744,53.3764885],[-7.3173828,53.3746613],[-7.3248893,53.3764118],[-7.3235114,53.3779166]]]},"properties":{"ha":15.0,"date":"2026-07-14","day":13,"country":"IE","place":"Ballykilmore, Midland","rank":1091}},{"type":"Feature","geometry":{"type":"Polygon","coordinates":[[[37.8055759,49.2733712],[37.8072619,49.2790642],[37.8115539,49.2742009],[37.8055759,49.2733712]]]},"properties":{"ha":15.0,"date":"2026-07-04","day":3,"country":"UA","place":"N.A., N.A.","rank":1092}},{"type":"Feature","geometry":{"type":"Polygon","coordinates":[[[37.7432517,48.489311],[37.7494649,48.4855493],[37.7466786,48.4830407],[37.7432517,48.489311]]]},"properties":{"ha":15.0,"date":"2026-07-20","day":19,"country":"UA","place":"N.A., N.A.","rank":1093}},{"type":"Feature","geometry":{"type":"Polygon","coordinates":[[[15.4752223,38.0962258],[15.4758804,38.0929768],[15.4734951,38.0918741],[15.4710407,38.0951666],[15.4752223,38.0962258]]]},"properties":{"ha":15.0,"date":"2026-07-21","day":20,"country":"IT","place":"Messina, Messina","rank":1094}},{"type":"Feature","geometry":{"type":"Polygon","coordinates":[[[16.4694163,38.9430761],[16.4689977,38.9395257],[16.4650877,38.9410305],[16.4671334,38.9440446],[16.4694163,38.9430761]]]},"properties":{"ha":15.0,"date":"2026-07-20","day":19,"country":"IT","place":"Amato, Catanzaro","rank":1095}},{"type":"Feature","geometry":{"type":"Polygon","coordinates":[[[17.1300938,39.0187162],[17.1307302,39.0170817],[17.1343441,39.0159617],[17.1271921,39.0151907],[17.1270062,39.0175126],[17.1300938,39.0187162]]]},"properties":{"ha":15.0,"date":"2026-07-20","day":19,"country":"IT","place":"Crotone, Crotone","rank":1096}},{"type":"Feature","geometry":{"type":"Polygon","coordinates":[[[1.9378914,41.3993117],[1.9453374,41.3968552],[1.9469367,41.3932997],[1.9378914,41.3993117]]]},"properties":{"ha":15.0,"date":"2026-07-22","day":21,"country":"ES","place":"Cervelló, Barcelona","rank":1097}},{"type":"Feature","geometry":{"type":"Polygon","coordinates":[[[2.9550612,49.0991139],[2.9524253,49.0965833],[2.9504327,49.0972174],[2.9522956,49.1016385],[2.954943,49.1017431],[2.9550612,49.0991139]]]},"properties":{"ha":14.0,"date":"2026-07-21","day":20,"country":"FR","place":"Acy-en-Multien, Oise","rank":1098}},{"type":"Feature","geometry":{"type":"Polygon","coordinates":[[[37.3340441,48.4051377],[37.3306068,48.4032996],[37.325439,48.4064813],[37.3279883,48.4077068],[37.3340441,48.4051377]]]},"properties":{"ha":14.0,"date":"2026-07-19","day":18,"country":"UA","place":"N.A., N.A.","rank":1099}},{"type":"Feature","geometry":{"type":"Polygon","coordinates":[[[32.4244947,46.4455333],[32.4241393,46.4423532],[32.4200845,46.4423449],[32.4221835,46.4464155],[32.4244947,46.4455333]]]},"properties":{"ha":14.0,"date":"2026-07-03","day":2,"country":"UA","place":"N.A., N.A.","rank":1100}},{"type":"Feature","geometry":{"type":"Polygon","coordinates":[[[34.0588707,47.4118987],[34.0562043,47.4085753],[34.0522485,47.4112307],[34.0552019,47.4123848],[34.0588707,47.4118987]]]},"properties":{"ha":14.0,"date":"2026-07-02","day":1,"country":"UA","place":"N.A., N.A.","rank":1101}},{"type":"Feature","geometry":{"type":"Polygon","coordinates":[[[36.7034231,48.0640129],[36.7028214,48.0595231],[36.6990343,48.0614094],[36.6992306,48.0637306],[36.7034231,48.0640129]]]},"properties":{"ha":14.0,"date":"2026-07-03","day":2,"country":"UA","place":"N.A., N.A.","rank":1102}},{"type":"Feature","geometry":{"type":"Polygon","coordinates":[[[40.0123581,49.2775788],[40.011261,49.2713494],[40.0097095,49.2713015],[40.0084932,49.2755208],[40.0123581,49.2775788]]]},"properties":{"ha":14.0,"date":"2026-07-08","day":7,"country":"UA","place":"N.A., N.A.","rank":1103}},{"type":"Feature","geometry":{"type":"Polygon","coordinates":[[[0.7194935,45.39586],[0.7186149,45.3918385],[0.7149782,45.3930388],[0.7156201,45.3956213],[0.7194935,45.39586]]]},"properties":{"ha":14.0,"date":"2026-07-07","day":6,"country":"FR","place":"Champagnac-de-Belair, Dordogne","rank":1104}},{"type":"Feature","geometry":{"type":"Polygon","coordinates":[[[16.2683143,44.3815106],[16.2718168,44.3785765],[16.268822,44.3759454],[16.2660901,44.3783242],[16.2683143,44.3815106]]]},"properties":{"ha":14.0,"date":"2026-07-09","day":8,"country":"BA","place":"N.A., Drvar","rank":1105}},{"type":"Feature","geometry":{"type":"Polygon","coordinates":[[[12.7502497,43.3562847],[12.7497767,43.3533652],[12.7449585,43.3534515],[12.746424,43.3567673],[12.7502497,43.3562847]]]},"properties":{"ha":14.0,"date":"2026-07-10","day":9,"country":"IT","place":"Sigillo, Perugia","rank":1106}},{"type":"Feature","geometry":{"type":"Polygon","coordinates":[[[37.41649,47.3756351],[37.4152999,47.3758048],[37.4162706,47.3728837],[37.414358,47.3720397],[37.4115661,47.3759407],[37.4153137,47.3773383],[37.41649,47.3756351]]]},"properties":{"ha":14.0,"date":"2026-07-05","day":4,"country":"UA","place":"N.A., N.A.","rank":1107}},{"type":"Feature","geometry":{"type":"Polygon","coordinates":[[[16.7534836,40.5018896],[16.748131,40.4996696],[16.7462845,40.500613],[16.7465008,40.5029155],[16.7487598,40.5038943],[16.7534836,40.5018896]]]},"properties":{"ha":14.0,"date":"2026-07-18","day":17,"country":"IT","place":"Ginosa, Taranto","rank":1108}},{"type":"Feature","geometry":{"type":"Polygon","coordinates":[[[16.410986,40.8234581],[16.4133587,40.8201337],[16.4107771,40.821824],[16.4118382,40.8201234],[16.4105571,40.8197705],[16.4053594,40.8246796],[16.410986,40.8234581]]]},"properties":{"ha":14.0,"date":"2026-07-15","day":14,"country":"IT","place":"Gravina in Puglia, Bari","rank":1109}},{"type":"Feature","geometry":{"type":"Polygon","coordinates":[[[19.5462702,40.3851609],[19.5453842,40.3836104],[19.5447409,40.3854528],[19.5421015,40.384279],[19.5399993,40.3861357],[19.540745,40.3880491],[19.5370491,40.387844],[19.5417282,40.3885161],[19.5462702,40.3851609]]]},"properties":{"ha":14.0,"date":"2026-07-17","day":16,"country":"AL","place":"Selenicë, Vlorë","rank":1110}},{"type":"Feature","geometry":{"type":"Polygon","coordinates":[[[20.1581519,40.586508],[20.1595517,40.5839162],[20.1578681,40.5828238],[20.1539906,40.5848925],[20.1581519,40.586508]]]},"properties":{"ha":14.0,"date":"2026-07-23","day":22,"country":"AL","place":"Skrapar, Berat","rank":1111}},{"type":"Feature","geometry":{"type":"Polygon","coordinates":[[[14.9938142,37.9805197],[14.995285,37.9830544],[14.9990118,37.982825],[14.9963329,37.9815918],[14.9975658,37.9786282],[14.9961993,37.977381],[14.9938142,37.9805197]]]},"properties":{"ha":14.0,"date":"2026-07-16","day":15,"country":"IT","place":"Roccella Valdemone, Messina","rank":1112}},{"type":"Feature","geometry":{"type":"Polygon","coordinates":[[[14.6917401,37.3546258],[14.6897916,37.351526],[14.6856874,37.3527901],[14.688047,37.3547218],[14.6917401,37.3546258]]]},"properties":{"ha":14.0,"date":"2026-07-23","day":22,"country":"IT","place":"Mineo, Catania","rank":1113}},{"type":"Feature","geometry":{"type":"Polygon","coordinates":[[[15.1261125,37.8050316],[15.1270708,37.8033662],[15.1244641,37.8014219],[15.1202685,37.8036329],[15.1261125,37.8050316]]]},"properties":{"ha":14.0,"date":"2026-07-23","day":22,"country":"IT","place":"Linguaglossa, Catania","rank":1114}},{"type":"Feature","geometry":{"type":"Polygon","coordinates":[[[16.7519092,39.2715247],[16.7466995,39.2740097],[16.7468118,39.2759045],[16.7502532,39.2764466],[16.7519092,39.2715247]]]},"properties":{"ha":14.0,"date":"2026-07-21","day":20,"country":"IT","place":"San Giovanni in Fiore, Cosenza","rank":1115}},{"type":"Feature","geometry":{"type":"Polygon","coordinates":[[[15.7402194,38.180837],[15.7384778,38.176928],[15.7358638,38.1785163],[15.7367229,38.1810822],[15.7402194,38.180837]]]},"properties":{"ha":14.0,"date":"2026-07-21","day":20,"country":"IT","place":"Laganadi, Reggio di Calabria","rank":1116}},{"type":"Feature","geometry":{"type":"Polygon","coordinates":[[[16.0045387,38.6458384],[16.0014118,38.6482051],[16.0029841,38.6500176],[16.0064749,38.6476276],[16.0045387,38.6458384]]]},"properties":{"ha":14.0,"date":"2026-07-20","day":19,"country":"IT","place":"Zungri, Vibo Valentia","rank":1117}},{"type":"Feature","geometry":{"type":"Polygon","coordinates":[[[38.4042684,49.0865506],[38.401942,49.0828899],[38.3990884,49.0828653],[38.3995859,49.0858986],[38.4042684,49.0865506]]]},"properties":{"ha":13.0,"date":"2026-07-16","day":15,"country":"UA","place":"N.A., N.A.","rank":1118}},{"type":"Feature","geometry":{"type":"Polygon","coordinates":[[[41.0508231,38.3576011],[41.0483557,38.3549277],[41.0463032,38.3584895],[41.0480317,38.3591364],[41.0508231,38.3576011]]]},"properties":{"ha":13.0,"date":"2026-07-14","day":13,"country":"TR","place":"N.A., Diyarbakır","rank":1119}},{"type":"Feature","geometry":{"type":"Polygon","coordinates":[[[16.4805254,38.4155419],[16.4779723,38.4142501],[16.4797386,38.4130746],[16.4750261,38.4129081],[16.4766013,38.4166757],[16.4805254,38.4155419]]]},"properties":{"ha":13.0,"date":"2026-07-11","day":10,"country":"IT","place":"Riace, Reggio di Calabria","rank":1120}},{"type":"Feature","geometry":{"type":"Polygon","coordinates":[[[15.2066128,37.1125601],[15.2072846,37.1105233],[15.201162,37.1102828],[15.2023682,37.1125681],[15.2066128,37.1125601]]]},"properties":{"ha":13.0,"date":"2026-07-02","day":1,"country":"IT","place":"Melilli, Siracusa","rank":1121}},{"type":"Feature","geometry":{"type":"Polygon","coordinates":[[[13.7726599,37.2123552],[13.773636,37.2136424],[13.7715586,37.2154105],[13.772343,37.2178432],[13.7756864,37.2163422],[13.7749154,37.2141603],[13.7765226,37.2144497],[13.7726599,37.2123552]]]},"properties":{"ha":13.0,"date":"2026-07-02","day":1,"country":"IT","place":"Naro, Agrigento","rank":1122}},{"type":"Feature","geometry":{"type":"Polygon","coordinates":[[[3.4498533,45.6914196],[3.4527205,45.6898722],[3.4510811,45.6877435],[3.4530223,45.6861976],[3.4498039,45.6860207],[3.4496488,45.6844235],[3.4473798,45.6869038],[3.450143,45.6880466],[3.4486601,45.6900269],[3.4498533,45.6914196]]]},"properties":{"ha":13.0,"date":"2026-07-02","day":1,"country":"FR","place":"Estandeuil, Puy-de-Dôme","rank":1123}},{"type":"Feature","geometry":{"type":"Polygon","coordinates":[[[28.1527361,64.5851757],[28.1530806,64.5829569],[28.1511851,64.5825154],[28.1418742,64.5849885],[28.1446746,64.5864454],[28.1527361,64.5851757]]]},"properties":{"ha":13.0,"date":"2026-07-16","day":15,"country":"FI","place":"Ristijärvi, Kainuu","rank":1124}},{"type":"Feature","geometry":{"type":"Polygon","coordinates":[[[2.1926561,44.6849027],[2.1904342,44.6871631],[2.1912524,44.688773],[2.1962101,44.6866165],[2.1959264,44.684966],[2.1926561,44.6849027]]]},"properties":{"ha":13.0,"date":"2026-07-02","day":1,"country":"FR","place":"Maurs, Cantal","rank":1125}},{"type":"Feature","geometry":{"type":"Polygon","coordinates":[[[8.1339916,45.9437617],[8.1350524,45.9410924],[8.1330696,45.93796],[8.1297383,45.9430134],[8.1339916,45.9437617]]]},"properties":{"ha":13.0,"date":"2026-07-07","day":6,"country":"IT","place":"Bannio Anzino, Verbano-Cusio-Ossola","rank":1126}},{"type":"Feature","geometry":{"type":"Polygon","coordinates":[[[4.5852454,44.1836317],[4.5924173,44.1868043],[4.5895175,44.184812],[4.5923315,44.182496],[4.5843003,44.1813439],[4.586243,44.1822774],[4.5852454,44.1836317]]]},"properties":{"ha":13.0,"date":"2026-07-03","day":2,"country":"FR","place":"Saint-Gervais, Gard","rank":1127}},{"type":"Feature","geometry":{"type":"Polygon","coordinates":[[[30.9647793,46.6216376],[30.9640641,46.617965],[30.9619709,46.6156707],[30.9620279,46.6236235],[30.9647793,46.6216376]]]},"properties":{"ha":13.0,"date":"2026-07-15","day":14,"country":"UA","place":"N.A., N.A.","rank":1128}},{"type":"Feature","geometry":{"type":"Polygon","coordinates":[[[-4.6526523,42.5908737],[-4.6530334,42.5885247],[-4.658989,42.5861405],[-4.6591717,42.5873873],[-4.6526523,42.5908737]]]},"properties":{"ha":13.0,"date":"2026-07-22","day":21,"country":"ES","place":"Valderrábano, Palencia","rank":1129}},{"type":"Feature","geometry":{"type":"Polygon","coordinates":[[[-8.4866242,53.9086718],[-8.4868207,53.9048597],[-8.4913807,53.9086614],[-8.4892712,53.9098458],[-8.4866242,53.9086718]]]},"properties":{"ha":13.0,"date":"2026-07-19","day":18,"country":"IE","place":"Frenchpark, West","rank":1130}},{"type":"Feature","geometry":{"type":"Polygon","coordinates":[[[14.7897854,37.0562729],[14.7910445,37.0530897],[14.790166,37.050665],[14.7872651,37.0566888],[14.7897854,37.0562729]]]},"properties":{"ha":13.0,"date":"2026-07-09","day":8,"country":"IT","place":"Giarratana, Ragusa","rank":1131}},{"type":"Feature","geometry":{"type":"Polygon","coordinates":[[[37.6553835,49.7059314],[37.6488759,49.7038981],[37.6472679,49.7062671],[37.6553835,49.7059314]]]},"properties":{"ha":13.0,"date":"2026-07-03","day":2,"country":"UA","place":"N.A., N.A.","rank":1132}},{"type":"Feature","geometry":{"type":"Polygon","coordinates":[[[37.6933643,49.9153186],[37.6952467,49.9120123],[37.6958254,49.9085272],[37.6933217,49.9085676],[37.6937561,49.912331],[37.6889788,49.9152599],[37.6933643,49.9153186]]]},"properties":{"ha":13.0,"date":"2026-07-04","day":3,"country":"UA","place":"N.A., N.A.","rank":1133}},{"type":"Feature","geometry":{"type":"Polygon","coordinates":[[[15.9786894,39.96367],[15.9770468,39.9597908],[15.9748405,39.9597939],[15.9744226,39.9634963],[15.9786894,39.96367]]]},"properties":{"ha":13.0,"date":"2026-07-19","day":18,"country":"IT","place":"Laino Borgo, Cosenza","rank":1134}},{"type":"Feature","geometry":{"type":"Polygon","coordinates":[[[13.3556328,61.372825],[13.3512574,61.3704807],[13.3465546,61.3705227],[13.3453739,61.37227],[13.3476103,61.3744853],[13.3556328,61.372825]]]},"properties":{"ha":13.0,"date":"2026-07-16","day":15,"country":"SE","place":"Älvdalen, Dalarnas län","rank":1135}},{"type":"Feature","geometry":{"type":"Polygon","coordinates":[[[15.7352492,57.4551868],[15.735747,57.4525742],[15.733317,57.4490057],[15.7306569,57.4511808],[15.7333738,57.4553333],[15.7352492,57.4551868]]]},"properties":{"ha":13.0,"date":"2026-07-12","day":11,"country":"SE","place":"Hultsfred, Kalmar län","rank":1136}},{"type":"Feature","geometry":{"type":"Polygon","coordinates":[[[16.0484287,38.7108235],[16.0514026,38.7075048],[16.0457874,38.7090421],[16.0459625,38.7063341],[16.0432322,38.7050289],[16.0450659,38.7095472],[16.0484287,38.7108235]]]},"properties":{"ha":13.0,"date":"2026-07-20","day":19,"country":"IT","place":"Briatico, Vibo Valentia","rank":1137}},{"type":"Feature","geometry":{"type":"Polygon","coordinates":[[[16.0481773,38.7002565],[16.0465201,38.7054937],[16.0498543,38.7065208],[16.0480317,38.7036988],[16.0510404,38.7014459],[16.0481773,38.7002565]]]},"properties":{"ha":13.0,"date":"2026-07-21","day":20,"country":"IT","place":"Briatico, Vibo Valentia","rank":1138}},{"type":"Feature","geometry":{"type":"Polygon","coordinates":[[[37.9708139,48.9933054],[37.9710415,48.9898051],[37.9655151,48.9881974],[37.9680048,48.9930909],[37.9708139,48.9933054]]]},"properties":{"ha":13.0,"date":"2026-07-21","day":20,"country":"UA","place":"N.A., N.A.","rank":1139}},{"type":"Feature","geometry":{"type":"Polygon","coordinates":[[[2.3575133,43.3053082],[2.3585557,43.3040317],[2.3544913,43.3029996],[2.3497372,43.3037517],[2.3575133,43.3053082]]]},"properties":{"ha":13.0,"date":"2026-07-21","day":20,"country":"FR","place":"Conques-sur-Orbiel, Aude","rank":1140}},{"type":"Feature","geometry":{"type":"Polygon","coordinates":[[[16.5038996,40.9029467],[16.5046783,40.8992592],[16.5032413,40.8984048],[16.5007691,40.9038236],[16.5038996,40.9029467]]]},"properties":{"ha":12.0,"date":"2026-07-18","day":17,"country":"IT","place":"Altamura, Bari","rank":1141}},{"type":"Feature","geometry":{"type":"Polygon","coordinates":[[[19.0281273,42.844469],[19.0270081,42.8475954],[19.0329511,42.8472289],[19.030603,42.8443581],[19.0281273,42.844469]]]},"properties":{"ha":12.0,"date":"2026-07-06","day":5,"country":"ME","place":"N.A., Црна Гора","rank":1142}},{"type":"Feature","geometry":{"type":"Polygon","coordinates":[[[38.2678812,38.9468913],[38.2708906,38.9514821],[38.2729062,38.9506675],[38.2678812,38.9468913]]]},"properties":{"ha":12.0,"date":"2026-07-03","day":2,"country":"TR","place":"N.A., Malatya","rank":1143}},{"type":"Feature","geometry":{"type":"Polygon","coordinates":[[[37.2210378,47.9938936],[37.225773,47.9922885],[37.2275618,47.990324],[37.2214368,47.9906846],[37.2210378,47.9938936]]]},"properties":{"ha":12.0,"date":"2026-07-02","day":1,"country":"UA","place":"N.A., N.A.","rank":1144}},{"type":"Feature","geometry":{"type":"Polygon","coordinates":[[[36.7914922,48.0557214],[36.7985862,48.0551377],[36.7971949,48.0542634],[36.8003597,48.0535643],[36.7957163,48.0532883],[36.7914922,48.0557214]]]},"properties":{"ha":12.0,"date":"2026-07-02","day":1,"country":"UA","place":"N.A., N.A.","rank":1145}},{"type":"Feature","geometry":{"type":"Polygon","coordinates":[[[30.1865797,38.1611368],[30.1882682,38.160333],[30.1865651,38.160009],[30.1874861,38.1581448],[30.1831264,38.157867],[30.1865797,38.1611368]]]},"properties":{"ha":12.0,"date":"2026-07-09","day":8,"country":"TR","place":"N.A., Afyonkarahisar","rank":1146}},{"type":"Feature","geometry":{"type":"Polygon","coordinates":[[[4.6016716,45.4805524],[4.601222,45.4760331],[4.5990588,45.4757796],[4.597621,45.4784448],[4.6016716,45.4805524]]]},"properties":{"ha":12.0,"date":"2026-07-12","day":11,"country":"FR","place":"Farnay, Loire","rank":1147}},{"type":"Feature","geometry":{"type":"Polygon","coordinates":[[[37.9468189,48.8974158],[37.9465677,48.8941713],[37.9428073,48.8948775],[37.9429751,48.8977824],[37.9468189,48.8974158]]]},"properties":{"ha":12.0,"date":"2026-07-20","day":19,"country":"UA","place":"N.A., N.A.","rank":1148}},{"type":"Feature","geometry":{"type":"Polygon","coordinates":[[[13.5626664,37.3210476],[13.5649305,37.3268956],[13.5660231,37.3265515],[13.5645923,37.3202945],[13.5626664,37.3210476]]]},"properties":{"ha":12.0,"date":"2026-07-24","day":23,"country":"IT","place":"Agrigento, Agrigento","rank":1149}},{"type":"Feature","geometry":{"type":"Polygon","coordinates":[[[22.5073403,38.9747986],[22.5077086,38.970829],[22.5066338,38.9693466],[22.5036213,38.9754331],[22.5073403,38.9747986]]]},"properties":{"ha":12.0,"date":"2026-07-20","day":19,"country":"EL","place":"Τοπική Κοινότητα Αγίας Παρασκευής, Φθιώτιδα","rank":1150}},{"type":"Feature","geometry":{"type":"Polygon","coordinates":[[[4.4120133,44.1249649],[4.4151664,44.121823],[4.414728,44.1199312],[4.412104,44.1201471],[4.411569,44.1219632],[4.4120133,44.1249649]]]},"properties":{"ha":12.0,"date":"2026-07-22","day":21,"country":"FR","place":"Fontarèches, Gard","rank":1151}},{"type":"Feature","geometry":{"type":"Polygon","coordinates":[[[17.4614847,43.1986079],[17.4635018,43.1970309],[17.4613559,43.1930514],[17.4597203,43.1942224],[17.4614847,43.1986079]]]},"properties":{"ha":12.0,"date":"2026-07-21","day":20,"country":"BA","place":"N.A., Ljubuški","rank":1152}},{"type":"Feature","geometry":{"type":"Polygon","coordinates":[[[42.0919345,38.4213168],[42.0895275,38.4178824],[42.0887269,38.4178709],[42.0884241,38.4216974],[42.0908521,38.4229305],[42.0919345,38.4213168]]]},"properties":{"ha":11.0,"date":"2026-07-12","day":11,"country":"TR","place":"N.A., Bitlis","rank":1153}},{"type":"Feature","geometry":{"type":"Polygon","coordinates":[[[3.0342972,42.7099513],[3.0379141,42.7063737],[3.031022,42.7092402],[3.0342972,42.7099513]]]},"properties":{"ha":11.0,"date":"2026-07-02","day":1,"country":"FR","place":"Canet-en-Roussillon, Pyrénées-Orientales","rank":1154}},{"type":"Feature","geometry":{"type":"Polygon","coordinates":[[[37.0557308,48.4841464],[37.0507884,48.4818449],[37.0495738,48.4850537],[37.0526004,48.485175],[37.0557308,48.4841464]]]},"properties":{"ha":11.0,"date":"2026-07-03","day":2,"country":"UA","place":"N.A., N.A.","rank":1155}},{"type":"Feature","geometry":{"type":"Polygon","coordinates":[[[36.8522104,48.3923265],[36.8583245,48.3909817],[36.854172,48.3881731],[36.8570534,48.3908066],[36.8525465,48.3900008],[36.8522104,48.3923265]]]},"properties":{"ha":11.0,"date":"2026-07-02","day":1,"country":"UA","place":"N.A., N.A.","rank":1156}},{"type":"Feature","geometry":{"type":"Polygon","coordinates":[[[37.7018312,49.0059255],[37.7070627,49.0046876],[37.7052744,49.0027616],[37.7013514,49.0037087],[37.7018312,49.0059255]]]},"properties":{"ha":11.0,"date":"2026-07-02","day":1,"country":"UA","place":"N.A., N.A.","rank":1157}},{"type":"Feature","geometry":{"type":"Polygon","coordinates":[[[33.8911709,46.4781917],[33.8852365,46.4759156],[33.8832963,46.4793273],[33.8860794,46.4784088],[33.8911709,46.4781917]]]},"properties":{"ha":11.0,"date":"2026-07-01","day":0,"country":"UA","place":"N.A., N.A.","rank":1158}},{"type":"Feature","geometry":{"type":"Polygon","coordinates":[[[35.290347,47.6204347],[35.2935313,47.619676],[35.2943159,47.6175312],[35.2895314,47.6168386],[35.2911201,47.6181804],[35.2894016,47.6187215],[35.290347,47.6204347]]]},"properties":{"ha":11.0,"date":"2026-07-01","day":0,"country":"UA","place":"N.A., N.A.","rank":1159}},{"type":"Feature","geometry":{"type":"Polygon","coordinates":[[[-3.9512428,40.3203398],[-3.9494836,40.3160568],[-3.9525638,40.3148309],[-3.9530506,40.3189803],[-3.9512428,40.3203398]]]},"properties":{"ha":11.0,"date":"2026-07-10","day":9,"country":"ES","place":"Villaviciosa de Odón, Madrid","rank":1160}},{"type":"Feature","geometry":{"type":"Polygon","coordinates":[[[10.0269626,44.7854486],[10.024567,44.7823272],[10.021041,44.7844898],[10.0217862,44.7859462],[10.0269626,44.7854486]]]},"properties":{"ha":11.0,"date":"2026-07-08","day":7,"country":"IT","place":"Salsomaggiore Terme, Parma","rank":1161}},{"type":"Feature","geometry":{"type":"Polygon","coordinates":[[[15.7192566,39.9884259],[15.7236712,39.9873137],[15.725989,39.9849028],[15.7196421,39.9864215],[15.7192566,39.9884259]]]},"properties":{"ha":11.0,"date":"2026-07-15","day":14,"country":"IT","place":"Maratea, Potenza","rank":1162}},{"type":"Feature","geometry":{"type":"Polygon","coordinates":[[[13.8692681,41.4690846],[13.8673552,41.4720966],[13.8708563,41.473628],[13.8692681,41.4690846]]]},"properties":{"ha":11.0,"date":"2026-07-16","day":15,"country":"IT","place":"Cervaro, Frosinone","rank":1163}},{"type":"Feature","geometry":{"type":"Polygon","coordinates":[[[16.7146149,40.8000106],[16.7127201,40.7984983],[16.7152094,40.7972034],[16.7154469,40.7950113],[16.7121481,40.7958361],[16.7121509,40.7986167],[16.7100984,40.7974621],[16.7146149,40.8000106]]]},"properties":{"ha":11.0,"date":"2026-07-18","day":17,"country":"IT","place":"Santeramo in Colle, Bari","rank":1164}},{"type":"Feature","geometry":{"type":"Polygon","coordinates":[[[16.266374,39.2538234],[16.2721895,39.2534197],[16.2724851,39.2526342],[16.2672186,39.251851],[16.266374,39.2538234]]]},"properties":{"ha":11.0,"date":"2026-07-17","day":16,"country":"IT","place":"Cosenza, Cosenza","rank":1165}},{"type":"Feature","geometry":{"type":"Polygon","coordinates":[[[14.5067941,37.246711],[14.5068836,37.2439236],[14.5026104,37.2443379],[14.5023631,37.2462908],[14.5067941,37.246711]]]},"properties":{"ha":11.0,"date":"2026-07-15","day":14,"country":"IT","place":"Caltagirone, Catania","rank":1166}},{"type":"Feature","geometry":{"type":"Polygon","coordinates":[[[13.7066123,37.3135225],[13.7076354,37.310853],[13.7077362,37.308733],[13.704238,37.3099723],[13.7066123,37.3135225]]]},"properties":{"ha":11.0,"date":"2026-07-12","day":11,"country":"IT","place":"Naro, Agrigento","rank":1167}},{"type":"Feature","geometry":{"type":"Polygon","coordinates":[[[16.1192939,38.6701106],[16.1235098,38.668805],[16.1229353,38.6666322],[16.1204959,38.6669875],[16.121985,38.6653391],[16.1189194,38.668253],[16.1192939,38.6701106]]]},"properties":{"ha":11.0,"date":"2026-07-27","day":26,"country":"IT","place":"Stefanaconi, Vibo Valentia","rank":1168}},{"type":"Feature","geometry":{"type":"Polygon","coordinates":[[[8.645418,40.6889041],[8.6436084,40.6882289],[8.6442952,40.6867915],[8.6380439,40.6889814],[8.6415599,40.6904085],[8.645418,40.6889041]]]},"properties":{"ha":11.0,"date":"2026-07-25","day":24,"country":"IT","place":"Cargeghe, Sassari","rank":1169}},{"type":"Feature","geometry":{"type":"Polygon","coordinates":[[[-0.0280246,44.2137465],[-0.0319372,44.2156029],[-0.0301325,44.2171145],[-0.0251092,44.2149072],[-0.0280246,44.2137465]]]},"properties":{"ha":11.0,"date":"2026-07-12","day":11,"country":"FR","place":"Sauméjan, Lot-et-Garonne","rank":1170}},{"type":"Feature","geometry":{"type":"Polygon","coordinates":[[[37.2068738,48.2615909],[37.2100626,48.2598017],[37.2054025,48.2569646],[37.2068738,48.2615909]]]},"properties":{"ha":11.0,"date":"2026-07-20","day":19,"country":"UA","place":"N.A., N.A.","rank":1171}},{"type":"Feature","geometry":{"type":"Polygon","coordinates":[[[16.0017683,38.6444453],[16.0053878,38.6430164],[16.0006475,38.6409698],[16.0017683,38.6444453]]]},"properties":{"ha":11.0,"date":"2026-07-21","day":20,"country":"IT","place":"Zungri, Vibo Valentia","rank":1172}},{"type":"Feature","geometry":{"type":"Polygon","coordinates":[[[26.8765609,37.1230871],[26.8760693,37.1214253],[26.8798658,37.1174032],[26.8745197,37.1196675],[26.8747572,37.1226365],[26.8765609,37.1230871]]]},"properties":{"ha":11.0,"date":"2026-07-17","day":16,"country":"EL","place":"Ψευδοδημοτική Κοινότητα Λέρου, Κάλυμνος, Κάρπαθος – Ηρωική Ν","rank":1173}},{"type":"Feature","geometry":{"type":"Polygon","coordinates":[[[37.8516624,48.6018874],[37.8561796,48.600487],[37.8510217,48.5988886],[37.8516624,48.6018874]]]},"properties":{"ha":10.0,"date":"2026-07-21","day":20,"country":"UA","place":"N.A., N.A.","rank":1174}},{"type":"Feature","geometry":{"type":"Polygon","coordinates":[[[3.6525716,49.2769602],[3.658255,49.2733798],[3.659234,49.2714944],[3.6525716,49.2769602]]]},"properties":{"ha":10.0,"date":"2026-07-05","day":4,"country":"FR","place":"Mont-Saint-Martin, Aisne","rank":1175}},{"type":"Feature","geometry":{"type":"Polygon","coordinates":[[[-5.2915025,37.0917905],[-5.2897683,37.0889652],[-5.2910615,37.0866447],[-5.293623,37.089348],[-5.2915025,37.0917905]]]},"properties":{"ha":10.0,"date":"2026-07-03","day":2,"country":"ES","place":"Morón de la Frontera, Sevilla","rank":1176}},{"type":"Feature","geometry":{"type":"Polygon","coordinates":[[[39.3125715,38.1699987],[39.313101,38.1677999],[39.3088935,38.1668229],[39.3096918,38.1698305],[39.3125715,38.1699987]]]},"properties":{"ha":10.0,"date":"2026-07-05","day":4,"country":"TR","place":"N.A., Diyarbakır","rank":1177}},{"type":"Feature","geometry":{"type":"Polygon","coordinates":[[[19.2105556,42.3501699],[19.2139402,42.3494364],[19.212568,42.3466458],[19.2098984,42.347186],[19.2105556,42.3501699]]]},"properties":{"ha":10.0,"date":"2026-07-07","day":6,"country":"ME","place":"N.A., Црна Гора","rank":1178}},{"type":"Feature","geometry":{"type":"Polygon","coordinates":[[[-7.1516911,39.3819749],[-7.1475697,39.3764163],[-7.1478461,39.3757542],[-7.1512197,39.3775621],[-7.1516911,39.3819749]]]},"properties":{"ha":10.0,"date":"2026-07-11","day":10,"country":"ES","place":"Valencia de Alcántara, Cáceres","rank":1179}},{"type":"Feature","geometry":{"type":"Polygon","coordinates":[[[-8.4573443,43.1292367],[-8.4580858,43.1263527],[-8.4603815,43.1257756],[-8.4609395,43.12913],[-8.4573443,43.1292367]]]},"properties":{"ha":10.0,"date":"2026-07-03","day":2,"country":"ES","place":"Ordes, A Coruña","rank":1180}},{"type":"Feature","geometry":{"type":"Polygon","coordinates":[[[-1.5738021,37.6189593],[-1.569939,37.6157849],[-1.5674031,37.6115437],[-1.5710593,37.6139418],[-1.5738021,37.6189593]]]},"properties":{"ha":10.0,"date":"2026-07-07","day":6,"country":"ES","place":"Lorca, Murcia","rank":1181}},{"type":"Feature","geometry":{"type":"Polygon","coordinates":[[[37.1227438,48.395734],[37.129881,48.3921568],[37.1229833,48.3934704],[37.1227438,48.395734]]]},"properties":{"ha":10.0,"date":"2026-07-01","day":0,"country":"UA","place":"N.A., N.A.","rank":1182}},{"type":"Feature","geometry":{"type":"Polygon","coordinates":[[[37.9583036,48.5655278],[37.9552039,48.5626119],[37.9520615,48.5639393],[37.9543836,48.5652258],[37.9583036,48.5655278]]]},"properties":{"ha":10.0,"date":"2026-07-02","day":1,"country":"UA","place":"N.A., N.A.","rank":1183}},{"type":"Feature","geometry":{"type":"Polygon","coordinates":[[[27.3354899,42.4691892],[27.3386543,42.4690427],[27.3293746,42.4689729],[27.3354899,42.4691892]]]},"properties":{"ha":10.0,"date":"2026-07-06","day":5,"country":"BG","place":"Камено, Бургас","rank":1184}},{"type":"Feature","geometry":{"type":"Polygon","coordinates":[[[36.7928006,48.0591574],[36.7897785,48.0578693],[36.7861152,48.0588595],[36.7889253,48.0610037],[36.7928006,48.0591574]]]},"properties":{"ha":10.0,"date":"2026-07-02","day":1,"country":"UA","place":"N.A., N.A.","rank":1185}},{"type":"Feature","geometry":{"type":"Polygon","coordinates":[[[25.2458679,62.283372],[25.242808,62.2821684],[25.2387603,62.2857046],[25.2447094,62.286214],[25.2458679,62.283372]]]},"properties":{"ha":10.0,"date":"2026-07-14","day":13,"country":"FI","place":"Petäjävesi, Keski-Suomi","rank":1186}},{"type":"Feature","geometry":{"type":"Polygon","coordinates":[[[16.7657167,40.5963576],[16.7681217,40.5934599],[16.7701303,40.5944583],[16.7702261,40.5923731],[16.7653243,40.5940632],[16.7657167,40.5963576]]]},"properties":{"ha":10.0,"date":"2026-07-22","day":21,"country":"IT","place":"Ginosa, Taranto","rank":1187}},{"type":"Feature","geometry":{"type":"Polygon","coordinates":[[[15.1537262,40.5602279],[15.1519186,40.5593019],[15.1508927,40.561668],[15.1486469,40.5617538],[15.15319,40.5630009],[15.1537262,40.5602279]]]},"properties":{"ha":10.0,"date":"2026-07-25","day":24,"country":"IT","place":"Serre, Salerno","rank":1188}},{"type":"Feature","geometry":{"type":"Polygon","coordinates":[[[13.7849003,41.274259],[13.7850918,41.2725689],[13.7809077,41.2712287],[13.7788521,41.2726586],[13.7849003,41.274259]]]},"properties":{"ha":10.0,"date":"2026-07-25","day":24,"country":"IT","place":"Minturno, Latina","rank":1189}},{"type":"Feature","geometry":{"type":"Polygon","coordinates":[[[-8.1783593,42.2049065],[-8.1775076,42.2024312],[-8.1833481,42.2015244],[-8.182072,42.2036803],[-8.1783593,42.2049065]]]},"properties":{"ha":10.0,"date":"2026-07-15","day":14,"country":"ES","place":"Crecente, Pontevedra","rank":1190}},{"type":"Feature","geometry":{"type":"Polygon","coordinates":[[[16.4892461,38.5645418],[16.4899609,38.5614686],[16.4842688,38.5625794],[16.4892461,38.5645418]]]},"properties":{"ha":10.0,"date":"2026-07-15","day":14,"country":"IT","place":"Badolato, Catanzaro","rank":1191}},{"type":"Feature","geometry":{"type":"Polygon","coordinates":[[[16.4798144,38.7219925],[16.4805664,38.719669],[16.476923,38.7183776],[16.4776782,38.7217384],[16.4798144,38.7219925]]]},"properties":{"ha":10.0,"date":"2026-07-19","day":18,"country":"IT","place":"Montepaone, Catanzaro","rank":1192}},{"type":"Feature","geometry":{"type":"Polygon","coordinates":[[[16.300899,39.2927625],[16.2992968,39.2879637],[16.2963111,39.289846],[16.2971747,39.2913497],[16.300899,39.2927625]]]},"properties":{"ha":10.0,"date":"2026-07-14","day":13,"country":"IT","place":"Rovito, Cosenza","rank":1193}},{"type":"Feature","geometry":{"type":"Polygon","coordinates":[[[15.1364054,58.0502007],[15.1324706,58.0482051],[15.1298526,58.050696],[15.1333991,58.0523362],[15.1364054,58.0502007]]]},"properties":{"ha":10.0,"date":"2026-07-13","day":12,"country":"SE","place":"Boxholm, Östergötlands län","rank":1194}},{"type":"Feature","geometry":{"type":"Polygon","coordinates":[[[13.3651929,38.0391106],[13.3651677,38.0373886],[13.3626217,38.0380024],[13.3622095,38.0351647],[13.3615162,38.0388438],[13.3651929,38.0391106]]]},"properties":{"ha":10.0,"date":"2026-07-22","day":21,"country":"IT","place":"Belmonte Mezzagno, Palermo","rank":1195}},{"type":"Feature","geometry":{"type":"Polygon","coordinates":[[[-8.6291741,40.8738416],[-8.6266072,40.8726238],[-8.6270121,40.8715203],[-8.6301588,40.8703215],[-8.6325457,40.8718078],[-8.6291741,40.8738416]]]},"properties":{"ha":10.0,"date":"2026-07-18","day":17,"country":"PT","place":"Ovar, São João, Arada e São Vicente de Pereira Jusã, Região ","rank":1196}},{"type":"Feature","geometry":{"type":"Polygon","coordinates":[[[36.4946005,47.973547],[36.4923731,47.9707123],[36.4876151,47.9724504],[36.4893376,47.9734457],[36.4946005,47.973547]]]},"properties":{"ha":10.0,"date":"2026-07-21","day":20,"country":"UA","place":"N.A., N.A.","rank":1197}},{"type":"Feature","geometry":{"type":"Polygon","coordinates":[[[15.8341449,40.7854286],[15.8398417,40.7854705],[15.840698,40.7842905],[15.8324312,40.7837386],[15.8341449,40.7854286]]]},"properties":{"ha":10.0,"date":"2026-07-20","day":19,"country":"IT","place":"Pietragalla, Potenza","rank":1198}},{"type":"Feature","geometry":{"type":"Polygon","coordinates":[[[15.979328,39.6065936],[15.9786508,39.6039445],[15.9760171,39.6048648],[15.9740029,39.6032934],[15.9762343,39.6065435],[15.979328,39.6065936]]]},"properties":{"ha":10.0,"date":"2026-07-20","day":19,"country":"IT","place":"Sant'Agata di Esaro, Cosenza","rank":1199}},{"type":"Feature","geometry":{"type":"Polygon","coordinates":[[[37.3164332,48.4114039],[37.3184848,48.4142659],[37.3222928,48.4128632],[37.3200567,48.4106336],[37.3164332,48.4114039]]]},"properties":{"ha":10.0,"date":"2026-07-16","day":15,"country":"UA","place":"N.A., N.A.","rank":1200}},{"type":"Feature","geometry":{"type":"Polygon","coordinates":[[[7.0428223,45.152275],[7.0435896,45.1499421],[7.0414194,45.1491317],[7.0429311,45.14852],[7.0392195,45.1482786],[7.0428223,45.152275]]]},"properties":{"ha":10.0,"date":"2026-07-26","day":25,"country":"IT","place":"Mompantero, Torino","rank":1201}},{"type":"Feature","geometry":{"type":"Polygon","coordinates":[[[16.8274159,42.9482153],[16.8246799,42.946313],[16.8195528,42.9458565],[16.8224834,42.9478792],[16.8274159,42.9482153]]]},"properties":{"ha":9.0,"date":"2026-07-11","day":10,"country":"HR","place":"Blato, Dubrovačko-neretvanska županija","rank":1202}},{"type":"Feature","geometry":{"type":"Polygon","coordinates":[[[33.5659398,45.0820827],[33.563081,45.0882153],[33.566461,45.0834066],[33.5691203,45.0851019],[33.5659398,45.0820827]]]},"properties":{"ha":9.0,"date":"2026-07-01","day":0,"country":"UA","place":"N.A., N.A.","rank":1203}},{"type":"Feature","geometry":{"type":"Polygon","coordinates":[[[-5.6920286,40.2387678],[-5.6882464,40.2355551],[-5.692008,40.2355846],[-5.6920286,40.2387678]]]},"properties":{"ha":9.0,"date":"2026-07-05","day":4,"country":"ES","place":"Tornavacas, Cáceres","rank":1204}},{"type":"Feature","geometry":{"type":"Polygon","coordinates":[[[-3.5646472,40.6822403],[-3.5626407,40.6816325],[-3.5641338,40.6804694],[-3.5625833,40.6795344],[-3.5654449,40.678237],[-3.5658519,40.6810083],[-3.5671057,40.6806351],[-3.5646472,40.6822403]]]},"properties":{"ha":9.0,"date":"2026-07-01","day":0,"country":"ES","place":"El Molar, Madrid","rank":1205}},{"type":"Feature","geometry":{"type":"Polygon","coordinates":[[[22.0265322,43.0005846],[22.0286264,42.9973579],[22.0289905,42.9937316],[22.0266226,42.9956791],[22.0265322,43.0005846]]]},"properties":{"ha":9.0,"date":"2026-07-04","day":3,"country":"RS","place":"Leskovac, Јабланичка област","rank":1206}},{"type":"Feature","geometry":{"type":"Polygon","coordinates":[[[26.8563895,39.0550779],[26.8535621,39.0541583],[26.8533149,39.052141],[26.8507546,39.0550618],[26.8517569,39.0565356],[26.8532956,39.0547128],[26.8563895,39.0550779]]]},"properties":{"ha":9.0,"date":"2026-07-01","day":0,"country":"TR","place":"N.A., İzmir","rank":1207}},{"type":"Feature","geometry":{"type":"Polygon","coordinates":[[[-6.3955137,39.9909769],[-6.4007553,39.9893777],[-6.400496,39.9876114],[-6.4027822,39.9894375],[-6.3988964,39.9909401],[-6.4003603,39.9916321],[-6.3955137,39.9909769]]]},"properties":{"ha":9.0,"date":"2026-07-12","day":11,"country":"ES","place":"Morcillo, Cáceres","rank":1208}},{"type":"Feature","geometry":{"type":"Polygon","coordinates":[[[37.0906165,48.3132819],[37.0891147,48.3088988],[37.0856484,48.3095868],[37.0906165,48.3132819]]]},"properties":{"ha":9.0,"date":"2026-07-04","day":3,"country":"UA","place":"N.A., N.A.","rank":1209}},{"type":"Feature","geometry":{"type":"Polygon","coordinates":[[[38.3085572,49.0435873],[38.3050623,49.0437005],[38.3072237,49.0416317],[38.3021971,49.0430861],[38.3059511,49.0447423],[38.3085572,49.0435873]]]},"properties":{"ha":9.0,"date":"2026-07-01","day":0,"country":"UA","place":"N.A., N.A.","rank":1210}},{"type":"Feature","geometry":{"type":"Polygon","coordinates":[[[1.2637245,41.5475223],[1.2614187,41.5520898],[1.2669747,41.5466656],[1.2637245,41.5475223]]]},"properties":{"ha":9.0,"date":"2026-07-07","day":6,"country":"ES","place":"Savallà del Comtat, Tarragona","rank":1211}},{"type":"Feature","geometry":{"type":"Polygon","coordinates":[[[13.8073227,37.2125343],[13.8098993,37.2155366],[13.8109041,37.2119541],[13.8073227,37.2125343]]]},"properties":{"ha":9.0,"date":"2026-07-04","day":3,"country":"IT","place":"Palma di Montechiaro, Agrigento","rank":1212}},{"type":"Feature","geometry":{"type":"Polygon","coordinates":[[[5.6304947,46.1477185],[5.6309686,46.1453735],[5.6249339,46.1435024],[5.6295966,46.1464472],[5.6304947,46.1477185]]]},"properties":{"ha":9.0,"date":"2026-07-08","day":7,"country":"FR","place":"Neyrolles, Ain","rank":1213}},{"type":"Feature","geometry":{"type":"Polygon","coordinates":[[[16.2714416,38.7315898],[16.2719055,38.7295265],[16.2675817,38.7297641],[16.2651785,38.7305681],[16.2646317,38.7323823],[16.2683758,38.730651],[16.2714416,38.7315898]]]},"properties":{"ha":9.0,"date":"2026-07-16","day":15,"country":"IT","place":"Monterosso Calabro, Vibo Valentia","rank":1214}},{"type":"Feature","geometry":{"type":"Polygon","coordinates":[[[15.7741904,39.9671647],[15.7763277,39.9646175],[15.7729055,39.965874],[15.7697831,39.9637985],[15.7670629,39.9645458],[15.7741904,39.9671647]]]},"properties":{"ha":9.0,"date":"2026-07-15","day":14,"country":"IT","place":"Maratea, Potenza","rank":1215}},{"type":"Feature","geometry":{"type":"Polygon","coordinates":[[[9.7456209,61.8512323],[9.7458751,61.8492773],[9.7426863,61.8481463],[9.7400129,61.8493317],[9.7424338,61.8518787],[9.7456209,61.8512323]]]},"properties":{"ha":9.0,"date":"2026-07-14","day":13,"country":"NO","place":"Sel, Innlandet","rank":1216}},{"type":"Feature","geometry":{"type":"Polygon","coordinates":[[[2.6362024,48.433222],[2.6331005,48.4357505],[2.6306091,48.436165],[2.6330942,48.4372769],[2.637379,48.4355812],[2.6362024,48.433222]]]},"properties":{"ha":9.0,"date":"2026-07-08","day":7,"country":"FR","place":"Fontainebleau, Seine-et-Marne","rank":1217}},{"type":"Feature","geometry":{"type":"Polygon","coordinates":[[[40.2380973,38.90175],[40.2383824,38.9000522],[40.2328305,38.8991098],[40.2358816,38.9018572],[40.2380973,38.90175]]]},"properties":{"ha":9.0,"date":"2026-07-24","day":23,"country":"TR","place":"N.A., Elazığ","rank":1218}},{"type":"Feature","geometry":{"type":"Polygon","coordinates":[[[28.9858102,63.0027664],[28.9923829,62.9972273],[28.9836702,63.0023503],[28.9858102,63.0027664]]]},"properties":{"ha":9.0,"date":"2026-07-17","day":16,"country":"FI","place":"Kaavi, Pohjois-Savo","rank":1219}},{"type":"Feature","geometry":{"type":"Polygon","coordinates":[[[39.0500003,49.0976586],[39.0561811,49.0978477],[39.0584827,49.0973546],[39.0500003,49.0976586]]]},"properties":{"ha":9.0,"date":"2026-07-22","day":21,"country":"UA","place":"N.A., N.A.","rank":1220}},{"type":"Feature","geometry":{"type":"Polygon","coordinates":[[[39.1137849,48.7580636],[39.1119944,48.756403],[39.1052481,48.7578281],[39.1101765,48.7596358],[39.1137849,48.7580636]]]},"properties":{"ha":9.0,"date":"2026-07-17","day":16,"country":"UA","place":"N.A., N.A.","rank":1221}},{"type":"Feature","geometry":{"type":"Polygon","coordinates":[[[29.6275543,39.6631526],[29.6275671,39.6618517],[29.6227306,39.6604348],[29.6240527,39.6627985],[29.6275543,39.6631526]]]},"properties":{"ha":9.0,"date":"2026-07-18","day":17,"country":"TR","place":"N.A., Kütahya","rank":1222}},{"type":"Feature","geometry":{"type":"Polygon","coordinates":[[[13.7804365,37.2227689],[13.7749182,37.2225307],[13.7772693,37.2247647],[13.7804365,37.2227689]]]},"properties":{"ha":9.0,"date":"2026-07-02","day":1,"country":"IT","place":"Naro, Agrigento","rank":1223}},{"type":"Feature","geometry":{"type":"Polygon","coordinates":[[[15.8543272,39.7216902],[15.8610069,39.7228443],[15.8597517,39.7209877],[15.8543272,39.7216902]]]},"properties":{"ha":9.0,"date":"2026-07-21","day":20,"country":"IT","place":"Grisolia, Cosenza","rank":1224}},{"type":"Feature","geometry":{"type":"Polygon","coordinates":[[[15.1387211,37.808451],[15.1387103,37.8065345],[15.1333805,37.805485],[15.1347395,37.8076349],[15.1387211,37.808451]]]},"properties":{"ha":9.0,"date":"2026-07-19","day":18,"country":"IT","place":"Piedimonte Etneo, Catania","rank":1225}},{"type":"Feature","geometry":{"type":"Polygon","coordinates":[[[16.0295108,38.7010929],[16.0306238,38.6969497],[16.0257455,38.6974823],[16.025665,38.6988461],[16.0288847,38.6979275],[16.0277916,38.6998637],[16.0295108,38.7010929]]]},"properties":{"ha":9.0,"date":"2026-07-20","day":19,"country":"IT","place":"Briatico, Vibo Valentia","rank":1226}},{"type":"Feature","geometry":{"type":"Polygon","coordinates":[[[15.6641222,41.8692989],[15.6619618,41.867102],[15.6605607,41.869255],[15.6618343,41.8705209],[15.6641222,41.8692989]]]},"properties":{"ha":8.0,"date":"2026-07-26","day":25,"country":"IT","place":"Cagnano Varano, Foggia","rank":1227}},{"type":"Feature","geometry":{"type":"Polygon","coordinates":[[[13.4244769,37.8999025],[13.4206508,37.896893],[13.41868,37.8973493],[13.4209867,37.8998753],[13.4244769,37.8999025]]]},"properties":{"ha":8.0,"date":"2026-07-14","day":13,"country":"IT","place":"Godrano, Palermo","rank":1228}},{"type":"Feature","geometry":{"type":"Polygon","coordinates":[[[-6.0209184,42.7574013],[-6.0294966,42.757021],[-6.0300275,42.7578964],[-6.0251297,42.7575514],[-6.0248426,42.7588853],[-6.0209184,42.7574013]]]},"properties":{"ha":8.0,"date":"2026-07-23","day":22,"country":"ES","place":"Riello, León","rank":1229}},{"type":"Feature","geometry":{"type":"Polygon","coordinates":[[[5.4586308,43.2833772],[5.4589789,43.2811758],[5.4554422,43.2803073],[5.455614,43.2824666],[5.4586308,43.2833772]]]},"properties":{"ha":8.0,"date":"2026-07-10","day":9,"country":"FR","place":"Marseille, Bouches-du-Rhône","rank":1230}},{"type":"Feature","geometry":{"type":"Polygon","coordinates":[[[2.4606267,43.9537174],[2.4636031,43.9561298],[2.4649832,43.9553227],[2.4633365,43.9528241],[2.4606267,43.9537174]],[[2.4639627,43.954529],[2.4628415,43.9543979],[2.4626862,43.9540331],[2.4639627,43.954529]]]},"properties":{"ha":8.0,"date":"2026-07-02","day":1,"country":"FR","place":"Cadix, Tarn","rank":1231}},{"type":"Feature","geometry":{"type":"Polygon","coordinates":[[[-8.4038669,40.5983332],[-8.4025371,40.5973729],[-8.4053024,40.5950853],[-8.4073958,40.5962521],[-8.4038669,40.5983332]]]},"properties":{"ha":8.0,"date":"2026-07-03","day":2,"country":"PT","place":"Águeda e Borralha, Região de Aveiro","rank":1232}},{"type":"Feature","geometry":{"type":"Polygon","coordinates":[[[19.6176604,41.7994167],[19.6215519,41.7994378],[19.6229887,41.7964847],[19.6200989,41.7966648],[19.6176604,41.7994167]]]},"properties":{"ha":8.0,"date":"2026-07-04","day":3,"country":"AL","place":"Lezhë, Lezhë","rank":1233}},{"type":"Feature","geometry":{"type":"Polygon","coordinates":[[[31.6331638,46.535099],[31.6366271,46.5371665],[31.6359141,46.5356301],[31.6386297,46.5351659],[31.6342317,46.5339629],[31.6331638,46.535099]]]},"properties":{"ha":8.0,"date":"2026-07-02","day":1,"country":"UA","place":"N.A., N.A.","rank":1234}},{"type":"Feature","geometry":{"type":"Polygon","coordinates":[[[1.9850271,41.3128129],[1.9882351,41.311348],[1.9894942,41.3123322],[1.9911766,41.3104427],[1.9863309,41.3108447],[1.9850271,41.3128129]]]},"properties":{"ha":8.0,"date":"2026-07-08","day":7,"country":"ES","place":"Gavà, Barcelona","rank":1235}},{"type":"Feature","geometry":{"type":"Polygon","coordinates":[[[-7.1647874,53.4411004],[-7.1586065,53.4399169],[-7.1582987,53.4398433],[-7.1591914,53.4382792],[-7.163451,53.4380517],[-7.1647874,53.4411004]]]},"properties":{"ha":8.0,"date":"2026-07-11","day":10,"country":"IE","place":"Griffinstown, Midland","rank":1236}},{"type":"Feature","geometry":{"type":"Polygon","coordinates":[[[13.9016998,41.2954933],[13.9063267,41.298719],[13.9098065,41.2993949],[13.9047553,41.2959881],[13.9061106,41.295558],[13.9016998,41.2954933]]]},"properties":{"ha":8.0,"date":"2026-07-04","day":3,"country":"IT","place":"Sessa Aurunca, Caserta","rank":1237}},{"type":"Feature","geometry":{"type":"Polygon","coordinates":[[[13.3675175,41.3669272],[13.3702698,41.3635674],[13.3698799,41.3619431],[13.3671,41.3634404],[13.3686997,41.3652924],[13.3672413,41.3652985],[13.3675175,41.3669272]]]},"properties":{"ha":8.0,"date":"2026-07-11","day":10,"country":"IT","place":"Fondi, Latina","rank":1238}},{"type":"Feature","geometry":{"type":"Polygon","coordinates":[[[-4.0075002,39.5837595],[-4.0062892,39.5824192],[-4.0092537,39.5807474],[-4.010455,39.5827878],[-4.0075002,39.5837595]]]},"properties":{"ha":8.0,"date":"2026-07-24","day":23,"country":"ES","place":"Mazarambroz, Toledo","rank":1239}},{"type":"Feature","geometry":{"type":"Polygon","coordinates":[[[14.665832,40.6597633],[14.6645452,40.6589273],[14.6597839,40.6582188],[14.6578784,40.6591176],[14.665832,40.6597633]]]},"properties":{"ha":8.0,"date":"2026-07-25","day":24,"country":"IT","place":"Maiori, Salerno","rank":1240}},{"type":"Feature","geometry":{"type":"Polygon","coordinates":[[[11.7532293,49.6670984],[11.7523872,49.6640217],[11.7485694,49.6651089],[11.7506366,49.6673257],[11.7532293,49.6670984]]]},"properties":{"ha":8.0,"date":"2026-07-16","day":15,"country":"DE","place":"Grafenwöhr, St, Neustadt a. d. Waldnaab","rank":1241}},{"type":"Feature","geometry":{"type":"Polygon","coordinates":[[[11.7593962,49.6595022],[11.7658437,49.6588173],[11.7615493,49.6567102],[11.7589683,49.6577092],[11.7593962,49.6595022]]]},"properties":{"ha":8.0,"date":"2026-07-16","day":15,"country":"DE","place":"Grafenwöhr, St, Neustadt a. d. Waldnaab","rank":1242}},{"type":"Feature","geometry":{"type":"Polygon","coordinates":[[[19.9370314,40.4167845],[19.9365061,40.4141576],[19.9317252,40.4148673],[19.9341796,40.4166039],[19.9370314,40.4167845]]]},"properties":{"ha":8.0,"date":"2026-07-15","day":14,"country":"AL","place":"Memaliaj, Gjirokastër","rank":1243}},{"type":"Feature","geometry":{"type":"Polygon","coordinates":[[[16.6619985,39.2685052],[16.6588404,39.2667555],[16.6574808,39.2683321],[16.6599791,39.2697994],[16.6619985,39.2685052]]]},"properties":{"ha":8.0,"date":"2026-07-22","day":21,"country":"IT","place":"San Giovanni in Fiore, Cosenza","rank":1244}},{"type":"Feature","geometry":{"type":"Polygon","coordinates":[[[37.8589095,49.2446082],[37.8590008,49.241661],[37.8552544,49.2429856],[37.857987,49.2428876],[37.8554162,49.2446142],[37.8589095,49.2446082]]]},"properties":{"ha":8.0,"date":"2026-07-04","day":3,"country":"UA","place":"N.A., N.A.","rank":1245}},{"type":"Feature","geometry":{"type":"Polygon","coordinates":[[[14.7427494,37.1780771],[14.7387944,37.1760183],[14.7365836,37.177015],[14.7404857,37.1784133],[14.7427494,37.1780771]]]},"properties":{"ha":8.0,"date":"2026-07-17","day":16,"country":"IT","place":"Vizzini, Catania","rank":1246}},{"type":"Feature","geometry":{"type":"Polygon","coordinates":[[[14.4912473,36.8093096],[14.4873014,36.8061494],[14.4849552,36.8063087],[14.4852681,36.8084173],[14.4912473,36.8093096]]]},"properties":{"ha":8.0,"date":"2026-07-19","day":18,"country":"IT","place":"Santa Croce Camerina, Ragusa","rank":1247}},{"type":"Feature","geometry":{"type":"Polygon","coordinates":[[[13.0446927,41.5108604],[13.0442324,41.5160015],[13.0481666,41.5155935],[13.0446927,41.5108604]]]},"properties":{"ha":8.0,"date":"2026-07-19","day":18,"country":"IT","place":"Sezze, Latina","rank":1248}},{"type":"Feature","geometry":{"type":"Polygon","coordinates":[[[29.7905125,64.6499978],[29.7954658,64.6490658],[29.7833932,64.6490134],[29.7905125,64.6499978]]]},"properties":{"ha":8.0,"date":"2026-07-16","day":15,"country":"FI","place":"Suomussalmi, Kainuu","rank":1249}},{"type":"Feature","geometry":{"type":"Polygon","coordinates":[[[37.6320474,48.4811413],[37.6287798,48.4776936],[37.6273328,48.4785209],[37.6273163,48.481474],[37.6320474,48.4811413]]]},"properties":{"ha":8.0,"date":"2026-07-17","day":16,"country":"UA","place":"N.A., N.A.","rank":1250}},{"type":"Feature","geometry":{"type":"Polygon","coordinates":[[[33.4657403,46.1161909],[33.4674846,46.1131259],[33.4646744,46.1127124],[33.4636494,46.115836],[33.4657403,46.1161909]]]},"properties":{"ha":8.0,"date":"2026-07-20","day":19,"country":"UA","place":"N.A., N.A.","rank":1251}},{"type":"Feature","geometry":{"type":"Polygon","coordinates":[[[15.9941236,38.2574001],[15.9973972,38.2554188],[15.9931547,38.2549858],[15.9941236,38.2574001]]]},"properties":{"ha":8.0,"date":"2026-07-21","day":20,"country":"IT","place":"Oppido Mamertina, Reggio di Calabria","rank":1252}},{"type":"Feature","geometry":{"type":"Polygon","coordinates":[[[-8.4075365,40.6014501],[-8.410347,40.5980017],[-8.4127987,40.5981072],[-8.4128132,40.5999457],[-8.4075365,40.6014501]]]},"properties":{"ha":8.0,"date":"2026-07-03","day":2,"country":"PT","place":"Valongo do Vouga, Região de Aveiro","rank":1253}},{"type":"Feature","geometry":{"type":"Polygon","coordinates":[[[16.9062528,39.34406],[16.9088689,39.3460263],[16.9129804,39.3464175],[16.9095329,39.3433268],[16.9062528,39.34406]]]},"properties":{"ha":8.0,"date":"2026-07-21","day":20,"country":"IT","place":"Umbriatico, Crotone","rank":1254}},{"type":"Feature","geometry":{"type":"Polygon","coordinates":[[[16.2332069,38.705913],[16.2323769,38.707842],[16.235485,38.7083204],[16.2357108,38.706241],[16.2332069,38.705913]]]},"properties":{"ha":8.0,"date":"2026-07-22","day":21,"country":"IT","place":"Maierato, Vibo Valentia","rank":1255}},{"type":"Feature","geometry":{"type":"Polygon","coordinates":[[[15.7942081,39.8927326],[15.7914138,39.8911221],[15.7889755,39.8931062],[15.7913353,39.893952],[15.7942081,39.8927326]]]},"properties":{"ha":8.0,"date":"2026-07-22","day":21,"country":"IT","place":"Praia a Mare, Cosenza","rank":1256}},{"type":"Feature","geometry":{"type":"Polygon","coordinates":[[[13.6840017,41.2806359],[13.6844508,41.2785757],[13.6859605,41.277452],[13.6810403,41.2790992],[13.6840017,41.2806359]]]},"properties":{"ha":8.0,"date":"2026-07-20","day":19,"country":"IT","place":"Formia, Latina","rank":1257}},{"type":"Feature","geometry":{"type":"Polygon","coordinates":[[[-8.3441831,40.6315785],[-8.3413372,40.6298364],[-8.3414007,40.6289634],[-8.3454411,40.630213],[-8.3441831,40.6315785]]]},"properties":{"ha":7.0,"date":"2026-07-03","day":2,"country":"PT","place":"Préstimo e Macieira de Alcoba, Região de Aveiro","rank":1258}},{"type":"Feature","geometry":{"type":"Polygon","coordinates":[[[8.2249317,45.8651556],[8.2252676,45.8671048],[8.2278668,45.8667019],[8.2249693,45.8631748],[8.2227508,45.865312],[8.2249317,45.8651556]]]},"properties":{"ha":7.0,"date":"2026-07-25","day":24,"country":"IT","place":"Cravagliana, Vercelli","rank":1259}},{"type":"Feature","geometry":{"type":"Polygon","coordinates":[[[13.3777593,38.0516113],[13.3766529,38.0484687],[13.3719482,38.0511301],[13.3756869,38.0498291],[13.3777593,38.0516113]]]},"properties":{"ha":7.0,"date":"2026-07-12","day":11,"country":"IT","place":"Belmonte Mezzagno, Palermo","rank":1260}},{"type":"Feature","geometry":{"type":"Polygon","coordinates":[[[-8.2235636,41.0319481],[-8.223588,41.0292309],[-8.2270148,41.0297694],[-8.2264304,41.0314116],[-8.2235636,41.0319481]]]},"properties":{"ha":7.0,"date":"2026-07-03","day":2,"country":"PT","place":"Travanca, Tâmega e Sousa","rank":1261}},{"type":"Feature","geometry":{"type":"Polygon","coordinates":[[[38.4612224,48.5723493],[38.4665525,48.5727207],[38.4660541,48.5711769],[38.4612224,48.5723493]]]},"properties":{"ha":7.0,"date":"2026-07-01","day":0,"country":"UA","place":"N.A., N.A.","rank":1262}},{"type":"Feature","geometry":{"type":"Polygon","coordinates":[[[-0.6903761,44.8256958],[-0.6866024,44.8243478],[-0.6896449,44.8238665],[-0.6903761,44.8256958]]]},"properties":{"ha":7.0,"date":"2026-07-21","day":20,"country":"FR","place":"Mérignac, Gironde","rank":1263}},{"type":"Feature","geometry":{"type":"Polygon","coordinates":[[[1.6707295,41.5680579],[1.6736198,41.5659629],[1.6728679,41.5641465],[1.6700945,41.5651483],[1.6716761,41.5653798],[1.6707295,41.5680579]]]},"properties":{"ha":7.0,"date":"2026-07-06","day":5,"country":"ES","place":"La Pobla de Claramunt, Barcelona","rank":1264}},{"type":"Feature","geometry":{"type":"Polygon","coordinates":[[[2.8893738,42.3047539],[2.8853371,42.3038489],[2.883316,42.305777],[2.8868564,42.3058856],[2.8893738,42.3047539]]]},"properties":{"ha":7.0,"date":"2026-07-06","day":5,"country":"ES","place":"Llers, Girona","rank":1265}},{"type":"Feature","geometry":{"type":"Polygon","coordinates":[[[30.4304332,63.2689359],[30.4364392,63.2664195],[30.4337957,63.266016],[30.4304332,63.2689359]]]},"properties":{"ha":7.0,"date":"2026-07-14","day":13,"country":"FI","place":"Lieksa, Pohjois-Karjala","rank":1266}},{"type":"Feature","geometry":{"type":"Polygon","coordinates":[[[-6.8746752,37.2249287],[-6.875375,37.2233063],[-6.8787174,37.2235689],[-6.8782209,37.2247482],[-6.8746752,37.2249287]]]},"properties":{"ha":7.0,"date":"2026-07-06","day":5,"country":"ES","place":"Palos de la Frontera, Huelva","rank":1267}},{"type":"Feature","geometry":{"type":"Polygon","coordinates":[[[8.7594864,39.763551],[8.7559814,39.7644978],[8.7544796,39.7665585],[8.7592845,39.7652814],[8.7594864,39.763551]]]},"properties":{"ha":7.0,"date":"2026-07-11","day":10,"country":"IT","place":"Morgongiori, Oristano","rank":1268}},{"type":"Feature","geometry":{"type":"Polygon","coordinates":[[[12.6984057,46.273738],[12.6942709,46.2720749],[12.6929311,46.2743172],[12.6969042,46.2755394],[12.6984057,46.273738]]]},"properties":{"ha":7.0,"date":"2026-07-05","day":4,"country":"IT","place":"Tramonti di Sopra, Pordenone","rank":1269}},{"type":"Feature","geometry":{"type":"Polygon","coordinates":[[[-8.5156066,41.821587],[-8.5144134,41.8190431],[-8.515412,41.8179125],[-8.5176717,41.818792],[-8.5156066,41.821587]]]},"properties":{"ha":7.0,"date":"2026-07-09","day":8,"country":"PT","place":"Miranda, Alto Minho","rank":1270}},{"type":"Feature","geometry":{"type":"Polygon","coordinates":[[[10.4190942,60.2834434],[10.4149977,60.2804288],[10.4121383,60.2807521],[10.4150959,60.284024],[10.4190942,60.2834434]]]},"properties":{"ha":7.0,"date":"2026-07-10","day":9,"country":"NO","place":"Jevnaker, Viken","rank":1271}},{"type":"Feature","geometry":{"type":"Polygon","coordinates":[[[13.211032,38.0422752],[13.2127155,38.039002],[13.2119855,38.0372718],[13.2103185,38.0400243],[13.211032,38.0422752]]]},"properties":{"ha":7.0,"date":"2026-07-12","day":11,"country":"IT","place":"Monreale, Palermo","rank":1272}},{"type":"Feature","geometry":{"type":"Polygon","coordinates":[[[-2.367699,43.0867292],[-2.3653904,43.087079],[-2.3659961,43.0842023],[-2.3684791,43.0843394],[-2.367699,43.0867292]]]},"properties":{"ha":7.0,"date":"2026-07-06","day":5,"country":"ES","place":"Antzuola, Gipuzkoa","rank":1273}},{"type":"Feature","geometry":{"type":"Polygon","coordinates":[[[16.2050252,39.6527902],[16.2024636,39.6514071],[16.1971778,39.6507463],[16.2002055,39.6521896],[16.2050252,39.6527902]]]},"properties":{"ha":7.0,"date":"2026-07-11","day":10,"country":"IT","place":"Roggiano Gravina, Cosenza","rank":1274}},{"type":"Feature","geometry":{"type":"Polygon","coordinates":[[[41.2546935,38.8193273],[41.256799,38.817985],[41.2562655,38.8159192],[41.2534334,38.8163192],[41.2546935,38.8193273]]]},"properties":{"ha":7.0,"date":"2026-07-10","day":9,"country":"TR","place":"N.A., Muş","rank":1275}},{"type":"Feature","geometry":{"type":"Polygon","coordinates":[[[14.8507916,37.5851951],[14.8493439,37.5847271],[14.8454501,37.5863085],[14.8475388,37.5872976],[14.8507916,37.5851951]]]},"properties":{"ha":7.0,"date":"2026-07-22","day":21,"country":"IT","place":"Paternò, Catania","rank":1276}},{"type":"Feature","geometry":{"type":"Polygon","coordinates":[[[15.9799902,39.9663916],[15.9773728,39.9654998],[15.9793722,39.9653801],[15.9788285,39.9640983],[15.9745794,39.9652907],[15.9799902,39.9663916]]]},"properties":{"ha":7.0,"date":"2026-07-19","day":18,"country":"IT","place":"Laino Borgo, Cosenza","rank":1277}},{"type":"Feature","geometry":{"type":"Polygon","coordinates":[[[13.6890005,37.2865974],[13.6956532,37.2879626],[13.6902939,37.2856401],[13.6890005,37.2865974]]]},"properties":{"ha":7.0,"date":"2026-07-21","day":20,"country":"IT","place":"Favara, Agrigento","rank":1278}},{"type":"Feature","geometry":{"type":"Polygon","coordinates":[[[12.7890754,37.9114893],[12.7885409,37.9103375],[12.7841905,37.9112819],[12.7854434,37.9124961],[12.7890754,37.9114893]]]},"properties":{"ha":7.0,"date":"2026-07-26","day":25,"country":"IT","place":"Trapani, Trapani","rank":1279}},{"type":"Feature","geometry":{"type":"Polygon","coordinates":[[[28.8288971,63.1140693],[28.825053,63.1134557],[28.8207192,63.115133],[28.8217474,63.1162703],[28.8288971,63.1140693]]]},"properties":{"ha":7.0,"date":"2026-07-16","day":15,"country":"FI","place":"Juuka, Pohjois-Karjala","rank":1280}},{"type":"Feature","geometry":{"type":"Polygon","coordinates":[[[-1.3035335,43.973135],[-1.3027148,43.9704171],[-1.3061238,43.9709946],[-1.3057998,43.972846],[-1.3035335,43.973135]]]},"properties":{"ha":7.0,"date":"2026-07-09","day":8,"country":"FR","place":"Vielle-Saint-Girons, Landes","rank":1281}},{"type":"Feature","geometry":{"type":"Polygon","coordinates":[[[38.0242112,48.2151762],[38.0229561,48.2132353],[38.0185292,48.2129867],[38.0222262,48.2157041],[38.0242112,48.2151762]]]},"properties":{"ha":7.0,"date":"2026-07-20","day":19,"country":"UA","place":"N.A., N.A.","rank":1282}},{"type":"Feature","geometry":{"type":"Polygon","coordinates":[[[-0.6242598,40.8179922],[-0.6251211,40.815073],[-0.6278808,40.8161577],[-0.6260084,40.8167644],[-0.626528,40.8181376],[-0.6242598,40.8179922]]]},"properties":{"ha":7.0,"date":"2026-07-11","day":10,"country":"ES","place":"Cañizar del Olivar, Teruel","rank":1283}},{"type":"Feature","geometry":{"type":"Polygon","coordinates":[[[-8.2591502,41.5319658],[-8.2584556,41.5290354],[-8.2622815,41.5296816],[-8.2609293,41.5317674],[-8.2591502,41.5319658]]]},"properties":{"ha":7.0,"date":"2026-07-19","day":18,"country":"PT","place":"Souto Santa Maria, Souto São Salvador e Gondomar, Ave","rank":1284}},{"type":"Feature","geometry":{"type":"Polygon","coordinates":[[[15.7467874,38.2235392],[15.7448841,38.2213053],[15.7431926,38.2238511],[15.7455172,38.224315],[15.7467874,38.2235392]]]},"properties":{"ha":7.0,"date":"2026-07-25","day":24,"country":"IT","place":"San Roberto, Reggio di Calabria","rank":1285}},{"type":"Feature","geometry":{"type":"Polygon","coordinates":[[[16.1829031,40.9888596],[16.180045,40.9872867],[16.1790171,40.9891635],[16.1803455,40.9900862],[16.1829031,40.9888596]]]},"properties":{"ha":7.0,"date":"2026-07-20","day":19,"country":"IT","place":"Spinazzola, Barletta-Andria-Trani","rank":1286}},{"type":"Feature","geometry":{"type":"Polygon","coordinates":[[[16.9768387,39.0315907],[16.9785174,39.0298891],[16.9768693,39.0303434],[16.9794898,39.0268716],[16.9762175,39.0289319],[16.9768387,39.0315907]]]},"properties":{"ha":6.0,"date":"2026-07-05","day":4,"country":"IT","place":"Cutro, Crotone","rank":1287}},{"type":"Feature","geometry":{"type":"Polygon","coordinates":[[[11.9911062,43.1398076],[11.9954128,43.1394898],[11.9886351,43.1375712],[11.9911062,43.1398076]]]},"properties":{"ha":6.0,"date":"2026-07-04","day":3,"country":"IT","place":"Castiglione del Lago, Perugia","rank":1288}},{"type":"Feature","geometry":{"type":"Polygon","coordinates":[[[1.9631131,41.4479463],[1.9623074,41.4454081],[1.9598541,41.446199],[1.961825,41.4476426],[1.9631131,41.4479463]]]},"properties":{"ha":6.0,"date":"2026-07-05","day":4,"country":"ES","place":"Sant Andreu de la Barca, Barcelona","rank":1289}},{"type":"Feature","geometry":{"type":"Polygon","coordinates":[[[13.9383018,41.2853939],[13.9395617,41.2843665],[13.9434089,41.284003],[13.9385347,41.282333],[13.9383018,41.2853939]]]},"properties":{"ha":6.0,"date":"2026-07-02","day":1,"country":"IT","place":"Sessa Aurunca, Caserta","rank":1290}},{"type":"Feature","geometry":{"type":"Polygon","coordinates":[[[-3.6334523,38.2766954],[-3.6302969,38.2748208],[-3.6300495,38.2740127],[-3.6322489,38.2733732],[-3.6334523,38.2766954]]]},"properties":{"ha":6.0,"date":"2026-07-02","day":1,"country":"ES","place":"La Carolina, Jaén","rank":1291}},{"type":"Feature","geometry":{"type":"Polygon","coordinates":[[[37.2860091,48.5520178],[37.2808919,48.5526834],[37.280113,48.5539255],[37.2823362,48.5545515],[37.2860091,48.5520178]]]},"properties":{"ha":6.0,"date":"2026-07-01","day":0,"country":"UA","place":"N.A., N.A.","rank":1292}},{"type":"Feature","geometry":{"type":"Polygon","coordinates":[[[37.2875869,48.5490866],[37.2870096,48.5472786],[37.2823952,48.547521],[37.2875869,48.5490866]]]},"properties":{"ha":6.0,"date":"2026-07-01","day":0,"country":"UA","place":"N.A., N.A.","rank":1293}},{"type":"Feature","geometry":{"type":"Polygon","coordinates":[[[-8.5200473,41.814848],[-8.5179168,41.8140038],[-8.5192404,41.8114014],[-8.520689,41.8124999],[-8.5200473,41.814848]]]},"properties":{"ha":6.0,"date":"2026-07-09","day":8,"country":"PT","place":"Miranda, Alto Minho","rank":1294}},{"type":"Feature","geometry":{"type":"Polygon","coordinates":[[[-7.0815478,42.8326561],[-7.0854088,42.833237],[-7.0814578,42.835535],[-7.0815478,42.8326561]]]},"properties":{"ha":6.0,"date":"2026-07-12","day":11,"country":"ES","place":"Cervantes, Lugo","rank":1295}},{"type":"Feature","geometry":{"type":"Polygon","coordinates":[[[13.3379066,37.3941043],[13.3371168,37.390822],[13.3367426,37.3905698],[13.3342422,37.3936655],[13.3379066,37.3941043]]]},"properties":{"ha":6.0,"date":"2026-07-20","day":19,"country":"IT","place":"Montallegro, Agrigento","rank":1296}},{"type":"Feature","geometry":{"type":"Polygon","coordinates":[[[31.6523735,46.5367285],[31.6527389,46.5346953],[31.650106,46.534291],[31.6498127,46.5371016],[31.6523735,46.5367285]]]},"properties":{"ha":6.0,"date":"2026-07-03","day":2,"country":"UA","place":"N.A., N.A.","rank":1297}},{"type":"Feature","geometry":{"type":"Polygon","coordinates":[[[-7.7321835,43.4322941],[-7.7312156,43.4304818],[-7.7340636,43.4300551],[-7.7343225,43.4313939],[-7.7321835,43.4322941]]]},"properties":{"ha":6.0,"date":"2026-07-05","day":4,"country":"ES","place":"Xermade, Lugo","rank":1298}},{"type":"Feature","geometry":{"type":"Polygon","coordinates":[[[3.614411,50.4892541],[3.6141762,50.4874945],[3.6113304,50.4862351],[3.6122948,50.4873447],[3.6106442,50.4883829],[3.614411,50.4892541]]]},"properties":{"ha":6.0,"date":"2026-07-09","day":8,"country":"FR","place":"Condé-sur-l'Escaut, Nord","rank":1299}},{"type":"Feature","geometry":{"type":"Polygon","coordinates":[[[1.1008686,47.286025],[1.097607,47.2837596],[1.0943525,47.2835205],[1.0965255,47.2855158],[1.1008686,47.286025]]]},"properties":{"ha":6.0,"date":"2026-07-11","day":10,"country":"FR","place":"Épeigné-les-Bois, Indre-et-Loire","rank":1300}},{"type":"Feature","geometry":{"type":"Polygon","coordinates":[[[1.7511121,41.5170286],[1.7497096,41.515507],[1.7516438,41.5142533],[1.7501776,41.5132061],[1.7491768,41.5133266],[1.7480585,41.5161112],[1.7511121,41.5170286]]]},"properties":{"ha":6.0,"date":"2026-07-05","day":4,"country":"ES","place":"Piera, Barcelona","rank":1301}},{"type":"Feature","geometry":{"type":"Polygon","coordinates":[[[12.4868642,46.2701366],[12.491832,46.2711741],[12.4923691,46.2702566],[12.4868642,46.2701366]]]},"properties":{"ha":6.0,"date":"2026-07-11","day":10,"country":"IT","place":"Claut, Pordenone","rank":1302}},{"type":"Feature","geometry":{"type":"Polygon","coordinates":[[[33.3177407,38.4503728],[33.3203662,38.4471787],[33.3181839,38.4482467],[33.3153324,38.4468526],[33.3177407,38.4503728]]]},"properties":{"ha":6.0,"date":"2026-07-07","day":6,"country":"TR","place":"N.A., Aksaray","rank":1303}},{"type":"Feature","geometry":{"type":"Polygon","coordinates":[[[13.3953797,38.0171884],[13.3966826,38.0150753],[13.3925094,38.01688],[13.3953797,38.0171884]]]},"properties":{"ha":6.0,"date":"2026-07-15","day":14,"country":"IT","place":"Misilmeri, Palermo","rank":1304}},{"type":"Feature","geometry":{"type":"Polygon","coordinates":[[[25.1957062,43.1213193],[25.1988383,43.1233885],[25.2004102,43.1218901],[25.1957062,43.1213193]]]},"properties":{"ha":6.0,"date":"2026-07-16","day":15,"country":"BG","place":"Сухиндол, Велико Търново","rank":1305}},{"type":"Feature","geometry":{"type":"Polygon","coordinates":[[[37.9089832,48.8418181],[37.9066093,48.8404948],[37.9035039,48.8410252],[37.906972,48.8415048],[37.9076457,48.8432806],[37.9089832,48.8418181]]]},"properties":{"ha":6.0,"date":"2026-07-20","day":19,"country":"UA","place":"N.A., N.A.","rank":1306}},{"type":"Feature","geometry":{"type":"Polygon","coordinates":[[[41.9787121,38.2272921],[41.9765231,38.2251935],[41.9734365,38.2269419],[41.9773541,38.2282949],[41.9787121,38.2272921]]]},"properties":{"ha":6.0,"date":"2026-07-14","day":13,"country":"TR","place":"N.A., Bitlis","rank":1307}},{"type":"Feature","geometry":{"type":"Polygon","coordinates":[[[19.7404051,40.2566086],[19.7369998,40.2556796],[19.7359194,40.2581654],[19.736984,40.258319],[19.7404051,40.2566086]]]},"properties":{"ha":6.0,"date":"2026-07-21","day":20,"country":"AL","place":"Himarë, Vlorë","rank":1308}},{"type":"Feature","geometry":{"type":"Polygon","coordinates":[[[14.6864204,37.3610886],[14.6867526,37.3581276],[14.6859028,37.3575789],[14.6838986,37.360211],[14.6864204,37.3610886]]]},"properties":{"ha":6.0,"date":"2026-07-23","day":22,"country":"IT","place":"Mineo, Catania","rank":1309}},{"type":"Feature","geometry":{"type":"Polygon","coordinates":[[[1.3984312,41.4845339],[1.4007695,41.482583],[1.3981518,41.4807923],[1.3984312,41.4845339]]]},"properties":{"ha":6.0,"date":"2026-07-18","day":17,"country":"ES","place":"Pontils, Tarragona","rank":1310}},{"type":"Feature","geometry":{"type":"Polygon","coordinates":[[[-6.9243679,41.9688914],[-6.9249536,41.9665367],[-6.9272267,41.9669954],[-6.9265897,41.9688032],[-6.9243679,41.9688914]]]},"properties":{"ha":6.0,"date":"2026-07-14","day":13,"country":"ES","place":"Hermisende, Zamora","rank":1311}},{"type":"Feature","geometry":{"type":"Polygon","coordinates":[[[15.2424528,38.1109031],[15.2441041,38.1121392],[15.2463988,38.1112347],[15.2447415,38.1100544],[15.2424528,38.1109031]]]},"properties":{"ha":6.0,"date":"2026-07-22","day":21,"country":"IT","place":"Barcellona Pozzo di Gotto, Messina","rank":1312}},{"type":"Feature","geometry":{"type":"Polygon","coordinates":[[[23.8065157,43.3706545],[23.8057119,43.3693419],[23.8023255,43.3720607],[23.8036862,43.3720496],[23.8065157,43.3706545]]]},"properties":{"ha":6.0,"date":"2026-07-21","day":20,"country":"BG","place":"Борован, Враца","rank":1313}},{"type":"Feature","geometry":{"type":"Polygon","coordinates":[[[37.2107162,48.5319752],[37.2073603,48.5305542],[37.2052428,48.5321951],[37.20902,48.5325034],[37.2107162,48.5319752]]]},"properties":{"ha":6.0,"date":"2026-07-21","day":20,"country":"UA","place":"N.A., N.A.","rank":1314}},{"type":"Feature","geometry":{"type":"Polygon","coordinates":[[[16.3372134,38.7809202],[16.3387669,38.7827867],[16.3408138,38.7809079],[16.3394257,38.7795428],[16.3372134,38.7809202]]]},"properties":{"ha":6.0,"date":"2026-07-20","day":19,"country":"IT","place":"Filadelfia, Vibo Valentia","rank":1315}},{"type":"Feature","geometry":{"type":"Polygon","coordinates":[[[16.214192,38.6301661],[16.213909,38.6288747],[16.2109007,38.628628],[16.2111319,38.63032],[16.214192,38.6301661]]]},"properties":{"ha":6.0,"date":"2026-07-21","day":20,"country":"IT","place":"Pizzoni, Vibo Valentia","rank":1316}},{"type":"Feature","geometry":{"type":"Polygon","coordinates":[[[37.9576525,49.0010705],[37.957694,48.9987106],[37.9554382,48.9987858],[37.9557158,49.0009047],[37.9576525,49.0010705]]]},"properties":{"ha":6.0,"date":"2026-07-21","day":20,"country":"UA","place":"N.A., N.A.","rank":1317}},{"type":"Feature","geometry":{"type":"Polygon","coordinates":[[[15.7144628,41.8508063],[15.716914,41.8508991],[15.7184082,41.850638],[15.7162387,41.8486984],[15.7144628,41.8508063]]]},"properties":{"ha":6.0,"date":"2026-07-27","day":26,"country":"IT","place":"Cagnano Varano, Foggia","rank":1318}},{"type":"Feature","geometry":{"type":"Polygon","coordinates":[[[36.9802255,48.592372],[36.9828041,48.5935119],[36.9853318,48.5912094],[36.9802255,48.592372]]]},"properties":{"ha":5.0,"date":"2026-07-20","day":19,"country":"UA","place":"N.A., N.A.","rank":1319}},{"type":"Feature","geometry":{"type":"Polygon","coordinates":[[[15.8517643,38.0326787],[15.8534744,38.030864],[15.8533732,38.0300926],[15.8509197,38.0306939],[15.8517643,38.0326787]]]},"properties":{"ha":5.0,"date":"2026-07-06","day":5,"country":"IT","place":"San Lorenzo, Reggio di Calabria","rank":1320}},{"type":"Feature","geometry":{"type":"Polygon","coordinates":[[[-3.6410962,38.2854469],[-3.6407377,38.2830862],[-3.6436951,38.2826312],[-3.6419301,38.2838776],[-3.6410962,38.2854469]]]},"properties":{"ha":5.0,"date":"2026-07-01","day":0,"country":"ES","place":"La Carolina, Jaén","rank":1321}},{"type":"Feature","geometry":{"type":"Polygon","coordinates":[[[19.4881784,42.2053922],[19.4882653,42.2018042],[19.4874063,42.2013588],[19.4855886,42.2034966],[19.4881784,42.2053922]]]},"properties":{"ha":5.0,"date":"2026-07-09","day":8,"country":"AL","place":"Malësi e Madhe, Shkodër","rank":1322}},{"type":"Feature","geometry":{"type":"Polygon","coordinates":[[[2.4635081,46.187387],[2.4666034,46.1859069],[2.4617411,46.1864486],[2.4635081,46.187387]]]},"properties":{"ha":5.0,"date":"2026-07-12","day":11,"country":"FR","place":"Évaux-les-Bains, Creuse","rank":1323}},{"type":"Feature","geometry":{"type":"Polygon","coordinates":[[[4.7928534,44.0149357],[4.7937736,44.0126682],[4.7897849,44.0139551],[4.7901896,44.0150839],[4.7928534,44.0149357]]]},"properties":{"ha":5.0,"date":"2026-07-02","day":1,"country":"FR","place":"Pujaut, Gard","rank":1324}},{"type":"Feature","geometry":{"type":"Polygon","coordinates":[[[-4.6169291,36.9398696],[-4.6162513,36.935438],[-4.6172135,36.9349259],[-4.6192491,36.9360116],[-4.6169291,36.9398696]]]},"properties":{"ha":5.0,"date":"2026-07-03","day":2,"country":"ES","place":"Antequera, Málaga","rank":1325}},{"type":"Feature","geometry":{"type":"Polygon","coordinates":[[[20.2731857,42.4123917],[20.274022,42.4145641],[20.2761082,42.4122537],[20.2731857,42.4123917]]]},"properties":{"ha":5.0,"date":"2026-07-01","day":0,"country":"KS","place":"N.A., N.A.","rank":1326}},{"type":"Feature","geometry":{"type":"Polygon","coordinates":[[[31.6510192,46.5331654],[31.6482434,46.5299449],[31.6460138,46.5311409],[31.6510192,46.5331654]]]},"properties":{"ha":5.0,"date":"2026-07-03","day":2,"country":"UA","place":"N.A., N.A.","rank":1327}},{"type":"Feature","geometry":{"type":"Polygon","coordinates":[[[31.7295551,46.5388726],[31.7293962,46.5359879],[31.7276757,46.5360064],[31.7278598,46.5387138],[31.7295551,46.5388726]]]},"properties":{"ha":5.0,"date":"2026-07-01","day":0,"country":"UA","place":"N.A., N.A.","rank":1328}},{"type":"Feature","geometry":{"type":"Polygon","coordinates":[[[26.5659682,42.7286721],[26.5701191,42.7278996],[26.5723909,42.7265588],[26.5674135,42.7269482],[26.5659682,42.7286721]]]},"properties":{"ha":5.0,"date":"2026-07-06","day":5,"country":"BG","place":"Котел, Сливен","rank":1329}},{"type":"Feature","geometry":{"type":"Polygon","coordinates":[[[26.5508653,42.7321982],[26.553621,42.7293629],[26.5507316,42.7295288],[26.5508653,42.7321982]]]},"properties":{"ha":5.0,"date":"2026-07-06","day":5,"country":"BG","place":"Котел, Сливен","rank":1330}},{"type":"Feature","geometry":{"type":"Polygon","coordinates":[[[3.82376,43.6410019],[3.8264965,43.6415835],[3.8271224,43.639068],[3.82376,43.6410019]]]},"properties":{"ha":5.0,"date":"2026-07-08","day":7,"country":"FR","place":"Grabels, Hérault","rank":1331}},{"type":"Feature","geometry":{"type":"Polygon","coordinates":[[[4.7491198,44.3401056],[4.7476501,44.3362318],[4.7470359,44.337751],[4.7452651,44.3366782],[4.7491198,44.3401056]]]},"properties":{"ha":5.0,"date":"2026-07-08","day":7,"country":"FR","place":"Saint-Paul-Trois-Châteaux, Drôme","rank":1332}},{"type":"Feature","geometry":{"type":"Polygon","coordinates":[[[1.2875809,44.8773429],[1.2880106,44.8743657],[1.285776,44.8735781],[1.2853689,44.8752159],[1.2875809,44.8773429]]]},"properties":{"ha":5.0,"date":"2026-07-06","day":5,"country":"FR","place":"Saint-Vincent-le-Paluel, Dordogne","rank":1333}},{"type":"Feature","geometry":{"type":"Polygon","coordinates":[[[13.5329752,37.4321619],[13.5340456,37.430226],[13.5294618,37.4287273],[13.53317,37.4301526],[13.5329752,37.4321619]]]},"properties":{"ha":5.0,"date":"2026-07-05","day":4,"country":"IT","place":"Santa Elisabetta, Agrigento","rank":1334}},{"type":"Feature","geometry":{"type":"Polygon","coordinates":[[[7.0628218,44.0978138],[7.0655208,44.097214],[7.0650391,44.0944508],[7.0628218,44.0978138]]]},"properties":{"ha":5.0,"date":"2026-07-08","day":7,"country":"FR","place":"Roure, Alpes-Maritimes","rank":1335}},{"type":"Feature","geometry":{"type":"Polygon","coordinates":[[[15.5883802,40.1124172],[15.5891948,40.1098644],[15.5859855,40.1104236],[15.5883802,40.1124172]]]},"properties":{"ha":5.0,"date":"2026-07-24","day":23,"country":"IT","place":"Vibonati, Salerno","rank":1336}},{"type":"Feature","geometry":{"type":"Polygon","coordinates":[[[16.0375692,38.6422405],[16.0366632,38.6409714],[16.0391239,38.6401165],[16.038871,38.6386086],[16.0361895,38.6408694],[16.0375692,38.6422405]]]},"properties":{"ha":5.0,"date":"2026-07-12","day":11,"country":"IT","place":"Filandari, Vibo Valentia","rank":1337}},{"type":"Feature","geometry":{"type":"Polygon","coordinates":[[[16.0385882,43.594258],[16.037069,43.5915906],[16.0347797,43.591852],[16.0385882,43.594258]]]},"properties":{"ha":5.0,"date":"2026-07-22","day":21,"country":"HR","place":"Primošten, Šibensko-kninska županija","rank":1338}},{"type":"Feature","geometry":{"type":"Polygon","coordinates":[[[16.0542942,39.6542423],[16.0550116,39.6520726],[16.0540871,39.6508582],[16.0526484,39.6537496],[16.0514678,39.6530186],[16.0519528,39.6541863],[16.0542942,39.6542423]]]},"properties":{"ha":5.0,"date":"2026-07-16","day":15,"country":"IT","place":"San Sosti, Cosenza","rank":1339}},{"type":"Feature","geometry":{"type":"Polygon","coordinates":[[[11.5557672,43.993712],[11.5584517,43.9908279],[11.5550038,43.9910557],[11.5557672,43.993712]]]},"properties":{"ha":5.0,"date":"2026-07-13","day":12,"country":"IT","place":"Vicchio, Firenze","rank":1340}},{"type":"Feature","geometry":{"type":"Polygon","coordinates":[[[26.9793757,36.940075],[26.9802834,36.9374994],[26.9769213,36.9381796],[26.9793757,36.940075]]]},"properties":{"ha":5.0,"date":"2026-07-15","day":14,"country":"EL","place":"Ψευδοδημοτική Κοινότητα Καλυμνίων, Κάλυμνος, Κάρπαθος – Ηρωι","rank":1341}},{"type":"Feature","geometry":{"type":"Polygon","coordinates":[[[16.1904545,39.5211826],[16.1900423,39.5205248],[16.1889882,39.5207026],[16.1885344,39.5217923],[16.1864078,39.5203498],[16.1857542,39.52244],[16.1866487,39.5231055],[16.1904545,39.5211826]]]},"properties":{"ha":5.0,"date":"2026-07-10","day":9,"country":"IT","place":"Torano Castello, Cosenza","rank":1342}},{"type":"Feature","geometry":{"type":"Polygon","coordinates":[[[14.7557863,37.1678946],[14.7524152,37.1669821],[14.7515076,37.1693538],[14.7521211,37.1680246],[14.7557863,37.1678946]]]},"properties":{"ha":5.0,"date":"2026-07-17","day":16,"country":"IT","place":"Vizzini, Catania","rank":1343}},{"type":"Feature","geometry":{"type":"Polygon","coordinates":[[[-1.3487954,43.0578613],[-1.3461184,43.0564698],[-1.3511426,43.0558244],[-1.3506797,43.0566239],[-1.3487954,43.0578613]]]},"properties":{"ha":5.0,"date":"2026-07-22","day":21,"country":"FR","place":"Banca, Pyrénées-Atlantiques","rank":1344}},{"type":"Feature","geometry":{"type":"Polygon","coordinates":[[[15.2413704,38.1743612],[15.2492491,38.1712128],[15.239949,38.1743398],[15.2413704,38.1743612]]]},"properties":{"ha":5.0,"date":"2026-07-21","day":20,"country":"IT","place":"Milazzo, Messina","rank":1345}},{"type":"Feature","geometry":{"type":"Polygon","coordinates":[[[1.9069289,45.4548675],[1.9053161,45.4570006],[1.9091674,45.4554706],[1.9069289,45.4548675]]]},"properties":{"ha":5.0,"date":"2026-07-19","day":18,"country":"FR","place":"Chaumeil, Corrèze","rank":1346}},{"type":"Feature","geometry":{"type":"Polygon","coordinates":[[[16.0048204,39.4404856],[16.0048452,39.4386626],[16.0050134,39.437362],[16.0038657,39.4366593],[16.0017473,39.4379745],[16.0048204,39.4404856]]]},"properties":{"ha":5.0,"date":"2026-07-25","day":24,"country":"IT","place":"Fuscaldo, Cosenza","rank":1347}},{"type":"Feature","geometry":{"type":"Polygon","coordinates":[[[-8.4412003,40.5864078],[-8.4400961,40.5888406],[-8.4389489,40.5867511],[-8.4412003,40.5864078]]]},"properties":{"ha":5.0,"date":"2026-07-03","day":2,"country":"PT","place":"Águeda e Borralha, Região de Aveiro","rank":1348}},{"type":"Feature","geometry":{"type":"Polygon","coordinates":[[[15.7199516,41.8496412],[15.7230073,41.8484098],[15.7217546,41.8465844],[15.7199516,41.8496412]]]},"properties":{"ha":5.0,"date":"2026-07-22","day":21,"country":"IT","place":"Cagnano Varano, Foggia","rank":1349}},{"type":"Feature","geometry":{"type":"Polygon","coordinates":[[[15.9758524,39.5141411],[15.9796744,39.5142201],[15.9795029,39.5128123],[15.9768058,39.5122406],[15.9758524,39.5141411]]]},"properties":{"ha":5.0,"date":"2026-07-21","day":20,"country":"IT","place":"Cetraro, Cosenza","rank":1350}},{"type":"Feature","geometry":{"type":"Polygon","coordinates":[[[14.3954831,40.6065953],[14.3958944,40.603477],[14.3967227,40.6019812],[14.3946439,40.6048104],[14.3954831,40.6065953]]]},"properties":{"ha":5.0,"date":"2026-07-05","day":4,"country":"IT","place":"Sorrento, Napoli","rank":1351}},{"type":"Feature","geometry":{"type":"Polygon","coordinates":[[[16.0104197,38.6537556],[16.0105356,38.6521638],[16.0082676,38.6514133],[16.0082145,38.6533606],[16.0104197,38.6537556]]]},"properties":{"ha":5.0,"date":"2026-07-20","day":19,"country":"IT","place":"Zungri, Vibo Valentia","rank":1352}},{"type":"Feature","geometry":{"type":"Polygon","coordinates":[[[13.6885406,41.2813814],[13.6902585,41.2797034],[13.6873676,41.2790003],[13.6885406,41.2813814]]]},"properties":{"ha":5.0,"date":"2026-07-20","day":19,"country":"IT","place":"Formia, Latina","rank":1353}},{"type":"Feature","geometry":{"type":"Polygon","coordinates":[[[14.4713997,42.0122565],[14.47026,42.0103498],[14.4678327,42.010733],[14.4687881,42.0123936],[14.4713997,42.0122565]]]},"properties":{"ha":5.0,"date":"2026-07-21","day":20,"country":"IT","place":"Guilmi, Chieti","rank":1354}},{"type":"Feature","geometry":{"type":"Polygon","coordinates":[[[35.114542,47.6886228],[35.1142967,47.686951],[35.1113577,47.6878596],[35.114542,47.6886228]]]},"properties":{"ha":4.0,"date":"2026-07-01","day":0,"country":"UA","place":"N.A., N.A.","rank":1355}},{"type":"Feature","geometry":{"type":"Polygon","coordinates":[[[-8.2425391,41.0512226],[-8.2422401,41.0485722],[-8.2428542,41.0482668],[-8.2443182,41.0494391],[-8.2425391,41.0512226]]]},"properties":{"ha":4.0,"date":"2026-07-03","day":2,"country":"PT","place":"Fornos, Tâmega e Sousa","rank":1356}},{"type":"Feature","geometry":{"type":"Polygon","coordinates":[[[16.2553379,38.6111315],[16.2568827,38.6091062],[16.2539047,38.6103587],[16.2553379,38.6111315]]]},"properties":{"ha":4.0,"date":"2026-07-20","day":19,"country":"IT","place":"Pizzoni, Vibo Valentia","rank":1357}},{"type":"Feature","geometry":{"type":"Polygon","coordinates":[[[0.7924913,45.268273],[0.7961967,45.2688057],[0.7926121,45.2676062],[0.7924913,45.268273]]]},"properties":{"ha":4.0,"date":"2026-07-11","day":10,"country":"FR","place":"Sorges et Ligueux en Périgord, Dordogne","rank":1358}},{"type":"Feature","geometry":{"type":"Polygon","coordinates":[[[21.1924613,48.0805814],[21.1953768,48.078719],[21.1943954,48.0773767],[21.1924613,48.0805814]]]},"properties":{"ha":4.0,"date":"2026-07-05","day":4,"country":"HU","place":"Taktaszada, Borsod-Abaúj-Zemplén","rank":1359}},{"type":"Feature","geometry":{"type":"Polygon","coordinates":[[[-0.8150773,38.534645],[-0.8144082,38.5311737],[-0.8135048,38.5296489],[-0.8163611,38.5326562],[-0.8150773,38.534645]]]},"properties":{"ha":4.0,"date":"2026-07-04","day":3,"country":"ES","place":"Sax, Alicante/Alacant","rank":1360}},{"type":"Feature","geometry":{"type":"Polygon","coordinates":[[[-8.4303976,41.8628699],[-8.4301428,41.8611574],[-8.4327998,41.8610523],[-8.432418,41.8627382],[-8.4303976,41.8628699]]]},"properties":{"ha":4.0,"date":"2026-07-01","day":0,"country":"PT","place":"Prozelo, Alto Minho","rank":1361}},{"type":"Feature","geometry":{"type":"Polygon","coordinates":[[[3.0080524,41.8848317],[3.0110487,41.8842704],[3.0077218,41.8833282],[3.0080524,41.8848317]]]},"properties":{"ha":4.0,"date":"2026-07-03","day":2,"country":"ES","place":"Cruïlles, Monells i Sant Sadurní de l'Heura, Girona","rank":1362}},{"type":"Feature","geometry":{"type":"Polygon","coordinates":[[[-8.0686269,43.2350009],[-8.0687826,43.2335607],[-8.0710613,43.2330734],[-8.0704031,43.2348876],[-8.0686269,43.2350009]]]},"properties":{"ha":4.0,"date":"2026-07-03","day":2,"country":"ES","place":"Aranga, A Coruña","rank":1363}},{"type":"Feature","geometry":{"type":"Polygon","coordinates":[[[-3.5722549,38.3155327],[-3.5726169,38.3131391],[-3.5742209,38.3125602],[-3.5742556,38.3141697],[-3.5722549,38.3155327]]]},"properties":{"ha":4.0,"date":"2026-07-02","day":1,"country":"ES","place":"Santa Elena, Jaén","rank":1364}},{"type":"Feature","geometry":{"type":"Polygon","coordinates":[[[-3.3929951,37.8865918],[-3.3919569,37.8852443],[-3.3935181,37.8844163],[-3.3944354,37.8854371],[-3.3929951,37.8865918]]]},"properties":{"ha":4.0,"date":"2026-07-04","day":3,"country":"ES","place":"Jódar, Jaén","rank":1365}},{"type":"Feature","geometry":{"type":"Polygon","coordinates":[[[8.488012,58.5117821],[8.4908633,58.513057],[8.491148,58.5115644],[8.488012,58.5117821]]]},"properties":{"ha":4.0,"date":"2026-07-12","day":11,"country":"NO","place":"Froland, Agder","rank":1366}},{"type":"Feature","geometry":{"type":"Polygon","coordinates":[[[31.8808243,38.9505188],[31.8800651,38.9478081],[31.878555,38.9478252],[31.8793198,38.9502984],[31.8808243,38.9505188]]]},"properties":{"ha":4.0,"date":"2026-07-01","day":0,"country":"TR","place":"N.A., Konya","rank":1367}},{"type":"Feature","geometry":{"type":"Polygon","coordinates":[[[22.3960399,44.5567229],[22.398855,44.5549965],[22.3961605,44.5553195],[22.3960399,44.5567229]]]},"properties":{"ha":4.0,"date":"2026-07-06","day":5,"country":"RS","place":"Kladovo, Борска област","rank":1368}},{"type":"Feature","geometry":{"type":"Polygon","coordinates":[[[3.2036902,43.6259949],[3.2012739,43.6287634],[3.2045357,43.6297082],[3.2026188,43.6282891],[3.2036902,43.6259949]]]},"properties":{"ha":4.0,"date":"2026-07-05","day":4,"country":"FR","place":"Carlencas-et-Levas, Hérault","rank":1369}},{"type":"Feature","geometry":{"type":"Polygon","coordinates":[[[0.7471954,42.6779963],[0.7466015,42.6764444],[0.7437955,42.6773652],[0.7471954,42.6779963]]]},"properties":{"ha":4.0,"date":"2026-07-09","day":8,"country":"ES","place":"Vielha e Mijaran, Lleida","rank":1370}},{"type":"Feature","geometry":{"type":"Polygon","coordinates":[[[9.8236343,52.8297011],[9.8281545,52.8291159],[9.8233302,52.8289857],[9.8236343,52.8297011]]]},"properties":{"ha":4.0,"date":"2026-07-10","day":9,"country":"DE","place":"Osterheide, gemfr. Bezirk, Heidekreis","rank":1371}},{"type":"Feature","geometry":{"type":"Polygon","coordinates":[[[9.817862,52.8290856],[9.8150729,52.8264428],[9.8158215,52.8274667],[9.813854,52.8272501],[9.8139722,52.8287228],[9.817862,52.8290856]]]},"properties":{"ha":4.0,"date":"2026-07-10","day":9,"country":"DE","place":"Osterheide, gemfr. Bezirk, Heidekreis","rank":1372}},{"type":"Feature","geometry":{"type":"Polygon","coordinates":[[[12.4750545,46.9913079],[12.4767815,46.9904697],[12.4763123,46.9889276],[12.4739811,46.9891362],[12.4750545,46.9913079]]]},"properties":{"ha":4.0,"date":"2026-07-10","day":9,"country":"AT","place":"Virgen, Osttirol","rank":1373}},{"type":"Feature","geometry":{"type":"Polygon","coordinates":[[[14.7394617,40.6809059],[14.7404003,40.6789334],[14.7383581,40.6784265],[14.7394617,40.6809059]]]},"properties":{"ha":4.0,"date":"2026-07-24","day":23,"country":"IT","place":"Salerno, Salerno","rank":1374}},{"type":"Feature","geometry":{"type":"Polygon","coordinates":[[[14.7168768,40.7644106],[14.7181097,40.7623305],[14.7158721,40.7619461],[14.715018,40.763379],[14.7168768,40.7644106]]]},"properties":{"ha":4.0,"date":"2026-07-25","day":24,"country":"IT","place":"Mercato San Severino, Salerno","rank":1375}},{"type":"Feature","geometry":{"type":"Polygon","coordinates":[[[14.6734316,37.2554986],[14.6717228,37.2545159],[14.6693957,37.2562225],[14.6704383,37.2563739],[14.6734316,37.2554986]]]},"properties":{"ha":4.0,"date":"2026-07-16","day":15,"country":"IT","place":"Mineo, Catania","rank":1376}},{"type":"Feature","geometry":{"type":"Polygon","coordinates":[[[14.1983258,41.2073428],[14.2013711,41.2077024],[14.1982441,41.2063695],[14.1983258,41.2073428]]]},"properties":{"ha":4.0,"date":"2026-07-14","day":13,"country":"IT","place":"Giano Vetusto, Caserta","rank":1377}},{"type":"Feature","geometry":{"type":"Polygon","coordinates":[[[16.2529761,39.5738963],[16.255959,39.574716],[16.2526205,39.5706352],[16.2529761,39.5738963]]]},"properties":{"ha":4.0,"date":"2026-07-13","day":12,"country":"IT","place":"Bisignano, Cosenza","rank":1378}},{"type":"Feature","geometry":{"type":"Polygon","coordinates":[[[16.2702056,44.3944697],[16.2690309,44.3932543],[16.265699,44.394353],[16.2682367,44.3943493],[16.2679878,44.3958602],[16.2702056,44.3944697]]]},"properties":{"ha":4.0,"date":"2026-07-09","day":8,"country":"BA","place":"N.A., Drvar","rank":1379}},{"type":"Feature","geometry":{"type":"Polygon","coordinates":[[[16.6691178,39.2643204],[16.66619,39.2645527],[16.6648149,39.2656883],[16.6668806,39.2665752],[16.6663449,39.2651711],[16.6691178,39.2643204]]]},"properties":{"ha":4.0,"date":"2026-07-21","day":20,"country":"IT","place":"San Giovanni in Fiore, Cosenza","rank":1380}},{"type":"Feature","geometry":{"type":"Polygon","coordinates":[[[14.5815294,37.1747337],[14.5806459,37.1727997],[14.5779945,37.1729206],[14.5779763,37.1734222],[14.5815294,37.1747337]]]},"properties":{"ha":4.0,"date":"2026-07-18","day":17,"country":"IT","place":"Caltagirone, Catania","rank":1381}},{"type":"Feature","geometry":{"type":"Polygon","coordinates":[[[25.2685621,62.2872601],[25.2688345,62.2852897],[25.2637514,62.2852238],[25.2685621,62.2872601]]]},"properties":{"ha":4.0,"date":"2026-07-16","day":15,"country":"FI","place":"Petäjävesi, Keski-Suomi","rank":1382}},{"type":"Feature","geometry":{"type":"Polygon","coordinates":[[[-8.5280033,39.1679331],[-8.5272506,39.1700543],[-8.5263976,39.1691958],[-8.5280033,39.1679331]]]},"properties":{"ha":4.0,"date":"2026-07-27","day":26,"country":"PT","place":"Fazendas de Almeirim, Lezíria do Tejo","rank":1383}},{"type":"Feature","geometry":{"type":"Polygon","coordinates":[[[31.6975326,37.0418611],[31.6953371,37.0404088],[31.694537,37.0425345],[31.6975326,37.0418611]]]},"properties":{"ha":4.0,"date":"2026-07-19","day":18,"country":"TR","place":"N.A., Antalya","rank":1384}},{"type":"Feature","geometry":{"type":"Polygon","coordinates":[[[15.9254238,38.5878674],[15.9231943,38.5852974],[15.9217814,38.5854267],[15.9237282,38.5872343],[15.9254238,38.5878674]]]},"properties":{"ha":4.0,"date":"2026-07-22","day":21,"country":"IT","place":"Joppolo, Vibo Valentia","rank":1385}},{"type":"Feature","geometry":{"type":"Polygon","coordinates":[[[11.8886645,49.6829735],[11.8873591,49.6822654],[11.8907192,49.681605],[11.8869767,49.680264],[11.8860307,49.6828774],[11.8886645,49.6829735]]]},"properties":{"ha":4.0,"date":"2026-07-13","day":12,"country":"DE","place":"Grafenwöhr, St, Neustadt a. d. Waldnaab","rank":1386}},{"type":"Feature","geometry":{"type":"Polygon","coordinates":[[[6.0811803,43.5604377],[6.0828166,43.558201],[6.0813425,43.5575196],[6.0811803,43.5604377]]]},"properties":{"ha":4.0,"date":"2026-07-21","day":20,"country":"FR","place":"Pontevès, Var","rank":1387}},{"type":"Feature","geometry":{"type":"Polygon","coordinates":[[[-8.5550614,42.2823128],[-8.5521932,42.2814341],[-8.552124,42.2807191],[-8.5545657,42.2807273],[-8.5550614,42.2823128]]]},"properties":{"ha":4.0,"date":"2026-07-22","day":21,"country":"ES","place":"Pazos de Borbén, Pontevedra","rank":1388}},{"type":"Feature","geometry":{"type":"Polygon","coordinates":[[[-8.3992369,41.8305401],[-8.3987593,41.8285126],[-8.4010136,41.8277863],[-8.4009991,41.8288479],[-8.3992369,41.8305401]]]},"properties":{"ha":4.0,"date":"2026-07-20","day":19,"country":"PT","place":"Oliveira, Alto Minho","rank":1389}},{"type":"Feature","geometry":{"type":"Polygon","coordinates":[[[-4.5662023,40.8752373],[-4.565043,40.8743391],[-4.566581,40.8716697],[-4.5655877,40.8680485],[-4.5667717,40.8719013],[-4.5662023,40.8752373]]]},"properties":{"ha":4.0,"date":"2026-07-12","day":11,"country":"ES","place":"Sanchidrián, Ávila","rank":1390}},{"type":"Feature","geometry":{"type":"Polygon","coordinates":[[[36.4928888,47.9919354],[36.4931622,47.9898367],[36.4903853,47.9905323],[36.4905084,47.9918485],[36.4928888,47.9919354]]]},"properties":{"ha":4.0,"date":"2026-07-20","day":19,"country":"UA","place":"N.A., N.A.","rank":1391}},{"type":"Feature","geometry":{"type":"Polygon","coordinates":[[[16.1930332,38.6175645],[16.1907832,38.6149711],[16.1893729,38.6151033],[16.1930332,38.6175645]]]},"properties":{"ha":4.0,"date":"2026-07-22","day":21,"country":"IT","place":"Soriano Calabro, Vibo Valentia","rank":1392}},{"type":"Feature","geometry":{"type":"Polygon","coordinates":[[[2.3133224,43.5654063],[2.311519,43.5642337],[2.3099412,43.5661479],[2.3113112,43.5665108],[2.3133224,43.5654063]]]},"properties":{"ha":4.0,"date":"2026-07-25","day":24,"country":"FR","place":"Valdurenque, Tarn","rank":1393}},{"type":"Feature","geometry":{"type":"Polygon","coordinates":[[[-7.4324876,43.1892761],[-7.4345552,43.1869664],[-7.4353725,43.187807],[-7.4336974,43.1894723],[-7.4324876,43.1892761]]]},"properties":{"ha":3.0,"date":"2026-07-02","day":1,"country":"ES","place":"Castro de Rei, Lugo","rank":1394}},{"type":"Feature","geometry":{"type":"Polygon","coordinates":[[[13.3841133,38.0594223],[13.3842762,38.0572235],[13.382472,38.0584264],[13.3841133,38.0594223]]]},"properties":{"ha":3.0,"date":"2026-07-12","day":11,"country":"IT","place":"Belmonte Mezzagno, Palermo","rank":1395}},{"type":"Feature","geometry":{"type":"Polygon","coordinates":[[[-7.7205132,40.5574042],[-7.71612,40.55761],[-7.7208104,40.5570731],[-7.7205132,40.5574042]]]},"properties":{"ha":3.0,"date":"2026-07-04","day":3,"country":"PT","place":"Santiago de Cassurrães e Póvoa de Cervães, Viseu Dão Lafões","rank":1396}},{"type":"Feature","geometry":{"type":"Polygon","coordinates":[[[33.0707618,46.6911073],[33.073486,46.6900025],[33.0705175,46.690413],[33.0707618,46.6911073]]]},"properties":{"ha":3.0,"date":"2026-07-06","day":5,"country":"UA","place":"N.A., N.A.","rank":1397}},{"type":"Feature","geometry":{"type":"Polygon","coordinates":[[[-8.619389,41.446868],[-8.6178084,41.4456334],[-8.6204288,41.4459188],[-8.619389,41.446868]]]},"properties":{"ha":3.0,"date":"2026-07-02","day":1,"country":"PT","place":"Chorente, Góios, Courel, Pedra Furada e Gueral, Cávado","rank":1398}},{"type":"Feature","geometry":{"type":"Polygon","coordinates":[[[13.8793077,41.3027906],[13.8793213,41.3014524],[13.8762943,41.3005703],[13.8762735,41.3011266],[13.8793077,41.3027906]]]},"properties":{"ha":3.0,"date":"2026-07-02","day":1,"country":"IT","place":"Castelforte, Latina","rank":1399}},{"type":"Feature","geometry":{"type":"Polygon","coordinates":[[[-8.2864373,40.6487265],[-8.2841782,40.6464495],[-8.2853937,40.6458268],[-8.2864373,40.6487265]]]},"properties":{"ha":3.0,"date":"2026-07-03","day":2,"country":"PT","place":"Destriz e Reigoso, Viseu Dão Lafões","rank":1400}},{"type":"Feature","geometry":{"type":"Polygon","coordinates":[[[13.9499308,41.2766561],[13.9526386,41.2769652],[13.9534948,41.2763381],[13.9499308,41.2766561]]]},"properties":{"ha":3.0,"date":"2026-07-02","day":1,"country":"IT","place":"Sessa Aurunca, Caserta","rank":1401}},{"type":"Feature","geometry":{"type":"Polygon","coordinates":[[[13.7765794,37.2215277],[13.7755197,37.2189149],[13.7749618,37.2189577],[13.7745308,37.2208021],[13.7765794,37.2215277]]]},"properties":{"ha":3.0,"date":"2026-07-02","day":1,"country":"IT","place":"Naro, Agrigento","rank":1402}},{"type":"Feature","geometry":{"type":"Polygon","coordinates":[[[28.5753954,40.2964762],[28.5748486,40.2946465],[28.5724751,40.2962379],[28.5730769,40.2967809],[28.5753954,40.2964762]]]},"properties":{"ha":3.0,"date":"2026-07-05","day":4,"country":"TR","place":"N.A., Bursa","rank":1403}},{"type":"Feature","geometry":{"type":"Polygon","coordinates":[[[-7.9915973,42.4010628],[-7.9896099,42.4017981],[-7.9879169,42.4034681],[-7.9896697,42.4001584],[-7.9915973,42.4010628]]]},"properties":{"ha":3.0,"date":"2026-07-13","day":12,"country":"ES","place":"Maside, Ourense","rank":1404}},{"type":"Feature","geometry":{"type":"Polygon","coordinates":[[[-8.0328417,41.7625634],[-8.0314043,41.7628345],[-8.0296148,41.7613394],[-8.0308793,41.7602904],[-8.0328417,41.7625634]]]},"properties":{"ha":3.0,"date":"2026-07-01","day":0,"country":"PT","place":"Cabril, Alto Tâmega","rank":1405}},{"type":"Feature","geometry":{"type":"Polygon","coordinates":[[[30.7652046,38.1367237],[30.7674836,38.1345899],[30.7633529,38.1359581],[30.7652046,38.1367237]]]},"properties":{"ha":3.0,"date":"2026-07-04","day":3,"country":"TR","place":"N.A., Isparta","rank":1406}},{"type":"Feature","geometry":{"type":"Polygon","coordinates":[[[3.0017001,41.8674771],[2.9997651,41.8663533],[2.9987906,41.8677237],[2.9989694,41.8678845],[3.0017001,41.8674771]]]},"properties":{"ha":3.0,"date":"2026-07-03","day":2,"country":"ES","place":"Santa Cristina d'Aro, Girona","rank":1407}},{"type":"Feature","geometry":{"type":"Polygon","coordinates":[[[16.8409398,40.6075954],[16.8408942,40.604277],[16.8392298,40.6034488],[16.8409398,40.6075954]]]},"properties":{"ha":3.0,"date":"2026-07-06","day":5,"country":"IT","place":"Laterza, Taranto","rank":1408}},{"type":"Feature","geometry":{"type":"Polygon","coordinates":[[[2.5526365,42.6311638],[2.555192,42.6307448],[2.5554689,42.628512],[2.5526365,42.6311638]]]},"properties":{"ha":3.0,"date":"2026-07-05","day":4,"country":"FR","place":"Rodès, Pyrénées-Orientales","rank":1409}},{"type":"Feature","geometry":{"type":"Polygon","coordinates":[[[9.8129238,52.8284372],[9.8113667,52.8268567],[9.8098602,52.8279625],[9.8129238,52.8284372]]]},"properties":{"ha":3.0,"date":"2026-07-10","day":9,"country":"DE","place":"Osterheide, gemfr. Bezirk, Heidekreis","rank":1410}},{"type":"Feature","geometry":{"type":"Polygon","coordinates":[[[-6.0040606,42.7464291],[-6.0051732,42.7481414],[-6.0029492,42.7473305],[-6.0040606,42.7464291]]]},"properties":{"ha":3.0,"date":"2026-07-22","day":21,"country":"ES","place":"Riello, León","rank":1411}},{"type":"Feature","geometry":{"type":"Polygon","coordinates":[[[11.105292,43.9396705],[11.1042774,43.9376369],[11.1026303,43.9391854],[11.1033197,43.9401608],[11.105292,43.9396705]]]},"properties":{"ha":3.0,"date":"2026-07-03","day":2,"country":"IT","place":"Prato, Prato","rank":1412}},{"type":"Feature","geometry":{"type":"Polygon","coordinates":[[[-5.3224439,37.114321],[-5.3190917,37.1156858],[-5.3188301,37.1135103],[-5.3224439,37.114321]]]},"properties":{"ha":3.0,"date":"2026-07-04","day":3,"country":"ES","place":"Morón de la Frontera, Sevilla","rank":1413}},{"type":"Feature","geometry":{"type":"Polygon","coordinates":[[[25.0239021,35.3234928],[25.0254258,35.3233337],[25.0225211,35.3218084],[25.0239021,35.3234928]]]},"properties":{"ha":3.0,"date":"2026-07-06","day":5,"country":"EL","place":"Δημοτική Κοινότητα Γαζίου, Ηράκλειο","rank":1414}},{"type":"Feature","geometry":{"type":"Polygon","coordinates":[[[27.472148,38.1790246],[27.4739751,38.1785422],[27.4723072,38.1778099],[27.472148,38.1790246]]]},"properties":{"ha":3.0,"date":"2026-07-03","day":2,"country":"TR","place":"N.A., İzmir","rank":1415}},{"type":"Feature","geometry":{"type":"Polygon","coordinates":[[[27.8354252,36.1997182],[27.8320506,36.1978216],[27.831302,36.1982378],[27.833154,36.1994876],[27.8354252,36.1997182]]]},"properties":{"ha":3.0,"date":"2026-07-04","day":3,"country":"EL","place":"Δημοτική Κοινότητα Έμπωνα, Κάλυμνος, Κάρπαθος – Ηρωική Νήσος","rank":1416}},{"type":"Feature","geometry":{"type":"Polygon","coordinates":[[[-7.9783368,42.6797914],[-7.9790735,42.6775217],[-7.979932,42.677425],[-7.980443,42.6789851],[-7.9783368,42.6797914]]]},"properties":{"ha":3.0,"date":"2026-07-08","day":7,"country":"ES","place":"Rodeiro, Pontevedra","rank":1417}},{"type":"Feature","geometry":{"type":"Polygon","coordinates":[[[-8.6214506,39.7863145],[-8.6191797,39.7865],[-8.6199302,39.7850441],[-8.6214506,39.7863145]]]},"properties":{"ha":3.0,"date":"2026-07-02","day":1,"country":"PT","place":"Espite, Médio Tejo","rank":1418}},{"type":"Feature","geometry":{"type":"Polygon","coordinates":[[[-3.7309351,40.497136],[-3.7296176,40.4949367],[-3.7325665,40.4942089],[-3.7304988,40.4951964],[-3.7309351,40.497136]]]},"properties":{"ha":3.0,"date":"2026-07-12","day":11,"country":"ES","place":"Madrid, Madrid","rank":1419}},{"type":"Feature","geometry":{"type":"Polygon","coordinates":[[[-6.4270798,42.9795425],[-6.4287209,42.9797089],[-6.427925,42.981484],[-6.4260953,42.9828366],[-6.4270798,42.9795425]]]},"properties":{"ha":3.0,"date":"2026-07-08","day":7,"country":"ES","place":"Villablino, León","rank":1420}},{"type":"Feature","geometry":{"type":"Polygon","coordinates":[[[-0.3616783,38.9278681],[-0.3586954,38.9282859],[-0.3561545,38.9268584],[-0.3616783,38.9278681]]]},"properties":{"ha":3.0,"date":"2026-07-09","day":8,"country":"ES","place":"Llutxent, Valencia/València","rank":1421}},{"type":"Feature","geometry":{"type":"Polygon","coordinates":[[[5.8791434,44.4389711],[5.8804377,44.4374172],[5.8795339,44.4367189],[5.8779822,44.4380128],[5.8791434,44.4389711]]]},"properties":{"ha":3.0,"date":"2026-07-11","day":10,"country":"FR","place":"Barcillonnette, Hautes-Alpes","rank":1422}},{"type":"Feature","geometry":{"type":"Polygon","coordinates":[[[0.2526006,47.9524536],[0.2506656,47.950583],[0.2494731,47.9509312],[0.2502683,47.9517932],[0.2526006,47.9524536]]]},"properties":{"ha":3.0,"date":"2026-07-13","day":12,"country":"FR","place":"Ruaudin, Sarthe","rank":1423}},{"type":"Feature","geometry":{"type":"Polygon","coordinates":[[[26.8096826,61.4533647],[26.8126196,61.4529226],[26.8136247,61.4514628],[26.8097892,61.4511282],[26.8096826,61.4533647]]]},"properties":{"ha":3.0,"date":"2026-07-01","day":0,"country":"FI","place":"Mäntyharju, Etelä-Savo","rank":1424}},{"type":"Feature","geometry":{"type":"Polygon","coordinates":[[[-6.9747786,53.3841939],[-6.9728057,53.3826464],[-6.9774278,53.383051],[-6.9747786,53.3841939]]]},"properties":{"ha":3.0,"date":"2026-07-13","day":12,"country":"IE","place":"Kilrainy, Mid-East","rank":1425}},{"type":"Feature","geometry":{"type":"Polygon","coordinates":[[[-7.9255191,43.2645808],[-7.9267074,43.2630363],[-7.92825,43.263218],[-7.9271221,43.2645854],[-7.9255191,43.2645808]]]},"properties":{"ha":3.0,"date":"2026-07-12","day":11,"country":"ES","place":"Aranga, A Coruña","rank":1426}},{"type":"Feature","geometry":{"type":"Polygon","coordinates":[[[-7.9448054,42.344653],[-7.9454476,42.3433671],[-7.9484539,42.3434647],[-7.9469945,42.3444925],[-7.9448054,42.344653]]]},"properties":{"ha":3.0,"date":"2026-07-13","day":12,"country":"ES","place":"Ourense, Ourense","rank":1427}},{"type":"Feature","geometry":{"type":"Polygon","coordinates":[[[16.2671836,44.396866],[16.2661414,44.3953434],[16.264077,44.3969938],[16.2651145,44.3980979],[16.2671836,44.396866]]]},"properties":{"ha":3.0,"date":"2026-07-09","day":8,"country":"BA","place":"N.A., Drvar","rank":1428}},{"type":"Feature","geometry":{"type":"Polygon","coordinates":[[[16.2224724,38.8430741],[16.2231884,38.8411452],[16.2221552,38.8415013],[16.2224724,38.8430741]]]},"properties":{"ha":3.0,"date":"2026-07-18","day":17,"country":"IT","place":"Curinga, Catanzaro","rank":1429}},{"type":"Feature","geometry":{"type":"Polygon","coordinates":[[[0.0846777,42.8714765],[0.08719,42.8705862],[0.0860103,42.869983],[0.0846777,42.8714765]]]},"properties":{"ha":3.0,"date":"2026-07-16","day":15,"country":"FR","place":"Barèges, Hautes-Pyrénées","rank":1430}},{"type":"Feature","geometry":{"type":"Polygon","coordinates":[[[0.0850052,42.8748611],[0.0843127,42.8726717],[0.0822372,42.8727004],[0.0850052,42.8748611]]]},"properties":{"ha":3.0,"date":"2026-07-16","day":15,"country":"FR","place":"Barèges, Hautes-Pyrénées","rank":1431}},{"type":"Feature","geometry":{"type":"Polygon","coordinates":[[[15.7863106,39.9363266],[15.7848965,39.9350445],[15.7832937,39.9350886],[15.7833232,39.9363708],[15.7863106,39.9363266]]]},"properties":{"ha":3.0,"date":"2026-07-13","day":12,"country":"IT","place":"Tortora, Cosenza","rank":1432}},{"type":"Feature","geometry":{"type":"Polygon","coordinates":[[[15.756927,41.8107043],[15.7558907,41.8090331],[15.7552144,41.8091198],[15.7548834,41.8109905],[15.756927,41.8107043]]]},"properties":{"ha":3.0,"date":"2026-07-11","day":10,"country":"IT","place":"Cagnano Varano, Foggia","rank":1433}},{"type":"Feature","geometry":{"type":"Polygon","coordinates":[[[16.9799193,38.9427584],[16.9806185,38.944253],[16.9826269,38.9438575],[16.9820074,38.9425726],[16.9799193,38.9427584]]]},"properties":{"ha":3.0,"date":"2026-07-15","day":14,"country":"IT","place":"Cutro, Crotone","rank":1434}},{"type":"Feature","geometry":{"type":"Polygon","coordinates":[[[16.978584,38.9438946],[16.9793014,38.9418497],[16.978939,38.9412238],[16.9763485,38.9439078],[16.978584,38.9438946]]]},"properties":{"ha":3.0,"date":"2026-07-15","day":14,"country":"IT","place":"Cutro, Crotone","rank":1435}},{"type":"Feature","geometry":{"type":"Polygon","coordinates":[[[16.0876041,39.5801511],[16.090018,39.5809061],[16.0900658,39.5806822],[16.0876041,39.5801511]]]},"properties":{"ha":3.0,"date":"2026-07-12","day":11,"country":"IT","place":"Santa Caterina Albanese, Cosenza","rank":1436}},{"type":"Feature","geometry":{"type":"Polygon","coordinates":[[[15.0116917,40.906305],[15.0102088,40.9049215],[15.0081469,40.9058113],[15.0104191,40.9063916],[15.0116917,40.906305]]]},"properties":{"ha":3.0,"date":"2026-07-14","day":13,"country":"IT","place":"Montemarano, Avellino","rank":1437}},{"type":"Feature","geometry":{"type":"Polygon","coordinates":[[[11.8833112,49.6812551],[11.8824779,49.6794692],[11.8811052,49.6801059],[11.8816857,49.6818402],[11.8833112,49.6812551]]]},"properties":{"ha":3.0,"date":"2026-07-13","day":12,"country":"DE","place":"Grafenwöhr, St, Neustadt a. d. Waldnaab","rank":1438}},{"type":"Feature","geometry":{"type":"Polygon","coordinates":[[[27.5870024,38.9959158],[27.5880297,38.9940098],[27.5880039,38.9936191],[27.5862268,38.9940482],[27.5870024,38.9959158]]]},"properties":{"ha":3.0,"date":"2026-07-15","day":14,"country":"TR","place":"N.A., Manisa","rank":1439}},{"type":"Feature","geometry":{"type":"Polygon","coordinates":[[[16.258084,39.2372092],[16.2585594,39.2358864],[16.2550106,39.2349463],[16.2542557,39.2359493],[16.258084,39.2372092]]]},"properties":{"ha":3.0,"date":"2026-07-26","day":25,"country":"IT","place":"Dipignano, Cosenza","rank":1440}},{"type":"Feature","geometry":{"type":"Polygon","coordinates":[[[16.1098854,38.6606872],[16.1087562,38.6597869],[16.1059848,38.6602507],[16.1074512,38.6608178],[16.1098854,38.6606872]]]},"properties":{"ha":3.0,"date":"2026-07-27","day":26,"country":"IT","place":"Vibo Valentia, Vibo Valentia","rank":1441}},{"type":"Feature","geometry":{"type":"Polygon","coordinates":[[[3.8928263,47.5411622],[3.894272,47.5398597],[3.8921,47.5399193],[3.8928263,47.5411622]]]},"properties":{"ha":3.0,"date":"2026-07-01","day":0,"country":"FR","place":"Annay-la-Côte, Yonne","rank":1442}},{"type":"Feature","geometry":{"type":"Polygon","coordinates":[[[-1.1069108,44.801517],[-1.1052715,44.8010895],[-1.1075323,44.7998366],[-1.1069108,44.801517]]]},"properties":{"ha":3.0,"date":"2026-07-20","day":19,"country":"FR","place":"Arès, Gironde","rank":1443}},{"type":"Feature","geometry":{"type":"Polygon","coordinates":[[[22.2741303,44.5218047],[22.2759778,44.5195751],[22.2735033,44.520984],[22.2741303,44.5218047]]]},"properties":{"ha":3.0,"date":"2026-07-21","day":20,"country":"RS","place":"Majdanpek, Борска област","rank":1444}},{"type":"Feature","geometry":{"type":"Polygon","coordinates":[[[11.3015901,43.2142964],[11.3049533,43.2149384],[11.305018,43.2139613],[11.3015901,43.2142964]]]},"properties":{"ha":3.0,"date":"2026-07-20","day":19,"country":"IT","place":"Murlo, Siena","rank":1445}},{"type":"Feature","geometry":{"type":"Polygon","coordinates":[[[-8.5763617,40.565037],[-8.5738493,40.5638171],[-8.5779481,40.5639954],[-8.5763617,40.565037]]]},"properties":{"ha":3.0,"date":"2026-07-21","day":20,"country":"PT","place":"Requeixo, Nossa Senhora de Fátima e Nariz, Região de Aveiro","rank":1446}},{"type":"Feature","geometry":{"type":"Polygon","coordinates":[[[-8.1335984,41.3768811],[-8.1349405,41.3756755],[-8.1374969,41.3759051],[-8.1362303,41.3766486],[-8.1335984,41.3768811]]]},"properties":{"ha":3.0,"date":"2026-07-20","day":19,"country":"PT","place":"Ardegão, Arnozela e Seidões, Ave","rank":1447}},{"type":"Feature","geometry":{"type":"Polygon","coordinates":[[[14.8918377,37.0862056],[14.8907138,37.0850806],[14.8894466,37.0868635],[14.8899693,37.0869057],[14.8918377,37.0862056]]]},"properties":{"ha":3.0,"date":"2026-07-22","day":21,"country":"IT","place":"Buscemi, Siracusa","rank":1448}},{"type":"Feature","geometry":{"type":"Polygon","coordinates":[[[16.0472294,41.9352196],[16.046318,41.9338959],[16.0446691,41.9346963],[16.0457392,41.9357691],[16.0472294,41.9352196]]]},"properties":{"ha":3.0,"date":"2026-07-26","day":25,"country":"IT","place":"Peschici, Foggia","rank":1449}},{"type":"Feature","geometry":{"type":"Polygon","coordinates":[[[15.973348,39.4884757],[15.9747458,39.4859679],[15.9725639,39.4883087],[15.973348,39.4884757]]]},"properties":{"ha":3.0,"date":"2026-07-22","day":21,"country":"IT","place":"Acquappesa, Cosenza","rank":1450}},{"type":"Feature","geometry":{"type":"Polygon","coordinates":[[[15.4712299,38.0899291],[15.4727922,38.0903627],[15.4736957,38.0891761],[15.4722459,38.0886778],[15.4712299,38.0899291]]]},"properties":{"ha":3.0,"date":"2026-07-21","day":20,"country":"IT","place":"Messina, Messina","rank":1451}},{"type":"Feature","geometry":{"type":"Polygon","coordinates":[[[16.2964042,38.7215409],[16.2986029,38.7203986],[16.295952,38.7207995],[16.2964042,38.7215409]]]},"properties":{"ha":3.0,"date":"2026-07-20","day":19,"country":"IT","place":"Monterosso Calabro, Vibo Valentia","rank":1452}},{"type":"Feature","geometry":{"type":"Polygon","coordinates":[[[-4.1861563,40.4666684],[-4.1849827,40.4652349],[-4.1866736,40.465263],[-4.1861563,40.4666684]]]},"properties":{"ha":3.0,"date":"2026-07-25","day":24,"country":"ES","place":"Fresnedillas de la Oliva, Madrid","rank":1453}},{"type":"Feature","geometry":{"type":"Polygon","coordinates":[[[13.2101461,38.0711002],[13.2083956,38.0718433],[13.208846,38.0736581],[13.2101461,38.0711002]]]},"properties":{"ha":3.0,"date":"2026-07-16","day":15,"country":"IT","place":"Montelepre, Palermo","rank":1454}},{"type":"Feature","geometry":{"type":"Polygon","coordinates":[[[15.220686,37.8355456],[15.2219905,37.8342512],[15.2196207,37.8339591],[15.220686,37.8355456]]]},"properties":{"ha":3.0,"date":"2026-07-20","day":19,"country":"IT","place":"Calatabiano, Catania","rank":1455}},{"type":"Feature","geometry":{"type":"Polygon","coordinates":[[[16.2352587,38.5856964],[16.2346103,38.5842447],[16.2326591,38.5851631],[16.2352587,38.5856964]]]},"properties":{"ha":3.0,"date":"2026-07-21","day":20,"country":"IT","place":"Gerocarne, Vibo Valentia","rank":1456}},{"type":"Feature","geometry":{"type":"Polygon","coordinates":[[[16.097223,39.2846547],[16.0950046,39.282608],[16.0941945,39.2830932],[16.094209,39.2849227],[16.097223,39.2846547]]]},"properties":{"ha":3.0,"date":"2026-07-21","day":20,"country":"IT","place":"Falconara Albanese, Cosenza","rank":1457}},{"type":"Feature","geometry":{"type":"Polygon","coordinates":[[[9.3342407,42.6353017],[9.3301682,42.6353497],[9.3328278,42.6366171],[9.3342407,42.6353017]]]},"properties":{"ha":3.0,"date":"2026-07-25","day":24,"country":"FR","place":"Oletta, Haute-Corse","rank":1458}},{"type":"Feature","geometry":{"type":"Polygon","coordinates":[[[15.8977626,39.5390211],[15.8955573,39.5387616],[15.894241,39.5396339],[15.8955002,39.5397021],[15.8977626,39.5390211]]]},"properties":{"ha":2.0,"date":"2026-07-05","day":4,"country":"IT","place":"Cetraro, Cosenza","rank":1459}},{"type":"Feature","geometry":{"type":"Polygon","coordinates":[[[-7.6401201,42.6457241],[-7.6396195,42.6438026],[-7.640501,42.6438663],[-7.6401201,42.6457241]]]},"properties":{"ha":2.0,"date":"2026-07-06","day":5,"country":"ES","place":"O Saviñao, Lugo","rank":1460}},{"type":"Feature","geometry":{"type":"Polygon","coordinates":[[[12.9193754,42.1927471],[12.9183304,42.1942002],[12.919861,42.1930661],[12.9193754,42.1927471]]]},"properties":{"ha":2.0,"date":"2026-07-24","day":23,"country":"IT","place":"Colle di Tora, Rieti","rank":1461}},{"type":"Feature","geometry":{"type":"Polygon","coordinates":[[[13.1987507,38.064484],[13.2004524,38.0642534],[13.1998775,38.0632544],[13.1987507,38.064484]]]},"properties":{"ha":2.0,"date":"2026-07-16","day":15,"country":"IT","place":"Giardinello, Palermo","rank":1462}},{"type":"Feature","geometry":{"type":"Polygon","coordinates":[[[16.3401612,47.9119454],[16.3412787,47.9110868],[16.3396602,47.9114528],[16.3401612,47.9119454]]]},"properties":{"ha":2.0,"date":"2026-07-01","day":0,"country":"AT","place":"Pottendorf, Wiener Umland/Südteil","rank":1463}},{"type":"Feature","geometry":{"type":"Polygon","coordinates":[[[5.355172,43.7499465],[5.3579851,43.7494476],[5.3550142,43.7494666],[5.355172,43.7499465]]]},"properties":{"ha":2.0,"date":"2026-07-06","day":5,"country":"FR","place":"Cadenet, Vaucluse","rank":1464}},{"type":"Feature","geometry":{"type":"Polygon","coordinates":[[[4.2694297,39.8213605],[4.2707591,39.8198884],[4.2700543,39.8184568],[4.2694297,39.8213605]]]},"properties":{"ha":2.0,"date":"2026-07-03","day":2,"country":"ES","place":"Sant Lluís, Menorca","rank":1465}},{"type":"Feature","geometry":{"type":"Polygon","coordinates":[[[-7.9773523,42.6610479],[-7.9760341,42.66219],[-7.9759938,42.6607355],[-7.9773523,42.6610479]]]},"properties":{"ha":2.0,"date":"2026-07-05","day":4,"country":"ES","place":"Rodeiro, Pontevedra","rank":1466}},{"type":"Feature","geometry":{"type":"Polygon","coordinates":[[[10.4116849,60.2783658],[10.4133852,60.2768508],[10.4114032,60.2772608],[10.4116849,60.2783658]]]},"properties":{"ha":2.0,"date":"2026-07-10","day":9,"country":"NO","place":"Jevnaker, Viken","rank":1467}},{"type":"Feature","geometry":{"type":"Polygon","coordinates":[[[-8.3130495,40.9274503],[-8.3106706,40.9267427],[-8.3130961,40.9264613],[-8.3130495,40.9274503]]]},"properties":{"ha":2.0,"date":"2026-07-01","day":0,"country":"PT","place":"Várzea, Área Metropolitana do Porto","rank":1468}},{"type":"Feature","geometry":{"type":"Polygon","coordinates":[[[7.1765668,43.9647062],[7.1780968,43.966617],[7.1790511,43.9660314],[7.1788171,43.9641282],[7.1765668,43.9647062]]]},"properties":{"ha":2.0,"date":"2026-07-03","day":2,"country":"FR","place":"Tour, Alpes-Maritimes","rank":1469}},{"type":"Feature","geometry":{"type":"Polygon","coordinates":[[[-7.3051249,42.6680381],[-7.306387,42.6666554],[-7.3071143,42.6667862],[-7.3069216,42.6680968],[-7.3051249,42.6680381]]]},"properties":{"ha":2.0,"date":"2026-07-11","day":10,"country":"ES","place":"O Incio, Lugo","rank":1470}},{"type":"Feature","geometry":{"type":"Polygon","coordinates":[[[26.8098185,39.1613136],[26.8101086,39.159217],[26.80906,39.1590239],[26.8082518,39.1601417],[26.8098185,39.1613136]]]},"properties":{"ha":2.0,"date":"2026-07-03","day":2,"country":"TR","place":"N.A., İzmir","rank":1471}},{"type":"Feature","geometry":{"type":"Polygon","coordinates":[[[14.0165857,37.1235485],[14.0184432,37.1236992],[14.0180129,37.1231783],[14.0165857,37.1235485]]]},"properties":{"ha":2.0,"date":"2026-07-04","day":3,"country":"IT","place":"Licata, Agrigento","rank":1472}},{"type":"Feature","geometry":{"type":"Polygon","coordinates":[[[-4.5622048,40.8749608],[-4.5625,40.8732082],[-4.5635231,40.8730206],[-4.5639025,40.8739867],[-4.5622048,40.8749608]]]},"properties":{"ha":2.0,"date":"2026-07-12","day":11,"country":"ES","place":"Maello, Ávila","rank":1473}},{"type":"Feature","geometry":{"type":"Polygon","coordinates":[[[3.2240892,43.6089016],[3.2271525,43.6092348],[3.2243051,43.6079691],[3.2240892,43.6089016]]]},"properties":{"ha":2.0,"date":"2026-07-05","day":4,"country":"FR","place":"Carlencas-et-Levas, Hérault","rank":1474}},{"type":"Feature","geometry":{"type":"Polygon","coordinates":[[[31.6338906,46.5385007],[31.6322813,46.5371318],[31.6314112,46.5390662],[31.6338906,46.5385007]]]},"properties":{"ha":2.0,"date":"2026-07-02","day":1,"country":"UA","place":"N.A., N.A.","rank":1475}},{"type":"Feature","geometry":{"type":"Polygon","coordinates":[[[-2.60041,41.1970329],[-2.5995406,41.1953279],[-2.6010899,41.1955783],[-2.60041,41.1970329]]]},"properties":{"ha":2.0,"date":"2026-07-13","day":12,"country":"ES","place":"Sienes, Guadalajara","rank":1476}},{"type":"Feature","geometry":{"type":"Polygon","coordinates":[[[8.2208196,45.8530677],[8.2196536,45.8516872],[8.2178856,45.851532],[8.2180026,45.852323],[8.2208196,45.8530677]]]},"properties":{"ha":2.0,"date":"2026-07-04","day":3,"country":"IT","place":"Cravagliana, Vercelli","rank":1477}},{"type":"Feature","geometry":{"type":"Polygon","coordinates":[[[8.9721189,41.6049743],[8.9734608,41.6029486],[8.9715474,41.6048019],[8.9721189,41.6049743]]]},"properties":{"ha":2.0,"date":"2026-07-17","day":16,"country":"FR","place":"Sartène, Corse-du-Sud","rank":1478}},{"type":"Feature","geometry":{"type":"Polygon","coordinates":[[[0.245645,47.9494062],[0.2480375,47.9489447],[0.2457924,47.9483814],[0.245645,47.9494062]]]},"properties":{"ha":2.0,"date":"2026-07-13","day":12,"country":"FR","place":"Ruaudin, Sarthe","rank":1479}},{"type":"Feature","geometry":{"type":"Polygon","coordinates":[[[26.5601812,42.7314876],[26.5618957,42.7305119],[26.5619981,42.7297423],[26.5602519,42.7302154],[26.5601812,42.7314876]]]},"properties":{"ha":2.0,"date":"2026-07-06","day":5,"country":"BG","place":"Котел, Сливен","rank":1480}},{"type":"Feature","geometry":{"type":"Polygon","coordinates":[[[9.3405303,42.6350759],[9.342287,42.6351667],[9.3434317,42.6349612],[9.3405303,42.6350759]]]},"properties":{"ha":2.0,"date":"2026-07-10","day":9,"country":"FR","place":"Oletta, Haute-Corse","rank":1481}},{"type":"Feature","geometry":{"type":"Polygon","coordinates":[[[26.5313553,42.7169878],[26.5337899,42.7153643],[26.5309018,42.7162973],[26.5313553,42.7169878]]]},"properties":{"ha":2.0,"date":"2026-07-07","day":6,"country":"BG","place":"Котел, Сливен","rank":1482}},{"type":"Feature","geometry":{"type":"Polygon","coordinates":[[[-1.1102021,54.3967509],[-1.1113216,54.3954934],[-1.1139914,54.3962255],[-1.1124612,54.3962313],[-1.1102021,54.3967509]]]},"properties":{"ha":2.0,"date":"2026-07-09","day":8,"country":"UK","place":"Hambleton, North Yorkshire CC","rank":1483}},{"type":"Feature","geometry":{"type":"Polygon","coordinates":[[[27.2366891,63.1421081],[27.2408055,63.1419493],[27.2409587,63.1417817],[27.2366891,63.1421081]]]},"properties":{"ha":2.0,"date":"2026-07-12","day":11,"country":"FI","place":"Kuopio, Pohjois-Savo","rank":1484}},{"type":"Feature","geometry":{"type":"Polygon","coordinates":[[[13.9128458,41.2986248],[13.913857,41.297882],[13.9120105,41.2975024],[13.9128458,41.2986248]]]},"properties":{"ha":2.0,"date":"2026-07-04","day":3,"country":"IT","place":"Sessa Aurunca, Caserta","rank":1485}},{"type":"Feature","geometry":{"type":"Polygon","coordinates":[[[36.6182498,36.7443747],[36.6163492,36.7440032],[36.6137755,36.7443652],[36.6132957,36.7449034],[36.6182498,36.7443747]]]},"properties":{"ha":2.0,"date":"2026-07-08","day":7,"country":"TR","place":"N.A., Hatay","rank":1486}},{"type":"Feature","geometry":{"type":"Polygon","coordinates":[[[-8.5062825,42.1316376],[-8.5040389,42.1325205],[-8.503938,42.1323219],[-8.5062825,42.1316376]]]},"properties":{"ha":2.0,"date":"2026-07-17","day":16,"country":"ES","place":"Salvaterra de Miño, Pontevedra","rank":1487}},{"type":"Feature","geometry":{"type":"Polygon","coordinates":[[[13.5296148,37.4296981],[13.5275917,37.4278142],[13.5271395,37.4283976],[13.5280005,37.4292423],[13.5296148,37.4296981]]]},"properties":{"ha":2.0,"date":"2026-07-05","day":4,"country":"IT","place":"Santa Elisabetta, Agrigento","rank":1488}},{"type":"Feature","geometry":{"type":"Polygon","coordinates":[[[12.6532783,46.3350481],[12.6557209,46.3351894],[12.6543019,46.3338877],[12.6532783,46.3350481]]]},"properties":{"ha":2.0,"date":"2026-07-05","day":4,"country":"IT","place":"Tramonti di Sopra, Pordenone","rank":1489}},{"type":"Feature","geometry":{"type":"Polygon","coordinates":[[[13.3994274,38.0157854],[13.400704,38.014574],[13.398854,38.0146348],[13.3994274,38.0157854]]]},"properties":{"ha":2.0,"date":"2026-07-15","day":14,"country":"IT","place":"Misilmeri, Palermo","rank":1490}},{"type":"Feature","geometry":{"type":"Polygon","coordinates":[[[13.3400639,38.0359682],[13.340746,38.034095],[13.3392931,38.0359489],[13.3400639,38.0359682]]]},"properties":{"ha":2.0,"date":"2026-07-16","day":15,"country":"IT","place":"Altofonte, Palermo","rank":1491}},{"type":"Feature","geometry":{"type":"Polygon","coordinates":[[[14.7391405,40.6829807],[14.740693,40.6823607],[14.7398317,40.6816875],[14.7391405,40.6829807]]]},"properties":{"ha":2.0,"date":"2026-07-24","day":23,"country":"IT","place":"Salerno, Salerno","rank":1492}},{"type":"Feature","geometry":{"type":"Polygon","coordinates":[[[-7.3458644,37.2615299],[-7.3452895,37.2626119],[-7.3439224,37.26172],[-7.3458644,37.2615299]]]},"properties":{"ha":2.0,"date":"2026-07-18","day":17,"country":"ES","place":"Ayamonte, Huelva","rank":1493}},{"type":"Feature","geometry":{"type":"Polygon","coordinates":[[[-4.5271635,39.9214495],[-4.5272194,39.9176879],[-4.528103,39.9177797],[-4.5282469,39.920465],[-4.5271635,39.9214495]]]},"properties":{"ha":2.0,"date":"2026-07-21","day":20,"country":"ES","place":"Mesegar de Tajo, Toledo","rank":1494}},{"type":"Feature","geometry":{"type":"Polygon","coordinates":[[[15.9001321,38.6227497],[15.8997981,38.6211368],[15.8980689,38.6219918],[15.9001321,38.6227497]]]},"properties":{"ha":2.0,"date":"2026-07-12","day":11,"country":"IT","place":"Spilinga, Vibo Valentia","rank":1495}},{"type":"Feature","geometry":{"type":"Polygon","coordinates":[[[-1.89536,42.3147227],[-1.8957757,42.3160081],[-1.8943946,42.3151988],[-1.89536,42.3147227]]]},"properties":{"ha":2.0,"date":"2026-07-12","day":11,"country":"ES","place":"Azagra, Navarra","rank":1496}},{"type":"Feature","geometry":{"type":"Polygon","coordinates":[[[16.4938889,40.2957987],[16.4901054,40.2966432],[16.4898547,40.2972369],[16.4923692,40.2966199],[16.4938889,40.2957987]]]},"properties":{"ha":2.0,"date":"2026-07-12","day":11,"country":"IT","place":"Montalbano Jonico, Matera","rank":1497}},{"type":"Feature","geometry":{"type":"Polygon","coordinates":[[[15.795627,39.9314476],[15.7971097,39.9298131],[15.7955687,39.9301651],[15.795627,39.9314476]]]},"properties":{"ha":2.0,"date":"2026-07-12","day":11,"country":"IT","place":"Aieta, Cosenza","rank":1498}},{"type":"Feature","geometry":{"type":"Polygon","coordinates":[[[23.5972789,37.9761132],[23.5973682,37.9749023],[23.5963391,37.9762482],[23.5972789,37.9761132]]]},"properties":{"ha":2.0,"date":"2026-07-20","day":19,"country":"EL","place":"Ψευδοδημοτική Κοινότητα Περάματος, Πειραιάς, Νήσοι","rank":1499}},{"type":"Feature","geometry":{"type":"Polygon","coordinates":[[[23.7522933,43.0806675],[23.7511476,43.0785497],[23.7504829,43.0786952],[23.7506721,43.0803382],[23.7522933,43.0806675]]]},"properties":{"ha":2.0,"date":"2026-07-11","day":10,"country":"BG","place":"Мездра, Враца","rank":1500}},{"type":"Feature","geometry":{"type":"Polygon","coordinates":[[[11.7559061,49.6589995],[11.7557111,49.6576442],[11.7530509,49.6580531],[11.7537391,49.6591288],[11.7559061,49.6589995]]]},"properties":{"ha":2.0,"date":"2026-07-16","day":15,"country":"DE","place":"Grafenwöhr, St, Neustadt a. d. Waldnaab","rank":1501}},{"type":"Feature","geometry":{"type":"Polygon","coordinates":[[[15.0150976,40.9032482],[15.0127446,40.9034656],[15.0133139,40.9044092],[15.0150976,40.9032482]]]},"properties":{"ha":2.0,"date":"2026-07-14","day":13,"country":"IT","place":"Montemarano, Avellino","rank":1502}},{"type":"Feature","geometry":{"type":"Polygon","coordinates":[[[13.3263153,38.020289],[13.3275596,38.0205925],[13.3279385,38.0193208],[13.3263153,38.020289]]]},"properties":{"ha":2.0,"date":"2026-07-19","day":18,"country":"IT","place":"Altofonte, Palermo","rank":1503}},{"type":"Feature","geometry":{"type":"Polygon","coordinates":[[[21.8727292,38.487661],[21.8747392,38.4853166],[21.8736606,38.4843212],[21.8727292,38.487661]]]},"properties":{"ha":2.0,"date":"2026-07-24","day":23,"country":"EL","place":"Τοπική Κοινότητα Ανθοφύτου, Αιτωλοακαρνανία","rank":1504}},{"type":"Feature","geometry":{"type":"Polygon","coordinates":[[[14.3793271,37.385342],[14.3796687,37.3838874],[14.3784042,37.3838884],[14.3793271,37.385342]]]},"properties":{"ha":2.0,"date":"2026-07-19","day":18,"country":"IT","place":"Piazza Armerina, Enna","rank":1505}},{"type":"Feature","geometry":{"type":"Polygon","coordinates":[[[16.473973,38.9343555],[16.4736828,38.9329113],[16.4723779,38.9331416],[16.4721158,38.934319],[16.473973,38.9343555]]]},"properties":{"ha":2.0,"date":"2026-07-27","day":26,"country":"IT","place":"Miglierina, Catanzaro","rank":1506}},{"type":"Feature","geometry":{"type":"Polygon","coordinates":[[[-8.5396233,41.7597747],[-8.5381236,41.7599625],[-8.53757,41.7588759],[-8.5396233,41.7597747]]]},"properties":{"ha":2.0,"date":"2026-07-26","day":25,"country":"PT","place":"Ribeira, Alto Minho","rank":1507}},{"type":"Feature","geometry":{"type":"Polygon","coordinates":[[[14.5109852,41.0485765],[14.5116766,41.046396],[14.510647,41.0463242],[14.5109852,41.0485765]]]},"properties":{"ha":2.0,"date":"2026-07-05","day":4,"country":"IT","place":"Arienzo, Caserta","rank":1508}},{"type":"Feature","geometry":{"type":"Polygon","coordinates":[[[1.1399564,45.6232432],[1.1387137,45.6216999],[1.1373325,45.6227738],[1.1377702,45.6233367],[1.1399564,45.6232432]]]},"properties":{"ha":2.0,"date":"2026-07-21","day":20,"country":"FR","place":"Saint-Hilaire-les-Places, Haute-Vienne","rank":1509}},{"type":"Feature","geometry":{"type":"Polygon","coordinates":[[[-0.7695927,44.9556431],[-0.7693104,44.9541011],[-0.7703535,44.9551048],[-0.7695927,44.9556431]]]},"properties":{"ha":2.0,"date":"2026-07-07","day":6,"country":"FR","place":"Saint-Aubin-de-Médoc, Gironde","rank":1510}},{"type":"Feature","geometry":{"type":"Polygon","coordinates":[[[-0.4447552,44.6825123],[-0.4434845,44.6809268],[-0.4451249,44.6807653],[-0.4447552,44.6825123]]]},"properties":{"ha":2.0,"date":"2026-07-19","day":18,"country":"FR","place":"Castres-Gironde, Gironde","rank":1511}},{"type":"Feature","geometry":{"type":"Polygon","coordinates":[[[-5.6272156,42.6262049],[-5.6254876,42.6255617],[-5.6245259,42.6243949],[-5.6273793,42.6248582],[-5.6272156,42.6262049]]]},"properties":{"ha":2.0,"date":"2026-07-07","day":6,"country":"ES","place":"San Andrés del Rabanedo, León","rank":1512}},{"type":"Feature","geometry":{"type":"Polygon","coordinates":[[[1.5814081,43.9951114],[1.5813878,43.9938713],[1.5802766,43.9953033],[1.5814081,43.9951114]]]},"properties":{"ha":2.0,"date":"2026-07-08","day":7,"country":"FR","place":"Monclar-de-Quercy, Tarn-et-Garonne","rank":1513}},{"type":"Feature","geometry":{"type":"Polygon","coordinates":[[[-0.3633425,40.5508877],[-0.3624278,40.549987],[-0.3602049,40.5494995],[-0.3625426,40.5495863],[-0.3633425,40.5508877]]]},"properties":{"ha":2.0,"date":"2026-07-06","day":5,"country":"ES","place":"Cantavieja, Teruel","rank":1514}},{"type":"Feature","geometry":{"type":"Polygon","coordinates":[[[15.9629134,38.5809347],[15.9625169,38.5772632],[15.9620653,38.5769618],[15.9629134,38.5809347]]]},"properties":{"ha":2.0,"date":"2026-07-21","day":20,"country":"IT","place":"Limbadi, Vibo Valentia","rank":1515}},{"type":"Feature","geometry":{"type":"Polygon","coordinates":[[[6.1069783,43.5371876],[6.1088791,43.536064],[6.1065539,43.5363713],[6.1069783,43.5371876]]]},"properties":{"ha":2.0,"date":"2026-07-21","day":20,"country":"FR","place":"Cotignac, Var","rank":1516}},{"type":"Feature","geometry":{"type":"Polygon","coordinates":[[[6.1092458,43.5344845],[6.1105313,43.5357494],[6.1115735,43.5345103],[6.1092458,43.5344845]]]},"properties":{"ha":2.0,"date":"2026-07-21","day":20,"country":"FR","place":"Cotignac, Var","rank":1517}},{"type":"Feature","geometry":{"type":"Polygon","coordinates":[[[-9.0976258,42.8597328],[-9.0986896,42.8611398],[-9.0971187,42.8610453],[-9.0976258,42.8597328]]]},"properties":{"ha":2.0,"date":"2026-07-21","day":20,"country":"ES","place":"Carnota, A Coruña","rank":1518}},{"type":"Feature","geometry":{"type":"Polygon","coordinates":[[[-6.0069571,41.8945565],[-6.0078086,41.8928361],[-6.0097478,41.8933479],[-6.0100179,41.8937273],[-6.0069571,41.8945565]]]},"properties":{"ha":2.0,"date":"2026-07-22","day":21,"country":"ES","place":"Ferreras de Abajo, Zamora","rank":1519}},{"type":"Feature","geometry":{"type":"Polygon","coordinates":[[[15.4903003,38.1155106],[15.4901376,38.1142158],[15.4890306,38.1150505],[15.4903003,38.1155106]]]},"properties":{"ha":2.0,"date":"2026-07-21","day":20,"country":"IT","place":"Messina, Messina","rank":1520}},{"type":"Feature","geometry":{"type":"Polygon","coordinates":[[[15.7550015,41.8366773],[15.7538102,41.8355125],[15.752916,41.8357612],[15.753283,41.8368747],[15.7550015,41.8366773]]]},"properties":{"ha":2.0,"date":"2026-07-26","day":25,"country":"IT","place":"Cagnano Varano, Foggia","rank":1521}},{"type":"Feature","geometry":{"type":"Polygon","coordinates":[[[-8.1403516,52.7209633],[-8.1382185,52.7215594],[-8.1381194,52.7212466],[-8.1403516,52.7209633]]]},"properties":{"ha":2.0,"date":"2026-07-23","day":22,"country":"IE","place":"Templederry, Mid-West","rank":1522}},{"type":"Feature","geometry":{"type":"Polygon","coordinates":[[[14.7638506,40.8416954],[14.7650392,40.8395432],[14.7642973,40.8391915],[14.7638506,40.8416954]]]},"properties":{"ha":2.0,"date":"2026-07-21","day":20,"country":"IT","place":"Montoro, Avellino","rank":1523}},{"type":"Feature","geometry":{"type":"Polygon","coordinates":[[[15.1027433,40.5947493],[15.1038853,40.5934649],[15.1003797,40.5932596],[15.1027433,40.5947493]]]},"properties":{"ha":2.0,"date":"2026-07-05","day":4,"country":"IT","place":"Campagna, Salerno","rank":1524}},{"type":"Feature","geometry":{"type":"Polygon","coordinates":[[[15.7434582,39.9631615],[15.7452851,39.9621236],[15.7440122,39.9618211],[15.7434582,39.9631615]]]},"properties":{"ha":2.0,"date":"2026-07-22","day":21,"country":"IT","place":"Maratea, Potenza","rank":1525}},{"type":"Feature","geometry":{"type":"Polygon","coordinates":[[[13.8685558,41.1599746],[13.867614,41.1591587],[13.8664789,41.1596444],[13.8668528,41.1605462],[13.8685558,41.1599746]]]},"properties":{"ha":2.0,"date":"2026-07-23","day":22,"country":"IT","place":"Sessa Aurunca, Caserta","rank":1526}},{"type":"Feature","geometry":{"type":"Polygon","coordinates":[[[-6.9040257,40.2754721],[-6.9044326,40.277552],[-6.9036792,40.2782277],[-6.9040257,40.2754721]]]},"properties":{"ha":2.0,"date":"2026-07-20","day":19,"country":"PT","place":"Fóios, Beiras e Serra da Estrela","rank":1527}},{"type":"Feature","geometry":{"type":"Polygon","coordinates":[[[21.6532864,47.6733576],[21.6532189,47.671427],[21.6516558,47.6727545],[21.6532864,47.6733576]]]},"properties":{"ha":2.0,"date":"2026-07-26","day":25,"country":"HU","place":"Hajdúhadház, Hajdú-Bihar","rank":1528}},{"type":"Feature","geometry":{"type":"Polygon","coordinates":[[[-8.64059,42.4814584],[-8.6398199,42.4804669],[-8.6407945,42.4805516],[-8.64059,42.4814584]]]},"properties":{"ha":1.0,"date":"2026-07-02","day":1,"country":"ES","place":"Pontevedra, Pontevedra","rank":1529}},{"type":"Feature","geometry":{"type":"Polygon","coordinates":[[[-2.3180707,38.4560011],[-2.3173823,38.4552925],[-2.3185886,38.4556949],[-2.3180707,38.4560011]]]},"properties":{"ha":1.0,"date":"2026-07-01","day":0,"country":"ES","place":"Molinicos, Albacete","rank":1530}},{"type":"Feature","geometry":{"type":"Polygon","coordinates":[[[26.5463498,42.7152506],[26.5463999,42.7145508],[26.5452172,42.7147743],[26.5463498,42.7152506]]]},"properties":{"ha":1.0,"date":"2026-07-06","day":5,"country":"BG","place":"Котел, Сливен","rank":1531}},{"type":"Feature","geometry":{"type":"Polygon","coordinates":[[[-8.0357958,41.7581062],[-8.0348787,41.7582009],[-8.0347934,41.7576089],[-8.0357958,41.7581062]]]},"properties":{"ha":1.0,"date":"2026-07-01","day":0,"country":"PT","place":"Cabril, Alto Tâmega","rank":1532}},{"type":"Feature","geometry":{"type":"Polygon","coordinates":[[[26.5376484,42.7169235],[26.538319,42.7177553],[26.5385977,42.717345],[26.5376484,42.7169235]]]},"properties":{"ha":1.0,"date":"2026-07-07","day":6,"country":"BG","place":"Котел, Сливен","rank":1533}},{"type":"Feature","geometry":{"type":"Polygon","coordinates":[[[1.5050115,41.3679489],[1.5059221,41.3684525],[1.5061302,41.3680943],[1.5050115,41.3679489]]]},"properties":{"ha":1.0,"date":"2026-07-08","day":7,"country":"ES","place":"Aiguamúrcia, Tarragona","rank":1534}},{"type":"Feature","geometry":{"type":"Polygon","coordinates":[[[-4.8524142,40.422055],[-4.8508772,40.4222232],[-4.8505191,40.4216714],[-4.8524142,40.422055]]]},"properties":{"ha":1.0,"date":"2026-07-25","day":24,"country":"ES","place":"Navatalgordo, Ávila","rank":1535}},{"type":"Feature","geometry":{"type":"Polygon","coordinates":[[[-8.3753584,41.4756762],[-8.3741729,41.4756887],[-8.3754167,41.4750341],[-8.3753584,41.4756762]]]},"properties":{"ha":1.0,"date":"2026-07-03","day":2,"country":"PT","place":"Sande Vila Nova e Sande São Clemente, Ave","rank":1536}},{"type":"Feature","geometry":{"type":"Polygon","coordinates":[[[-8.3705189,41.4742729],[-8.369917,41.4730951],[-8.3709709,41.4737447],[-8.3705189,41.4742729]]]},"properties":{"ha":1.0,"date":"2026-07-03","day":2,"country":"PT","place":"Sande Vila Nova e Sande São Clemente, Ave","rank":1537}},{"type":"Feature","geometry":{"type":"Polygon","coordinates":[[[4.3827161,45.4009145],[4.3847562,45.4009501],[4.385001,45.4003941],[4.3827161,45.4009145]]]},"properties":{"ha":1.0,"date":"2026-07-09","day":8,"country":"FR","place":"Ricamarie, Loire","rank":1538}},{"type":"Feature","geometry":{"type":"Polygon","coordinates":[[[13.9552842,41.2757286],[13.9559363,41.2747233],[13.9543776,41.2755],[13.9552842,41.2757286]]]},"properties":{"ha":1.0,"date":"2026-07-02","day":1,"country":"IT","place":"Sessa Aurunca, Caserta","rank":1539}},{"type":"Feature","geometry":{"type":"Polygon","coordinates":[[[-7.3153005,42.9052083],[-7.3137903,42.9052697],[-7.3154789,42.9042319],[-7.3153005,42.9052083]]]},"properties":{"ha":1.0,"date":"2026-07-01","day":0,"country":"ES","place":"Baralla, Lugo","rank":1540}},{"type":"Feature","geometry":{"type":"Polygon","coordinates":[[[6.5214913,45.4398571],[6.522367,45.4401018],[6.5232764,45.4389779],[6.5214913,45.4398571]]]},"properties":{"ha":1.0,"date":"2026-07-07","day":6,"country":"FR","place":"Belleville, Savoie","rank":1541}},{"type":"Feature","geometry":{"type":"Polygon","coordinates":[[[-6.031931,42.7581789],[-6.0305933,42.7583318],[-6.0304554,42.7580566],[-6.031931,42.7581789]]]},"properties":{"ha":1.0,"date":"2026-07-23","day":22,"country":"ES","place":"Riello, León","rank":1542}},{"type":"Feature","geometry":{"type":"Polygon","coordinates":[[[-6.0365504,42.7569066],[-6.0355072,42.7571497],[-6.0361502,42.7566582],[-6.0365504,42.7569066]]]},"properties":{"ha":1.0,"date":"2026-07-23","day":22,"country":"ES","place":"Riello, León","rank":1543}},{"type":"Feature","geometry":{"type":"Polygon","coordinates":[[[3.2050569,43.6276782],[3.2060862,43.6283071],[3.2063618,43.6279821],[3.2050569,43.6276782]]]},"properties":{"ha":1.0,"date":"2026-07-05","day":4,"country":"FR","place":"Carlencas-et-Levas, Hérault","rank":1544}},{"type":"Feature","geometry":{"type":"Polygon","coordinates":[[[5.0411,43.6160249],[5.0424972,43.6167686],[5.0438315,43.6160895],[5.0411,43.6160249]]]},"properties":{"ha":1.0,"date":"2026-07-08","day":7,"country":"FR","place":"Grans, Bouches-du-Rhône","rank":1545}},{"type":"Feature","geometry":{"type":"Polygon","coordinates":[[[5.0409405,43.6150506],[5.042655,43.6149209],[5.0424827,43.6145515],[5.0409405,43.6150506]]]},"properties":{"ha":1.0,"date":"2026-07-08","day":7,"country":"FR","place":"Grans, Bouches-du-Rhône","rank":1546}},{"type":"Feature","geometry":{"type":"Polygon","coordinates":[[[-8.0313215,41.7504433],[-8.0297321,41.7507883],[-8.0297637,41.7498605],[-8.0313215,41.7504433]]]},"properties":{"ha":1.0,"date":"2026-07-01","day":0,"country":"PT","place":"Cabril, Alto Tâmega","rank":1547}},{"type":"Feature","geometry":{"type":"Polygon","coordinates":[[[17.3683939,40.622485],[17.3672819,40.6216013],[17.3664922,40.6224516],[17.3683939,40.622485]]]},"properties":{"ha":1.0,"date":"2026-07-05","day":4,"country":"IT","place":"Martina Franca, Taranto","rank":1548}},{"type":"Feature","geometry":{"type":"Polygon","coordinates":[[[-8.0677024,43.2344078],[-8.0669034,43.2346379],[-8.0680421,43.2334232],[-8.0677024,43.2344078]]]},"properties":{"ha":1.0,"date":"2026-07-02","day":1,"country":"ES","place":"Aranga, A Coruña","rank":1549}},{"type":"Feature","geometry":{"type":"Polygon","coordinates":[[[-5.3009609,37.1151926],[-5.3000825,37.1158016],[-5.2997653,37.1147738],[-5.3009609,37.1151926]]]},"properties":{"ha":1.0,"date":"2026-07-04","day":3,"country":"ES","place":"La Puebla de Cazalla, Sevilla","rank":1550}},{"type":"Feature","geometry":{"type":"Polygon","coordinates":[[[9.8042709,52.8273228],[9.8048878,52.8266528],[9.8042039,52.8265261],[9.8042709,52.8273228]]]},"properties":{"ha":1.0,"date":"2026-07-10","day":9,"country":"DE","place":"Osterheide, gemfr. Bezirk, Heidekreis","rank":1551}},{"type":"Feature","geometry":{"type":"Polygon","coordinates":[[[-8.3642764,41.4743339],[-8.3623889,41.4756755],[-8.3618256,41.4744185],[-8.3642764,41.4743339]]]},"properties":{"ha":1.0,"date":"2026-07-03","day":2,"country":"PT","place":"Sande Vila Nova e Sande São Clemente, Ave","rank":1552}},{"type":"Feature","geometry":{"type":"Polygon","coordinates":[[[-6.0132345,42.7567502],[-6.0107552,42.7562392],[-6.0145715,42.7562356],[-6.0132345,42.7567502]]]},"properties":{"ha":1.0,"date":"2026-07-24","day":23,"country":"ES","place":"Riello, León","rank":1553}},{"type":"Feature","geometry":{"type":"Polygon","coordinates":[[[20.3135841,41.687417],[20.3146323,41.6869962],[20.3136328,41.6864588],[20.3135841,41.687417]]]},"properties":{"ha":1.0,"date":"2026-07-05","day":4,"country":"AL","place":"Dibër, Dibër","rank":1554}},{"type":"Feature","geometry":{"type":"Polygon","coordinates":[[[28.234729,36.3852791],[28.2355056,36.383771],[28.2344993,36.3852916],[28.234729,36.3852791]]]},"properties":{"ha":1.0,"date":"2026-07-05","day":4,"country":"EL","place":"Δημοτική Κοινότητα Κοσκινού, Κάλυμνος, Κάρπαθος – Ηρωική Νήσ","rank":1555}},{"type":"Feature","geometry":{"type":"Polygon","coordinates":[[[28.2359954,36.3831523],[28.2359013,36.3819799],[28.2350863,36.3824584],[28.2359954,36.3831523]]]},"properties":{"ha":1.0,"date":"2026-07-05","day":4,"country":"EL","place":"Δημοτική Κοινότητα Κοσκινού, Κάλυμνος, Κάρπαθος – Ηρωική Νήσ","rank":1556}},{"type":"Feature","geometry":{"type":"Polygon","coordinates":[[[28.2352843,36.380498],[28.2356448,36.3789366],[28.2348875,36.379454],[28.2352843,36.380498]]]},"properties":{"ha":1.0,"date":"2026-07-05","day":4,"country":"EL","place":"Δημοτική Κοινότητα Κοσκινού, Κάλυμνος, Κάρπαθος – Ηρωική Νήσ","rank":1557}},{"type":"Feature","geometry":{"type":"Polygon","coordinates":[[[27.5676787,37.7293901],[27.5681306,37.7285817],[27.5661143,37.7286731],[27.5676787,37.7293901]]]},"properties":{"ha":1.0,"date":"2026-07-02","day":1,"country":"TR","place":"N.A., Aydın","rank":1558}},{"type":"Feature","geometry":{"type":"Polygon","coordinates":[[[27.5647659,37.728828],[27.5640654,37.728219],[27.5639858,37.7288009],[27.5647659,37.728828]]]},"properties":{"ha":1.0,"date":"2026-07-02","day":1,"country":"TR","place":"N.A., Aydın","rank":1559}},{"type":"Feature","geometry":{"type":"Polygon","coordinates":[[[-8.023903,41.7598938],[-8.0227646,41.7590488],[-8.0228524,41.7587817],[-8.023903,41.7598938]]]},"properties":{"ha":1.0,"date":"2026-07-06","day":5,"country":"PT","place":"Cabril, Alto Tâmega","rank":1560}},{"type":"Feature","geometry":{"type":"Polygon","coordinates":[[[-3.7721399,39.8234769],[-3.770695,39.823263],[-3.7706005,39.8218502],[-3.7709979,39.8219688],[-3.7721399,39.8234769]]]},"properties":{"ha":1.0,"date":"2026-07-08","day":7,"country":"ES","place":"Villamuelas, Toledo","rank":1561}},{"type":"Feature","geometry":{"type":"Polygon","coordinates":[[[-5.9310396,36.2019433],[-5.9306932,36.2013419],[-5.9317076,36.2005246],[-5.9310396,36.2019433]]]},"properties":{"ha":1.0,"date":"2026-07-07","day":6,"country":"ES","place":"Barbate, Cádiz","rank":1562}},{"type":"Feature","geometry":{"type":"Polygon","coordinates":[[[-3.7300089,40.4961608],[-3.7288756,40.4963393],[-3.7297161,40.4956686],[-3.7300089,40.4961608]]]},"properties":{"ha":1.0,"date":"2026-07-12","day":11,"country":"ES","place":"Madrid, Madrid","rank":1563}},{"type":"Feature","geometry":{"type":"Polygon","coordinates":[[[-9.0315953,39.135303],[-9.0311476,39.1347907],[-9.0320477,39.13498],[-9.0315953,39.135303]]]},"properties":{"ha":1.0,"date":"2026-07-08","day":7,"country":"PT","place":"Abrigada e Cabanas de Torres, Oeste","rank":1564}},{"type":"Feature","geometry":{"type":"Polygon","coordinates":[[[-8.3384744,39.6665443],[-8.3370756,39.6669036],[-8.3368936,39.6660949],[-8.3384744,39.6665443]]]},"properties":{"ha":1.0,"date":"2026-07-03","day":2,"country":"PT","place":"Igreja Nova do Sobral, Médio Tejo","rank":1565}},{"type":"Feature","geometry":{"type":"Polygon","coordinates":[[[1.4542259,42.0836669],[1.4561681,42.0819701],[1.4559439,42.0812432],[1.4549929,42.0812441],[1.4542259,42.0836669]]]},"properties":{"ha":1.0,"date":"2026-07-13","day":12,"country":"ES","place":"Lladurs, Lleida","rank":1566}},{"type":"Feature","geometry":{"type":"Polygon","coordinates":[[[5.3234726,44.7017703],[5.3244316,44.7016874],[5.3237931,44.7005142],[5.3234726,44.7017703]]]},"properties":{"ha":1.0,"date":"2026-07-06","day":5,"country":"FR","place":"Aurel, Drôme","rank":1567}},{"type":"Feature","geometry":{"type":"Polygon","coordinates":[[[-5.9089202,43.168713],[-5.9058262,43.1690164],[-5.905439,43.1687703],[-5.9089202,43.168713]]]},"properties":{"ha":1.0,"date":"2026-07-08","day":7,"country":"ES","place":"Quirós, Asturias","rank":1568}},{"type":"Feature","geometry":{"type":"Polygon","coordinates":[[[4.7718404,49.8844232],[4.7712525,49.8831887],[4.7703704,49.8837636],[4.7718404,49.8844232]]]},"properties":{"ha":1.0,"date":"2026-07-11","day":10,"country":"FR","place":"Monthermé, Ardennes","rank":1569}},{"type":"Feature","geometry":{"type":"Polygon","coordinates":[[[26.551568,42.7255575],[26.5516499,42.7242805],[26.5503811,42.7250434],[26.551568,42.7255575]]]},"properties":{"ha":1.0,"date":"2026-07-06","day":5,"country":"BG","place":"Котел, Сливен","rank":1570}},{"type":"Feature","geometry":{"type":"Polygon","coordinates":[[[26.5527722,42.7274078],[26.5510911,42.7278489],[26.5520691,42.7285547],[26.5526938,42.7282187],[26.5527722,42.7274078]]]},"properties":{"ha":1.0,"date":"2026-07-06","day":5,"country":"BG","place":"Котел, Сливен","rank":1571}},{"type":"Feature","geometry":{"type":"Polygon","coordinates":[[[-6.1912689,53.1481781],[-6.190338,53.1471302],[-6.1917445,53.1475689],[-6.1912689,53.1481781]]]},"properties":{"ha":1.0,"date":"2026-07-13","day":12,"country":"IE","place":"Powerscourt, Mid-East","rank":1572}},{"type":"Feature","geometry":{"type":"Polygon","coordinates":[[[1.1515847,42.2141151],[1.1529509,42.2140503],[1.1514814,42.2133947],[1.1515847,42.2141151]]]},"properties":{"ha":1.0,"date":"2026-07-09","day":8,"country":"ES","place":"Abella de la Conca, Lleida","rank":1573}},{"type":"Feature","geometry":{"type":"Polygon","coordinates":[[[13.3718334,37.4074787],[13.3726387,37.4066598],[13.3724237,37.4064439],[13.3718334,37.4074787]]]},"properties":{"ha":1.0,"date":"2026-07-05","day":4,"country":"IT","place":"Cattolica Eraclea, Agrigento","rank":1574}},{"type":"Feature","geometry":{"type":"Polygon","coordinates":[[[8.938257,45.7267504],[8.9399051,45.726508],[8.9390442,45.7258435],[8.938257,45.7267504]]]},"properties":{"ha":1.0,"date":"2026-07-06","day":5,"country":"IT","place":"Tradate, Varese","rank":1575}},{"type":"Feature","geometry":{"type":"Polygon","coordinates":[[[16.126325,39.8281368],[16.1270721,39.8273136],[16.1255326,39.8272528],[16.126325,39.8281368]]]},"properties":{"ha":1.0,"date":"2026-07-18","day":17,"country":"IT","place":"Morano Calabro, Cosenza","rank":1576}},{"type":"Feature","geometry":{"type":"Polygon","coordinates":[[[35.3264444,38.7842519],[35.328698,38.786015],[35.3291475,38.7847075],[35.3264444,38.7842519]]]},"properties":{"ha":1.0,"date":"2026-07-04","day":3,"country":"TR","place":"N.A., Kayseri","rank":1577}},{"type":"Feature","geometry":{"type":"Polygon","coordinates":[[[35.3250699,38.7865368],[35.3261966,38.7871541],[35.3266642,38.7861319],[35.3264005,38.7859897],[35.3250699,38.7865368]]]},"properties":{"ha":1.0,"date":"2026-07-04","day":3,"country":"TR","place":"N.A., Kayseri","rank":1578}},{"type":"Feature","geometry":{"type":"Polygon","coordinates":[[[12.7090645,46.3569386],[12.7090988,46.3578429],[12.7094465,46.3576759],[12.7090645,46.3569386]]]},"properties":{"ha":1.0,"date":"2026-07-04","day":3,"country":"IT","place":"Ampezzo, Udine","rank":1579}},{"type":"Feature","geometry":{"type":"Polygon","coordinates":[[[1.627154,41.6809076],[1.6281325,41.6807408],[1.6279996,41.6804807],[1.627154,41.6809076]]]},"properties":{"ha":1.0,"date":"2026-07-08","day":7,"country":"ES","place":"Castellfollit del Boix, Barcelona","rank":1580}},{"type":"Feature","geometry":{"type":"Polygon","coordinates":[[[-7.3259661,53.3784353],[-7.3251677,53.3772777],[-7.3262945,53.3777007],[-7.3259661,53.3784353]]]},"properties":{"ha":1.0,"date":"2026-07-14","day":13,"country":"IE","place":"Ballykilmore, Midland","rank":1581}},{"type":"Feature","geometry":{"type":"Polygon","coordinates":[[[-6.1959891,53.1470133],[-6.194409,53.1468279],[-6.1960658,53.1466554],[-6.1959891,53.1470133]]]},"properties":{"ha":1.0,"date":"2026-07-13","day":12,"country":"IE","place":"Powerscourt, Mid-East","rank":1582}},{"type":"Feature","geometry":{"type":"Polygon","coordinates":[[[16.5766126,49.3894433],[16.5779041,49.3899398],[16.5779498,49.3896424],[16.5766126,49.3894433]]]},"properties":{"ha":1.0,"date":"2026-07-09","day":8,"country":"CZ","place":"Černá Hora, Jihomoravský kraj","rank":1583}},{"type":"Feature","geometry":{"type":"Polygon","coordinates":[[[14.6626374,40.6579773],[14.6635275,40.6570676],[14.6623046,40.6577467],[14.6626374,40.6579773]]]},"properties":{"ha":1.0,"date":"2026-07-25","day":24,"country":"IT","place":"Maiori, Salerno","rank":1584}},{"type":"Feature","geometry":{"type":"Polygon","coordinates":[[[13.4301307,41.2987573],[13.4311477,41.2977272],[13.4298896,41.2984029],[13.4301307,41.2987573]]]},"properties":{"ha":1.0,"date":"2026-07-25","day":24,"country":"IT","place":"Fondi, Latina","rank":1585}},{"type":"Feature","geometry":{"type":"Polygon","coordinates":[[[13.4522959,41.3966623],[13.4532663,41.3964302],[13.4516269,41.3954116],[13.4522959,41.3966623]]]},"properties":{"ha":1.0,"date":"2026-07-23","day":22,"country":"IT","place":"Lenola, Latina","rank":1586}},{"type":"Feature","geometry":{"type":"Polygon","coordinates":[[[-7.9008981,38.9494973],[-7.8994341,38.9485162],[-7.8984709,38.9481309],[-7.8997832,38.9481047],[-7.9008981,38.9494973]]]},"properties":{"ha":1.0,"date":"2026-07-16","day":15,"country":"PT","place":"Casa Branca, Alto Alentejo","rank":1587}},{"type":"Feature","geometry":{"type":"Polygon","coordinates":[[[11.0005462,47.3367399],[11.001038,47.3348878],[11.0001152,47.3366117],[11.0005462,47.3367399]]]},"properties":{"ha":1.0,"date":"2026-07-14","day":13,"country":"AT","place":"Wildermieming, Innsbruck","rank":1588}},{"type":"Feature","geometry":{"type":"Polygon","coordinates":[[[16.4902262,38.5610327],[16.4902517,38.5598978],[16.4897653,38.5599555],[16.4902262,38.5610327]]]},"properties":{"ha":1.0,"date":"2026-07-18","day":17,"country":"IT","place":"Badolato, Catanzaro","rank":1589}},{"type":"Feature","geometry":{"type":"Polygon","coordinates":[[[0.008183,42.453826],[0.0093045,42.4538678],[0.0111369,42.4534855],[0.008183,42.453826]]]},"properties":{"ha":1.0,"date":"2026-07-16","day":15,"country":"ES","place":"Fiscal, Huesca","rank":1590}},{"type":"Feature","geometry":{"type":"Polygon","coordinates":[[[7.8577331,45.4399758],[7.8589654,45.4386319],[7.8572885,45.4393599],[7.8577331,45.4399758]]]},"properties":{"ha":1.0,"date":"2026-07-18","day":17,"country":"IT","place":"Pavone Canavese, Torino","rank":1591}},{"type":"Feature","geometry":{"type":"Polygon","coordinates":[[[11.7670651,49.6581873],[11.7687486,49.6583316],[11.7696948,49.6576883],[11.7670651,49.6581873]]]},"properties":{"ha":1.0,"date":"2026-07-25","day":24,"country":"DE","place":"Grafenwöhr, St, Neustadt a. d. Waldnaab","rank":1592}},{"type":"Feature","geometry":{"type":"Polygon","coordinates":[[[16.267127,44.3910882],[16.267255,44.3923388],[16.2685079,44.3912067],[16.267127,44.3910882]]]},"properties":{"ha":1.0,"date":"2026-07-09","day":8,"country":"BA","place":"N.A., Drvar","rank":1593}},{"type":"Feature","geometry":{"type":"Polygon","coordinates":[[[16.2650673,44.3871814],[16.2666596,44.3879191],[16.2672098,44.3875101],[16.2668205,44.3865295],[16.2650673,44.3871814]]]},"properties":{"ha":1.0,"date":"2026-07-09","day":8,"country":"BA","place":"N.A., Drvar","rank":1594}},{"type":"Feature","geometry":{"type":"Polygon","coordinates":[[[22.6067904,41.2895787],[22.6081524,41.2898223],[22.6095491,41.2897107],[22.6067904,41.2895787]]]},"properties":{"ha":1.0,"date":"2026-07-11","day":10,"country":"MK","place":"Valandovo, Југоисточен","rank":1595}},{"type":"Feature","geometry":{"type":"Polygon","coordinates":[[[19.5471687,40.3840922],[19.5482801,40.3848665],[19.5485646,40.3832727],[19.5471687,40.3840922]]]},"properties":{"ha":1.0,"date":"2026-07-17","day":16,"country":"AL","place":"Selenicë, Vlorë","rank":1596}},{"type":"Feature","geometry":{"type":"Polygon","coordinates":[[[26.4992552,38.44914],[26.4990197,38.4482177],[26.4979718,38.4487194],[26.4992552,38.44914]]]},"properties":{"ha":1.0,"date":"2026-07-13","day":12,"country":"TR","place":"N.A., İzmir","rank":1597}},{"type":"Feature","geometry":{"type":"Polygon","coordinates":[[[-7.810663,41.2331333],[-7.8098908,41.2322166],[-7.8112262,41.2327881],[-7.810663,41.2331333]]]},"properties":{"ha":1.0,"date":"2026-07-12","day":11,"country":"PT","place":"Fontes, Douro","rank":1598}},{"type":"Feature","geometry":{"type":"Polygon","coordinates":[[[14.5029213,37.2427273],[14.5022477,37.2417741],[14.5021359,37.2427731],[14.5029213,37.2427273]]]},"properties":{"ha":1.0,"date":"2026-07-15","day":14,"country":"IT","place":"Caltagirone, Catania","rank":1599}},{"type":"Feature","geometry":{"type":"Polygon","coordinates":[[[21.8736207,38.4878325],[21.8741761,38.4868548],[21.8734659,38.4876999],[21.8736207,38.4878325]]]},"properties":{"ha":1.0,"date":"2026-07-24","day":23,"country":"EL","place":"Τοπική Κοινότητα Ανθοφύτου, Αιτωλοακαρνανία","rank":1600}},{"type":"Feature","geometry":{"type":"Polygon","coordinates":[[[-8.5384368,41.7562115],[-8.5377227,41.7563081],[-8.5380971,41.7558124],[-8.5384368,41.7562115]]]},"properties":{"ha":1.0,"date":"2026-07-26","day":25,"country":"PT","place":"Ribeira, Alto Minho","rank":1601}},{"type":"Feature","geometry":{"type":"Polygon","coordinates":[[[-8.4950697,41.5963359],[-8.4929063,41.596037],[-8.4937484,41.5954602],[-8.4950697,41.5963359]]]},"properties":{"ha":1.0,"date":"2026-07-26","day":25,"country":"PT","place":"Cabanelas, Cávado","rank":1602}},{"type":"Feature","geometry":{"type":"Polygon","coordinates":[[[-0.7742593,44.9580816],[-0.7741922,44.9572528],[-0.7750115,44.9577113],[-0.7742593,44.9580816]]]},"properties":{"ha":1.0,"date":"2026-07-07","day":6,"country":"FR","place":"Avensan, Gironde","rank":1603}},{"type":"Feature","geometry":{"type":"Polygon","coordinates":[[[-6.9357791,42.7005368],[-6.9366345,42.7010226],[-6.9357691,42.7011208],[-6.9357791,42.7005368]]]},"properties":{"ha":1.0,"date":"2026-07-24","day":23,"country":"ES","place":"Balboa, León","rank":1604}},{"type":"Feature","geometry":{"type":"Polygon","coordinates":[[[-6.0540388,42.7608033],[-6.0539091,42.7596815],[-6.0544255,42.7604135],[-6.0540388,42.7608033]]]},"properties":{"ha":1.0,"date":"2026-07-24","day":23,"country":"ES","place":"Riello, León","rank":1605}},{"type":"Feature","geometry":{"type":"Polygon","coordinates":[[[27.763239,39.2289949],[27.7632902,39.2278438],[27.7624554,39.2281889],[27.763239,39.2289949]]]},"properties":{"ha":1.0,"date":"2026-07-13","day":12,"country":"TR","place":"N.A., Manisa","rank":1606}},{"type":"Feature","geometry":{"type":"Polygon","coordinates":[[[12.0463094,42.6092072],[12.0462635,42.6084357],[12.0453134,42.60909],[12.0463094,42.6092072]]]},"properties":{"ha":1.0,"date":"2026-07-19","day":18,"country":"IT","place":"Bagnoregio, Viterbo","rank":1607}},{"type":"Feature","geometry":{"type":"Polygon","coordinates":[[[3.8254263,45.9546444],[3.8261051,45.9550009],[3.8262173,45.9548439],[3.8254263,45.9546444]]]},"properties":{"ha":1.0,"date":"2026-07-10","day":9,"country":"FR","place":"Tuilière, Loire","rank":1608}},{"type":"Feature","geometry":{"type":"Polygon","coordinates":[[[31.6958946,37.0397333],[31.6964785,37.038877],[31.6960482,37.0388897],[31.6958946,37.0397333]]]},"properties":{"ha":1.0,"date":"2026-07-19","day":18,"country":"TR","place":"N.A., Antalya","rank":1609}},{"type":"Feature","geometry":{"type":"Polygon","coordinates":[[[6.1135415,43.5438851],[6.1143952,43.5437242],[6.1136856,43.5434973],[6.1135415,43.5438851]]]},"properties":{"ha":1.0,"date":"2026-07-21","day":20,"country":"FR","place":"Cotignac, Var","rank":1610}},{"type":"Feature","geometry":{"type":"Polygon","coordinates":[[[6.2416914,43.1374918],[6.242394,43.1365818],[6.2416034,43.1363781],[6.2416914,43.1374918]]]},"properties":{"ha":1.0,"date":"2026-07-19","day":18,"country":"FR","place":"Londe-les-Maures, Var","rank":1611}},{"type":"Feature","geometry":{"type":"Polygon","coordinates":[[[-8.19059,41.0892392],[-8.1892699,41.0895],[-8.1896551,41.0885232],[-8.19059,41.0892392]]]},"properties":{"ha":1.0,"date":"2026-07-20","day":19,"country":"PT","place":"Espadanedo, Tâmega e Sousa","rank":1612}},{"type":"Feature","geometry":{"type":"Polygon","coordinates":[[[16.5063109,38.9410339],[16.5069655,38.940356],[16.5057898,38.9399794],[16.5063109,38.9410339]]]},"properties":{"ha":1.0,"date":"2026-07-20","day":19,"country":"IT","place":"Tiriolo, Catanzaro","rank":1613}},{"type":"Feature","geometry":{"type":"Polygon","coordinates":[[[2.1841855,41.7268195],[2.1841948,41.7257749],[2.1836632,41.7259517],[2.1841855,41.7268195]]]},"properties":{"ha":1.0,"date":"2026-07-16","day":15,"country":"ES","place":"Sant Quirze Safaja, Barcelona","rank":1614}},{"type":"Feature","geometry":{"type":"Polygon","coordinates":[[[2.1827888,41.7252926],[2.183494,41.724706],[2.1829122,41.7245701],[2.1827888,41.7252926]]]},"properties":{"ha":1.0,"date":"2026-07-16","day":15,"country":"ES","place":"Sant Quirze Safaja, Barcelona","rank":1615}},{"type":"Feature","geometry":{"type":"Polygon","coordinates":[[[2.1817161,41.7244954],[2.1823885,41.7241424],[2.181645,41.7239404],[2.1817161,41.7244954]]]},"properties":{"ha":1.0,"date":"2026-07-16","day":15,"country":"ES","place":"Sant Quirze Safaja, Barcelona","rank":1616}},{"type":"Feature","geometry":{"type":"Polygon","coordinates":[[[2.1681978,41.7264734],[2.168487,41.7248166],[2.1677012,41.7244374],[2.167566,41.7246608],[2.1681978,41.7264734]]]},"properties":{"ha":1.0,"date":"2026-07-16","day":15,"country":"ES","place":"Sant Quirze Safaja, Barcelona","rank":1617}},{"type":"Feature","geometry":{"type":"Polygon","coordinates":[[[16.2238398,38.5818504],[16.2238683,38.5808605],[16.22347,38.5816011],[16.2238398,38.5818504]]]},"properties":{"ha":1.0,"date":"2026-07-21","day":20,"country":"IT","place":"Gerocarne, Vibo Valentia","rank":1618}},{"type":"Feature","geometry":{"type":"Polygon","coordinates":[[[16.2437653,38.5943927],[16.2434593,38.5928834],[16.242967,38.5942487],[16.2437653,38.5943927]]]},"properties":{"ha":1.0,"date":"2026-07-21","day":20,"country":"IT","place":"Sorianello, Vibo Valentia","rank":1619}},{"type":"Feature","geometry":{"type":"Polygon","coordinates":[[[16.2210861,39.4730885],[16.2216429,39.471761],[16.2211839,39.4711361],[16.2210861,39.4730885]]]},"properties":{"ha":1.0,"date":"2026-07-20","day":19,"country":"IT","place":"Lattarico, Cosenza","rank":1620}},{"type":"Feature","geometry":{"type":"Polygon","coordinates":[[[15.984564,39.4867468],[15.986283,39.4869186],[15.984149,39.4862918],[15.984564,39.4867468]]]},"properties":{"ha":1.0,"date":"2026-07-21","day":20,"country":"IT","place":"Acquappesa, Cosenza","rank":1621}},{"type":"Feature","geometry":{"type":"Polygon","coordinates":[[[16.0706607,39.5786438],[16.0712734,39.5776965],[16.070215,39.5785633],[16.0706607,39.5786438]]]},"properties":{"ha":1.0,"date":"2026-07-22","day":21,"country":"IT","place":"Fagnano Castello, Cosenza","rank":1622}},{"type":"Feature","geometry":{"type":"Polygon","coordinates":[[[13.6864103,41.2828357],[13.6873714,41.2822867],[13.6858229,41.2823829],[13.6864103,41.2828357]]]},"properties":{"ha":1.0,"date":"2026-07-20","day":19,"country":"IT","place":"Formia, Latina","rank":1623}},{"type":"Feature","geometry":{"type":"Polygon","coordinates":[[[0.1393681,44.1939719],[0.139836,44.1924349],[0.1394936,44.1924805],[0.1393681,44.1939719]]]},"properties":{"ha":1.0,"date":"2026-07-21","day":20,"country":"FR","place":"Fargues-sur-Ourbise, Lot-et-Garonne","rank":1624}},{"type":"Feature","geometry":{"type":"Polygon","coordinates":[[[8.2103515,58.4916134],[8.2114033,58.4924319],[8.2115704,58.4917149],[8.2103515,58.4916134]]]},"properties":{"ha":1.0,"date":"2026-07-22","day":21,"country":"NO","place":"Birkenes, Agder","rank":1625}},{"type":"Feature","geometry":{"type":"Polygon","coordinates":[[[0.0132185,41.5039846],[0.0153232,41.5038453],[0.015549,41.5037353],[0.0132185,41.5039846]]]},"properties":{"ha":1.0,"date":"2026-07-14","day":13,"country":"ES","place":"Candasnos, Huesca","rank":1626}},{"type":"Feature","geometry":{"type":"Polygon","coordinates":[[[2.0826468,41.9368124],[2.0836481,41.9373266],[2.085068,41.9362064],[2.0826468,41.9368124]]]},"properties":{"ha":1.0,"date":"2026-07-21","day":20,"country":"ES","place":"Oristà, Barcelona","rank":1627}},{"type":"Feature","geometry":{"type":"Polygon","coordinates":[[[3.8099161,43.551667],[3.8084321,43.5513605],[3.8065175,43.551867],[3.8068228,43.5521936],[3.8099161,43.551667]]]},"properties":{"ha":1.0,"date":"2026-07-26","day":25,"country":"FR","place":"Fabrègues, Hérault","rank":1628}},{"type":"Feature","geometry":{"type":"Polygon","coordinates":[[[8.2222103,45.8666035],[8.2244542,45.8659912],[8.2221542,45.8657721],[8.2222103,45.8666035]]]},"properties":{"ha":1.0,"date":"2026-07-22","day":21,"country":"IT","place":"Cravagliana, Vercelli","rank":1629}},{"type":"Feature","geometry":{"type":"Polygon","coordinates":[[[-0.2902615,44.406115],[-0.2896254,44.4052262],[-0.2901881,44.4053082],[-0.2902615,44.406115]]]},"properties":{"ha":1.0,"date":"2026-07-21","day":20,"country":"FR","place":"Pompéjac, Gironde","rank":1630}},{"type":"Feature","geometry":{"type":"Polygon","coordinates":[[[8.7002011,41.9693197],[8.6998242,41.9684899],[8.6993466,41.9692585],[8.7002011,41.9693197]]]},"properties":{"ha":1.0,"date":"2026-07-20","day":19,"country":"FR","place":"Alata, Corse-du-Sud","rank":1631}}]}